date,close
1980-12-12,0.09812238067388535
1980-12-15,0.0930033028125763
1980-12-16,0.08617705851793289
1980-12-17,0.08830996602773666
1980-12-18,0.09087030589580536
1980-12-19,0.09641605615615845
1980-12-22,0.10110856592655182
1980-12-23,0.10537523031234741
1980-12-24,0.11092095822095871
1980-12-26,0.12115994840860367
1980-12-29,0.12286628782749176
1980-12-30,0.11988019943237305
1980-12-31,0.11646740883588791
1981-01-02,0.11774713546037674
1981-01-05,0.1151876151561737
1981-01-06,0.11006776988506317
1981-01-07,0.10537523031234741
1981-01-08,0.10324229300022125
1981-01-09,0.10878795385360718
1981-01-12,0.10793477296829224
1981-01-13,0.1040954515337944
1981-01-14,0.10452207177877426
1981-01-15,0.10665500909090042
1981-01-16,0.10580182820558548
1981-01-19,0.11220074445009232
1981-01-20,0.10878795385360718
1981-01-21,0.11092095822095871
1981-01-22,0.11220074445009232
1981-01-23,0.11177408695220947
1981-01-26,0.11006776988506317
1981-01-27,0.10921455919742584
1981-01-28,0.10580182820558548
1981-01-29,0.10196252167224884
1981-01-30,0.09641605615615845
1981-02-02,0.09087030589580536
1981-02-03,0.09428304433822632
1981-02-04,0.09769579023122787
1981-02-05,0.09769579023122787
1981-02-06,0.09812238067388535
1981-02-09,0.0930033028125763
1981-02-10,0.0930033028125763
1981-02-11,0.0900171548128128
1981-02-12,0.08916319161653519
1981-02-13,0.08703026175498962
1981-02-17,0.08916319161653519
1981-02-18,0.0930033028125763
1981-02-19,0.0874568298459053
1981-02-20,0.08276432752609253
1981-02-23,0.08404408395290375
1981-02-24,0.08105791360139847
1981-02-25,0.08617705851793289
1981-02-26,0.0874568298459053
1981-02-27,0.09044372290372849
1981-03-02,0.09087030589580536
1981-03-03,0.08959054201841354
1981-03-04,0.08873659372329712
1981-03-05,0.08830996602773666
1981-03-06,0.0874568298459053
1981-03-09,0.08063134551048279
1981-03-10,0.07679124176502228
1981-03-11,0.0738050788640976
1981-03-12,0.07679124176502228
1981-03-13,0.07593807578086853
1981-03-16,0.0789250060915947
1981-03-17,0.08276432752609253
1981-03-18,0.08788342028856277
1981-03-19,0.08703026175498962
1981-03-20,0.08788342028856277
1981-03-23,0.09129692614078522
1981-03-24,0.09087030589580536
1981-03-25,0.08916319161653519
1981-03-26,0.0874568298459053
1981-03-27,0.08447065949440002
1981-03-30,0.08447065949440002
1981-03-31,0.08361749351024628
1981-04-01,0.08276432752609253
1981-04-02,0.0900171548128128
1981-04-03,0.09044372290372849
1981-04-06,0.08873659372329712
1981-04-07,0.08788342028856277
1981-04-08,0.09215011447668076
1981-04-09,0.09385650604963303
1981-04-10,0.09513626247644424
1981-04-13,0.09513626247644424
1981-04-14,0.09513626247644424
1981-04-15,0.09044372290372849
1981-04-16,0.08532386273145676
1981-04-20,0.08788342028856277
1981-04-21,0.09385650604963303
1981-04-22,0.09726925194263458
1981-04-23,0.09982873499393463
1981-04-24,0.09897559136152267
1981-04-27,0.09812238067388535
1981-04-28,0.09641605615615845
1981-04-29,0.09513626247644424
1981-04-30,0.09684263914823532
1981-05-01,0.09684263914823532
1981-05-04,0.09641605615615845
1981-05-05,0.09598945081233978
1981-05-06,0.09342984110116959
1981-05-07,0.09470966458320618
1981-05-08,0.09556283056735992
1981-05-11,0.09342984110116959
1981-05-12,0.09342984110116959
1981-05-13,0.0930033028125763
1981-05-14,0.0917234942317009
1981-05-15,0.09385650604963303
1981-05-18,0.09556283056735992
1981-05-19,0.09385650604963303
1981-05-20,0.09684263914823532
1981-05-21,0.10238906741142273
1981-05-22,0.10708162188529968
1981-05-26,0.10665500909090042
1981-05-27,0.11262733489274979
1981-05-28,0.11262733489274979
1981-05-29,0.11305397748947144
1981-06-01,0.11305397748947144
1981-06-02,0.10750822722911835
1981-06-03,0.10750822722911835
1981-06-04,0.1096411719918251
1981-06-05,0.10793477296829224
1981-06-08,0.1040954515337944
1981-06-09,0.10622838884592056
1981-06-10,0.10750822722911835
1981-06-11,0.11220074445009232
1981-06-12,0.11092095822095871
1981-06-15,0.11049437522888184
1981-06-16,0.10836135596036911
1981-06-17,0.10665500909090042
1981-06-18,0.10622838884592056
1981-06-19,0.10324229300022125
1981-06-22,0.09940217435359955
1981-06-23,0.10110856592655182
1981-06-24,0.0985490158200264
1981-06-25,0.10068196058273315
1981-06-26,0.09940217435359955
1981-06-29,0.09598945081233978
1981-06-30,0.08873659372329712
1981-07-01,0.08788342028856277
1981-07-02,0.08788342028856277
1981-07-06,0.0848972499370575
1981-07-07,0.08575043082237244
1981-07-08,0.08916319161653519
1981-07-09,0.08233771473169327
1981-07-10,0.07593807578086853
1981-07-13,0.0776451826095581
1981-07-14,0.08105791360139847
1981-07-15,0.0831909105181694
1981-07-16,0.08532386273145676
1981-07-17,0.08830996602773666
1981-07-20,0.08233771473169327
1981-07-21,0.0819111317396164
1981-07-22,0.07721784710884094
1981-07-23,0.07935160398483276
1981-07-24,0.0819111317396164
1981-07-27,0.08532386273145676
1981-07-28,0.08233771473169327
1981-07-29,0.08105791360139847
1981-07-30,0.08404408395290375
1981-07-31,0.08532386273145676
1981-08-03,0.08447065949440002
1981-08-04,0.08575043082237244
1981-08-05,0.08830996602773666
1981-08-06,0.08617705851793289
1981-08-07,0.08617705851793289
1981-08-10,0.08617705851793289
1981-08-11,0.08361749351024628
1981-08-12,0.0819111317396164
1981-08-13,0.07935160398483276
1981-08-14,0.07807176560163498
1981-08-17,0.07551150023937225
1981-08-18,0.0738050788640976
1981-08-19,0.07295189797878265
1981-08-20,0.0738050788640976
1981-08-21,0.06868597120046616
1981-08-24,0.06441927701234818
1981-08-25,0.06612644344568253
1981-08-26,0.06484591215848923
1981-08-27,0.0652724876999855
1981-08-28,0.06868597120046616
1981-08-31,0.06868597120046616
1981-09-01,0.07295189797878265
1981-09-02,0.07423170655965805
1981-09-03,0.07039234787225723
1981-09-04,0.06953918188810349
1981-09-08,0.06740618497133255
1981-09-09,0.06740618497133255
1981-09-10,0.06783279031515121
1981-09-11,0.06697961688041687
1981-09-14,0.06484591215848923
1981-09-15,0.06313950568437576
1981-09-16,0.061859771609306335
1981-09-17,0.06015338376164436
1981-09-18,0.060579974204301834
1981-09-21,0.06100652739405632
1981-09-22,0.05759380757808685
1981-09-23,0.05631401762366295
1981-09-24,0.05588743835687637
1981-09-25,0.04863462597131729
1981-09-28,0.04906119033694267
1981-09-29,0.051620740443468094
1981-09-30,0.052047330886125565
1981-10-01,0.052047330886125565
1981-10-02,0.05631401762366295
1981-10-05,0.05802038684487343
1981-10-06,0.05759380757808685
1981-10-07,0.06100652739405632
1981-10-08,0.06313950568437576
1981-10-09,0.06356614083051682
1981-10-12,0.06569986790418625
1981-10-13,0.06569986790418625
1981-10-14,0.061859771609306335
1981-10-15,0.06313950568437576
1981-10-16,0.062286362051963806
1981-10-19,0.06356614083051682
1981-10-20,0.06697961688041687
1981-10-21,0.06697961688041687
1981-10-22,0.06655300408601761
1981-10-23,0.06484591215848923
1981-10-26,0.06484591215848923
1981-10-27,0.06612644344568253
1981-10-28,0.06825945526361465
1981-10-29,0.06740618497133255
1981-10-30,0.06825945526361465
1981-11-02,0.06825945526361465
1981-11-03,0.06740618497133255
1981-11-04,0.06569986790418625
1981-11-05,0.06100652739405632
1981-11-06,0.06143314391374588
1981-11-09,0.062286362051963806
1981-11-10,0.0627129003405571
1981-11-11,0.06441927701234818
1981-11-12,0.06655300408601761
1981-11-13,0.061859771609306335
1981-11-16,0.06100652739405632
1981-11-17,0.062286362051963806
1981-11-18,0.06441927701234818
1981-11-19,0.06441927701234818
1981-11-20,0.06484591215848923
1981-11-23,0.061859771609306335
1981-11-24,0.06143314391374588
1981-11-25,0.0627129003405571
1981-11-27,0.06441927701234818
1981-11-30,0.06356614083051682
1981-12-01,0.06356614083051682
1981-12-02,0.06399271637201309
1981-12-03,0.06313950568437576
1981-12-04,0.06484591215848923
1981-12-07,0.0652724876999855
1981-12-08,0.06399271637201309
1981-12-09,0.06441927701234818
1981-12-10,0.06441927701234818
1981-12-11,0.06399271637201309
1981-12-14,0.061859771609306335
1981-12-15,0.06356614083051682
1981-12-16,0.06655300408601761
1981-12-17,0.0720987617969513
1981-12-18,0.07807176560163498
1981-12-21,0.07465826719999313
1981-12-22,0.07593807578086853
1981-12-23,0.07423170655965805
1981-12-24,0.07465826719999313
1981-12-28,0.07124555110931396
1981-12-29,0.07252531498670578
1981-12-30,0.07551150023937225
1981-12-31,0.07551150023937225
1982-01-04,0.07508485019207001
1982-01-05,0.07124555110931396
1982-01-06,0.07039234787225723
1982-01-07,0.06484591215848923
1982-01-08,0.06783279031515121
1982-01-11,0.06356614083051682
1982-01-12,0.06143314391374588
1982-01-13,0.06100652739405632
1982-01-14,0.06399271637201309
1982-01-15,0.06825945526361465
1982-01-18,0.06953918188810349
1982-01-19,0.06783279031515121
1982-01-20,0.06911259889602661
1982-01-21,0.07039234787225723
1982-01-22,0.0708189457654953
1982-01-25,0.06868597120046616
1982-01-26,0.06612644344568253
1982-01-27,0.06655300408601761
1982-01-28,0.06868597120046616
1982-01-29,0.06953918188810349
1982-02-01,0.06868597120046616
1982-02-02,0.06911259889602661
1982-02-03,0.06911259889602661
1982-02-04,0.06740618497133255
1982-02-05,0.06740618497133255
1982-02-08,0.06313950568437576
1982-02-09,0.06313950568437576
1982-02-10,0.06399271637201309
1982-02-11,0.06313950568437576
1982-02-12,0.06399271637201309
1982-02-16,0.0627129003405571
1982-02-17,0.06356614083051682
1982-02-18,0.06441927701234818
1982-02-19,0.06399271637201309
1982-02-22,0.06313950568437576
1982-02-23,0.062286362051963806
1982-02-24,0.0627129003405571
1982-02-25,0.062286362051963806
1982-02-26,0.062286362051963806
1982-03-01,0.0627129003405571
1982-03-02,0.0627129003405571
1982-03-03,0.0627129003405571
1982-03-04,0.06143314391374588
1982-03-05,0.056740619242191315
1982-03-08,0.05588743835687637
1982-03-09,0.05631401762366295
1982-03-10,0.0554608516395092
1982-03-11,0.0554608516395092
1982-03-12,0.052047330886125565
1982-03-15,0.051620740443468094
1982-03-16,0.05076754838228226
1982-03-17,0.048208028078079224
1982-03-18,0.052047330886125565
1982-03-19,0.056740619242191315
1982-03-22,0.06100652739405632
1982-03-23,0.06015338376164436
1982-03-24,0.056740619242191315
1982-03-25,0.05631401762366295
1982-03-26,0.0554608516395092
1982-03-29,0.056740619242191315
1982-03-30,0.05759380757808685
1982-03-31,0.05759380757808685
1982-04-01,0.060579974204301834
1982-04-02,0.060579974204301834
1982-04-05,0.060579974204301834
1982-04-06,0.06015338376164436
1982-04-07,0.05930018797516823
1982-04-08,0.05972680449485779
1982-04-12,0.05930018797516823
1982-04-13,0.054607637226581573
1982-04-14,0.05503425747156143
1982-04-15,0.05588743835687637
1982-04-16,0.05759380757808685
1982-04-19,0.05631401762366295
1982-04-20,0.05375448614358902
1982-04-21,0.05332713574171066
1982-04-22,0.05247395858168602
1982-04-23,0.05247395858168602
1982-04-26,0.05375448614358902
1982-04-27,0.052047330886125565
1982-04-28,0.049914367496967316
1982-04-29,0.049914367496967316
1982-04-30,0.05034098029136658
1982-05-03,0.052047330886125565
1982-05-04,0.05375448614358902
1982-05-05,0.052900530397892
1982-05-06,0.054607637226581573
1982-05-07,0.0554608516395092
1982-05-10,0.054607637226581573
1982-05-11,0.052900530397892
1982-05-12,0.051620740443468094
1982-05-13,0.052047330886125565
1982-05-14,0.049914367496967316
1982-05-17,0.04906119033694267
1982-05-18,0.048208028078079224
1982-05-19,0.04778141528367996
1982-05-20,0.048208028078079224
1982-05-21,0.04863462597131729
1982-05-24,0.04906119033694267
1982-05-25,0.04906119033694267
1982-05-26,0.04863462597131729
1982-05-27,0.04778141528367996
1982-05-28,0.04778141528367996
1982-06-01,0.04692825302481651
1982-06-02,0.04778141528367996
1982-06-03,0.04607505723834038
1982-06-04,0.04479527100920677
1982-06-07,0.04479527100920677
1982-06-08,0.044368669390678406
1982-06-09,0.04351549223065376
1982-06-10,0.043942082673311234
1982-06-11,0.04564846307039261
1982-06-14,0.04564846307039261
1982-06-15,0.04564846307039261
1982-06-16,0.04564846307039261
1982-06-17,0.04479527100920677
1982-06-18,0.043942082673311234
1982-06-21,0.043942082673311234
1982-06-22,0.04564846307039261
1982-06-23,0.04692825302481651
1982-06-24,0.04692825302481651
1982-06-25,0.04522186145186424
1982-06-28,0.04479527100920677
1982-06-29,0.04351549223065376
1982-06-30,0.04351549223065376
1982-07-01,0.04308890923857689
1982-07-02,0.04095517098903656
1982-07-06,0.03924880176782608
1982-07-07,0.03924880176782608
1982-07-08,0.037542425096035004
1982-07-09,0.03882221877574921
1982-07-12,0.03967539221048355
1982-07-13,0.04223572462797165
1982-07-14,0.04266231507062912
1982-07-15,0.04351549223065376
1982-07-16,0.04522186145186424
1982-07-19,0.04564846307039261
1982-07-20,0.04863462597131729
1982-07-21,0.04863462597131729
1982-07-22,0.04906119033694267
1982-07-23,0.048208028078079224
1982-07-26,0.04607505723834038
1982-07-27,0.04607505723834038
1982-07-28,0.043942082673311234
1982-07-29,0.04564846307039261
1982-07-30,0.04607505723834038
1982-08-02,0.04735483229160309
1982-08-03,0.044368669390678406
1982-08-04,0.043942082673311234
1982-08-05,0.04223572462797165
1982-08-06,0.04180912300944328
1982-08-09,0.04223572462797165
1982-08-10,0.04479527100920677
1982-08-11,0.04522186145186424
1982-08-12,0.04479527100920677
1982-08-13,0.04479527100920677
1982-08-16,0.04564846307039261
1982-08-17,0.04863462597131729
1982-08-18,0.04863462597131729
1982-08-19,0.04906119033694267
1982-08-20,0.05034098029136658
1982-08-23,0.05247395858168602
1982-08-24,0.05503425747156143
1982-08-25,0.05887356773018837
1982-08-26,0.060579974204301834
1982-08-27,0.05759380757808685
1982-08-30,0.05844699591398239
1982-08-31,0.06143314391374588
1982-09-01,0.05972680449485779
1982-09-02,0.062286362051963806
1982-09-03,0.0627129003405571
1982-09-07,0.05930018797516823
1982-09-08,0.06143314391374588
1982-09-09,0.06015338376164436
1982-09-10,0.061859771609306335
1982-09-13,0.062286362051963806
1982-09-14,0.06441927701234818
1982-09-15,0.06399271637201309
1982-09-16,0.061859771609306335
1982-09-17,0.060579974204301834
1982-09-20,0.06100652739405632
1982-09-21,0.062286362051963806
1982-09-22,0.06399271637201309
1982-09-23,0.06399271637201309
1982-09-24,0.061859771609306335
1982-09-27,0.061859771609306335
1982-09-28,0.0627129003405571
1982-09-29,0.0627129003405571
1982-09-30,0.062286362051963806
1982-10-01,0.06313950568437576
1982-10-04,0.06399271637201309
1982-10-05,0.06441927701234818
1982-10-06,0.06911259889602661
1982-10-07,0.07465826719999313
1982-10-08,0.08020473271608353
1982-10-11,0.0819111317396164
1982-10-12,0.07935160398483276
1982-10-13,0.08020473271608353
1982-10-14,0.08063134551048279
1982-10-15,0.07849837839603424
1982-10-18,0.08020473271608353
1982-10-19,0.0819111317396164
1982-10-20,0.08660366386175156
1982-10-21,0.08873659372329712
1982-10-22,0.08830996602773666
1982-10-25,0.0831909105181694
1982-10-26,0.08361749351024628
1982-10-27,0.08575043082237244
1982-10-28,0.08575043082237244
1982-10-29,0.08660366386175156
1982-11-01,0.09129692614078522
1982-11-02,0.09769579023122787
1982-11-03,0.10494863241910934
1982-11-04,0.10580182820558548
1982-11-05,0.10281571000814438
1982-11-08,0.0985490158200264
1982-11-09,0.10196252167224884
1982-11-10,0.10580182820558548
1982-11-11,0.11262733489274979
1982-11-12,0.11049437522888184
1982-11-15,0.10793477296829224
1982-11-16,0.10238906741142273
1982-11-17,0.10708162188529968
1982-11-18,0.10708162188529968
1982-11-19,0.10537523031234741
1982-11-22,0.09598945081233978
1982-11-23,0.0985490158200264
1982-11-24,0.10068196058273315
1982-11-26,0.09897559136152267
1982-11-29,0.0985490158200264
1982-11-30,0.10878795385360718
1982-12-01,0.11092095822095871
1982-12-02,0.11092095822095871
1982-12-03,0.10836135596036911
1982-12-06,0.11433438211679459
1982-12-07,0.11561422795057297
1982-12-08,0.11305397748947144
1982-12-09,0.10750822722911835
1982-12-10,0.09982873499393463
1982-12-13,0.09769579023122787
1982-12-14,0.09684263914823532
1982-12-15,0.09641605615615845
1982-12-16,0.09812238067388535
1982-12-17,0.10281571000814438
1982-12-20,0.10238906741142273
1982-12-21,0.10324229300022125
1982-12-22,0.10622838884592056
1982-12-23,0.10921455919742584
1982-12-27,0.11177408695220947
1982-12-28,0.11092095822095871
1982-12-29,0.10708162188529968
1982-12-30,0.10238906741142273
1982-12-31,0.10196252167224884
1983-01-03,0.09726925194263458
1983-01-04,0.10281571000814438
1983-01-05,0.10324229300022125
1983-01-06,0.09940217435359955
1983-01-07,0.09385650604963303
1983-01-10,0.09812238067388535
1983-01-11,0.09940217435359955
1983-01-12,0.10494863241910934
1983-01-13,0.10494863241910934
1983-01-14,0.11262733489274979
1983-01-17,0.11646740883588791
1983-01-18,0.11390788853168488
1983-01-19,0.11476103216409683
1983-01-20,0.1275596022605896
1983-01-21,0.1275596022605896
1983-01-24,0.12030676752328873
1983-01-25,0.12499924004077911
1983-01-26,0.13011913001537323
1983-01-27,0.13907836377620697
1983-01-28,0.1399315446615219
1983-01-31,0.13950495421886444
1983-02-01,0.14249110221862793
1983-02-02,0.14633037149906158
1983-02-03,0.1523035168647766
1983-02-04,0.1501704901456833
1983-02-07,0.1441975235939026
1983-02-08,0.1429177075624466
1983-02-09,0.1441975235939026
1983-02-10,0.15358322858810425
1983-02-11,0.15870234370231628
1983-02-14,0.1578492522239685
1983-02-15,0.15486305952072144
1983-02-16,0.15187686681747437
1983-02-17,0.1501704901456833
1983-02-18,0.15486305952072144
1983-02-22,0.15870234370231628
1983-02-23,0.15998215973377228
1983-02-24,0.1642487645149231
1983-02-25,0.15955552458763123
1983-02-28,0.15571625530719757
1983-03-01,0.15827573835849762
1983-03-02,0.15955552458763123
1983-03-03,0.15443645417690277
1983-03-04,0.1523035168647766
1983-03-07,0.14931732416152954
1983-03-08,0.1446240395307541
1983-03-09,0.14888998866081238
1983-03-10,0.14675700664520264
1983-03-11,0.1446240395307541
1983-03-14,0.14121130108833313
1983-03-15,0.14334426820278168
1983-03-16,0.14334426820278168
1983-03-17,0.1446240395307541
1983-03-18,0.14675700664520264
1983-03-21,0.1501704901456833
1983-03-22,0.15187686681747437
1983-03-23,0.1446240395307541
1983-03-24,0.1471836268901825
1983-03-25,0.1471836268901825
1983-03-28,0.14505062997341156
1983-03-29,0.14931732416152954
1983-03-30,0.1510237157344818
1983-03-31,0.1441975235939026
1983-04-04,0.1403581202030182
1983-04-05,0.13779854774475098
1983-04-06,0.13651806116104126
1983-04-07,0.13523833453655243
1983-04-08,0.13438504934310913
1983-04-11,0.14206452667713165
1983-04-12,0.14505062997341156
1983-04-13,0.1501704901456833
1983-04-14,0.15358322858810425
1983-04-15,0.15614280104637146
1983-04-18,0.16040876507759094
1983-04-19,0.15870234370231628
1983-04-20,0.17278067767620087
1983-04-21,0.17747390270233154
1983-04-22,0.17406120896339417
1983-04-25,0.16595520079135895
1983-04-26,0.1706477254629135
1983-04-27,0.16894131898880005
1983-04-28,0.1706477254629135
1983-04-29,0.17235411703586578
1983-05-02,0.16723498702049255
1983-05-03,0.16552865505218506
1983-05-04,0.17576752603054047
1983-05-05,0.18728642165660858
1983-05-06,0.18813955783843994
1983-05-09,0.18557998538017273
1983-05-10,0.18685968220233917
1983-05-11,0.18216648697853088
1983-05-12,0.18046006560325623
1983-05-13,0.18131329119205475
1983-05-16,0.17662078142166138
1983-05-17,0.17704740166664124
1983-05-18,0.1791803389787674
1983-05-19,0.18472599983215332
1983-05-20,0.19411182403564453
1983-05-23,0.1962447613477707
1983-05-24,0.20648375153541565
1983-05-25,0.20477740466594696
1983-05-26,0.20264454185962677
1983-05-27,0.20264454185962677
1983-05-31,0.1970987617969513
1983-06-01,0.1983785629272461
1983-06-02,0.1996583193540573
1983-06-03,0.2094707041978836
1983-06-06,0.21416324377059937
1983-06-07,0.2069103866815567
1983-06-08,0.2043507844209671
1983-06-09,0.2030709683895111
1983-06-10,0.20221781730651855
1983-06-13,0.19539158046245575
1983-06-14,0.19112566113471985
1983-06-15,0.18557998538017273
1983-06-16,0.19539158046245575
1983-06-17,0.19155225157737732
1983-06-20,0.18216648697853088
1983-06-21,0.18344621360301971
1983-06-22,0.18899275362491608
1983-06-23,0.1830197125673294
1983-06-24,0.18173985183238983
1983-06-27,0.17192746698856354
1983-06-28,0.15998215973377228
1983-06-29,0.16766159236431122
1983-06-30,0.16680839657783508
1983-07-01,0.1680881679058075
1983-07-05,0.16126269102096558
1983-07-06,0.16168929636478424
1983-07-07,0.15955552458763123
1983-07-08,0.1578492522239685
1983-07-11,0.16211582720279694
1983-07-12,0.15827573835849762
1983-07-13,0.15742257237434387
1983-07-14,0.1569960117340088
1983-07-15,0.15145030617713928
1983-07-18,0.1510237157344818
1983-07-19,0.14931732416152954
1983-07-20,0.14078469574451447
1983-07-21,0.14803674817085266
1983-07-22,0.14931732416152954
1983-07-25,0.1471836268901825
1983-07-26,0.1335318237543106
1983-07-27,0.12371954321861267
1983-07-28,0.11604077368974686
1983-07-29,0.11902689188718796
1983-08-01,0.11774713546037674
1983-08-02,0.11732056736946106
1983-08-03,0.11902689188718796
1983-08-04,0.11348123848438263
1983-08-05,0.11561422795057297
1983-08-08,0.11604077368974686
1983-08-09,0.11732056736946106
1983-08-10,0.11689399182796478
1983-08-11,0.1151876151561737
1983-08-12,0.11433438211679459
1983-08-15,0.11732056736946106
1983-08-16,0.11561422795057297
1983-08-17,0.11305397748947144
1983-08-18,0.11433438211679459
1983-08-19,0.1151876151561737
1983-08-22,0.11476103216409683
1983-08-23,0.10878795385360718
1983-08-24,0.10324229300022125
1983-08-25,0.1040954515337944
1983-08-26,0.10537523031234741
1983-08-29,0.10665500909090042
1983-08-30,0.11220074445009232
1983-08-31,0.12713293731212616
1983-09-01,0.1241459995508194
1983-09-02,0.12969261407852173
1983-09-06,0.13438504934310913
1983-09-07,0.1181737631559372
1983-09-08,0.10836135596036911
1983-09-09,0.10452207177877426
1983-09-12,0.10452207177877426
1983-09-13,0.10921455919742584
1983-09-14,0.10793477296829224
1983-09-15,0.10281571000814438
1983-09-16,0.10025534778833389
1983-09-19,0.10921455919742584
1983-09-20,0.1096411719918251
1983-09-21,0.10750822722911835
1983-09-22,0.11092095822095871
1983-09-23,0.08276432752609253
1983-09-26,0.0848972499370575
1983-09-27,0.08020473271608353
1983-09-28,0.07807176560163498
1983-09-29,0.0776451826095581
1983-09-30,0.0789250060915947
1983-10-03,0.0789250060915947
1983-10-04,0.07807176560163498
1983-10-05,0.07679124176502228
1983-10-06,0.07593807578086853
1983-10-07,0.06953918188810349
1983-10-10,0.06740618497133255
1983-10-11,0.06612644344568253
1983-10-12,0.0720987617969513
1983-10-13,0.07849837839603424
1983-10-14,0.0776451826095581
1983-10-17,0.07167213410139084
1983-10-18,0.06612644344568253
1983-10-19,0.07337850332260132
1983-10-20,0.06953918188810349
1983-10-21,0.06783279031515121
1983-10-24,0.0720987617969513
1983-10-25,0.07252531498670578
1983-10-26,0.06868597120046616
1983-10-27,0.0720987617969513
1983-10-28,0.07124555110931396
1983-10-31,0.07721784710884094
1983-11-01,0.07849837839603424
1983-11-02,0.08020473271608353
1983-11-03,0.07465826719999313
1983-11-04,0.0720987617969513
1983-11-07,0.07167213410139084
1983-11-08,0.06100652739405632
1983-11-09,0.06569986790418625
1983-11-10,0.06697961688041687
1983-11-11,0.06825945526361465
1983-11-14,0.06740618497133255
1983-11-15,0.06740618497133255
1983-11-16,0.06825945526361465
1983-11-17,0.06996577233076096
1983-11-18,0.07039234787225723
1983-11-21,0.07337850332260132
1983-11-22,0.07337850332260132
1983-11-23,0.06953918188810349
1983-11-25,0.06996577233076096
1983-11-28,0.07167213410139084
1983-11-29,0.0708189457654953
1983-11-30,0.06953918188810349
1983-12-01,0.06911259889602661
1983-12-02,0.06783279031515121
1983-12-05,0.06953918188810349
1983-12-06,0.06996577233076096
1983-12-07,0.07167213410139084
1983-12-08,0.07337850332260132
1983-12-09,0.0738050788640976
1983-12-12,0.07337850332260132
1983-12-13,0.07679124176502228
1983-12-14,0.07977814972400665
1983-12-15,0.0831909105181694
1983-12-16,0.08447065949440002
1983-12-19,0.0819111317396164
1983-12-20,0.07977814972400665
1983-12-21,0.08276432752609253
1983-12-22,0.08447065949440002
1983-12-23,0.08404408395290375
1983-12-27,0.08447065949440002
1983-12-28,0.08532386273145676
1983-12-29,0.0831909105181694
1983-12-30,0.0831909105181694
1984-01-03,0.0874568298459053
1984-01-04,0.09513626247644424
1984-01-05,0.09641605615615845
1984-01-06,0.09470966458320618
1984-01-09,0.08959054201841354
1984-01-10,0.09428304433822632
1984-01-11,0.09556283056735992
1984-01-12,0.09513626247644424
1984-01-13,0.0930033028125763
1984-01-16,0.09513626247644424
1984-01-17,0.09769579023122787
1984-01-18,0.09812238067388535
1984-01-19,0.09897559136152267
1984-01-20,0.09769579023122787
1984-01-23,0.0985490158200264
1984-01-24,0.0930033028125763
1984-01-25,0.09215011447668076
1984-01-26,0.09428304433822632
1984-01-27,0.08916319161653519
1984-01-30,0.08447065949440002
1984-01-31,0.08447065949440002
1984-02-01,0.08404408395290375
1984-02-02,0.0848972499370575
1984-02-03,0.08361749351024628
1984-02-06,0.07935160398483276
1984-02-07,0.08233771473169327
1984-02-08,0.07935160398483276
1984-02-09,0.08063134551048279
1984-02-10,0.0831909105181694
1984-02-13,0.08276432752609253
1984-02-14,0.0874568298459053
1984-02-15,0.08575043082237244
1984-02-16,0.08660366386175156
1984-02-17,0.08532386273145676
1984-02-21,0.08916319161653519
1984-02-22,0.09342984110116959
1984-02-23,0.0917234942317009
1984-02-24,0.09257671236991882
1984-02-27,0.09215011447668076
1984-02-28,0.08703026175498962
1984-02-29,0.08959054201841354
1984-03-01,0.09215011447668076
1984-03-02,0.0930033028125763
1984-03-05,0.09129692614078522
1984-03-06,0.08788342028856277
1984-03-07,0.09044372290372849
1984-03-08,0.0917234942317009
1984-03-09,0.0900171548128128
1984-03-12,0.09342984110116959
1984-03-13,0.09215011447668076
1984-03-14,0.09087030589580536
1984-03-15,0.09129692614078522
1984-03-16,0.09087030589580536
1984-03-19,0.08959054201841354
1984-03-20,0.08873659372329712
1984-03-21,0.08873659372329712
1984-03-22,0.08703026175498962
1984-03-23,0.08703026175498962
1984-03-26,0.08788342028856277
1984-03-27,0.08532386273145676
1984-03-28,0.08703026175498962
1984-03-29,0.08660366386175156
1984-03-30,0.08447065949440002
1984-04-02,0.0848972499370575
1984-04-03,0.08532386273145676
1984-04-04,0.08361749351024628
1984-04-05,0.08233771473169327
1984-04-06,0.08020473271608353
1984-04-09,0.08020473271608353
1984-04-10,0.08447065949440002
1984-04-11,0.08361749351024628
1984-04-12,0.08788342028856277
1984-04-13,0.08788342028856277
1984-04-16,0.08959054201841354
1984-04-17,0.09385650604963303
1984-04-18,0.09556283056735992
1984-04-19,0.09641605615615845
1984-04-23,0.09684263914823532
1984-04-24,0.09513626247644424
1984-04-25,0.09428304433822632
1984-04-26,0.10153591632843018
1984-04-27,0.10281571000814438
1984-04-30,0.10708162188529968
1984-05-01,0.11348123848438263
1984-05-02,0.11262733489274979
1984-05-03,0.10793477296829224
1984-05-04,0.10281571000814438
1984-05-07,0.10622838884592056
1984-05-08,0.11220074445009232
1984-05-09,0.11305397748947144
1984-05-10,0.11305397748947144
1984-05-11,0.11006776988506317
1984-05-14,0.10793477296829224
1984-05-15,0.10878795385360718
1984-05-16,0.1040954515337944
1984-05-17,0.09940217435359955
1984-05-18,0.10153591632843018
1984-05-21,0.10878795385360718
1984-05-22,0.10537523031234741
1984-05-23,0.10324229300022125
1984-05-24,0.10025534778833389
1984-05-25,0.10068196058273315
1984-05-29,0.10025534778833389
1984-05-30,0.09897559136152267
1984-05-31,0.10025534778833389
1984-06-01,0.10366886109113693
1984-06-04,0.10110856592655182
1984-06-05,0.09513626247644424
1984-06-06,0.09897559136152267
1984-06-07,0.09812238067388535
1984-06-08,0.09769579023122787
1984-06-11,0.09769579023122787
1984-06-12,0.09940217435359955
1984-06-13,0.10153591632843018
1984-06-14,0.0985490158200264
1984-06-15,0.09897559136152267
1984-06-18,0.10110856592655182
1984-06-19,0.10025534778833389
1984-06-20,0.10324229300022125
1984-06-21,0.09897559136152267
1984-06-22,0.09769579023122787
1984-06-25,0.0930033028125763
1984-06-26,0.08873659372329712
1984-06-27,0.08617705851793289
1984-06-28,0.0900171548128128
1984-06-29,0.09044372290372849
1984-07-02,0.0874568298459053
1984-07-03,0.08617705851793289
1984-07-05,0.08447065949440002
1984-07-06,0.08575043082237244
1984-07-09,0.08959054201841354
1984-07-10,0.0917234942317009
1984-07-11,0.09044372290372849
1984-07-12,0.09087030589580536
1984-07-13,0.0900171548128128
1984-07-16,0.08788342028856277
1984-07-17,0.08788342028856277
1984-07-18,0.08660366386175156
1984-07-19,0.08660366386175156
1984-07-20,0.08660366386175156
1984-07-23,0.08575043082237244
1984-07-24,0.09087030589580536
1984-07-25,0.09129692614078522
1984-07-26,0.0930033028125763
1984-07-27,0.09257671236991882
1984-07-30,0.08703026175498962
1984-07-31,0.08703026175498962
1984-08-01,0.08532386273145676
1984-08-02,0.08233771473169327
1984-08-03,0.09342984110116959
1984-08-06,0.09982873499393463
1984-08-07,0.10110856592655182
1984-08-08,0.09726925194263458
1984-08-09,0.10153591632843018
1984-08-10,0.09726925194263458
1984-08-13,0.10238906741142273
1984-08-14,0.0985490158200264
1984-08-15,0.09513626247644424
1984-08-16,0.09598945081233978
1984-08-17,0.09385650604963303
1984-08-20,0.09342984110116959
1984-08-21,0.09726925194263458
1984-08-22,0.09556283056735992
1984-08-23,0.09598945081233978
1984-08-24,0.09598945081233978
1984-08-27,0.09513626247644424
1984-08-28,0.09641605615615845
1984-08-29,0.09385650604963303
1984-08-30,0.09215011447668076
1984-08-31,0.09044372290372849
1984-09-04,0.08959054201841354
1984-09-05,0.08959054201841354
1984-09-06,0.09044372290372849
1984-09-07,0.09044372290372849
1984-09-10,0.0900171548128128
1984-09-11,0.0917234942317009
1984-09-12,0.08916319161653519
1984-09-13,0.09385650604963303
1984-09-14,0.09513626247644424
1984-09-17,0.09769579023122787
1984-09-18,0.09428304433822632
1984-09-19,0.09215011447668076
1984-09-20,0.09257671236991882
1984-09-21,0.0917234942317009
1984-09-24,0.09087030589580536
1984-09-25,0.08916319161653519
1984-09-26,0.08788342028856277
1984-09-27,0.08788342028856277
1984-09-28,0.08575043082237244
1984-10-01,0.08361749351024628
1984-10-02,0.08447065949440002
1984-10-03,0.08575043082237244
1984-10-04,0.08660366386175156
1984-10-05,0.0848972499370575
1984-10-08,0.0848972499370575
1984-10-09,0.08404408395290375
1984-10-10,0.08148454874753952
1984-10-11,0.08105791360139847
1984-10-12,0.0776451826095581
1984-10-15,0.0819111317396164
1984-10-16,0.08148454874753952
1984-10-17,0.0848972499370575
1984-10-18,0.0874568298459053
1984-10-19,0.0874568298459053
1984-10-22,0.08660366386175156
1984-10-23,0.08873659372329712
1984-10-24,0.08959054201841354
1984-10-25,0.08617705851793289
1984-10-26,0.08404408395290375
1984-10-29,0.08447065949440002
1984-10-30,0.08532386273145676
1984-10-31,0.0848972499370575
1984-11-01,0.08532386273145676
1984-11-02,0.0848972499370575
1984-11-05,0.08447065949440002
1984-11-06,0.08959054201841354
1984-11-07,0.08788342028856277
1984-11-08,0.08447065949440002
1984-11-09,0.07935160398483276
1984-11-12,0.08233771473169327
1984-11-13,0.08020473271608353
1984-11-14,0.08105791360139847
1984-11-15,0.08105791360139847
1984-11-16,0.07935160398483276
1984-11-19,0.07465826719999313
1984-11-20,0.07721784710884094
1984-11-21,0.0789250060915947
1984-11-23,0.08105791360139847
1984-11-26,0.0819111317396164
1984-11-27,0.08404408395290375
1984-11-28,0.08830996602773666
1984-11-29,0.08660366386175156
1984-11-30,0.08447065949440002
1984-12-03,0.0831909105181694
1984-12-04,0.0848972499370575
1984-12-05,0.08916319161653519
1984-12-06,0.09342984110116959
1984-12-07,0.0930033028125763
1984-12-10,0.09129692614078522
1984-12-11,0.0900171548128128
1984-12-12,0.08703026175498962
1984-12-13,0.08788342028856277
1984-12-14,0.0900171548128128
1984-12-17,0.09215011447668076
1984-12-18,0.09769579023122787
1984-12-19,0.09385650604963303
1984-12-20,0.09342984110116959
1984-12-21,0.09215011447668076
1984-12-24,0.09385650604963303
1984-12-26,0.09428304433822632
1984-12-27,0.09470966458320618
1984-12-28,0.09812238067388535
1984-12-31,0.09940217435359955
1985-01-02,0.09513626247644424
1985-01-03,0.09684263914823532
1985-01-04,0.09684263914823532
1985-01-07,0.09641605615615845
1985-01-08,0.09556283056735992
1985-01-09,0.09812238067388535
1985-01-10,0.10238906741142273
1985-01-11,0.10153591632843018
1985-01-14,0.10452207177877426
1985-01-15,0.10238906741142273
1985-01-16,0.10324229300022125
1985-01-17,0.09598945081233978
1985-01-18,0.09769579023122787
1985-01-21,0.09982873499393463
1985-01-22,0.10281571000814438
1985-01-23,0.10110856592655182
1985-01-24,0.09897559136152267
1985-01-25,0.10110856592655182
1985-01-28,0.10324229300022125
1985-01-29,0.10196252167224884
1985-01-30,0.10196252167224884
1985-01-31,0.09897559136152267
1985-02-01,0.09769579023122787
1985-02-04,0.09982873499393463
1985-02-05,0.10068196058273315
1985-02-06,0.10238906741142273
1985-02-07,0.10196252167224884
1985-02-08,0.10196252167224884
1985-02-11,0.1040954515337944
1985-02-12,0.10153591632843018
1985-02-13,0.09684263914823532
1985-02-14,0.09428304433822632
1985-02-15,0.09556283056735992
1985-02-19,0.09428304433822632
1985-02-20,0.0900171548128128
1985-02-21,0.0917234942317009
1985-02-22,0.09428304433822632
1985-02-25,0.0930033028125763
1985-02-26,0.09129692614078522
1985-02-27,0.08575043082237244
1985-02-28,0.08447065949440002
1985-03-01,0.0848972499370575
1985-03-04,0.08617705851793289
1985-03-05,0.08830996602773666
1985-03-06,0.08404408395290375
1985-03-07,0.07551150023937225
1985-03-08,0.07337850332260132
1985-03-11,0.07593807578086853
1985-03-12,0.07849837839603424
1985-03-13,0.07423170655965805
1985-03-14,0.07423170655965805
1985-03-15,0.07721784710884094
1985-03-18,0.07807176560163498
1985-03-19,0.07508485019207001
1985-03-20,0.07593807578086853
1985-03-21,0.07721784710884094
1985-03-22,0.07593807578086853
1985-03-25,0.0738050788640976
1985-03-26,0.07679124176502228
1985-03-27,0.07465826719999313
1985-03-28,0.07465826719999313
1985-03-29,0.07551150023937225
1985-04-01,0.0738050788640976
1985-04-02,0.07167213410139084
1985-04-03,0.07167213410139084
1985-04-04,0.07124555110931396
1985-04-08,0.06697961688041687
1985-04-09,0.06697961688041687
1985-04-10,0.07167213410139084
1985-04-11,0.07295189797878265
1985-04-12,0.07124555110931396
1985-04-15,0.07295189797878265
1985-04-16,0.0738050788640976
1985-04-17,0.07721784710884094
1985-04-18,0.07807176560163498
1985-04-19,0.07679124176502228
1985-04-22,0.0738050788640976
1985-04-23,0.07551150023937225
1985-04-24,0.07508485019207001
1985-04-25,0.07508485019207001
1985-04-26,0.07465826719999313
1985-04-29,0.0720987617969513
1985-04-30,0.07252531498670578
1985-05-01,0.07124555110931396
1985-05-02,0.06569986790418625
1985-05-03,0.06825945526361465
1985-05-06,0.06740618497133255
1985-05-07,0.06825945526361465
1985-05-08,0.06783279031515121
1985-05-09,0.06825945526361465
1985-05-10,0.06911259889602661
1985-05-13,0.06825945526361465
1985-05-14,0.06740618497133255
1985-05-15,0.06825945526361465
1985-05-16,0.07295189797878265
1985-05-17,0.07423170655965805
1985-05-20,0.07295189797878265
1985-05-21,0.0708189457654953
1985-05-22,0.07039234787225723
1985-05-23,0.06740618497133255
1985-05-24,0.061859771609306335
1985-05-28,0.05759380757808685
1985-05-29,0.05844699591398239
1985-05-30,0.06015338376164436
1985-05-31,0.05930018797516823
1985-06-03,0.054607637226581573
1985-06-04,0.05887356773018837
1985-06-05,0.05759380757808685
1985-06-06,0.05802038684487343
1985-06-07,0.05588743835687637
1985-06-10,0.05503425747156143
1985-06-11,0.05503425747156143
1985-06-12,0.05375448614358902
1985-06-13,0.05076754838228226
1985-06-14,0.05034098029136658
1985-06-17,0.05076754838228226
1985-06-18,0.052047330886125565
1985-06-19,0.05332713574171066
1985-06-20,0.05375448614358902
1985-06-21,0.05503425747156143
1985-06-24,0.05887356773018837
1985-06-25,0.05972680449485779
1985-06-26,0.061859771609306335
1985-06-27,0.0627129003405571
1985-06-28,0.06143314391374588
1985-07-01,0.061859771609306335
1985-07-02,0.05887356773018837
1985-07-03,0.05972680449485779
1985-07-05,0.06015338376164436
1985-07-08,0.06015338376164436
1985-07-09,0.06015338376164436
1985-07-10,0.06143314391374588
1985-07-11,0.06143314391374588
1985-07-12,0.06100652739405632
1985-07-15,0.060579974204301834
1985-07-16,0.05972680449485779
1985-07-17,0.06015338376164436
1985-07-18,0.05887356773018837
1985-07-19,0.05930018797516823
1985-07-22,0.05759380757808685
1985-07-23,0.05631401762366295
1985-07-24,0.0554608516395092
1985-07-25,0.056740619242191315
1985-07-26,0.056740619242191315
1985-07-29,0.054607637226581573
1985-07-30,0.0554608516395092
1985-07-31,0.054181087762117386
1985-08-01,0.054181087762117386
1985-08-02,0.05375448614358902
1985-08-05,0.05247395858168602
1985-08-06,0.052047330886125565
1985-08-07,0.05076754838228226
1985-08-08,0.051620740443468094
1985-08-09,0.052047330886125565
1985-08-12,0.05119418725371361
1985-08-13,0.052047330886125565
1985-08-14,0.049914367496967316
1985-08-15,0.04948779568076134
1985-08-16,0.049914367496967316
1985-08-19,0.05119418725371361
1985-08-20,0.052047330886125565
1985-08-21,0.052047330886125565
1985-08-22,0.05076754838228226
1985-08-23,0.05034098029136658
1985-08-26,0.051620740443468094
1985-08-27,0.052047330886125565
1985-08-28,0.052047330886125565
1985-08-29,0.05076754838228226
1985-08-30,0.05119418725371361
1985-09-03,0.05034098029136658
1985-09-04,0.05076754838228226
1985-09-05,0.05076754838228226
1985-09-06,0.05119418725371361
1985-09-09,0.052047330886125565
1985-09-10,0.05247395858168602
1985-09-11,0.052900530397892
1985-09-12,0.05503425747156143
1985-09-13,0.05375448614358902
1985-09-16,0.052047330886125565
1985-09-17,0.052047330886125565
1985-09-18,0.0554608516395092
1985-09-19,0.05802038684487343
1985-09-20,0.05716719105839729
1985-09-23,0.05759380757808685
1985-09-24,0.05631401762366295
1985-09-25,0.054181087762117386
1985-09-26,0.054181087762117386
1985-09-30,0.05375448614358902
1985-10-01,0.05375448614358902
1985-10-02,0.05332713574171066
1985-10-03,0.052900530397892
1985-10-04,0.05119418725371361
1985-10-07,0.05119418725371361
1985-10-08,0.051620740443468094
1985-10-09,0.05119418725371361
1985-10-10,0.054181087762117386
1985-10-11,0.054607637226581573
1985-10-14,0.056740619242191315
1985-10-15,0.05802038684487343
1985-10-16,0.06143314391374588
1985-10-17,0.062286362051963806
1985-10-18,0.060579974204301834
1985-10-21,0.05887356773018837
1985-10-22,0.06143314391374588
1985-10-23,0.06143314391374588
1985-10-24,0.0627129003405571
1985-10-25,0.06143314391374588
1985-10-28,0.06143314391374588
1985-10-29,0.06100652739405632
1985-10-30,0.06484591215848923
1985-10-31,0.06356614083051682
1985-11-01,0.06356614083051682
1985-11-04,0.06399271637201309
1985-11-05,0.06356614083051682
1985-11-06,0.06569986790418625
1985-11-07,0.06697961688041687
1985-11-08,0.06996577233076096
1985-11-11,0.06825945526361465
1985-11-12,0.06783279031515121
1985-11-13,0.06612644344568253
1985-11-14,0.06825945526361465
1985-11-15,0.06783279031515121
1985-11-18,0.06783279031515121
1985-11-19,0.06569986790418625
1985-11-20,0.06484591215848923
1985-11-21,0.06484591215848923
1985-11-22,0.06484591215848923
1985-11-25,0.0652724876999855
1985-11-26,0.06612644344568253
1985-11-27,0.06825945526361465
1985-11-29,0.06868597120046616
1985-12-02,0.06911259889602661
1985-12-03,0.06868597120046616
1985-12-04,0.06996577233076096
1985-12-05,0.06868597120046616
1985-12-06,0.06740618497133255
1985-12-09,0.06612644344568253
1985-12-10,0.06655300408601761
1985-12-11,0.06740618497133255
1985-12-12,0.06825945526361465
1985-12-13,0.06825945526361465
1985-12-16,0.07124555110931396
1985-12-17,0.07039234787225723
1985-12-18,0.07593807578086853
1985-12-19,0.07679124176502228
1985-12-20,0.07636463642120361
1985-12-23,0.07465826719999313
1985-12-24,0.07423170655965805
1985-12-26,0.07423170655965805
1985-12-27,0.07636463642120361
1985-12-30,0.07593807578086853
1985-12-31,0.07508485019207001
1986-01-02,0.07593807578086853
1986-01-03,0.07636463642120361
1986-01-06,0.07593807578086853
1986-01-07,0.07849837839603424
1986-01-08,0.07807176560163498
1986-01-09,0.07721784710884094
1986-01-10,0.0776451826095581
1986-01-13,0.07849837839603424
1986-01-14,0.07935160398483276
1986-01-15,0.08148454874753952
1986-01-16,0.08361749351024628
1986-01-17,0.0819111317396164
1986-01-20,0.08148454874753952
1986-01-21,0.0819111317396164
1986-01-22,0.07977814972400665
1986-01-23,0.07849837839603424
1986-01-24,0.07721784710884094
1986-01-27,0.07551150023937225
1986-01-28,0.07593807578086853
1986-01-29,0.08063134551048279
1986-01-30,0.07849837839603424
1986-01-31,0.0789250060915947
1986-02-03,0.08148454874753952
1986-02-04,0.08105791360139847
1986-02-05,0.08105791360139847
1986-02-06,0.08233771473169327
1986-02-07,0.0819111317396164
1986-02-10,0.08148454874753952
1986-02-11,0.08148454874753952
1986-02-12,0.0819111317396164
1986-02-13,0.08148454874753952
1986-02-14,0.08105791360139847
1986-02-18,0.08148454874753952
1986-02-19,0.08532386273145676
1986-02-20,0.08575043082237244
1986-02-21,0.08617705851793289
1986-02-24,0.08788342028856277
1986-02-25,0.0900171548128128
1986-02-26,0.08873659372329712
1986-02-27,0.0874568298459053
1986-02-28,0.08532386273145676
1986-03-03,0.08404408395290375
1986-03-04,0.08404408395290375
1986-03-05,0.08617705851793289
1986-03-06,0.08660366386175156
1986-03-07,0.08447065949440002
1986-03-10,0.08404408395290375
1986-03-11,0.0848972499370575
1986-03-12,0.08447065949440002
1986-03-13,0.08447065949440002
1986-03-14,0.08916319161653519
1986-03-17,0.08873659372329712
1986-03-18,0.0917234942317009
1986-03-19,0.09044372290372849
1986-03-20,0.09641605615615845
1986-03-21,0.09428304433822632
1986-03-24,0.09129692614078522
1986-03-25,0.09513626247644424
1986-03-26,0.09641605615615845
1986-03-27,0.09641605615615845
1986-03-31,0.09641605615615845
1986-04-01,0.0930033028125763
1986-04-02,0.0930033028125763
1986-04-03,0.09215011447668076
1986-04-04,0.09129692614078522
1986-04-07,0.0930033028125763
1986-04-08,0.09428304433822632
1986-04-09,0.09257671236991882
1986-04-10,0.0930033028125763
1986-04-11,0.09215011447668076
1986-04-14,0.0917234942317009
1986-04-15,0.09342984110116959
1986-04-16,0.09641605615615845
1986-04-17,0.09897559136152267
1986-04-18,0.10153591632843018
1986-04-21,0.10366886109113693
1986-04-22,0.10196252167224884
1986-04-23,0.10110856592655182
1986-04-24,0.10708162188529968
1986-04-25,0.11006776988506317
1986-04-28,0.10921455919742584
1986-04-29,0.10665500909090042
1986-04-30,0.10324229300022125
1986-05-01,0.10324229300022125
1986-05-02,0.1040954515337944
1986-05-05,0.1096411719918251
1986-05-06,0.1113474890589714
1986-05-07,0.10750822722911835
1986-05-08,0.11262733489274979
1986-05-09,0.11390788853168488
1986-05-12,0.1241459995508194
1986-05-13,0.12286628782749176
1986-05-14,0.12585319578647614
1986-05-15,0.12286628782749176
1986-05-16,0.12286628782749176
1986-05-19,0.12158653885126114
1986-05-20,0.12073329091072083
1986-05-21,0.12627974152565002
1986-05-22,0.12542659044265747
1986-05-23,0.12627974152565002
1986-05-27,0.12585319578647614
1986-05-28,0.12713293731212616
1986-05-29,0.12627974152565002
1986-05-30,0.12627974152565002
1986-06-02,0.1267063319683075
1986-06-03,0.12926599383354187
1986-06-04,0.13225211203098297
1986-06-05,0.13267868757247925
1986-06-06,0.1288394331932068
1986-06-09,0.12286628782749176
1986-06-10,0.12286628782749176
1986-06-11,0.12329292297363281
1986-06-12,0.12286628782749176
1986-06-13,0.1241459995508194
1986-06-16,0.12243980914354324
1986-06-17,0.11689399182796478
1986-06-18,0.11689399182796478
1986-06-19,0.11945360898971558
1986-06-20,0.12286628782749176
1986-06-23,0.11860037595033646
1986-06-24,0.11902689188718796
1986-06-25,0.12243980914354324
1986-06-26,0.12371954321861267
1986-06-27,0.12243980914354324
1986-06-30,0.12243980914354324
1986-07-01,0.12073329091072083
1986-07-02,0.12329292297363281
1986-07-03,0.12841278314590454
1986-07-07,0.12158653885126114
1986-07-08,0.11689399182796478
1986-07-09,0.1181737631559372
1986-07-10,0.12073329091072083
1986-07-11,0.1267063319683075
1986-07-14,0.12371954321861267
1986-07-15,0.11902689188718796
1986-07-16,0.11433438211679459
1986-07-17,0.11006776988506317
1986-07-18,0.10836135596036911
1986-07-21,0.11433438211679459
1986-07-22,0.1181737631559372
1986-07-23,0.11646740883588791
1986-07-24,0.11305397748947144
1986-07-25,0.11604077368974686
1986-07-28,0.11049437522888184
1986-07-29,0.10665500909090042
1986-07-30,0.1040954515337944
1986-07-31,0.10665500909090042
1986-08-01,0.10708162188529968
1986-08-04,0.10750822722911835
1986-08-05,0.1096411719918251
1986-08-06,0.10622838884592056
1986-08-07,0.10836135596036911
1986-08-08,0.10793477296829224
1986-08-11,0.11433438211679459
1986-08-12,0.11689399182796478
1986-08-13,0.12286628782749176
1986-08-14,0.12286628782749176
1986-08-15,0.12201305478811264
1986-08-18,0.12073329091072083
1986-08-19,0.12073329091072083
1986-08-20,0.12371954321861267
1986-08-21,0.12201305478811264
1986-08-22,0.12371954321861267
1986-08-25,0.1241459995508194
1986-08-26,0.12499924004077911
1986-08-27,0.12627974152565002
1986-08-28,0.1288394331932068
1986-08-29,0.12627974152565002
1986-09-02,0.11860037595033646
1986-09-03,0.11860037595033646
1986-09-04,0.12115994840860367
1986-09-05,0.11988019943237305
1986-09-08,0.11860037595033646
1986-09-09,0.12201305478811264
1986-09-10,0.11945360898971558
1986-09-11,0.1113474890589714
1986-09-12,0.10836135596036911
1986-09-15,0.11305397748947144
1986-09-16,0.11902689188718796
1986-09-17,0.11689399182796478
1986-09-18,0.11604077368974686
1986-09-19,0.11476103216409683
1986-09-22,0.12030676752328873
1986-09-23,0.12329292297363281
1986-09-24,0.11988019943237305
1986-09-25,0.11774713546037674
1986-09-26,0.11689399182796478
1986-09-29,0.11092095822095871
1986-09-30,0.11433438211679459
1986-10-01,0.11646740883588791
1986-10-02,0.11646740883588791
1986-10-03,0.1151876151561737
1986-10-06,0.11646740883588791
1986-10-07,0.11262733489274979
1986-10-08,0.11177408695220947
1986-10-09,0.11262733489274979
1986-10-10,0.11348123848438263
1986-10-13,0.1181737631559372
1986-10-14,0.11604077368974686
1986-10-15,0.11390788853168488
1986-10-16,0.11476103216409683
1986-10-17,0.11476103216409683
1986-10-20,0.11220074445009232
1986-10-21,0.11177408695220947
1986-10-22,0.11092095822095871
1986-10-23,0.11305397748947144
1986-10-24,0.11262733489274979
1986-10-27,0.11604077368974686
1986-10-28,0.11390788853168488
1986-10-29,0.11390788853168488
1986-10-30,0.11689399182796478
1986-10-31,0.1181737631559372
1986-11-03,0.11945360898971558
1986-11-04,0.12201305478811264
1986-11-05,0.12627974152565002
1986-11-06,0.12329292297363281
1986-11-07,0.12201305478811264
1986-11-10,0.12073329091072083
1986-11-11,0.12115994840860367
1986-11-12,0.12499924004077911
1986-11-13,0.12115994840860367
1986-11-14,0.12030676752328873
1986-11-17,0.1241459995508194
1986-11-18,0.12073329091072083
1986-11-19,0.11945360898971558
1986-11-20,0.12030676752328873
1986-11-21,0.12286628782749176
1986-11-24,0.12969261407852173
1986-11-25,0.1373719424009323
1986-11-26,0.13822519779205322
1986-11-28,0.13651806116104126
1986-12-01,0.13694459199905396
1986-12-02,0.1416378915309906
1986-12-03,0.1459037959575653
1986-12-04,0.14505062997341156
1986-12-05,0.14931732416152954
1986-12-08,0.14505062997341156
1986-12-09,0.1446240395307541
1986-12-10,0.1484634131193161
1986-12-11,0.14633037149906158
1986-12-12,0.14078469574451447
1986-12-15,0.14249110221862793
1986-12-16,0.14505062997341156
1986-12-17,0.14078469574451447
1986-12-18,0.14121130108833313
1986-12-19,0.14377088844776154
1986-12-22,0.14377088844776154
1986-12-23,0.14377088844776154
1986-12-24,0.1429177075624466
1986-12-26,0.1399315446615219
1986-12-29,0.13822519779205322
1986-12-30,0.1399315446615219
1986-12-31,0.13822519779205322
1987-01-02,0.13950495421886444
1987-01-05,0.14675700664520264
1987-01-06,0.14931732416152954
1987-01-07,0.15273013710975647
1987-01-08,0.15273013710975647
1987-01-09,0.15486305952072144
1987-01-12,0.1552896499633789
1987-01-13,0.1523035168647766
1987-01-14,0.1642487645149231
1987-01-15,0.17022113502025604
1987-01-16,0.1663818210363388
1987-01-19,0.18131329119205475
1987-01-20,0.17619425058364868
1987-01-21,0.16723498702049255
1987-01-22,0.1791803389787674
1987-01-23,0.17150086164474487
1987-01-26,0.169794499874115
1987-01-27,0.18003353476524353
1987-01-28,0.18899275362491608
1987-01-29,0.18472599983215332
1987-01-30,0.18941932916641235
1987-02-02,0.19069907069206238
1987-02-03,0.18941932916641235
1987-02-04,0.18771301209926605
1987-02-05,0.18387280404567719
1987-02-06,0.18429939448833466
1987-02-09,0.17960695922374725
1987-02-10,0.18003353476524353
1987-02-11,0.1928321123123169
1987-02-12,0.20008492469787598
1987-02-13,0.2120303213596344
1987-02-17,0.22653533518314362
1987-02-18,0.21672271192073822
1987-02-19,0.21288339793682098
1987-02-20,0.20904414355754852
1987-02-23,0.2154429852962494
1987-02-24,0.2235490083694458
1987-02-25,0.2359209507703781
1987-02-26,0.2359209507703781
1987-02-27,0.23890721797943115
1987-03-02,0.23037458956241608
1987-03-03,0.2218426764011383
1987-03-04,0.23080110549926758
1987-03-05,0.23378798365592957
1987-03-06,0.22952131927013397
1987-03-09,0.22056223452091217
1987-03-10,0.22781501710414886
1987-03-11,0.22610853612422943
1987-03-12,0.2226957380771637
1987-03-13,0.21672271192073822
1987-03-16,0.2226957380771637
1987-03-17,0.22866809368133545
1987-03-18,0.22525538504123688
1987-03-19,0.2333613783121109
1987-03-20,0.23293481767177582
1987-03-23,0.23037458956241608
1987-03-24,0.22610853612422943
1987-03-25,0.22781501710414886
1987-03-26,0.22952131927013397
1987-03-27,0.2218426764011383
1987-03-30,0.21331001818180084
1987-03-31,0.22013553977012634
1987-04-01,0.22781501710414886
1987-04-02,0.24488022923469543
1987-04-03,0.24488022923469543
1987-04-06,0.23890721797943115
1987-04-07,0.23122772574424744
1987-04-08,0.23549427092075348
1987-04-09,0.24231989681720734
1987-04-10,0.2397603988647461
1987-04-13,0.23037458956241608
1987-04-14,0.2320808321237564
1987-04-15,0.24231989681720734
1987-04-16,0.24402610957622528
1987-04-20,0.2427465319633484
1987-04-21,0.2551184594631195
1987-04-22,0.25341203808784485
1987-04-23,0.25938522815704346
1987-04-24,0.2551184594631195
1987-04-27,0.25597164034843445
1987-04-28,0.26279789209365845
1987-04-29,0.2653573751449585
1987-04-30,0.2704773545265198
1987-05-01,0.2730369567871094
1987-05-04,0.2721836268901825
1987-05-05,0.27389001846313477
1987-05-06,0.2730369567871094
1987-05-07,0.27389001846313477
1987-05-08,0.2696240544319153
1987-05-11,0.2631978392601013
1987-05-12,0.2580709159374237
1987-05-13,0.26832470297813416
1987-05-14,0.2708889842033386
1987-05-15,0.26747024059295654
1987-05-18,0.25892531871795654
1987-05-19,0.2503798305988312
1987-05-20,0.2546522915363312
1987-05-21,0.2546522915363312
1987-05-22,0.2533705532550812
1987-05-26,0.2666158676147461
1987-05-27,0.27174341678619385
1987-05-28,0.27345243096351624
1987-05-29,0.2700345516204834
1987-06-01,0.26576128602027893
1987-06-02,0.26405230164527893
1987-06-03,0.26576128602027893
1987-06-04,0.26832470297813416
1987-06-05,0.26576128602027893
1987-06-08,0.26576128602027893
1987-06-09,0.26832470297813416
1987-06-10,0.26832470297813416
1987-06-11,0.2700345516204834
1987-06-12,0.2700345516204834
1987-06-15,0.26832470297813416
1987-06-16,0.2837069034576416
1987-06-17,0.2768704891204834
1987-06-18,0.2837069034576416
1987-06-19,0.2802881598472595
1987-06-22,0.2871248126029968
1987-06-23,0.28199800848960876
1987-06-24,0.2871248126029968
1987-06-25,0.2768704891204834
1987-06-26,0.2768704891204834
1987-06-29,0.27857932448387146
1987-06-30,0.2768704891204834
1987-07-01,0.27345243096351624
1987-07-02,0.27772486209869385
1987-07-06,0.27857932448387146
1987-07-07,0.26832470297813416
1987-07-08,0.2546522915363312
1987-07-09,0.2580709159374237
1987-07-10,0.2597798705101013
1987-07-13,0.2768704891204834
1987-07-14,0.29396146535873413
1987-07-15,0.3007974624633789
1987-07-16,0.3007974624633789
1987-07-17,0.29567039012908936
1987-07-20,0.2854159474372864
1987-07-21,0.282852441072464
1987-07-22,0.2905429005622864
1987-07-23,0.2854159474372864
1987-07-24,0.2905429005622864
1987-07-27,0.288833886384964
1987-07-28,0.286270409822464
1987-07-29,0.2802881598472595
1987-07-30,0.2837069034576416
1987-07-31,0.28199800848960876
1987-08-03,0.27516135573387146
1987-08-04,0.288833886384964
1987-08-05,0.29567039012908936
1987-08-06,0.3161788582801819
1987-08-07,0.31788864731788635
1987-08-10,0.330278605222702
1987-08-11,0.3388344645500183
1987-08-12,0.3337009847164154
1987-08-13,0.3354121744632721
1987-08-14,0.3354121744632721
1987-08-17,0.3388344645500183
1987-08-18,0.3337009847164154
1987-08-19,0.342257559299469
1987-08-20,0.35423657298088074
1987-08-21,0.3627925515174866
1987-08-24,0.35765886306762695
1987-08-25,0.3559477627277374
1987-08-26,0.3559477627277374
1987-08-27,0.3559477627277374
1987-08-28,0.3559477627277374
1987-08-31,0.36963793635368347
1987-09-01,0.35937008261680603
1987-09-02,0.3559477627277374
1987-09-03,0.35081350803375244
1987-09-04,0.3456799387931824
1987-09-08,0.34140199422836304
1987-09-09,0.36108121275901794
1987-09-10,0.36792680621147156
1987-09-11,0.3730601668357849
1987-09-14,0.3627925515174866
1987-09-15,0.35423657298088074
1987-09-16,0.35423657298088074
1987-09-17,0.3559477627277374
1987-09-18,0.35423657298088074
1987-09-21,0.34396877884864807
1987-09-22,0.3704935312271118
1987-09-23,0.3781944513320923
1987-09-24,0.3867504894733429
1987-09-25,0.39359599351882935
1987-09-28,0.38161689043045044
1987-09-29,0.3730601668357849
1987-09-30,0.3867504894733429
1987-10-01,0.3987293243408203
1987-10-02,0.4004405438899994
1987-10-05,0.40557488799095154
1987-10-06,0.38161689043045044
1987-10-07,0.3799057602882385
1987-10-08,0.37134912610054016
1987-10-09,0.3704935312271118
1987-10-12,0.3645036220550537
1987-10-13,0.3730601668357849
1987-10-14,0.3645036220550537
1987-10-15,0.3559477627277374
1987-10-16,0.330278605222702
1987-10-19,0.24984800815582275
1987-10-20,0.23615768551826477
1987-10-21,0.27722829580307007
1987-10-22,0.2515591084957123
1987-10-23,0.2430024892091751
1987-10-26,0.19166401028633118
1987-10-27,0.20706535875797272
1987-10-28,0.22931210696697235
1987-10-29,0.2703836262226105
1987-10-30,0.2643936276435852
1987-11-02,0.26524922251701355
1987-11-03,0.24813665449619293
1987-11-04,0.24642562866210938
1987-11-05,0.26011574268341064
1987-11-06,0.2584044933319092
1987-11-09,0.2549814283847809
1987-11-10,0.24813665449619293
1987-11-11,0.2549814283847809
1987-11-12,0.26524922251701355
1987-11-13,0.2549814283847809
1987-11-16,0.2515591084957123
1987-11-17,0.24010254442691803
1987-11-18,0.24867786467075348
1987-11-19,0.23667262494564056
1987-11-20,0.2435324639081955
1987-11-23,0.24867786467075348
1987-11-24,0.2538224160671234
1987-11-25,0.25039270520210266
1987-11-27,0.24010254442691803
1987-11-30,0.22638243436813354
1987-12-01,0.22809746861457825
1987-12-02,0.2229527235031128
1987-12-03,0.20923186838626862
1987-12-04,0.21094757318496704
1987-12-07,0.22638243436813354
1987-12-08,0.23667262494564056
1987-12-09,0.24010254442691803
1987-12-10,0.2383875995874405
1987-12-11,0.23324210941791534
1987-12-14,0.2555374503135681
1987-12-15,0.25725242495536804
1987-12-16,0.26925745606422424
1987-12-17,0.26925745606422424
1987-12-18,0.27783283591270447
1987-12-21,0.28640803694725037
1987-12-22,0.2846932113170624
1987-12-23,0.2898380160331726
1987-12-24,0.2924102544784546
1987-12-28,0.27611783146858215
1987-12-29,0.2889804542064667
1987-12-30,0.29755574464797974
1987-12-31,0.2881229519844055
1988-01-04,0.3069886863231659
1988-01-05,0.3061312735080719
1988-01-06,0.30012816190719604
1988-01-07,0.3052729070186615
1988-01-08,0.27440300583839417
1988-01-11,0.291552871465683
1988-01-12,0.2881229519844055
1988-01-13,0.2898380160331726
1988-01-14,0.2898380160331726
1988-01-15,0.2941259443759918
1988-01-18,0.29326769709587097
1988-01-19,0.29326769709587097
1988-01-20,0.2726880609989166
1988-01-21,0.27526044845581055
1988-01-22,0.26925745606422424
1988-01-25,0.28040507435798645
1988-01-26,0.2726880609989166
1988-01-27,0.2726880609989166
1988-01-28,0.2829783260822296
1988-01-29,0.2846932113170624
1988-02-01,0.28640803694725037
1988-02-02,0.2829783260822296
1988-02-03,0.27097317576408386
1988-02-04,0.2726880609989166
1988-02-05,0.2649702727794647
1988-02-08,0.26582756638526917
1988-02-09,0.2726880609989166
1988-02-10,0.28126272559165955
1988-02-11,0.27869030833244324
1988-02-12,0.2818172872066498
1988-02-16,0.2835363745689392
1988-02-17,0.2878321409225464
1988-02-18,0.2869730293750763
1988-02-19,0.2869730293750763
1988-02-22,0.297283411026001
1988-02-23,0.29384613037109375
1988-02-24,0.290409654378891
1988-02-25,0.2869730293750763
1988-02-26,0.2869730293750763
1988-02-29,0.29556524753570557
1988-03-01,0.297283411026001
1988-03-02,0.3075941205024719
1988-03-03,0.3196229934692383
1988-03-04,0.32220029830932617
1988-03-07,0.32220029830932617
1988-03-08,0.3179038166999817
1988-03-09,0.32134124636650085
1988-03-10,0.31103062629699707
1988-03-11,0.3144672214984894
1988-03-14,0.3179038166999817
1988-03-15,0.3093123137950897
1988-03-16,0.3170446455478668
1988-03-17,0.3093123137950897
1988-03-18,0.3075941205024719
1988-03-21,0.3015790581703186
1988-03-22,0.30243828892707825
1988-03-23,0.2921278774738312
1988-03-24,0.2809581756591797
1988-03-25,0.2758033275604248
1988-03-28,0.2852548062801361
1988-03-29,0.2818172872066498
1988-03-30,0.2715076804161072
1988-03-31,0.2749443054199219
1988-04-04,0.26635196805000305
1988-04-05,0.26978859305381775
1988-04-06,0.2869730293750763
1988-04-07,0.28009912371635437
1988-04-08,0.2818172872066498
1988-04-11,0.2852548062801361
1988-04-12,0.2869730293750763
1988-04-13,0.2835363745689392
1988-04-14,0.2715076804161072
1988-04-15,0.2715076804161072
1988-04-18,0.2749443054199219
1988-04-19,0.2766624987125397
1988-04-20,0.273225873708725
1988-04-21,0.2715076804161072
1988-04-22,0.2758033275604248
1988-04-25,0.2809581756591797
1988-04-26,0.2852548062801361
1988-04-27,0.2869730293750763
1988-04-28,0.2843955457210541
1988-04-29,0.2818172872066498
1988-05-02,0.2818172872066498
1988-05-03,0.2869730293750763
1988-05-04,0.28869128227233887
1988-05-05,0.2869730293750763
1988-05-06,0.2835363745689392
1988-05-09,0.28009912371635437
1988-05-10,0.2809581756591797
1988-05-11,0.2715076804161072
1988-05-12,0.273225873708725
1988-05-13,0.2783808708190918
1988-05-16,0.2840973734855652
1988-05-17,0.27893155813217163
1988-05-18,0.273766428232193
1988-05-19,0.2686007618904114
1988-05-20,0.2668789029121399
1988-05-23,0.2617139518260956
1988-05-24,0.267739862203598
1988-05-25,0.2651572525501251
1988-05-26,0.27118390798568726
1988-05-27,0.273766428232193
1988-05-31,0.2858191430568695
1988-06-01,0.2927057147026062
1988-06-02,0.28754085302352905
1988-06-03,0.2961499094963074
1988-06-06,0.30303671956062317
1988-06-07,0.30303671956062317
1988-06-08,0.30992427468299866
1988-06-09,0.29959338903427124
1988-06-10,0.3064800798892975
1988-06-13,0.30992427468299866
1988-06-14,0.3116460144519806
1988-06-15,0.3150894045829773
1988-06-16,0.3064800798892975
1988-06-17,0.3082025349140167
1988-06-20,0.30389758944511414
1988-06-21,0.30906355381011963
1988-06-22,0.31422853469848633
1988-06-23,0.30992427468299866
1988-06-24,0.30992427468299866
1988-06-27,0.3064800798892975
1988-06-28,0.31853270530700684
1988-06-29,0.3193943500518799
1988-06-30,0.31853270530700684
1988-07-01,0.32025524973869324
1988-07-05,0.3254202902317047
1988-07-06,0.32025524973869324
1988-07-07,0.3159501254558563
1988-07-08,0.3116460144519806
1988-07-11,0.31078508496284485
1988-07-12,0.3082025349140167
1988-07-13,0.3082025349140167
1988-07-14,0.30992427468299866
1988-07-15,0.30992427468299866
1988-07-18,0.3133677840232849
1988-07-19,0.3082025349140167
1988-07-20,0.3047584593296051
1988-07-21,0.2961499094963074
1988-07-22,0.2927057147026062
1988-07-25,0.2944274842739105
1988-07-26,0.2944274842739105
1988-07-27,0.2944274842739105
1988-07-28,0.2935667037963867
1988-07-29,0.30561932921409607
1988-08-01,0.30992427468299866
1988-08-02,0.3073418140411377
1988-08-03,0.3082025349140167
1988-08-04,0.3073418140411377
1988-08-05,0.3047584593296051
1988-08-08,0.30303671956062317
1988-08-09,0.29959338903427124
1988-08-10,0.28840163350105286
1988-08-11,0.29787158966064453
1988-08-12,0.2927057147026062
1988-08-15,0.28463301062583923
1988-08-16,0.29325762391090393
1988-08-17,0.28980767726898193
1988-08-18,0.29325762391090393
1988-08-19,0.28118234872817993
1988-08-22,0.27428242564201355
1988-08-23,0.27255767583847046
1988-08-24,0.28118234872817993
1988-08-25,0.27687013149261475
1988-08-26,0.27773240208625793
1988-08-29,0.28204473853111267
1988-08-30,0.28204473853111267
1988-08-31,0.27514511346817017
1988-09-01,0.2682446241378784
1988-09-02,0.27428242564201355
1988-09-06,0.2682446241378784
1988-09-07,0.26393231749534607
1988-09-08,0.26738205552101135
1988-09-09,0.2794574499130249
1988-09-12,0.2829073369503021
1988-09-13,0.2829073369503021
1988-09-14,0.28980767726898193
1988-09-15,0.2872202694416046
1988-09-16,0.2915327548980713
1988-09-19,0.28808289766311646
1988-09-20,0.28635790944099426
1988-09-21,0.2949824929237366
1988-09-22,0.3036080598831177
1988-09-23,0.3018830418586731
1988-09-26,0.2949824929237366
1988-09-27,0.2992957532405853
1988-09-28,0.3001581132411957
1988-09-29,0.3036080598831177
1988-09-30,0.2984330952167511
1988-10-03,0.29325762391090393
1988-10-04,0.28635790944099426
1988-10-05,0.28204473853111267
1988-10-06,0.27428242564201355
1988-10-07,0.27428242564201355
1988-10-10,0.2656572163105011
1988-10-11,0.26910701394081116
1988-10-12,0.26738205552101135
1988-10-13,0.26910701394081116
1988-10-14,0.26738205552101135
1988-10-17,0.2656572163105011
1988-10-18,0.271695077419281
1988-10-19,0.2760075628757477
1988-10-20,0.28635790944099426
1988-10-21,0.2829073369503021
1988-10-24,0.2760075628757477
1988-10-25,0.27514511346817017
1988-10-26,0.2708319425582886
1988-10-27,0.26910701394081116
1988-10-28,0.2656572163105011
1988-10-31,0.26651957631111145
1988-11-01,0.2622072994709015
1988-11-02,0.25703164935112
1988-11-03,0.2561691403388977
1988-11-04,0.2604823112487793
1988-11-07,0.2587566673755646
1988-11-08,0.2656572163105011
1988-11-09,0.2708319425582886
1988-11-10,0.27255767583847046
1988-11-11,0.2656572163105011
1988-11-14,0.2682446241378784
1988-11-15,0.26910701394081116
1988-11-16,0.2622072994709015
1988-11-17,0.26393231749534607
1988-11-18,0.2622072994709015
1988-11-21,0.25338634848594666
1988-11-22,0.24992735683918
1988-11-23,0.2551155388355255
1988-11-25,0.25252145528793335
1988-11-28,0.25252145528793335
1988-11-29,0.254251092672348
1988-11-30,0.2603049576282501
1988-12-01,0.2680877447128296
1988-12-02,0.27154669165611267
1988-12-05,0.2732769548892975
1988-12-06,0.2732769548892975
1988-12-07,0.27241215109825134
1988-12-08,0.2706819772720337
1988-12-09,0.2706819772720337
1988-12-12,0.2663581967353821
1988-12-13,0.2680877447128296
1988-12-14,0.2750064432621002
1988-12-15,0.2732769548892975
1988-12-16,0.27760058641433716
1988-12-19,0.2819243371486664
1988-12-20,0.28365379571914673
1988-12-21,0.28884315490722656
1988-12-22,0.28365379571914673
1988-12-23,0.2845193147659302
1988-12-27,0.28019481897354126
1988-12-28,0.2784653306007385
1988-12-29,0.28019481897354126
1988-12-30,0.2784653306007385
1989-01-03,0.2793300449848175
1989-01-04,0.29057249426841736
1989-01-05,0.29230204224586487
1989-01-06,0.2948962450027466
1989-01-09,0.2974912226200104
1989-01-10,0.2948962450027466
1989-01-11,0.2914373576641083
1989-01-12,0.2957609295845032
1989-01-13,0.2992208003997803
1989-01-16,0.30267971754074097
1989-01-17,0.2793300449848175
1989-01-18,0.2750064432621002
1989-01-19,0.28019481897354126
1989-01-20,0.28365379571914673
1989-01-23,0.28365379571914673
1989-01-24,0.2879783511161804
1989-01-25,0.2871137261390686
1989-01-26,0.28884315490722656
1989-01-27,0.2603049576282501
1989-01-30,0.2585746943950653
1989-01-31,0.2611697018146515
1989-02-01,0.27154669165611267
1989-02-02,0.2750064432621002
1989-02-03,0.27154669165611267
1989-02-06,0.2663581967353821
1989-02-07,0.2698172330856323
1989-02-08,0.26462870836257935
1989-02-09,0.26462870836257935
1989-02-10,0.25770998001098633
1989-02-13,0.25598031282424927
1989-02-14,0.24733227491378784
1989-02-15,0.2507920265197754
1989-02-16,0.2516566812992096
1989-02-17,0.254952073097229
1989-02-21,0.2601548731327057
1989-02-22,0.254952073097229
1989-02-23,0.254952073097229
1989-02-24,0.24974924325942993
1989-02-27,0.253217875957489
1989-02-28,0.2514835000038147
1989-03-01,0.24974924325942993
1989-03-02,0.2428114265203476
1989-03-03,0.24107713997364044
1989-03-06,0.24627992510795593
1989-03-07,0.2480141520500183
1989-03-08,0.24454574286937714
1989-03-09,0.23934295773506165
1989-03-10,0.2428114265203476
1989-03-13,0.2428114265203476
1989-03-14,0.24454574286937714
1989-03-15,0.2428114265203476
1989-03-16,0.24454574286937714
1989-03-17,0.24194419384002686
1989-03-20,0.24194419384002686
1989-03-21,0.24194419384002686
1989-03-22,0.23500646650791168
1989-03-23,0.23847585916519165
1989-03-27,0.2341393679380417
1989-03-28,0.23587355017662048
1989-03-29,0.23760868608951569
1989-03-30,0.24107713997364044
1989-03-31,0.2471470832824707
1989-04-03,0.2428114265203476
1989-04-04,0.23934295773506165
1989-04-05,0.2428114265203476
1989-04-06,0.24974924325942993
1989-04-07,0.25928762555122375
1989-04-10,0.25668612122535706
1989-04-11,0.261889785528183
1989-04-12,0.2670925557613373
1989-04-13,0.2670925557613373
1989-04-14,0.2688268721103668
1989-04-17,0.27229535579681396
1989-04-18,0.2783660590648651
1989-04-19,0.2835688591003418
1989-04-20,0.28270161151885986
1989-04-21,0.2783660590648651
1989-04-24,0.2783660590648651
1989-04-25,0.2774989604949951
1989-04-26,0.27576467394828796
1989-04-27,0.27316322922706604
1989-04-28,0.2705610394477844
1989-05-01,0.2705610394477844
1989-05-02,0.27663174271583557
1989-05-03,0.2792331278324127
1989-05-04,0.28443586826324463
1989-05-05,0.2879052460193634
1989-05-08,0.2931080758571625
1989-05-09,0.2948422133922577
1989-05-10,0.30004575848579407
1989-05-11,0.30438148975372314
1989-05-12,0.31218644976615906
1989-05-15,0.31912335753440857
1989-05-16,0.31478777527809143
1989-05-17,0.3139205574989319
1989-05-18,0.3104519248008728
1989-05-19,0.3173891305923462
1989-05-22,0.3198225200176239
1989-05-23,0.3163463771343231
1989-05-24,0.3319898247718811
1989-05-25,0.33546653389930725
1989-05-26,0.33720463514328003
1989-05-30,0.3302515745162964
1989-05-31,0.3319898247718811
1989-06-01,0.3389427065849304
1989-06-02,0.34068068861961365
1989-06-05,0.32677552103996277
1989-06-06,0.32503750920295715
1989-06-07,0.33546653389930725
1989-06-08,0.3311207592487335
1989-06-09,0.32677552103996277
1989-06-12,0.3302515745162964
1989-06-13,0.33720463514328003
1989-06-14,0.3450259268283844
1989-06-15,0.3302515745162964
1989-06-16,0.30939343571662903
1989-06-19,0.3059173822402954
1989-06-20,0.2989651560783386
1989-06-21,0.29548826813697815
1989-06-22,0.3007030785083771
1989-06-23,0.30504828691482544
1989-06-26,0.302441269159317
1989-06-27,0.29635727405548096
1989-06-28,0.290274053812027
1989-06-29,0.28245195746421814
1989-06-30,0.28679779171943665
1989-07-03,0.28332096338272095
1989-07-05,0.2815830111503601
1989-07-06,0.28679779171943665
1989-07-07,0.28679779171943665
1989-07-10,0.2815830111503601
1989-07-11,0.27636879682540894
1989-07-12,0.2781068682670593
1989-07-13,0.28245195746421814
1989-07-14,0.28332096338272095
1989-07-17,0.28332096338272095
1989-07-18,0.27289190888404846
1989-07-19,0.2815830111503601
1989-07-20,0.2781068682670593
1989-07-21,0.2781068682670593
1989-07-24,0.27289190888404846
1989-07-25,0.2694157063961029
1989-07-26,0.2659396529197693
1989-07-27,0.27289190888404846
1989-07-28,0.27376168966293335
1989-07-31,0.27636879682540894
1989-08-01,0.27723780274391174
1989-08-02,0.2815830111503601
1989-08-03,0.28679779171943665
1989-08-04,0.2972262501716614
1989-08-07,0.3041794002056122
1989-08-08,0.30678626894950867
1989-08-09,0.3059173822402954
1989-08-10,0.3007030785083771
1989-08-11,0.2911430597305298
1989-08-14,0.28332096338272095
1989-08-15,0.28766685724258423
1989-08-16,0.28071388602256775
1989-08-17,0.2850590646266937
1989-08-18,0.293750137090683
1989-08-21,0.2944471538066864
1989-08-22,0.2988032102584839
1989-08-23,0.30490097403526306
1989-08-24,0.3075142800807953
1989-08-25,0.3118705451488495
1989-08-28,0.3118705451488495
1989-08-29,0.3075142800807953
1989-08-30,0.31012752652168274
1989-08-31,0.31012752652168274
1989-09-01,0.3109995126724243
1989-09-05,0.3118705451488495
1989-09-06,0.3118705451488495
1989-09-07,0.3118705451488495
1989-09-08,0.3136127293109894
1989-09-11,0.31883931159973145
1989-09-12,0.32058146595954895
1989-09-13,0.3136127293109894
1989-09-14,0.3118705451488495
1989-09-15,0.3136127293109894
1989-09-18,0.30664318799972534
1989-09-19,0.30141669511795044
1989-09-20,0.3109995126724243
1989-09-21,0.3118705451488495
1989-09-22,0.3127416968345642
1989-09-25,0.3153548240661621
1989-09-26,0.3153548240661621
1989-09-27,0.3118705451488495
1989-09-28,0.3170972168445587
1989-09-29,0.31012752652168274
1989-10-02,0.3092564046382904
1989-10-03,0.3040298521518707
1989-10-04,0.30838531255722046
1989-10-05,0.3170972168445587
1989-10-06,0.3353915810585022
1989-10-09,0.34497347474098206
1989-10-10,0.34497347474098206
1989-10-11,0.3406181037425995
1989-10-12,0.33974695205688477
1989-10-13,0.31883931159973145
1989-10-16,0.32580873370170593
1989-10-17,0.32929304242134094
1989-10-18,0.3362625241279602
1989-10-19,0.33974695205688477
1989-10-20,0.334519624710083
1989-10-23,0.32580873370170593
1989-10-24,0.331906259059906
1989-10-25,0.32406675815582275
1989-10-26,0.3153548240661621
1989-10-27,0.3153548240661621
1989-10-30,0.31883931159973145
1989-10-31,0.32406675815582275
1989-11-01,0.32145246863365173
1989-11-02,0.30664318799972534
1989-11-03,0.30141669511795044
1989-11-06,0.30141669511795044
1989-11-07,0.30664318799972534
1989-11-08,0.3136127293109894
1989-11-09,0.32058146595954895
1989-11-10,0.32580873370170593
1989-11-13,0.32406675815582275
1989-11-14,0.3118705451488495
1989-11-15,0.30838531255722046
1989-11-16,0.3118705451488495
1989-11-17,0.3126389980316162
1989-11-20,0.3161318898200989
1989-11-21,0.3161318898200989
1989-11-22,0.3126389980316162
1989-11-24,0.3126389980316162
1989-11-27,0.3073987662792206
1989-11-28,0.30827203392982483
1989-11-29,0.3073987662792206
1989-11-30,0.3091451823711395
1989-12-01,0.3073987662792206
1989-12-04,0.3161318898200989
1989-12-05,0.3143853545188904
1989-12-06,0.29866552352905273
1989-12-07,0.29866552352905273
1989-12-08,0.291679710149765
1989-12-11,0.2742135226726532
1989-12-12,0.2515084445476532
1989-12-13,0.2515084445476532
1989-12-14,0.24364861845970154
1989-12-15,0.23578864336013794
1989-12-18,0.24277542531490326
1989-12-19,0.2445218414068222
1989-12-20,0.24976129829883575
1989-12-21,0.25325489044189453
1989-12-22,0.2550013065338135
1989-12-26,0.2480146586894989
1989-12-27,0.24539509415626526
1989-12-28,0.24190200865268707
1989-12-29,0.24626831710338593
1990-01-02,0.2602408230304718
1990-01-03,0.2619873285293579
1990-01-04,0.26286134123802185
1990-01-05,0.2637346088886261
1990-01-08,0.26548105478286743
1990-01-09,0.26286134123802185
1990-01-10,0.2515084445476532
1990-01-11,0.24102887511253357
1990-01-12,0.24102887511253357
1990-01-15,0.23928245902061462
1990-01-16,0.24364861845970154
1990-01-17,0.23229581117630005
1990-01-18,0.2261829972267151
1990-01-19,0.23928245902061462
1990-01-22,0.23229581117630005
1990-01-23,0.23578864336013794
1990-01-24,0.2375350147485733
1990-01-25,0.2384091019630432
1990-01-26,0.2288028746843338
1990-01-29,0.23229581117630005
1990-01-30,0.2375350147485733
1990-01-31,0.2375350147485733
1990-02-01,0.23491540551185608
1990-02-02,0.23928245902061462
1990-02-05,0.2445218414068222
1990-02-06,0.24277542531490326
1990-02-07,0.23229581117630005
1990-02-08,0.2305491864681244
1990-02-09,0.23928245902061462
1990-02-12,0.2375350147485733
1990-02-13,0.24102887511253357
1990-02-14,0.23928245902061462
1990-02-15,0.23928245902061462
1990-02-16,0.23654820024967194
1990-02-20,0.2347961664199829
1990-02-21,0.23830023407936096
1990-02-22,0.2312920242547989
1990-02-23,0.23304401338100433
1990-02-26,0.23830023407936096
1990-02-27,0.2347961664199829
1990-02-28,0.23830023407936096
1990-03-01,0.24005326628684998
1990-03-02,0.23654820024967194
1990-03-05,0.24180540442466736
1990-03-06,0.2470615953207016
1990-03-07,0.2479376643896103
1990-03-08,0.25757503509521484
1990-03-09,0.25845107436180115
1990-03-12,0.2566988468170166
1990-03-13,0.25845107436180115
1990-03-14,0.25932711362838745
1990-03-15,0.25757503509521484
1990-03-16,0.2821059823036194
1990-03-19,0.296999454498291
1990-03-20,0.2899911403656006
1990-03-21,0.2917431592941284
1990-03-22,0.2856101393699646
1990-03-23,0.2961235046386719
1990-03-26,0.2961235046386719
1990-03-27,0.2943713068962097
1990-03-28,0.2891151010990143
1990-03-29,0.2882390022277832
1990-03-30,0.2821059823036194
1990-04-02,0.2821059823036194
1990-04-03,0.2926193177700043
1990-04-04,0.2891151010990143
1990-04-05,0.2821059823036194
1990-04-06,0.2794778645038605
1990-04-09,0.2882390022277832
1990-04-10,0.2891151010990143
1990-04-11,0.29787564277648926
1990-04-12,0.3031328022480011
1990-04-16,0.30663686990737915
1990-04-17,0.3031328022480011
1990-04-18,0.3031328022480011
1990-04-19,0.2821059823036194
1990-04-20,0.2821059823036194
1990-04-23,0.27860188484191895
1990-04-24,0.27159255743026733
1990-04-25,0.27159255743026733
1990-04-26,0.27246877551078796
1990-04-27,0.27422064542770386
1990-04-30,0.2759735584259033
1990-05-01,0.2777257263660431
1990-05-02,0.27860188484191895
1990-05-03,0.28035396337509155
1990-05-04,0.28035396337509155
1990-05-07,0.29086723923683167
1990-05-08,0.2926193177700043
1990-05-09,0.293495237827301
1990-05-10,0.2899911403656006
1990-05-11,0.298751562833786
1990-05-14,0.2926193177700043
1990-05-15,0.2926193177700043
1990-05-16,0.2917431592941284
1990-05-17,0.29086723923683167
1990-05-18,0.27860188484191895
1990-05-21,0.2776176631450653
1990-05-22,0.29079577326774597
1990-05-23,0.29518818855285645
1990-05-24,0.29518818855285645
1990-05-25,0.2811318039894104
1990-05-29,0.28815948963165283
1990-05-30,0.29079577326774597
1990-05-31,0.28991732001304626
1990-06-01,0.2864026129245758
1990-06-04,0.2864026129245758
1990-06-05,0.2776176631450653
1990-06-06,0.2776176631450653
1990-06-07,0.2741030156612396
1990-06-08,0.2688322067260742
1990-06-11,0.2741030156612396
1990-06-12,0.28464552760124207
1990-06-13,0.2793748378753662
1990-06-14,0.2793748378753662
1990-06-15,0.2776176631450653
1990-06-18,0.275860071182251
1990-06-19,0.27849626541137695
1990-06-20,0.2811318039894104
1990-06-21,0.29430967569351196
1990-06-22,0.2916741967201233
1990-06-25,0.28991732001304626
1990-06-26,0.2855241596698761
1990-06-27,0.2916741967201233
1990-06-28,0.3022167980670929
1990-06-29,0.3145163953304291
1990-07-02,0.3092447519302368
1990-07-03,0.3092447519302368
1990-07-05,0.3057307004928589
1990-07-06,0.3145163953304291
1990-07-09,0.327694296836853
1990-07-10,0.3303297162055969
1990-07-11,0.3303297162055969
1990-07-12,0.3329651951789856
1990-07-13,0.32857275009155273
1990-07-16,0.3206656277179718
1990-07-17,0.31100162863731384
1990-07-18,0.313637912273407
1990-07-19,0.29343125224113464
1990-07-20,0.28815948963165283
1990-07-23,0.2916741967201233
1990-07-24,0.2960667014122009
1990-07-25,0.29694515466690063
1990-07-26,0.29079577326774597
1990-07-27,0.29079577326774597
1990-07-30,0.2978234887123108
1990-07-31,0.29518818855285645
1990-08-01,0.2978234887123108
1990-08-02,0.3057307004928589
1990-08-03,0.28991732001304626
1990-08-06,0.2776176631450653
1990-08-07,0.2776176631450653
1990-08-08,0.28201010823249817
1990-08-09,0.2776176631450653
1990-08-10,0.2723461091518402
1990-08-13,0.28025317192077637
1990-08-14,0.2793748378753662
1990-08-15,0.275860071182251
1990-08-16,0.2705892324447632
1990-08-17,0.2565326392650604
1990-08-20,0.25907039642333984
1990-08-21,0.2555457055568695
1990-08-22,0.2476145625114441
1990-08-23,0.2432091385126114
1990-08-24,0.2502581775188446
1990-08-27,0.26612016558647156
1990-08-28,0.26876360177993774
1990-08-29,0.26259496808052063
1990-08-30,0.2555457055568695
1990-08-31,0.26083266735076904
1990-09-04,0.26083266735076904
1990-09-05,0.2537834942340851
1990-09-06,0.2520204782485962
1990-09-07,0.25642699003219604
1990-09-10,0.2520204782485962
1990-09-11,0.23968365788459778
1990-09-12,0.23968365788459778
1990-09-13,0.23792147636413574
1990-09-14,0.23968365788459778
1990-09-17,0.23792147636413574
1990-09-18,0.2352781593799591
1990-09-19,0.2291102111339569
1990-09-20,0.2229413390159607
1990-09-21,0.22206023335456848
1990-09-24,0.2132481336593628
1990-09-25,0.2114858627319336
1990-09-26,0.2097235918045044
1990-09-27,0.19914914667606354
1990-09-28,0.20443673431873322
1990-10-01,0.215010404586792
1990-10-02,0.20884235203266144
1990-10-03,0.19033701717853546
1990-10-04,0.19738692045211792
1990-10-05,0.19738692045211792
1990-10-08,0.2053179144859314
1990-10-09,0.19738692045211792
1990-10-10,0.18681250512599945
1990-10-11,0.19562466442584991
1990-10-12,0.19914914667606354
1990-10-15,0.19562466442584991
1990-10-16,0.1762380748987198
1990-10-17,0.18681250512599945
1990-10-18,0.20091146230697632
1990-10-19,0.22117912769317627
1990-10-22,0.21941688656806946
1990-10-23,0.21853573620319366
1990-10-24,0.215010404586792
1990-10-25,0.2114858627319336
1990-10-26,0.2114858627319336
1990-10-29,0.21060465276241302
1990-10-30,0.21412931382656097
1990-10-31,0.21677346527576447
1990-11-01,0.215010404586792
1990-11-02,0.22382251918315887
1990-11-05,0.23439693450927734
1990-11-06,0.23615922033786774
1990-11-07,0.23439693450927734
1990-11-08,0.2432091385126114
1990-11-09,0.2502581775188446
1990-11-12,0.2555457055568695
1990-11-13,0.2537834942340851
1990-11-14,0.26083266735076904
1990-11-15,0.2537834942340851
1990-11-16,0.24844248592853546
1990-11-19,0.2572842538356781
1990-11-20,0.25109487771987915
1990-11-21,0.2555161118507385
1990-11-23,0.2572842538356781
1990-11-26,0.25993648171424866
1990-11-27,0.26524093747138977
1990-11-28,0.25993648171424866
1990-11-29,0.25993648171424866
1990-11-30,0.25993648171424866
1990-12-03,0.26966217160224915
1990-12-04,0.2723144292831421
1990-12-05,0.2838082015514374
1990-12-06,0.2917657494544983
1990-12-07,0.30060645937919617
1990-12-10,0.29530203342437744
1990-12-11,0.2829241156578064
1990-12-12,0.28027188777923584
1990-12-13,0.2882285416126251
1990-12-14,0.28203997015953064
1990-12-17,0.2838082015514374
1990-12-18,0.2988382577896118
1990-12-19,0.296186238527298
1990-12-20,0.3112162947654724
1990-12-21,0.31828978657722473
1990-12-24,0.3112162947654724
1990-12-26,0.30944812297821045
1990-12-27,0.3076798915863037
1990-12-28,0.30414366722106934
1990-12-31,0.30414366722106934
1991-01-02,0.3076798915863037
1991-01-03,0.30414366722106934
1991-01-04,0.3059118986129761
1991-01-07,0.3059118986129761
1991-01-08,0.3059118986129761
1991-01-09,0.3200579583644867
1991-01-10,0.33331984281539917
1991-01-11,0.3324357569217682
1991-01-14,0.3271305561065674
1991-01-15,0.3306676149368286
1991-01-16,0.3518863320350647
1991-01-17,0.3624962270259857
1991-01-18,0.35542359948158264
1991-01-21,0.35895976424217224
1991-01-22,0.3624962270259857
1991-01-23,0.3660333454608917
1991-01-24,0.3686854839324951
1991-01-25,0.37841111421585083
1991-01-28,0.38548383116722107
1991-01-29,0.38017934560775757
1991-01-30,0.3925573229789734
1991-01-31,0.3925573229789734
1991-02-01,0.39432549476623535
1991-02-04,0.3907891809940338
1991-02-05,0.4084714949131012
1991-02-06,0.4022830128669739
1991-02-07,0.4084714949131012
1991-02-08,0.4235016703605652
1991-02-11,0.43411147594451904
1991-02-12,0.42438584566116333
1991-02-13,0.42438584566116333
1991-02-14,0.4040510952472687
1991-02-15,0.40844491124153137
1991-02-19,0.42527875304222107
1991-02-20,0.43236711621284485
1991-02-21,0.41819125413894653
1991-02-22,0.4235067665576935
1991-02-25,0.41110289096832275
1991-02-26,0.4128749370574951
1991-02-27,0.4128749370574951
1991-02-28,0.4057871997356415
1991-03-01,0.40933090448379517
1991-03-04,0.4137607514858246
1991-03-05,0.44742897152900696
1991-03-06,0.4465429484844208
1991-03-07,0.47666653990745544
1991-03-08,0.4607188403606415
1991-03-11,0.45008665323257446
1991-03-12,0.4456569254398346
1991-03-13,0.4695792496204376
1991-03-14,0.4624905586242676
1991-03-15,0.4695792496204376
1991-03-18,0.4802111089229584
1991-03-19,0.4926149547100067
1991-03-20,0.4802111089229584
1991-03-21,0.45894700288772583
1991-03-22,0.44831475615501404
1991-03-25,0.4571751356124878
1991-03-26,0.49615880846977234
1991-03-27,0.4908430576324463
1991-03-28,0.48198309540748596
1991-04-01,0.4855267405509949
1991-04-02,0.515651524066925
1991-04-03,0.49615880846977234
1991-04-04,0.5067911744117737
1991-04-05,0.491729199886322
1991-04-08,0.49615880846977234
1991-04-09,0.4872986078262329
1991-04-10,0.47400885820388794
1991-04-11,0.5032473802566528
1991-04-12,0.5085629224777222
1991-04-15,0.4412273168563843
1991-04-16,0.4554033577442169
1991-04-17,0.44831475615501404
1991-04-18,0.43236711621284485
1991-04-19,0.4226209223270416
1991-04-22,0.4359109103679657
1991-04-23,0.4359109103679657
1991-04-24,0.4305953085422516
1991-04-25,0.4146466851234436
1991-04-26,0.4155333936214447
1991-04-29,0.4128749370574951
1991-04-30,0.38983872532844543
1991-05-01,0.3349071741104126
1991-05-02,0.3473112881183624
1991-05-03,0.3473112881183624
1991-05-06,0.3561714291572571
1991-05-07,0.3588292598724365
1991-05-08,0.35262683033943176
1991-05-09,0.35971516370773315
1991-05-10,0.3632589876651764
1991-05-13,0.3738909661769867
1991-05-14,0.37920746207237244
1991-05-15,0.3579433858394623
1991-05-16,0.3473112881183624
1991-05-17,0.33313512802124023
1991-05-20,0.3144456148147583
1991-05-21,0.3215521574020386
1991-05-22,0.3286576569080353
1991-05-23,0.3206638991832733
1991-05-24,0.32599303126335144
1991-05-28,0.3268812596797943
1991-05-29,0.33398759365081787
1991-05-30,0.3384287357330322
1991-05-31,0.33398759365081787
1991-06-03,0.3499763011932373
1991-06-04,0.34908804297447205
1991-06-05,0.3410934805870056
1991-06-06,0.33132311701774597
1991-06-07,0.32776954770088196
1991-06-10,0.3268812596797943
1991-06-11,0.31711098551750183
1991-06-12,0.30112147331237793
1991-06-13,0.2993452548980713
1991-06-14,0.29223954677581787
1991-06-17,0.29845699667930603
1991-06-18,0.2993452548980713
1991-06-19,0.29668059945106506
1991-06-20,0.29845699667930603
1991-06-21,0.29845699667930603
1991-06-24,0.29668059945106506
1991-06-25,0.30112147331237793
1991-06-26,0.3055635094642639
1991-06-27,0.3020097315311432
1991-06-28,0.29490411281585693
1991-07-01,0.3020097315311432
1991-07-02,0.3002333343029022
1991-07-03,0.3064517080783844
1991-07-05,0.3242166340351105
1991-07-08,0.33221134543418884
1991-07-09,0.3330994248390198
1991-07-10,0.3357640504837036
1991-07-11,0.33221134543418884
1991-07-12,0.33221134543418884
1991-07-15,0.32332849502563477
1991-07-16,0.31089285016059875
1991-07-17,0.3020097315311432
1991-07-18,0.3188873827457428
1991-07-19,0.3268812596797943
1991-07-22,0.3268812596797943
1991-07-23,0.31977570056915283
1991-07-24,0.31977570056915283
1991-07-25,0.3215521574020386
1991-07-26,0.3188873827457428
1991-07-29,0.32332849502563477
1991-07-30,0.3304349482059479
1991-07-31,0.3286576569080353
1991-08-01,0.34908804297447205
1991-08-02,0.3553064167499542
1991-08-05,0.3446469306945801
1991-08-06,0.3517526388168335
1991-08-07,0.3579709827899933
1991-08-08,0.35885924100875854
1991-08-09,0.3606354892253876
1991-08-12,0.3677419424057007
1991-08-13,0.38017770648002625
1991-08-14,0.3899480402469635
1991-08-15,0.378400593996048
1991-08-16,0.378400593996048
1991-08-19,0.3596692681312561
1991-08-20,0.36323028802871704
1991-08-21,0.38281649351119995
1991-08-22,0.38637736439704895
1991-08-23,0.37747442722320557
1991-08-26,0.37747442722320557
1991-08-27,0.3845970630645752
1991-08-28,0.3792549669742584
1991-08-29,0.37747442722320557
1991-08-30,0.37747442722320557
1991-09-03,0.3739134669303894
1991-09-04,0.3667910397052765
1991-09-05,0.36323028802871704
1991-09-06,0.3667910397052765
1991-09-09,0.3792549669742584
1991-09-10,0.3569987118244171
1991-09-11,0.3596692681312561
1991-09-12,0.3605595827102661
1991-09-13,0.34631532430648804
1991-09-16,0.3365221619606018
1991-09-17,0.34898608922958374
1991-09-18,0.3569987118244171
1991-09-19,0.3543272614479065
1991-09-20,0.3605595827102661
1991-09-23,0.3525468707084656
1991-09-24,0.35788893699645996
1991-09-25,0.3596692681312561
1991-09-26,0.35610848665237427
1991-09-27,0.34898608922958374
1991-09-30,0.3525468707084656
1991-10-01,0.3614497482776642
1991-10-02,0.3543272614479065
1991-10-03,0.34008297324180603
1991-10-04,0.34364473819732666
1991-10-07,0.342754602432251
1991-10-08,0.34364473819732666
1991-10-09,0.3418634533882141
1991-10-10,0.34008297324180603
1991-10-11,0.3454250693321228
1991-10-14,0.3552182614803314
1991-10-15,0.3739134669303894
1991-10-16,0.38103607296943665
1991-10-17,0.37302348017692566
1991-10-18,0.3917185962200165
1991-10-21,0.38993823528289795
1991-10-22,0.3881577253341675
1991-10-23,0.3783646821975708
1991-10-24,0.37124305963516235
1991-10-25,0.3650105893611908
1991-10-28,0.3667910397052765
1991-10-29,0.3685722053050995
1991-10-30,0.3543272614479065
1991-10-31,0.3667910397052765
1991-11-01,0.36323028802871704
1991-11-04,0.3543272614479065
1991-11-05,0.34720557928085327
1991-11-06,0.3418634533882141
1991-11-07,0.3543272614479065
1991-11-08,0.3792549669742584
1991-11-11,0.38281649351119995
1991-11-12,0.3881577253341675
1991-11-13,0.38548707962036133
1991-11-14,0.38993823528289795
1991-11-15,0.35610848665237427
1991-11-18,0.37213578820228577
1991-11-19,0.3658882975578308
1991-11-20,0.36053428053855896
1991-11-21,0.3641037940979004
1991-11-22,0.3658882975578308
1991-11-25,0.3658882975578308
1991-11-26,0.36767297983169556
1991-11-27,0.3641037940979004
1991-11-29,0.36231890320777893
1991-12-02,0.3694586157798767
1991-12-03,0.36053428053855896
1991-12-04,0.36053428053855896
1991-12-05,0.3569647967815399
1991-12-06,0.34804055094718933
1991-12-09,0.35071760416030884
1991-12-10,0.35071760416030884
1991-12-11,0.3498252332210541
1991-12-12,0.3525022864341736
1991-12-13,0.35964199900627136
1991-12-16,0.36053428053855896
1991-12-17,0.36053428053855896
1991-12-18,0.3694586157798767
1991-12-19,0.36231890320777893
1991-12-20,0.358749657869339
1991-12-23,0.36767297983169556
1991-12-24,0.3730280101299286
1991-12-26,0.39176827669143677
1991-12-27,0.39266061782836914
1991-12-30,0.4051542580127716
1991-12-31,0.4024774432182312
1992-01-02,0.4247877895832062
1992-01-03,0.4212183952331543
1992-01-06,0.4140787124633789
1992-01-07,0.42211079597473145
1992-01-08,0.4319274127483368
1992-01-09,0.4444212019443512
1992-01-10,0.4444212019443512
1992-01-13,0.44263574481010437
1992-01-14,0.46048417687416077
1992-01-15,0.4533447325229645
1992-01-16,0.4479905962944031
1992-01-17,0.46226900815963745
1992-01-20,0.4569149315357208
1992-01-21,0.43638914823532104
1992-01-22,0.4533447325229645
1992-01-23,0.46048417687416077
1992-01-24,0.4613766372203827
1992-01-27,0.46048417687416077
1992-01-28,0.46583840250968933
1992-01-29,0.45155981183052063
1992-01-30,0.4551294445991516
1992-01-31,0.46226900815963745
1992-02-03,0.4694085717201233
1992-02-04,0.4694085717201233
1992-02-05,0.4720858931541443
1992-02-06,0.4578073024749756
1992-02-07,0.4569149315357208
1992-02-10,0.45066770911216736
1992-02-11,0.4488829970359802
1992-02-12,0.46583840250968933
1992-02-13,0.4586997628211975
1992-02-14,0.45866355299949646
1992-02-18,0.4488285183906555
1992-02-19,0.4434635043144226
1992-02-20,0.4622397720813751
1992-02-21,0.464921772480011
1992-02-24,0.47296854853630066
1992-02-25,0.48995593190193176
1992-02-26,0.49979105591773987
1992-02-27,0.48995593190193176
1992-02-28,0.4828038513660431
1992-03-02,0.48101505637168884
1992-03-03,0.4747568368911743
1992-03-04,0.464921772480011
1992-03-05,0.4541926085948944
1992-03-06,0.4577694833278656
1992-03-09,0.4559805989265442
1992-03-10,0.4559805989265442
1992-03-11,0.45240452885627747
1992-03-12,0.4488285183906555
1992-03-13,0.4515106976032257
1992-03-16,0.4532986879348755
1992-03-17,0.44972261786460876
1992-03-18,0.4559805989265442
1992-03-19,0.4506165087223053
1992-03-20,0.45240452885627747
1992-03-23,0.4506165087223053
1992-03-24,0.464921772480011
1992-03-25,0.46134594082832336
1992-03-26,0.4577694833278656
1992-03-27,0.43631136417388916
1992-03-30,0.41574716567993164
1992-03-31,0.41664132475852966
1992-04-01,0.422006219625473
1992-04-02,0.42021819949150085
1992-04-03,0.422006219625473
1992-04-06,0.4345233738422394
1992-04-07,0.40948906540870667
1992-04-08,0.39965400099754333
1992-04-09,0.40948906540870667
1992-04-10,0.39697185158729553
1992-04-13,0.4041241705417633
1992-04-14,0.42021819949150085
1992-04-15,0.43273529410362244
1992-04-16,0.422006219625473
1992-04-20,0.4059121310710907
1992-04-21,0.4023361802101135
1992-04-22,0.4121710956096649
1992-04-23,0.4077010750770569
1992-04-24,0.4041241705417633
1992-04-27,0.3987600803375244
1992-04-28,0.3880309760570526
1992-04-29,0.4077010750770569
1992-04-30,0.4300524890422821
1992-05-01,0.42379409074783325
1992-05-04,0.43273529410362244
1992-05-05,0.43273529410362244
1992-05-06,0.44167542457580566
1992-05-07,0.4345233738422394
1992-05-08,0.4434635043144226
1992-05-11,0.44525232911109924
1992-05-12,0.44525232911109924
1992-05-13,0.4488285183906555
1992-05-14,0.4389934539794922
1992-05-15,0.43362921476364136
1992-05-18,0.4318411946296692
1992-05-19,0.42468827962875366
1992-05-20,0.42915844917297363
1992-05-21,0.4229002594947815
1992-05-22,0.4255822002887726
1992-05-26,0.42379409074783325
1992-05-27,0.43094637989997864
1992-05-28,0.4255822002887726
1992-05-29,0.4273703098297119
1992-06-01,0.41210466623306274
1992-06-02,0.4049372673034668
1992-06-03,0.38791561126708984
1992-06-04,0.390603244304657
1992-06-05,0.39329057931900024
1992-06-08,0.38881146907806396
1992-06-09,0.3870200216770172
1992-06-10,0.3852281868457794
1992-06-11,0.38612404465675354
1992-06-12,0.3914988338947296
1992-06-15,0.3771649897098541
1992-06-16,0.3529761731624603
1992-06-17,0.34043389558792114
1992-06-18,0.3243083953857422
1992-06-19,0.3207249641418457
1992-06-22,0.31714099645614624
1992-06-23,0.3243083953857422
1992-06-24,0.32968318462371826
1992-06-25,0.3269958794116974
1992-06-26,0.3243083953857422
1992-06-29,0.33505895733833313
1992-06-30,0.3440171480178833
1992-07-01,0.35118457674980164
1992-07-02,0.33147484064102173
1992-07-06,0.33147484064102173
1992-07-07,0.31714099645614624
1992-07-08,0.3278915584087372
1992-07-09,0.3287874460220337
1992-07-10,0.3278915584087372
1992-07-13,0.3368506133556366
1992-07-14,0.34043389558792114
1992-07-15,0.3440171480178833
1992-07-16,0.3493928611278534
1992-07-17,0.32251664996147156
1992-07-20,0.3207249641418457
1992-07-21,0.3278915584087372
1992-07-22,0.31714099645614624
1992-07-23,0.3207249641418457
1992-07-24,0.3287874460220337
1992-07-27,0.3243083953857422
1992-07-28,0.33326736092567444
1992-07-29,0.3386421501636505
1992-07-30,0.3386421501636505
1992-07-31,0.33505895733833313
1992-08-03,0.3278915584087372
1992-08-04,0.3260999619960785
1992-08-05,0.3207249641418457
1992-08-06,0.3153493106365204
1992-08-07,0.3108702003955841
1992-08-10,0.3162451386451721
1992-08-11,0.31176602840423584
1992-08-12,0.3162451386451721
1992-08-13,0.3207249641418457
1992-08-14,0.3207249641418457
1992-08-17,0.32158705592155457
1992-08-18,0.32158705592155457
1992-08-19,0.31978967785835266
1992-08-20,0.32158705592155457
1992-08-21,0.32068872451782227
1992-08-24,0.3108074963092804
1992-08-25,0.31889161467552185
1992-08-26,0.3179933726787567
1992-08-27,0.31978967785835266
1992-08-28,0.32338348031044006
1992-08-31,0.3305692970752716
1992-09-01,0.3341630697250366
1992-09-02,0.3485355079174042
1992-09-03,0.34314534068107605
1992-09-04,0.3395523130893707
1992-09-08,0.34314534068107605
1992-09-09,0.35212844610214233
1992-09-10,0.35392484068870544
1992-09-11,0.3422471880912781
1992-09-14,0.3557213842868805
1992-09-15,0.3467390835285187
1992-09-16,0.3377559781074524
1992-09-17,0.3305692970752716
1992-09-18,0.3341630697250366
1992-09-21,0.3341630697250366
1992-09-22,0.32877281308174133
1992-09-23,0.34134888648986816
1992-09-24,0.3323656916618347
1992-09-25,0.32697635889053345
1992-09-28,0.32158705592155457
1992-09-29,0.3224852383136749
1992-09-30,0.32428181171417236
1992-10-01,0.3179933726787567
1992-10-02,0.3144002854824066
1992-10-05,0.3126039206981659
1992-10-06,0.32158705592155457
1992-10-07,0.3144002854824066
1992-10-08,0.3126039206981659
1992-10-09,0.311705619096756
1992-10-12,0.31619691848754883
1992-10-13,0.3260781168937683
1992-10-14,0.3305692970752716
1992-10-15,0.32697635889053345
1992-10-16,0.35212844610214233
1992-10-19,0.35212844610214233
1992-10-20,0.35302671790122986
1992-10-21,0.3485355079174042
1992-10-22,0.35033196210861206
1992-10-23,0.35033196210861206
1992-10-26,0.3700939118862152
1992-10-27,0.3700939118862152
1992-10-28,0.3754839599132538
1992-10-29,0.3826698362827301
1992-10-30,0.37728047370910645
1992-11-02,0.3754839599132538
1992-11-03,0.3736874759197235
1992-11-04,0.37728047370910645
1992-11-05,0.39524585008621216
1992-11-06,0.40063607692718506
1992-11-09,0.3970430791378021
1992-11-10,0.40422889590263367
1992-11-11,0.40782180428504944
1992-11-12,0.4087209701538086
1992-11-13,0.40422889590263367
1992-11-16,0.412313848733902
1992-11-17,0.3970430791378021
1992-11-18,0.41500845551490784
1992-11-19,0.41860145330429077
1992-11-20,0.41321226954460144
1992-11-23,0.40782180428504944
1992-11-24,0.41321226954460144
1992-11-25,0.4060254693031311
1992-11-27,0.4060254693031311
1992-11-30,0.41409146785736084
1992-12-01,0.4194920063018799
1992-12-02,0.41229093074798584
1992-12-03,0.41409146785736084
1992-12-04,0.4095904231071472
1992-12-07,0.41589146852493286
1992-12-08,0.41859185695648193
1992-12-09,0.414991170167923
1992-12-10,0.41229093074798584
1992-12-11,0.41409146785736084
1992-12-14,0.41229093074798584
1992-12-15,0.4059891402721405
1992-12-16,0.39608681201934814
1992-12-17,0.4095904231071472
1992-12-18,0.4194920063018799
1992-12-21,0.42939430475234985
1992-12-22,0.4365963935852051
1992-12-23,0.4302944839000702
1992-12-24,0.42489370703697205
1992-12-28,0.42849424481391907
1992-12-29,0.42939430475234985
1992-12-30,0.42309334874153137
1992-12-31,0.4302944839000702
1993-01-04,0.4194920063018799
1993-01-05,0.42669397592544556
1993-01-06,0.44469764828681946
1993-01-07,0.4392967224121094
1993-01-08,0.44829899072647095
1993-01-11,0.4618017375469208
1993-01-12,0.44289740920066833
1993-01-13,0.45730042457580566
1993-01-14,0.46810293197631836
1993-01-15,0.43389496207237244
1993-01-18,0.42849424481391907
1993-01-19,0.4302944839000702
1993-01-20,0.4320948123931885
1993-01-21,0.4320948123931885
1993-01-22,0.42849424481391907
1993-01-25,0.4320948123931885
1993-01-26,0.43749645352363586
1993-01-27,0.43389496207237244
1993-01-28,0.4311946928501129
1993-01-29,0.42849424481391907
1993-02-01,0.4410969018936157
1993-02-02,0.43389496207237244
1993-02-03,0.4320948123931885
1993-02-04,0.42849424481391907
1993-02-05,0.41229093074798584
1993-02-08,0.40688928961753845
1993-02-09,0.4095904231071472
1993-02-10,0.40148842334747314
1993-02-11,0.3969876766204834
1993-02-12,0.3888317346572876
1993-02-16,0.38251620531082153
1993-02-17,0.3888317346572876
1993-02-18,0.3969505727291107
1993-02-19,0.3969505727291107
1993-02-22,0.3978533446788788
1993-02-23,0.3915378451347351
1993-02-24,0.38702744245529175
1993-02-25,0.3951462209224701
1993-02-26,0.38251620531082153
1993-03-01,0.38432028889656067
1993-03-02,0.3915378451347351
1993-03-03,0.3942442536354065
1993-03-04,0.3969505727291107
1993-03-05,0.3969505727291107
1993-03-08,0.4077766239643097
1993-03-09,0.4095807671546936
1993-03-10,0.4095807671546936
1993-03-11,0.410483717918396
1993-03-12,0.40597236156463623
1993-03-15,0.41138577461242676
1993-03-16,0.4077766239643097
1993-03-17,0.3978533446788788
1993-03-18,0.39334213733673096
1993-03-19,0.38792937994003296
1993-03-22,0.38432028889656067
1993-03-23,0.3807118535041809
1993-03-24,0.38792937994003296
1993-03-25,0.3951462209224701
1993-03-26,0.38432028889656067
1993-03-29,0.36808162927627563
1993-03-30,0.37710341811180115
1993-03-31,0.3716900646686554
1993-04-01,0.3734949827194214
1993-04-02,0.3617669343948364
1993-04-05,0.3608648478984833
1993-04-06,0.3518429100513458
1993-04-07,0.3644731938838959
1993-04-08,0.35905975103378296
1993-04-12,0.3608648478984833
1993-04-13,0.3500387370586395
1993-04-14,0.3518429100513458
1993-04-15,0.34101688861846924
1993-04-16,0.3473324477672577
1993-04-19,0.3500387370586395
1993-04-20,0.3608648478984833
1993-04-21,0.358157753944397
1993-04-22,0.3608648478984833
1993-04-23,0.355451375246048
1993-04-26,0.3536471724510193
1993-04-27,0.3626689016819
1993-04-28,0.3707878887653351
1993-04-29,0.36627742648124695
1993-04-30,0.3698858916759491
1993-05-03,0.3743970990180969
1993-05-04,0.3852232098579407
1993-05-05,0.39334213733673096
1993-05-06,0.38792937994003296
1993-05-07,0.3951462209224701
1993-05-10,0.3969505727291107
1993-05-11,0.39334213733673096
1993-05-12,0.38432028889656067
1993-05-13,0.40055978298187256
1993-05-14,0.40055978298187256
1993-05-17,0.402364045381546
1993-05-18,0.40055978298187256
1993-05-19,0.41318997740745544
1993-05-20,0.42401620745658875
1993-05-21,0.41499438881874084
1993-05-24,0.41589629650115967
1993-05-25,0.406874418258667
1993-05-26,0.4167983829975128
1993-05-27,0.41499438881874084
1993-05-28,0.4095330834388733
1993-06-01,0.41224586963653564
1993-06-02,0.41224586963653564
1993-06-03,0.40772515535354614
1993-06-04,0.39687639474868774
1993-06-07,0.36704304814338684
1993-06-08,0.35800230503082275
1993-06-09,0.32003238797187805
1993-06-10,0.3218403458595276
1993-06-11,0.3164164423942566
1993-06-14,0.3227452337741852
1993-06-15,0.30375978350639343
1993-06-16,0.30556783080101013
1993-06-17,0.2983357906341553
1993-06-18,0.29652708768844604
1993-06-21,0.2865832448005676
1993-06-22,0.29923996329307556
1993-06-23,0.29291120171546936
1993-06-24,0.30195188522338867
1993-06-25,0.28929516673088074
1993-06-28,0.2901992201805115
1993-06-29,0.28206247091293335
1993-06-30,0.2856792211532593
1993-07-01,0.27483057975769043
1993-07-02,0.2784465253353119
1993-07-06,0.27302253246307373
1993-07-07,0.2639818489551544
1993-07-08,0.2639818489551544
1993-07-09,0.2657899260520935
1993-07-12,0.27483057975769043
1993-07-13,0.2694058418273926
1993-07-14,0.2694058418273926
1993-07-15,0.25855711102485657
1993-07-16,0.1988905668258667
1993-07-19,0.18532994389533997
1993-07-20,0.1943698227405548
1993-07-21,0.1898498833179474
1993-07-22,0.19165785610675812
1993-07-23,0.1898498833179474
1993-07-26,0.1943698227405548
1993-07-27,0.19165785610675812
1993-07-28,0.1943698227405548
1993-07-29,0.19708259403705597
1993-07-30,0.20069856941699982
1993-08-02,0.2061225175857544
1993-08-03,0.20973926782608032
1993-08-04,0.21877919137477875
1993-08-05,0.21335521340370178
1993-08-06,0.21154722571372986
1993-08-09,0.2151632308959961
1993-08-10,0.2061225175857544
1993-08-11,0.1988905668258667
1993-08-12,0.19165785610675812
1993-08-13,0.19798658788204193
1993-08-16,0.1997658759355545
1993-08-17,0.20612169802188873
1993-08-18,0.20702961087226868
1993-08-19,0.1997658759355545
1993-08-20,0.20339779555797577
1993-08-23,0.20612169802188873
1993-08-24,0.20339779555797577
1993-08-25,0.19794993102550507
1993-08-26,0.1952252835035324
1993-08-27,0.19250133633613586
1993-08-30,0.18886953592300415
1993-08-31,0.19250133633613586
1993-09-01,0.1897774636745453
1993-09-02,0.18705356121063232
1993-09-03,0.18705356121063232
1993-09-07,0.19068539142608643
1993-09-08,0.1943172961473465
1993-09-09,0.18886953592300415
1993-09-10,0.19068539142608643
1993-09-13,0.18342091143131256
1993-09-14,0.17615719139575958
1993-09-15,0.17797309160232544
1993-09-16,0.1797889769077301
1993-09-17,0.18342091143131256
1993-09-20,0.1806970238685608
1993-09-21,0.17797309160232544
1993-09-22,0.1852375864982605
1993-09-23,0.1797889769077301
1993-09-24,0.18160490691661835
1993-09-27,0.1797889769077301
1993-09-28,0.1797889769077301
1993-09-29,0.17343319952487946
1993-09-30,0.1698005348443985
1993-10-01,0.1652607023715973
1993-10-04,0.1652607023715973
1993-10-05,0.17070846259593964
1993-10-06,0.1716172844171524
1993-10-07,0.16707663238048553
1993-10-08,0.16435270011425018
1993-10-11,0.17252521216869354
1993-10-12,0.17434120178222656
1993-10-13,0.17434120178222656
1993-10-14,0.17252521216869354
1993-10-15,0.20521369576454163
1993-10-18,0.20612169802188873
1993-10-19,0.20158182084560394
1993-10-20,0.20158182084560394
1993-10-21,0.219742089509964
1993-10-22,0.219742089509964
1993-10-25,0.21792609989643097
1993-10-26,0.21611011028289795
1993-10-27,0.23063844442367554
1993-10-28,0.22519062459468842
1993-10-29,0.22337473928928375
1993-11-01,0.22882241010665894
1993-11-02,0.23790296912193298
1993-11-03,0.22973042726516724
1993-11-04,0.23427030444145203
1993-11-05,0.2315463125705719
1993-11-08,0.22337473928928375
1993-11-09,0.2188340574502945
1993-11-10,0.22337473928928375
1993-11-11,0.2279144674539566
1993-11-12,0.23063844442367554
1993-11-15,0.23245440423488617
1993-11-16,0.24698270857334137
1993-11-17,0.2433508038520813
1993-11-18,0.2433508038520813
1993-11-19,0.2405804842710495
1993-11-22,0.23693549633026123
1993-11-23,0.2405804842710495
1993-11-24,0.2405804842710495
1993-11-26,0.23784664273262024
1993-11-29,0.23146726191043854
1993-11-30,0.2296447902917862
1993-12-01,0.2296447902917862
1993-12-02,0.23146726191043854
1993-12-03,0.2296447902917862
1993-12-06,0.23511214554309845
1993-12-07,0.23511214554309845
1993-12-08,0.23237848281860352
1993-12-09,0.21870923042297363
1993-12-10,0.20595107972621918
1993-12-13,0.21506428718566895
1993-12-14,0.21233052015304565
1993-12-15,0.2168867439031601
1993-12-16,0.214152991771698
1993-12-17,0.21506428718566895
1993-12-20,0.2077735811471939
1993-12-21,0.20048373937606812
1993-12-22,0.20412863790988922
1993-12-23,0.19866134226322174
1993-12-27,0.2077735811471939
1993-12-28,0.21233052015304565
1993-12-29,0.2077735811471939
1993-12-30,0.2168867439031601
1993-12-31,0.21324177086353302
1994-01-03,0.21779797971248627
1994-01-04,0.2296447902917862
1994-01-05,0.2460477650165558
1994-01-06,0.23875792324543
1994-01-07,0.24149151146411896
1994-01-10,0.2451365739107132
1994-01-11,0.23237848281860352
1994-01-12,0.22235411405563354
1994-01-13,0.22326615452766418
1994-01-14,0.2259998917579651
1994-01-17,0.22144287824630737
1994-01-18,0.214152991771698
1994-01-19,0.21324177086353302
1994-01-20,0.21779797971248627
1994-01-21,0.24331407248973846
1994-01-24,0.2551608383655548
1994-01-25,0.24695900082588196
1994-01-26,0.24422535300254822
1994-01-27,0.24878224730491638
1994-01-28,0.24787011742591858
1994-01-31,0.23875792324543
1994-02-01,0.24240274727344513
1994-02-02,0.2405804842710495
1994-02-03,0.24422535300254822
1994-02-04,0.24422535300254822
1994-02-07,0.26705268025398254
1994-02-08,0.2615647614002228
1994-02-09,0.2652236521244049
1994-02-10,0.26705268025398254
1994-02-11,0.27071064710617065
1994-02-14,0.27071064710617065
1994-02-15,0.27162519097328186
1994-02-16,0.26888173818588257
1994-02-17,0.27071064710617065
1994-02-18,0.2652236521244049
1994-02-22,0.27253979444503784
1994-02-23,0.27253979444503784
1994-02-24,0.267967164516449
1994-02-25,0.26339471340179443
1994-02-28,0.26705268025398254
1994-03-01,0.2652236521244049
1994-03-02,0.26065027713775635
1994-03-03,0.2615647614002228
1994-03-04,0.26888173818588257
1994-03-07,0.27711302042007446
1994-03-08,0.27071064710617065
1994-03-09,0.2743687331676483
1994-03-10,0.27253979444503784
1994-03-11,0.27253979444503784
1994-03-14,0.27894213795661926
1994-03-15,0.27528396248817444
1994-03-16,0.26888173818588257
1994-03-17,0.26705268025398254
1994-03-18,0.2661381661891937
1994-03-21,0.25973573327064514
1994-03-22,0.2560777962207794
1994-03-23,0.2569923996925354
1994-03-24,0.2533343434333801
1994-03-25,0.239615797996521
1994-03-28,0.24327392876148224
1994-03-29,0.239615797996521
1994-03-30,0.23778696358203888
1994-03-31,0.24327392876148224
1994-04-04,0.24327392876148224
1994-04-05,0.24510283768177032
1994-04-06,0.24510283768177032
1994-04-07,0.24418847262859344
1994-04-08,0.24510283768177032
1994-04-11,0.24510283768177032
1994-04-12,0.2341279685497284
1994-04-13,0.2322990447282791
1994-04-14,0.23047003149986267
1994-04-15,0.2213241159915924
1994-04-18,0.21675162017345428
1994-04-19,0.21217910945415497
1994-04-20,0.20669125020503998
1994-04-21,0.21675162017345428
1994-04-22,0.2176661640405655
1994-04-25,0.22681200504302979
1994-04-26,0.22864095866680145
1994-04-28,0.2213241159915924
1994-04-29,0.21949516236782074
1994-05-02,0.22681200504302979
1994-05-03,0.2213241159915924
1994-05-04,0.24144500494003296
1994-05-05,0.2405303418636322
1994-05-06,0.23641438782215118
1994-05-09,0.22864095866680145
1994-05-10,0.22681200504302979
1994-05-11,0.2213241159915924
1994-05-12,0.2172088474035263
1994-05-13,0.21949516236782074
1994-05-16,0.21583710610866547
1994-05-17,0.21492254734039307
1994-05-18,0.22406846284866333
1994-05-19,0.235042542219162
1994-05-20,0.22726920247077942
1994-05-23,0.22315312922000885
1994-05-24,0.22498305141925812
1994-05-25,0.22864095866680145
1994-05-26,0.22315312922000885
1994-05-27,0.21990270912647247
1994-05-31,0.21485306322574615
1994-06-01,0.20750734210014343
1994-06-02,0.20108050107955933
1994-06-03,0.20291678607463837
1994-06-06,0.20108050107955933
1994-06-07,0.20199863612651825
1994-06-08,0.19189852476119995
1994-06-09,0.19832536578178406
1994-06-10,0.19465288519859314
1994-06-13,0.19832536578178406
1994-06-14,0.19878441095352173
1994-06-15,0.20429399609565735
1994-06-16,0.19373482465744019
1994-06-17,0.19465288519859314
1994-06-20,0.19924430549144745
1994-06-21,0.19098040461540222
1994-06-22,0.1928166300058365
1994-06-23,0.18455280363559723
1994-06-24,0.1881108582019806
1994-06-27,0.1928166300058365
1994-06-28,0.1964891254901886
1994-06-29,0.19189852476119995
1994-06-30,0.19465288519859314
1994-07-01,0.18914420902729034
1994-07-05,0.19465288519859314
1994-07-06,0.19189852476119995
1994-07-07,0.19694820046424866
1994-07-08,0.19878441095352173
1994-07-11,0.19832536578178406
1994-07-12,0.20842546224594116
1994-07-13,0.2180664986371994
1994-07-14,0.21026164293289185
1994-07-15,0.20750734210014343
1994-07-18,0.20842546224594116
1994-07-19,0.20337578654289246
1994-07-20,0.19557102024555206
1994-07-21,0.2056710571050644
1994-07-22,0.22770754992961884
1994-07-25,0.23275713622570038
1994-07-26,0.23046180605888367
1994-07-27,0.22816655039787292
1994-07-28,0.23413428664207458
1994-07-29,0.2474479377269745
1994-08-01,0.24515260756015778
1994-08-02,0.23918476700782776
1994-08-03,0.24331629276275635
1994-08-04,0.24423441290855408
1994-08-05,0.24423441290855408
1994-08-08,0.2479068785905838
1994-08-09,0.24698877334594727
1994-08-10,0.25433453917503357
1994-08-11,0.25203925371170044
1994-08-12,0.2552524507045746
1994-08-15,0.2552156150341034
1994-08-16,0.2561367154121399
1994-08-17,0.2579793930053711
1994-08-18,0.2552156150341034
1994-08-19,0.2570580244064331
1994-08-22,0.2570580244064331
1994-08-23,0.2579793930053711
1994-08-24,0.2570580244064331
1994-08-25,0.2584400773048401
1994-08-26,0.2635071277618408
1994-08-29,0.26074329018592834
1994-08-30,0.26719310879707336
1994-08-31,0.2667326331138611
1994-09-01,0.2579793930053711
1994-09-02,0.26074329018592834
1994-09-06,0.2621251940727234
1994-09-07,0.2662719190120697
1994-09-08,0.2662719190120697
1994-09-09,0.2635071277618408
1994-09-12,0.2635071277618408
1994-09-13,0.2639677822589874
1994-09-14,0.2589007019996643
1994-09-15,0.2653505504131317
1994-09-16,0.2681144177913666
1994-09-19,0.261664479970932
1994-09-20,0.25475484132766724
1994-09-21,0.25153037905693054
1994-09-22,0.24968697130680084
1994-09-23,0.2501477003097534
1994-09-26,0.2501477003097534
1994-09-27,0.24968697130680084
1994-09-28,0.24968697130680084
1994-09-29,0.25153037905693054
1994-09-30,0.24830494821071625
1994-10-03,0.24415914714336395
1994-10-04,0.24876555800437927
1994-10-05,0.27917084097862244
1994-10-06,0.26719310879707336
1994-10-07,0.2727208733558655
1994-10-10,0.286541223526001
1994-10-11,0.29206976294517517
1994-10-12,0.31049662828445435
1994-10-13,0.3031262159347534
1994-10-14,0.3031262159347534
1994-10-17,0.29299116134643555
1994-10-18,0.30404749512672424
1994-10-19,0.30404749512672424
1994-10-20,0.30220404267311096
1994-10-21,0.3141818046569824
1994-10-24,0.31141769886016846
1994-10-25,0.3141818046569824
1994-10-26,0.3187890648841858
1994-10-27,0.3151029050350189
1994-10-28,0.31049662828445435
1994-10-31,0.3183284103870392
1994-11-01,0.3178677260875702
1994-11-02,0.30496883392333984
1994-11-03,0.30589011311531067
1994-11-04,0.2975975573062897
1994-11-07,0.3003615140914917
1994-11-08,0.31141769886016846
1994-11-09,0.3068113327026367
1994-11-10,0.30450811982154846
1994-11-11,0.3031262159347534
1994-11-14,0.3132604658603668
1994-11-15,0.30496883392333984
1994-11-16,0.30174338817596436
1994-11-17,0.294833779335022
1994-11-18,0.29572054743766785
1994-11-21,0.2818587124347687
1994-11-22,0.2763133645057678
1994-11-23,0.2726171612739563
1994-11-25,0.2790864109992981
1994-11-28,0.2795484960079193
1994-11-29,0.28278273344039917
1994-11-30,0.27538928389549255
1994-12-01,0.2675348222255707
1994-12-02,0.2703070342540741
1994-12-05,0.2749273180961609
1994-12-06,0.2776995301246643
1994-12-07,0.2707688808441162
1994-12-08,0.2652246356010437
1994-12-09,0.26799672842025757
1994-12-12,0.2698449492454529
1994-12-13,0.2689209282398224
1994-12-14,0.280010461807251
1994-12-15,0.2744652330875397
1994-12-16,0.27538928389549255
1994-12-19,0.28925108909606934
1994-12-20,0.28463080525398254
1994-12-21,0.2837068438529968
1994-12-22,0.2855548560619354
1994-12-23,0.28740307688713074
1994-12-27,0.28925108909606934
1994-12-28,0.28925108909606934
1994-12-29,0.2920242249965668
1994-12-30,0.288327157497406
1995-01-03,0.2837068438529968
1995-01-04,0.2911001145839691
1995-01-05,0.28740307688713074
1995-01-06,0.31050634384155273
1995-01-09,0.3046150803565979
1995-01-10,0.32298213243484497
1995-01-11,0.3456234335899353
1995-01-12,0.33545777201652527
1995-01-13,0.3317616879940033
1995-01-16,0.3289884626865387
1995-01-17,0.3326857089996338
1995-01-18,0.33730608224868774
1995-01-19,0.3391542136669159
1995-01-20,0.3151267170906067
1995-01-23,0.3123543858528137
1995-01-24,0.3077341616153717
1995-01-25,0.302997887134552
1995-01-26,0.2920242249965668
1995-01-27,0.2947964370250702
1995-01-30,0.2966447174549103
1995-01-31,0.29849275946617126
1995-02-01,0.2966447174549103
1995-02-02,0.3077341616153717
1995-02-03,0.29941681027412415
1995-02-06,0.29941681027412415
1995-02-07,0.3017269968986511
1995-02-08,0.3128165900707245
1995-02-09,0.3225201666355133
1995-02-10,0.32344406843185425
1995-02-13,0.3243333101272583
1995-02-14,0.3183104693889618
1995-02-15,0.31552979350090027
1995-02-16,0.32016369700431824
1995-02-17,0.31506648659706116
1995-02-21,0.3039464056491852
1995-02-22,0.30255648493766785
1995-02-23,0.2979234755039215
1995-02-24,0.2891198992729187
1995-02-27,0.2835601270198822
1995-02-28,0.29282712936401367
1995-03-01,0.2965335547924042
1995-03-02,0.2965335547924042
1995-03-03,0.29838675260543823
1995-03-06,0.29468032717704773
1995-03-07,0.2840234935283661
1995-03-08,0.2932904064655304
1995-03-09,0.29468032717704773
1995-03-10,0.29282712936401367
1995-03-13,0.28263354301452637
1995-03-14,0.2594667673110962
1995-03-15,0.2594667673110962
1995-03-16,0.26131999492645264
1995-03-17,0.2603934407234192
1995-03-20,0.26131999492645264
1995-03-21,0.26873353123664856
1995-03-22,0.28217023611068726
1995-03-23,0.2752198576927185
1995-03-24,0.2798537015914917
1995-03-27,0.27568310499191284
1995-03-28,0.2548336684703827
1995-03-29,0.2548336684703827
1995-03-30,0.2622465193271637
1995-03-31,0.26131999492645264
1995-04-03,0.26317307353019714
1995-04-04,0.25112661719322205
1995-04-05,0.25761350989341736
1995-04-06,0.27244001626968384
1995-04-07,0.27244001626968384
1995-04-10,0.2715134620666504
1995-04-11,0.2798537015914917
1995-04-12,0.2891198992729187
1995-04-13,0.2835601270198822
1995-04-17,0.28448668122291565
1995-04-18,0.2779996395111084
1995-04-19,0.26966020464897156
1995-04-20,0.27892711758613586
1995-04-21,0.290046364068985
1995-04-24,0.2891198992729187
1995-04-25,0.2798537015914917
1995-04-26,0.2835601270198822
1995-04-27,0.2807803452014923
1995-04-28,0.2835601270198822
1995-05-01,0.2835601270198822
1995-05-02,0.28263354301452637
1995-05-03,0.28263354301452637
1995-05-04,0.28541335463523865
1995-05-05,0.2881932556629181
1995-05-08,0.3002399802207947
1995-05-09,0.3058004081249237
1995-05-10,0.3071903586387634
1995-05-11,0.3039464056491852
1995-05-12,0.32340678572654724
1995-05-15,0.32340678572654724
1995-05-16,0.3243333101272583
1995-05-17,0.32618653774261475
1995-05-18,0.3215535581111908
1995-05-19,0.3169196546077728
1995-05-22,0.32711318135261536
1995-05-23,0.3252600133419037
1995-05-24,0.3224802315235138
1995-05-25,0.3215535581111908
1995-05-26,0.31733405590057373
1995-05-30,0.312223345041275
1995-05-31,0.30897146463394165
1995-06-01,0.31361716985702515
1995-06-02,0.3131526708602905
1995-06-05,0.32337450981140137
1995-06-06,0.32709112763404846
1995-06-07,0.32058700919151306
1995-06-08,0.3191932141780853
1995-06-09,0.32337450981140137
1995-06-12,0.32836923003196716
1995-06-13,0.32709112763404846
1995-06-14,0.32430365681648254
1995-06-15,0.32430365681648254
1995-06-16,0.3261620104312897
1995-06-19,0.3298787772655487
1995-06-20,0.3521806597709656
1995-06-21,0.36704835295677185
1995-06-22,0.3651900589466095
1995-06-23,0.3624023497104645
1995-06-26,0.3577566146850586
1995-06-27,0.34474730491638184
1995-06-28,0.3466055393218994
1995-06-29,0.3512515425682068
1995-06-30,0.34521177411079407
1995-07-03,0.3489285409450531
1995-07-05,0.3456765115261078
1995-07-06,0.3493931293487549
1995-07-07,0.36147329211235046
1995-07-10,0.36147329211235046
1995-07-11,0.35032230615615845
1995-07-12,0.3493931293487549
1995-07-13,0.3540390133857727
1995-07-14,0.3624023497104645
1995-07-17,0.36426079273223877
1995-07-18,0.3577566146850586
1995-07-19,0.33824214339256287
1995-07-20,0.3498576879501343
1995-07-21,0.32523271441459656
1995-07-24,0.3373129069805145
1995-07-25,0.3401005268096924
1995-07-26,0.3373129069805145
1995-07-27,0.34799930453300476
1995-07-28,0.33824214339256287
1995-07-31,0.3345254361629486
1995-08-01,0.32337450981140137
1995-08-02,0.3298787772655487
1995-08-03,0.3345254361629486
1995-08-04,0.3289496898651123
1995-08-07,0.322445273399353
1995-08-08,0.3159402310848236
1995-08-09,0.32058700919151306
1995-08-10,0.31779852509498596
1995-08-11,0.3201223909854889
1995-08-14,0.322445273399353
1995-08-15,0.327555775642395
1995-08-16,0.33171090483665466
1995-08-17,0.3326434791088104
1995-08-18,0.3345068693161011
1995-08-21,0.32891571521759033
1995-08-22,0.33357521891593933
1995-08-23,0.33916547894477844
1995-08-24,0.34102895855903625
1995-08-25,0.33357521891593933
1995-08-28,0.32053041458129883
1995-08-29,0.32146212458610535
1995-08-30,0.323325514793396
1995-08-31,0.32053041458129883
1995-09-01,0.3200644850730896
1995-09-05,0.3242572247982025
1995-09-06,0.3261207342147827
1995-09-07,0.33357521891593933
1995-09-08,0.33357521891593933
1995-09-11,0.3298475444316864
1995-09-12,0.3200644850730896
1995-09-13,0.31587091088294983
1995-09-14,0.2981676459312439
1995-09-15,0.2674192786216736
1995-09-18,0.2734754979610443
1995-09-19,0.27394139766693115
1995-09-20,0.2730095684528351
1995-09-21,0.275804728269577
1995-09-22,0.27627062797546387
1995-09-25,0.2796485126018524
1995-09-26,0.2786000370979309
1995-09-27,0.2702144980430603
1995-09-28,0.28139591217041016
1995-09-29,0.27766817808151245
1995-10-02,0.2804641127586365
1995-10-03,0.2804641127586365
1995-10-04,0.2711462080478668
1995-10-05,0.2720780372619629
1995-10-06,0.26602092385292053
1995-10-09,0.25949886441230774
1995-10-10,0.258567214012146
1995-10-11,0.25996479392051697
1995-10-12,0.2632257640361786
1995-10-13,0.2683510184288025
1995-10-16,0.2692827582359314
1995-10-17,0.2730095684528351
1995-10-18,0.2786000370979309
1995-10-19,0.2590329945087433
1995-10-20,0.2618282437324524
1995-10-23,0.2618282437324524
1995-10-24,0.2618282437324524
1995-10-25,0.2590329945087433
1995-10-26,0.25996479392051697
1995-10-27,0.2590329945087433
1995-10-30,0.26275986433029175
1995-10-31,0.2706802785396576
1995-11-01,0.2730095684528351
1995-11-02,0.2730095684528351
1995-11-03,0.2720780372619629
1995-11-06,0.28419098258018494
1995-11-07,0.2953724265098572
1995-11-08,0.2897813618183136
1995-11-09,0.29350897669792175
1995-11-10,0.2963041663169861
1995-11-13,0.3046896755695343
1995-11-14,0.309349000453949
1995-11-15,0.3056212365627289
1995-11-16,0.2977016866207123
1995-11-17,0.2990994453430176
1995-11-20,0.2879179120063782
1995-11-21,0.2888147234916687
1995-11-22,0.2888147234916687
1995-11-24,0.300498366355896
1995-11-27,0.29442334175109863
1995-11-28,0.2990964651107788
1995-11-29,0.2934879660606384
1995-11-30,0.2850763499736786
1995-12-01,0.2813378870487213
1995-12-04,0.29535797238349915
1995-12-05,0.29535797238349915
1995-12-06,0.289749413728714
1995-12-07,0.28834742307662964
1995-12-08,0.29442334175109863
1995-12-11,0.2888147234916687
1995-12-12,0.2841417193412781
1995-12-13,0.2869454324245453
1995-12-14,0.2860110104084015
1995-12-15,0.26357847452163696
1995-12-18,0.24114607274532318
1995-12-19,0.24488532543182373
1995-12-20,0.24395090341567993
1995-12-21,0.24301621317863464
1995-12-22,0.24114607274532318
1995-12-26,0.23974409699440002
1995-12-27,0.24208146333694458
1995-12-28,0.23927684128284454
1995-12-29,0.2383422553539276
1996-01-02,0.24021147191524506
1996-01-03,0.24021147191524506
1996-01-04,0.23600569367408752
1996-01-05,0.2561016082763672
1996-01-08,0.25890547037124634
1996-01-09,0.24488532543182373
1996-01-10,0.2561016082763672
1996-01-11,0.2617092728614807
1996-01-12,0.2532969117164612
1996-01-15,0.25516700744628906
1996-01-16,0.2584380805492401
1996-01-17,0.2542315423488617
1996-01-18,0.23880961537361145
1996-01-19,0.22338740527629852
1996-01-22,0.22806061804294586
1996-01-23,0.23647290468215942
1996-01-24,0.24114607274532318
1996-01-25,0.22619140148162842
1996-01-26,0.22899602353572845
1996-01-29,0.21777980029582977
1996-01-30,0.20422698557376862
1996-01-31,0.20656362175941467
1996-02-01,0.21217124164104462
1996-02-02,0.21871444582939148
1996-02-05,0.21871444582939148
1996-02-06,0.22151823341846466
1996-02-07,0.2112366408109665
1996-02-08,0.20843282341957092
1996-02-09,0.20749816298484802
1996-02-12,0.21217124164104462
1996-02-13,0.21030202507972717
1996-02-14,0.20656362175941467
1996-02-15,0.20936739444732666
1996-02-16,0.20562893152236938
1996-02-20,0.21684519946575165
1996-02-21,0.22151823341846466
1996-02-22,0.22338740527629852
1996-02-23,0.22338740527629852
1996-02-26,0.2205837219953537
1996-02-27,0.21404050290584564
1996-02-28,0.20749816298484802
1996-02-29,0.20562893152236938
1996-03-01,0.20095506310462952
1996-03-04,0.19628193974494934
1996-03-05,0.1990857720375061
1996-03-06,0.19581465423107147
1996-03-07,0.1930108368396759
1996-03-08,0.1944127380847931
1996-03-11,0.1934780776500702
1996-03-12,0.1930108368396759
1996-03-13,0.19254350662231445
1996-03-14,0.19160887598991394
1996-03-15,0.1934780776500702
1996-03-18,0.1953473538160324
1996-03-19,0.19254350662231445
1996-03-20,0.18880416452884674
1996-03-21,0.1878695785999298
1996-03-22,0.1897396296262741
1996-03-25,0.17945799231529236
1996-03-26,0.17852342128753662
1996-03-27,0.18880416452884674
1996-03-28,0.18085992336273193
1996-03-29,0.1836637705564499
1996-04-01,0.19067427515983582
1996-04-02,0.1869349479675293
1996-04-03,0.1836637705564499
1996-04-04,0.18039263784885406
1996-04-08,0.1822618693113327
1996-04-09,0.1944127380847931
1996-04-10,0.1944127380847931
1996-04-11,0.19254350662231445
1996-04-12,0.19067427515983582
1996-04-15,0.19254350662231445
1996-04-16,0.1934780776500702
1996-04-17,0.18880416452884674
1996-04-18,0.18506579101085663
1996-04-19,0.18740224838256836
1996-04-22,0.1878695785999298
1996-04-23,0.18506579101085663
1996-04-24,0.18132735788822174
1996-04-25,0.18600033223628998
1996-04-26,0.18506579101085663
1996-04-29,0.18506579101085663
1996-04-30,0.1822618693113327
1996-05-01,0.1822618693113327
1996-05-02,0.1775888204574585
1996-05-03,0.17852342128753662
1996-05-06,0.19160887598991394
1996-05-07,0.20095506310462952
1996-05-08,0.2000204175710678
1996-05-09,0.1953473538160324
1996-05-10,0.20375977456569672
1996-05-13,0.20235693454742432
1996-05-14,0.20562893152236938
1996-05-15,0.21310585737228394
1996-05-16,0.21217124164104462
1996-05-17,0.20656362175941467
1996-05-20,0.2089000642299652
1996-05-21,0.202825129032135
1996-05-22,0.19488005340099335
1996-05-23,0.19628193974494934
1996-05-24,0.2000204175710678
1996-05-28,0.19721657037734985
1996-05-29,0.18600033223628998
1996-05-30,0.19067427515983582
1996-05-31,0.1953473538160324
1996-06-03,0.18506579101085663
1996-06-04,0.18085992336273193
1996-06-05,0.1878695785999298
1996-06-06,0.18132735788822174
1996-06-07,0.1822618693113327
1996-06-10,0.18039263784885406
1996-06-11,0.17945799231529236
1996-06-12,0.18132735788822174
1996-06-13,0.18413107097148895
1996-06-14,0.1789907068014145
1996-06-17,0.17665418982505798
1996-06-18,0.1701110452413559
1996-06-19,0.17291484773159027
1996-06-20,0.1701110452413559
1996-06-21,0.16917634010314941
1996-06-24,0.16637259721755981
1996-06-25,0.15422175824642181
1996-06-26,0.14861324429512024
1996-06-27,0.15422175824642181
1996-06-28,0.157025545835495
1996-07-01,0.16076400876045227
1996-07-02,0.157025545835495
1996-07-03,0.144874706864357
1996-07-05,0.1458093374967575
1996-07-08,0.14300550520420074
1996-07-09,0.14207085967063904
1996-07-10,0.1402016133069992
1996-07-11,0.13365842401981354
1996-07-12,0.13506034016609192
1996-07-15,0.12851807475090027
1996-07-16,0.12618155777454376
1996-07-17,0.12618155777454376
1996-07-18,0.15609094500541687
1996-07-19,0.15515635907649994
1996-07-22,0.15141789615154266
1996-07-23,0.15328706800937653
1996-07-24,0.155623659491539
1996-07-25,0.157025545835495
1996-07-26,0.1645033359527588
1996-07-29,0.16637259721755981
1996-07-30,0.15982939302921295
1996-07-31,0.1645033359527588
1996-08-01,0.15889474749565125
1996-08-02,0.161698579788208
1996-08-05,0.157025545835495
1996-08-06,0.16076400876045227
1996-08-07,0.16730718314647675
1996-08-08,0.1654379516839981
1996-08-09,0.17291484773159027
1996-08-12,0.17198027670383453
1996-08-13,0.16824179887771606
1996-08-14,0.1701110452413559
1996-08-15,0.16637259721755981
1996-08-16,0.16824179887771606
1996-08-19,0.17665418982505798
1996-08-20,0.17571868002414703
1996-08-21,0.17198027670383453
1996-08-22,0.17384949326515198
1996-08-23,0.17852342128753662
1996-08-26,0.18039263784885406
1996-08-27,0.18588398396968842
1996-08-28,0.18600033223628998
1996-08-29,0.18319645524024963
1996-08-30,0.18132735788822174
1996-09-03,0.18039263784885406
1996-09-04,0.18039263784885406
1996-09-05,0.1710456758737564
1996-09-06,0.17198027670383453
1996-09-09,0.1645033359527588
1996-09-10,0.16076400876045227
1996-09-11,0.15796014666557312
1996-09-12,0.15235251188278198
1996-09-13,0.157025545835495
1996-09-16,0.16730718314647675
1996-09-17,0.17198027670383453
1996-09-18,0.17571868002414703
1996-09-19,0.1747841089963913
1996-09-20,0.1710456758737564
1996-09-23,0.16730718314647675
1996-09-24,0.16824179887771606
1996-09-25,0.16730718314647675
1996-09-26,0.16730718314647675
1996-09-27,0.1668398678302765
1996-09-30,0.16590528190135956
1996-10-01,0.18413107097148895
1996-10-02,0.17665418982505798
1996-10-03,0.16730718314647675
1996-10-04,0.17057830095291138
1996-10-07,0.17291484773159027
1996-10-08,0.17384949326515198
1996-10-09,0.17198027670383453
1996-10-10,0.18085992336273193
1996-10-11,0.18132735788822174
1996-10-14,0.18880416452884674
1996-10-15,0.18880416452884674
1996-10-16,0.19254350662231445
1996-10-17,0.19721657037734985
1996-10-18,0.19861851632595062
1996-10-21,0.19160887598991394
1996-10-22,0.18600033223628998
1996-10-23,0.18506579101085663
1996-10-24,0.18506579101085663
1996-10-25,0.18319645524024963
1996-10-28,0.18319645524024963
1996-10-29,0.17384949326515198
1996-10-30,0.1710456758737564
1996-10-31,0.17198027670383453
1996-11-01,0.18132735788822174
1996-11-04,0.1822618693113327
1996-11-05,0.19067427515983582
1996-11-06,0.19067427515983582
1996-11-07,0.1934780776500702
1996-11-08,0.19628193974494934
1996-11-11,0.1944127380847931
1996-11-12,0.18880416452884674
1996-11-13,0.19114159047603607
1996-11-14,0.19160887598991394
1996-11-15,0.1869349479675293
1996-11-18,0.18506579101085663
1996-11-19,0.18600033223628998
1996-11-20,0.1869349479675293
1996-11-21,0.18319645524024963
1996-11-22,0.18880416452884674
1996-11-25,0.1869349479675293
1996-11-26,0.18132735788822174
1996-11-27,0.18319645524024963
1996-11-29,0.18039263784885406
1996-12-02,0.1878695785999298
1996-12-03,0.1878695785999298
1996-12-04,0.1869349479675293
1996-12-05,0.1869349479675293
1996-12-06,0.1878695785999298
1996-12-09,0.1869349479675293
1996-12-10,0.18319645524024963
1996-12-11,0.17945799231529236
1996-12-12,0.17852342128753662
1996-12-13,0.17384949326515198
1996-12-16,0.16917634010314941
1996-12-17,0.16824179887771606
1996-12-18,0.17291484773159027
1996-12-19,0.16637259721755981
1996-12-20,0.17571868002414703
1996-12-23,0.17384949326515198
1996-12-24,0.17291484773159027
1996-12-26,0.17198027670383453
1996-12-27,0.17291484773159027
1996-12-30,0.16263319551944733
1996-12-31,0.15609094500541687
1997-01-02,0.157025545835495
1997-01-03,0.16263319551944733
1997-01-06,0.13365842401981354
1997-01-07,0.13085463643074036
1997-01-08,0.13178923726081848
1997-01-09,0.1327238529920578
1997-01-10,0.13646230101585388
1997-01-13,0.13552771508693695
1997-01-14,0.13365842401981354
1997-01-15,0.12898540496826172
1997-01-16,0.12524692714214325
1997-01-17,0.12524692714214325
1997-01-20,0.12664885818958282
1997-01-21,0.12898540496826172
1997-01-22,0.12851807475090027
1997-01-23,0.12898540496826172
1997-01-24,0.12618155777454376
1997-01-27,0.12431233376264572
1997-01-28,0.12431233376264572
1997-01-29,0.12431233376264572
1997-01-30,0.12524692714214325
1997-01-31,0.12431233376264572
1997-02-03,0.12197496742010117
1997-02-04,0.11496536433696747
1997-02-05,0.11403074860572815
1997-02-06,0.11963842064142227
1997-02-07,0.11823645234107971
1997-02-10,0.11683449894189835
1997-02-11,0.11730184406042099
1997-02-12,0.11776919662952423
1997-02-13,0.12057303637266159
1997-02-14,0.12197496742010117
1997-02-18,0.13365842401981354
1997-02-19,0.13178923726081848
1997-02-20,0.1271161586046219
1997-02-21,0.12244221568107605
1997-02-24,0.12431233376264572
1997-02-25,0.12618155777454376
1997-02-26,0.1280508041381836
1997-02-27,0.1271161586046219
1997-02-28,0.1215076595544815
1997-03-03,0.12057303637266159
1997-03-04,0.12337685376405716
1997-03-05,0.1271161586046219
1997-03-06,0.12431233376264572
1997-03-07,0.12337685376405716
1997-03-10,0.12431233376264572
1997-03-11,0.12244221568107605
1997-03-12,0.1215076595544815
1997-03-13,0.12244221568107605
1997-03-14,0.1238442063331604
1997-03-17,0.12337685376405716
1997-03-18,0.1215076595544815
1997-03-19,0.12057303637266159
1997-03-20,0.12898540496826172
1997-03-21,0.12431233376264572
1997-03-24,0.12337685376405716
1997-03-25,0.12337685376405716
1997-03-26,0.12524692714214325
1997-03-27,0.13926705718040466
1997-03-31,0.13646230101585388
1997-04-01,0.13085463643074036
1997-04-02,0.13459311425685883
1997-04-03,0.1411362588405609
1997-04-04,0.14394012093544006
1997-04-07,0.1458093374967575
1997-04-08,0.14300550520420074
1997-04-09,0.14207085967063904
1997-04-10,0.1411362588405609
1997-04-11,0.13646230101585388
1997-04-14,0.1402016133069992
1997-04-15,0.1378650814294815
1997-04-16,0.1387997567653656
1997-04-17,0.14207085967063904
1997-04-18,0.13739776611328125
1997-04-21,0.13459311425685883
1997-04-22,0.13833236694335938
1997-04-23,0.13552771508693695
1997-04-24,0.13365842401981354
1997-04-25,0.13085463643074036
1997-04-28,0.13178923726081848
1997-04-29,0.13225650787353516
1997-04-30,0.1271161586046219
1997-05-01,0.1271161586046219
1997-05-02,0.1271161586046219
1997-05-05,0.1271161586046219
1997-05-06,0.12618155777454376
1997-05-07,0.12337685376405716
1997-05-08,0.1271161586046219
1997-05-09,0.12758350372314453
1997-05-12,0.1313219666481018
1997-05-13,0.1313219666481018
1997-05-14,0.13225650787353516
1997-05-15,0.1327238529920578
1997-05-16,0.12898540496826172
1997-05-19,0.1271161586046219
1997-05-20,0.12898540496826172
1997-05-21,0.12618155777454376
1997-05-22,0.12431233376264572
1997-05-23,0.12618155777454376
1997-05-27,0.12898540496826172
1997-05-28,0.1271161586046219
1997-05-29,0.12431233376264572
1997-05-30,0.12431233376264572
1997-06-02,0.12664885818958282
1997-06-03,0.12477955967187881
1997-06-04,0.12431233376264572
1997-06-05,0.12477955967187881
1997-06-06,0.12524692714214325
1997-06-09,0.12431233376264572
1997-06-10,0.1215076595544815
1997-06-11,0.12197496742010117
1997-06-12,0.12010573595762253
1997-06-13,0.11823645234107971
1997-06-16,0.1158999353647232
1997-06-17,0.1222086250782013
1997-06-18,0.1191711276769638
1997-06-19,0.11776919662952423
1997-06-20,0.11636724323034286
1997-06-23,0.11496536433696747
1997-06-24,0.11449801176786423
1997-06-25,0.11309611052274704
1997-06-26,0.10982406139373779
1997-06-27,0.10982406139373779
1997-06-30,0.10655292868614197
1997-07-01,0.09860872477293015
1997-07-02,0.09767325222492218
1997-07-03,0.10234718024730682
1997-07-07,0.10328181087970734
1997-07-08,0.10281446576118469
1997-07-09,0.10234718024730682
1997-07-10,0.09907599538564682
1997-07-11,0.11356338858604431
1997-07-14,0.11683449894189835
1997-07-15,0.1191711276769638
1997-07-16,0.12290956825017929
1997-07-17,0.13085463643074036
1997-07-18,0.1296863555908203
1997-07-21,0.12080670893192291
1997-07-22,0.1238442063331604
1997-07-23,0.12057303637266159
1997-07-24,0.11823645234107971
1997-07-25,0.1215076595544815
1997-07-28,0.12290956825017929
1997-07-29,0.12337685376405716
1997-07-30,0.12991999089717865
1997-07-31,0.13085463643074036
1997-08-01,0.14347271621227264
1997-08-04,0.14767852425575256
1997-08-05,0.14767852425575256
1997-08-06,0.1967492550611496
1997-08-07,0.21824710071086884
1997-08-08,0.20048776268959045
1997-08-11,0.1836637705564499
1997-08-12,0.16497066617012024
1997-08-13,0.17665418982505798
1997-08-14,0.17198027670383453
1997-08-15,0.17384949326515198
1997-08-18,0.17665418982505798
1997-08-19,0.18272916972637177
1997-08-20,0.18413107097148895
1997-08-21,0.17945799231529236
1997-08-22,0.17665418982505798
1997-08-25,0.1724475622177124
1997-08-26,0.16637259721755981
1997-08-27,0.16964371502399445
1997-08-28,0.1645033359527588
1997-08-29,0.16263319551944733
1997-09-02,0.16730718314647675
1997-09-03,0.16824179887771606
1997-09-04,0.16824179887771606
1997-09-05,0.16590528190135956
1997-09-08,0.16076400876045227
1997-09-09,0.16310065984725952
1997-09-10,0.17151294648647308
1997-09-11,0.16730718314647675
1997-09-12,0.16497066617012024
1997-09-15,0.16076400876045227
1997-09-16,0.16403602063655853
1997-09-17,0.16310065984725952
1997-09-18,0.1668398678302765
1997-09-19,0.16403602063655853
1997-09-22,0.17057830095291138
1997-09-23,0.16263319551944733
1997-09-24,0.16076400876045227
1997-09-25,0.15796014666557312
1997-09-26,0.15936215221881866
1997-09-29,0.16497066617012024
1997-09-30,0.16216592490673065
1997-10-01,0.1609976887702942
1997-10-02,0.16403602063655853
1997-10-03,0.1654379516839981
1997-10-06,0.16403602063655853
1997-10-07,0.16310065984725952
1997-10-08,0.16076400876045227
1997-10-09,0.16263319551944733
1997-10-10,0.16964371502399445
1997-10-13,0.16964371502399445
1997-10-14,0.16964371502399445
1997-10-15,0.17805607616901398
1997-10-16,0.16076400876045227
1997-10-17,0.15048326551914215
1997-10-20,0.13973434269428253
1997-10-21,0.1425381749868393
1997-10-22,0.1387997567653656
1997-10-23,0.1327238529920578
1997-10-24,0.1238442063331604
1997-10-27,0.12524692714214325
1997-10-28,0.13552771508693695
1997-10-29,0.13085463643074036
1997-10-30,0.12337685376405716
1997-10-31,0.12734980881214142
1997-11-03,0.12991999089717865
1997-11-04,0.13412578403949738
1997-11-05,0.13739776611328125
1997-11-06,0.14207085967063904
1997-11-07,0.14767852425575256
1997-11-10,0.13973434269428253
1997-11-11,0.13739776611328125
1997-11-12,0.13178923726081848
1997-11-13,0.13459311425685883
1997-11-14,0.1378650814294815
1997-11-17,0.13833236694335938
1997-11-18,0.13506034016609192
1997-11-19,0.13646230101585388
1997-11-20,0.13833236694335938
1997-11-21,0.13599510490894318
1997-11-24,0.13178923726081848
1997-11-25,0.12991999089717865
1997-11-26,0.13085463643074036
1997-11-28,0.1327238529920578
1997-12-01,0.1327238529920578
1997-12-02,0.11870382726192474
1997-12-03,0.11776919662952423
1997-12-04,0.11683449894189835
1997-12-05,0.11823645234107971
1997-12-08,0.11636724323034286
1997-12-09,0.11403074860572815
1997-12-10,0.11029139161109924
1997-12-11,0.10888946801424026
1997-12-12,0.10561832040548325
1997-12-15,0.10421641170978546
1997-12-16,0.10702025145292282
1997-12-17,0.10421641170978546
1997-12-18,0.10328181087970734
1997-12-19,0.10234718024730682
1997-12-22,0.09954334050416946
1997-12-23,0.09673858433961868
1997-12-24,0.09814142435789108
1997-12-26,0.09954334050416946
1997-12-29,0.09814142435789108
1997-12-30,0.09860872477293015
1997-12-31,0.09814142435789108
1998-01-02,0.1215076595544815
1998-01-05,0.11870382726192474
1998-01-06,0.14160355925559998
1998-01-07,0.13085463643074036
1998-01-08,0.13599510490894318
1998-01-09,0.13599510490894318
1998-01-12,0.13646230101585388
1998-01-13,0.1458093374967575
1998-01-14,0.14767852425575256
1998-01-15,0.14347271621227264
1998-01-16,0.14066894352436066
1998-01-20,0.1425381749868393
1998-01-21,0.14136990904808044
1998-01-22,0.14394012093544006
1998-01-23,0.1458093374967575
1998-01-26,0.14534203708171844
1998-01-27,0.14300550520420074
1998-01-28,0.14347271621227264
1998-01-29,0.13833236694335938
1998-01-30,0.1369296908378601
1998-02-02,0.13225650787353516
1998-02-03,0.1369296908378601
1998-02-04,0.13646230101585388
1998-02-05,0.1369296908378601
1998-02-06,0.13833236694335938
1998-02-09,0.14347271621227264
1998-02-10,0.14534203708171844
1998-02-11,0.14207085967063904
1998-02-12,0.144874706864357
1998-02-13,0.1458093374967575
1998-02-17,0.1467439830303192
1998-02-18,0.1537543386220932
1998-02-19,0.15281979739665985
1998-02-20,0.1495477855205536
1998-02-23,0.15889474749565125
1998-02-24,0.15936215221881866
1998-02-25,0.1668398678302765
1998-02-26,0.17571868002414703
1998-02-27,0.17665418982505798
1998-03-02,0.1701110452413559
1998-03-03,0.17291484773159027
1998-03-04,0.18272916972637177
1998-03-05,0.17992529273033142
1998-03-06,0.18272916972637177
1998-03-09,0.1701110452413559
1998-03-10,0.17992529273033142
1998-03-11,0.1953473538160324
1998-03-12,0.20188966393470764
1998-03-13,0.202825129032135
1998-03-16,0.19955310225486755
1998-03-17,0.1969829648733139
1998-03-18,0.20142234861850739
1998-03-19,0.2000204175710678
1998-03-20,0.19721657037734985
1998-03-23,0.1953473538160324
1998-03-24,0.20936739444732666
1998-03-25,0.20305879414081573
1998-03-26,0.19861851632595062
1998-03-27,0.20142234861850739
1998-03-30,0.2051616609096527
1998-03-31,0.20562893152236938
1998-04-01,0.20562893152236938
1998-04-02,0.20422698557376862
1998-04-03,0.20235693454742432
1998-04-06,0.19628193974494934
1998-04-07,0.19067427515983582
1998-04-08,0.1869349479675293
1998-04-09,0.19160887598991394
1998-04-13,0.19768385589122772
1998-04-14,0.20142234861850739
1998-04-15,0.2051616609096527
1998-04-16,0.21404050290584564
1998-04-17,0.2089000642299652
1998-04-20,0.21684519946575165
1998-04-21,0.21684519946575165
1998-04-22,0.20562893152236938
1998-04-23,0.20703083276748657
1998-04-24,0.2089000642299652
1998-04-27,0.20749816298484802
1998-04-28,0.20142234861850739
1998-04-29,0.20188966393470764
1998-04-30,0.20469436049461365
1998-05-01,0.20936739444732666
1998-05-04,0.21731245517730713
1998-05-05,0.2219855785369873
1998-05-06,0.2266586869955063
1998-05-07,0.22572410106658936
1998-05-08,0.2275932878255844
1998-05-11,0.23133254051208496
1998-05-12,0.2252567857503891
1998-05-13,0.2275932878255844
1998-05-14,0.22478938102722168
1998-05-15,0.2210509330034256
1998-05-18,0.21310585737228394
1998-05-19,0.2196490317583084
1998-05-20,0.2210509330034256
1998-05-21,0.21591059863567352
1998-05-22,0.20843282341957092
1998-05-26,0.19955310225486755
1998-05-27,0.2000204175710678
1998-05-28,0.2051616609096527
1998-05-29,0.1990857720375061
1998-06-01,0.19628193974494934
1998-06-02,0.20095506310462952
1998-06-03,0.1967492550611496
1998-06-04,0.20048776268959045
1998-06-05,0.20095506310462952
1998-06-08,0.20375977456569672
1998-06-09,0.2112366408109665
1998-06-10,0.20983469486236572
1998-06-11,0.20796547830104828
1998-06-12,0.21030202507972717
1998-06-15,0.20562893152236938
1998-06-16,0.20936739444732666
1998-06-17,0.21030202507972717
1998-06-18,0.20422698557376862
1998-06-19,0.20235693454742432
1998-06-22,0.20469436049461365
1998-06-23,0.20796547830104828
1998-06-24,0.2112366408109665
1998-06-25,0.21357318758964539
1998-06-26,0.21076934039592743
1998-06-29,0.2145078182220459
1998-06-30,0.2145078182220459
1998-07-01,0.22385472059249878
1998-07-02,0.21684519946575165
1998-07-06,0.22712601721286774
1998-07-07,0.22806061804294586
1998-07-08,0.24348340928554535
1998-07-09,0.23694026470184326
1998-07-10,0.23974409699440002
1998-07-13,0.253764271736145
1998-07-14,0.2500257194042206
1998-07-15,0.25750353932380676
1998-07-16,0.280402272939682
1998-07-17,0.2757292687892914
1998-07-20,0.271056205034256
1998-07-21,0.26638245582580566
1998-07-22,0.2617092728614807
1998-07-23,0.2612419128417969
1998-07-24,0.2593727111816406
1998-07-27,0.25750353932380676
1998-07-28,0.25142762064933777
1998-07-29,0.2626439332962036
1998-07-30,0.272925466299057
1998-07-31,0.25890547037124634
1998-08-03,0.2626439332962036
1998-08-04,0.2556341886520386
1998-08-05,0.2691870629787445
1998-08-06,0.2757292687892914
1998-08-07,0.272925466299057
1998-08-10,0.2836744487285614
1998-08-11,0.291618674993515
1998-08-12,0.2995637059211731
1998-08-13,0.2948906421661377
1998-08-14,0.3028349280357361
1998-08-17,0.3135837912559509
1998-08-18,0.31825685501098633
1998-08-19,0.3065733015537262
1998-08-20,0.3037695586681366
1998-08-21,0.3215288817882538
1998-08-24,0.3079761564731598
1998-08-25,0.30517148971557617
1998-08-26,0.3019002079963684
1998-08-27,0.280402272939682
1998-08-28,0.2556341886520386
1998-08-31,0.2332017868757248
1998-09-01,0.25516700744628906
1998-09-02,0.2659150958061218
1998-09-03,0.25890547037124634
1998-09-04,0.2626439332962036
1998-09-08,0.2860110104084015
1998-09-09,0.2794678211212158
1998-09-10,0.2850763499736786
1998-09-11,0.2813378870487213
1998-09-14,0.278065949678421
1998-09-15,0.28554365038871765
1998-09-16,0.27900052070617676
1998-09-17,0.2691870629787445
1998-09-18,0.27479472756385803
1998-09-21,0.2761966288089752
1998-09-22,0.27666395902633667
1998-09-23,0.28647828102111816
1998-09-24,0.2878802418708801
1998-09-25,0.289749413728714
1998-09-28,0.2920859158039093
1998-09-29,0.29535797238349915
1998-09-30,0.2850763499736786
1998-10-01,0.26684966683387756
1998-10-02,0.2621764540672302
1998-10-05,0.24067875742912292
1998-10-06,0.24348340928554535
1998-10-07,0.23880961537361145
1998-10-08,0.23039795458316803
1998-10-09,0.2626439332962036
1998-10-12,0.27993515133857727
1998-10-13,0.289749413728714
1998-10-14,0.2794678211212158
1998-10-15,0.27386021614074707
1998-10-16,0.2743275463581085
1998-10-19,0.280402272939682
1998-10-20,0.26965439319610596
1998-10-21,0.27759861946105957
1998-10-22,0.27479472756385803
1998-10-23,0.2654477059841156
1998-10-26,0.27993515133857727
1998-10-27,0.26357847452163696
1998-10-28,0.27526208758354187
1998-10-29,0.27245813608169556
1998-10-30,0.27759861946105957
1998-11-02,0.2813378870487213
1998-11-03,0.2827398180961609
1998-11-04,0.2892821729183197
1998-11-05,0.28554365038871765
1998-11-06,0.28460898995399475
1998-11-09,0.27386021614074707
1998-11-10,0.2626439332962036
1998-11-11,0.2509603500366211
1998-11-12,0.2542315423488617
1998-11-13,0.26684966683387756
1998-11-16,0.2691870629787445
1998-11-17,0.2603072226047516
1998-11-18,0.26498040556907654
1998-11-19,0.2673168480396271
1998-11-20,0.264045774936676
1998-11-23,0.271056205034256
1998-11-24,0.26871973276138306
1998-11-25,0.2626439332962036
1998-11-27,0.2621764540672302
1998-11-30,0.23880961537361145
1998-12-01,0.25516700744628906
1998-12-02,0.2691870629787445
1998-12-03,0.25189509987831116
1998-12-04,0.24488532543182373
1998-12-07,0.25236228108406067
1998-12-08,0.23974409699440002
1998-12-09,0.23927684128284454
1998-12-10,0.23927684128284454
1998-12-11,0.25236228108406067
1998-12-14,0.24301621317863464
1998-12-15,0.2509603500366211
1998-12-16,0.245352640748024
1998-12-17,0.2500257194042206
1998-12-18,0.2631111741065979
1998-12-21,0.2621764540672302
1998-12-22,0.2841417193412781
1998-12-23,0.2976944148540497
1998-12-24,0.2934879660606384
1998-12-28,0.30563884973526
1998-12-29,0.30517148971557617
1998-12-30,0.2995637059211731
1998-12-31,0.30610600113868713
1999-01-04,0.30844351649284363
1999-01-05,0.3238653540611267
1999-01-06,0.31218189001083374
1999-01-07,0.33648359775543213
1999-01-08,0.33648359775543213
1999-01-11,0.34302589297294617
1999-01-12,0.3448951244354248
1999-01-13,0.3476998507976532
1999-01-14,0.30937808752059937
1999-01-15,0.30891069769859314
1999-01-19,0.30563884973526
1999-01-20,0.303302139043808
1999-01-21,0.2902168035507202
1999-01-22,0.289749413728714
1999-01-25,0.29442334175109863
1999-01-26,0.3028349280357361
1999-01-27,0.3000311255455017
1999-01-28,0.30563884973526
1999-01-29,0.3079761564731598
1999-02-01,0.30610600113868713
1999-02-02,0.29302045702934265
1999-02-03,0.300498366355896
1999-02-04,0.28320711851119995
1999-02-05,0.2715235948562622
1999-02-08,0.2822725176811218
1999-02-09,0.278065949678421
1999-02-10,0.28647828102111816
1999-02-11,0.29629263281822205
1999-02-12,0.2818051278591156
1999-02-16,0.28647828102111816
1999-02-17,0.27666395902633667
1999-02-18,0.2691870629787445
1999-02-19,0.278065949678421
1999-02-22,0.2874129116535187
1999-02-23,0.2874129116535187
1999-02-24,0.27993515133857727
1999-02-25,0.2761966288089752
1999-02-26,0.2603072226047516
1999-03-01,0.25236228108406067
1999-03-02,0.25890547037124634
1999-03-03,0.2556341886520386
1999-03-04,0.2500257194042206
1999-03-05,0.24815665185451508
1999-03-08,0.25703614950180054
1999-03-09,0.25516700744628906
1999-03-10,0.24348340928554535
1999-03-11,0.24067875742912292
1999-03-12,0.24815665185451508
1999-03-15,0.2546987533569336
1999-03-16,0.2654477059841156
1999-03-17,0.2546987533569336
1999-03-18,0.2654477059841156
1999-03-19,0.25049301981925964
1999-03-22,0.2621764540672302
1999-03-23,0.2467546910047531
1999-03-24,0.25189509987831116
1999-03-25,0.25282958149909973
1999-03-26,0.24862386286258698
1999-03-29,0.2645130157470703
1999-03-30,0.2682524621486664
1999-03-31,0.26871973276138306
1999-04-01,0.26965439319610596
1999-04-05,0.2771313488483429
1999-04-06,0.2841417193412781
1999-04-07,0.27759861946105957
1999-04-08,0.2757292687892914
1999-04-09,0.27479472756385803
1999-04-12,0.271056205034256
1999-04-13,0.25890547037124634
1999-04-14,0.2656813859939575
1999-04-15,0.2673168480396271
1999-04-16,0.26498040556907654
1999-04-19,0.2532969117164612
1999-04-20,0.2546987533569336
1999-04-21,0.25703614950180054
1999-04-22,0.27199095487594604
1999-04-23,0.29302045702934265
1999-04-26,0.30610600113868713
1999-04-27,0.3420913517475128
1999-04-28,0.32947298884391785
1999-04-29,0.3215288817882538
1999-04-30,0.34396055340766907
1999-05-03,0.37059876322746277
1999-05-04,0.3476998507976532
1999-05-05,0.3514383137226105
1999-05-06,0.33274421095848083
1999-05-07,0.34302589297294617
1999-05-10,0.33835268020629883
1999-05-11,0.3346143662929535
1999-05-12,0.3476998507976532
1999-05-13,0.3453623950481415
1999-05-14,0.3318098485469818
1999-05-17,0.3318098485469818
1999-05-18,0.33835268020629883
1999-05-19,0.33788543939590454
1999-05-20,0.3177894949913025
1999-05-21,0.3285384178161621
1999-05-24,0.3135837912559509
1999-05-25,0.3103127181529999
1999-05-26,0.32947298884391785
1999-05-27,0.3252672851085663
1999-05-28,0.32947298884391785
1999-06-01,0.33508166670799255
1999-06-02,0.34816715121269226
1999-06-03,0.3547094762325287
1999-06-04,0.35985058546066284
1999-06-07,0.3659255802631378
1999-06-08,0.35657861828804016
1999-06-09,0.36218732595443726
1999-06-10,0.35985058546066284
1999-06-11,0.3472326397895813
1999-06-14,0.33975479006767273
1999-06-15,0.34442785382270813
1999-06-16,0.3584478795528412
1999-06-17,0.3467651605606079
1999-06-18,0.3523728847503662
1999-06-21,0.3476998507976532
1999-06-22,0.3392874300479889
1999-06-23,0.32666927576065063
1999-06-24,0.3163876533508301
1999-06-25,0.3154529929161072
1999-06-28,0.31825685501098633
1999-06-29,0.3392874300479889
1999-06-30,0.3462969660758972
1999-07-01,0.33882012963294983
1999-07-02,0.3462969660758972
1999-07-06,0.35424211621284485
1999-07-07,0.3729361295700073
1999-07-08,0.4075186252593994
1999-07-09,0.41593095660209656
1999-07-12,0.4075186252593994
1999-07-13,0.40144363045692444
1999-07-14,0.41826751828193665
1999-07-15,0.3981715440750122
1999-07-16,0.3967696726322174
1999-07-19,0.40705132484436035
1999-07-20,0.39536771178245544
1999-07-21,0.4042474329471588
1999-07-22,0.39162930846214294
1999-07-23,0.39863893389701843
1999-07-26,0.3808804154396057
1999-07-27,0.40144363045692444
1999-07-28,0.4065839648246765
1999-07-29,0.402845561504364
1999-07-30,0.4163982570171356
1999-08-02,0.41686564683914185
1999-08-03,0.41312724351882935
1999-08-04,0.4023781418800354
1999-08-05,0.40938782691955566
1999-08-06,0.4047147333621979
1999-08-09,0.40705132484436035
1999-08-10,0.41406166553497314
1999-08-11,0.44630762934684753
1999-08-12,0.44864434003829956
1999-08-13,0.4491117298603058
1999-08-16,0.45238351821899414
1999-08-17,0.45098063349723816
1999-08-18,0.44957876205444336
1999-08-19,0.4392980635166168
1999-08-20,0.4425692856311798
1999-08-23,0.454252690076828
1999-08-24,0.45144885778427124
1999-08-25,0.4589259624481201
1999-08-26,0.4645344913005829
1999-08-27,0.48416200280189514
1999-08-30,0.46406617760658264
1999-08-31,0.48790082335472107
1999-09-01,0.5131365060806274
1999-09-02,0.5276238918304443
1999-09-03,0.5495894551277161
1999-09-07,0.5710873007774353
1999-09-08,0.557067334651947
1999-09-09,0.5650114417076111
1999-09-10,0.5790315270423889
1999-09-13,0.5608054399490356
1999-09-14,0.5818353891372681
1999-09-15,0.5636094808578491
1999-09-16,0.5743584632873535
1999-09-17,0.5752930641174316
1999-09-20,0.5911824107170105
1999-09-21,0.5178109407424927
1999-09-22,0.525754988193512
1999-09-23,0.4734133183956146
1999-09-24,0.48556411266326904
1999-09-27,0.4584585428237915
1999-09-28,0.44584015011787415
1999-09-29,0.44163474440574646
1999-09-30,0.4734133183956146
1999-10-01,0.4614960849285126
1999-10-04,0.48276013135910034
1999-10-05,0.507996678352356
1999-10-06,0.5023881196975708
1999-10-07,0.49631330370903015
1999-10-08,0.4902370870113373
1999-10-11,0.4986497461795807
1999-10-12,0.5061272382736206
1999-10-13,0.47878819704055786
1999-10-14,0.547252893447876
1999-10-15,0.5575345158576965
1999-10-18,0.5477204322814941
1999-10-19,0.5122023820877075
1999-10-20,0.5617403388023376
1999-10-21,0.5692179799079895
1999-10-22,0.5528603792190552
1999-10-25,0.557067334651947
1999-10-26,0.5612730383872986
1999-10-27,0.5710873007774353
1999-10-28,0.582303524017334
1999-10-29,0.5991274118423462
1999-11-01,0.5804336071014404
1999-11-02,0.6000622510910034
1999-11-03,0.6094090342521667
1999-11-04,0.6252983212471008
1999-11-05,0.6603480577468872
1999-11-08,0.720634937286377
1999-11-09,0.6701624393463135
1999-11-10,0.6837151050567627
1999-11-11,0.6897910833358765
1999-11-12,0.6776402592658997
1999-11-15,0.6687604784965515
1999-11-16,0.681846022605896
1999-11-17,0.6748363375663757
1999-11-18,0.6701624393463135
1999-11-19,0.6911931037902832
1999-11-22,0.6776402592658997
1999-11-23,0.6939968466758728
1999-11-24,0.7080170512199402
1999-11-26,0.7108207941055298
1999-11-29,0.7070820927619934
1999-11-30,0.7318511605262756
1999-12-01,0.7706406712532043
1999-12-02,0.8239168524742126
1999-12-03,0.8599023222923279
1999-12-06,0.8673790693283081
1999-12-07,0.8809317946434021
1999-12-08,0.8229823112487793
1999-12-09,0.7869970202445984
1999-12-10,0.7701730728149414
1999-12-13,0.7402637004852295
1999-12-14,0.7094189524650574
1999-12-15,0.7253085374832153
1999-12-16,0.7351224422454834
1999-12-17,0.7477405667304993
1999-12-20,0.7327858209609985
1999-12-21,0.7664346694946289
1999-12-22,0.7472735643386841
1999-12-23,0.7739114165306091
1999-12-27,0.7426003217697144
1999-12-28,0.7341877222061157
1999-12-29,0.7528819441795349
1999-12-30,0.7500772476196289
1999-12-31,0.768771231174469
2000-01-03,0.8370024561882019
2000-01-04,0.7664346694946289
2000-01-05,0.7776501178741455
2000-01-06,0.710353672504425
2000-01-07,0.7440022826194763
2000-01-10,0.7309166789054871
2000-01-11,0.693529486656189
2000-01-12,0.6519365906715393
2000-01-13,0.7234389185905457
2000-01-14,0.7510117292404175
2000-01-18,0.7771826386451721
2000-01-19,0.7968111038208008
2000-01-20,0.8486857414245605
2000-01-21,0.8323293328285217
2000-01-24,0.7944748401641846
2000-01-25,0.8393387794494629
2000-01-26,0.8239168524742126
2000-01-27,0.8225148320198059
2000-01-28,0.7598913908004761
2000-01-31,0.7757807374000549
2000-02-01,0.7496099472045898
2000-02-02,0.7388610243797302
2000-02-03,0.7725095152854919
2000-02-04,0.807560384273529
2000-02-07,0.8528915643692017
2000-02-08,0.8589674830436707
2000-02-09,0.8421427607536316
2000-02-10,0.8486857414245605
2000-02-11,0.813167929649353
2000-02-14,0.8659769296646118
2000-02-15,0.8898113965988159
2000-02-16,0.853359043598175
2000-02-17,0.8589674830436707
2000-02-18,0.8318619132041931
2000-02-22,0.8510224223136902
2000-02-23,0.86924809217453
2000-02-24,0.8614206314086914
2000-02-25,0.8253186941146851
2000-02-28,0.8468165397644043
2000-02-29,0.8570982217788696
2000-03-01,0.9743989706039429
2000-03-02,0.9122442007064819
2000-03-03,0.9571080803871155
2000-03-06,0.9398168921470642
2000-03-07,0.918786346912384
2000-03-08,0.9122442007064819
2000-03-09,0.9141131043434143
2000-03-10,0.9402841925621033
2000-03-13,0.9071030020713806
2000-03-14,0.8542936444282532
2000-03-15,0.86924809217453
2000-03-16,0.9089716672897339
2000-03-17,0.9346756339073181
2000-03-20,0.9197211265563965
2000-03-21,1.0089826583862305
2000-03-22,1.078148603439331
2000-03-23,1.0566514730453491
2000-03-24,1.037022590637207
2000-03-27,1.0435657501220703
2000-03-28,1.0402946472167969
2000-03-29,1.0164604187011719
2000-03-30,0.9402841925621033
2000-03-31,1.0155256986618042
2000-04-03,0.9968315362930298
2000-04-04,0.9519674777984619
2000-04-05,0.9748674035072327
2000-04-06,0.9360780715942383
2000-04-07,0.9851482510566711
2000-04-10,0.9346756339073181
2000-04-11,0.8930825591087341
2000-04-12,0.8169063329696655
2000-04-13,0.8510224223136902
2000-04-14,0.8365350365638733
2000-04-17,0.9262641072273254
2000-04-18,0.9486967921257019
2000-04-19,0.9057009816169739
2000-04-20,0.8888769149780273
2000-04-24,0.901028037071228
2000-04-25,0.959444522857666
2000-04-26,0.9071030020713806
2000-04-27,0.947761058807373
2000-04-28,0.9276661276817322
2000-05-01,0.9295350909233093
2000-05-02,0.8813991546630859
2000-05-03,0.8603696227073669
2000-05-04,0.8276553153991699
2000-05-05,0.845881998538971
2000-05-08,0.8234496116638184
2000-05-09,0.7883986830711365
2000-05-10,0.7426003217697144
2000-05-11,0.768771231174469
2000-05-12,0.8047562837600708
2000-05-15,0.7552183866500854
2000-05-16,0.7902683019638062
2000-05-17,0.7580224275588989
2000-05-18,0.7533489465713501
2000-05-19,0.702876627445221
2000-05-22,0.6724988222122192
2000-05-23,0.6416551470756531
2000-05-24,0.6556752324104309
2000-05-25,0.6525202989578247
2000-05-26,0.6458608508110046
2000-05-30,0.6547406315803528
2000-05-31,0.62810218334198
2000-06-01,0.666424036026001
2000-06-02,0.6921277642250061
2000-06-05,0.6827802658081055
2000-06-06,0.6944643259048462
2000-06-07,0.722037136554718
2000-06-08,0.7089516520500183
2000-06-09,0.7159619331359863
2000-06-12,0.681846022605896
2000-06-13,0.706615149974823
2000-06-14,0.6762384176254272
2000-06-15,0.6907256841659546
2000-06-16,0.681846022605896
2000-06-19,0.7225043773651123
2000-06-20,0.7570876479148865
2000-06-21,0.8318619132041931
2000-06-22,0.8038211464881897
2000-06-23,0.7729766368865967
2000-06-26,0.8094294667243958
2000-06-27,0.7739114165306091
2000-06-28,0.8141026496887207
2000-06-29,0.7664346694946289
2000-06-30,0.7832586169242859
2000-07-03,0.7972787022590637
2000-07-05,0.7720423936843872
2000-07-06,0.7748460173606873
2000-07-07,0.8141026496887207
2000-07-10,0.8542936444282532
2000-07-11,0.8514895439147949
2000-07-12,0.8804646730422974
2000-07-13,0.8449476361274719
2000-07-14,0.8627059459686279
2000-07-17,0.8720530867576599
2000-07-18,0.8561627268791199
2000-07-19,0.7879318594932556
2000-07-20,0.8243839740753174
2000-07-21,0.8010172247886658
2000-07-24,0.7281128168106079
2000-07-25,0.7486754059791565
2000-07-26,0.7486754059791565
2000-07-27,0.7776501178741455
2000-07-28,0.7225043773651123
2000-07-31,0.7598913908004761
2000-08-01,0.7374590039253235
2000-08-02,0.706615149974823
2000-08-03,0.7178312540054321
2000-08-04,0.7084842324256897
2000-08-07,0.716896653175354
2000-08-08,0.6991373300552368
2000-08-09,0.710353672504425
2000-08-10,0.7112882137298584
2000-08-11,0.7131580114364624
2000-08-14,0.7038112878799438
2000-08-15,0.6982027292251587
2000-08-16,0.7253085374832153
2000-08-17,0.7692386507987976
2000-08-18,0.7477405667304993
2000-08-21,0.7552183866500854
2000-08-22,0.7729766368865967
2000-08-23,0.8122334480285645
2000-08-24,0.8391053676605225
2000-08-25,0.8496204018592834
2000-08-28,0.8683136701583862
2000-08-29,0.8851385712623596
2000-08-30,0.8898113965988159
2000-08-31,0.911309540271759
2000-09-01,0.9486967921257019
2000-09-05,0.9337407946586609
2000-09-06,0.8739222288131714
2000-09-07,0.9271986484527588
2000-09-08,0.8804646730422974
2000-09-11,0.8739222288131714
2000-09-12,0.863640546798706
2000-09-13,0.8673790693283081
2000-09-14,0.8503217101097107
2000-09-15,0.8260198831558228
2000-09-18,0.9071030020713806
2000-09-19,0.896354615688324
2000-09-20,0.9129448533058167
2000-09-21,0.8477513194084167
2000-09-22,0.7804545760154724
2000-09-25,0.8000823855400085
2000-09-26,0.7692386507987976
2000-09-27,0.7318511605262756
2000-09-28,0.8000823855400085
2000-09-29,0.3850860595703125
2000-10-02,0.3626547157764435
2000-10-03,0.333679735660553
2000-10-04,0.3533075749874115
2000-10-05,0.32994046807289124
2000-10-06,0.3318098485469818
2000-10-09,0.3252672851085663
2000-10-10,0.31218189001083374
2000-10-11,0.2934879660606384
2000-10-12,0.2990964651107788
2000-10-13,0.32994046807289124
2000-10-16,0.3215288817882538
2000-10-17,0.30096569657325745
2000-10-18,0.30096569657325745
2000-10-19,0.28320711851119995
2000-10-20,0.291618674993515
2000-10-23,0.30470412969589233
2000-10-24,0.2822725176811218
2000-10-25,0.27666395902633667
2000-10-26,0.27666395902633667
2000-10-27,0.27759861946105957
2000-10-30,0.2888147234916687
2000-10-31,0.29255327582359314
2000-11-01,0.3065733015537262
2000-11-02,0.333679735660553
2000-11-03,0.33274421095848083
2000-11-06,0.32059434056282043
2000-11-07,0.31872430443763733
2000-11-08,0.3000311255455017
2000-11-09,0.3019002079963684
2000-11-10,0.2850763499736786
2000-11-13,0.289749413728714
2000-11-14,0.3028349280357361
2000-11-15,0.2972273528575897
2000-11-16,0.2841417193412781
2000-11-17,0.27666395902633667
2000-11-20,0.28320711851119995
2000-11-21,0.2813378870487213
2000-11-22,0.27666395902633667
2000-11-24,0.2888147234916687
2000-11-27,0.2794678211212158
2000-11-28,0.26965439319610596
2000-11-29,0.2626439332962036
2000-11-30,0.2467546910047531
2000-12-01,0.25516700744628906
2000-12-04,0.24955834448337555
2000-12-05,0.2542315423488617
2000-12-06,0.21404050290584564
2000-12-07,0.21404050290584564
2000-12-08,0.2252567857503891
2000-12-11,0.22712601721286774
2000-12-12,0.22993072867393494
2000-12-13,0.22432217001914978
2000-12-14,0.21591059863567352
2000-12-15,0.21030202507972717
2000-12-18,0.21310585737228394
2000-12-19,0.20936739444732666
2000-12-20,0.21497513353824615
2000-12-21,0.21030202507972717
2000-12-22,0.22432217001914978
2000-12-26,0.2196490317583084
2000-12-27,0.22151823341846466
2000-12-28,0.22151823341846466
2000-12-29,0.22245284914970398
2001-01-02,0.22245284914970398
2001-01-03,0.24488532543182373
2001-01-04,0.25516700744628906
2001-01-05,0.24488532543182373
2001-01-08,0.24768921732902527
2001-01-09,0.25703614950180054
2001-01-10,0.24768921732902527
2001-01-11,0.2691870629787445
2001-01-12,0.25703614950180054
2001-01-16,0.2561016082763672
2001-01-17,0.25142762064933777
2001-01-18,0.2794678211212158
2001-01-19,0.291618674993515
2001-01-22,0.2878802418708801
2001-01-23,0.3065733015537262
2001-01-24,0.3065733015537262
2001-01-25,0.29816189408302307
2001-01-26,0.29255327582359314
2001-01-29,0.32433274388313293
2001-01-30,0.3252672851085663
2001-01-31,0.32339808344841003
2001-02-01,0.31592029333114624
2001-02-02,0.30844351649284363
2001-02-05,0.3019002079963684
2001-02-06,0.31592029333114624
2001-02-07,0.3103127181529999
2001-02-08,0.3103127181529999
2001-02-09,0.2860110104084015
2001-02-12,0.29442334175109863
2001-02-13,0.2860110104084015
2001-02-14,0.291618674993515
2001-02-15,0.3000311255455017
2001-02-16,0.2841417193412781
2001-02-20,0.27386021614074707
2001-02-21,0.2822725176811218
2001-02-22,0.2813378870487213
2001-02-23,0.2813378870487213
2001-02-26,0.291618674993515
2001-02-27,0.289749413728714
2001-02-28,0.272925466299057
2001-03-01,0.280402272939682
2001-03-02,0.2878802418708801
2001-03-05,0.30470412969589233
2001-03-06,0.3215288817882538
2001-03-07,0.3177894949913025
2001-03-08,0.311247318983078
2001-03-09,0.3028349280357361
2001-03-12,0.2785332202911377
2001-03-13,0.29255327582359314
2001-03-14,0.30563884973526
2001-03-15,0.29442334175109863
2001-03-16,0.2934879660606384
2001-03-19,0.3075086772441864
2001-03-20,0.29442334175109863
2001-03-21,0.30096569657325745
2001-03-22,0.32339808344841003
2001-03-23,0.34396055340766907
2001-03-26,0.3257162272930145
2001-03-27,0.34201669692993164
2001-03-28,0.33154845237731934
2001-03-29,0.33693161606788635
2001-03-30,0.33005261421203613
2001-04-02,0.3228747546672821
2001-04-03,0.3026858866214752
2001-04-04,0.291618674993515
2001-04-05,0.31210729479789734
2001-04-06,0.30792003870010376
2001-04-09,0.30717214941978455
2001-04-10,0.32960373163223267
2001-04-11,0.32601526379585266
2001-04-12,0.335286945104599
2001-04-16,0.3206311762332916
2001-04-17,0.3050784766674042
2001-04-18,0.3408200144767761
2001-04-19,0.3846380412578583
2001-04-20,0.3744688034057617
2001-04-23,0.3626547157764435
2001-04-24,0.35936403274536133
2001-04-25,0.3696833848953247
2001-04-26,0.36923450231552124
2001-04-27,0.39181607961654663
2001-04-30,0.38119861483573914
2001-05-01,0.3877785801887512
2001-05-02,0.3976482152938843
2001-05-03,0.3732719123363495
2001-05-04,0.3850860595703125
2001-05-07,0.3732719123363495
2001-05-08,0.3674398362636566
2001-05-09,0.35861629247665405
2001-05-10,0.34396055340766907
2001-05-11,0.34171783924102783
2001-05-14,0.34829774498939514
2001-05-15,0.346653014421463
2001-05-16,0.3604109585285187
2001-05-17,0.3521861135959625
2001-05-18,0.3518873155117035
2001-05-21,0.3523353040218353
2001-05-22,0.3514383137226105
2001-05-23,0.347400039434433
2001-05-24,0.3469519317150116
2001-05-25,0.3403719663619995
2001-05-29,0.3210800588130951
2001-05-30,0.29580605030059814
2001-05-31,0.2983485162258148
2001-06-01,0.3124062418937683
2001-06-04,0.30896690487861633
2001-06-05,0.3131541311740875
2001-06-06,0.31001365184783936
2001-06-07,0.3239216208457947
2001-06-08,0.318836510181427
2001-06-11,0.29969432950019836
2001-06-12,0.3037327826023102
2001-06-13,0.30612537264823914
2001-06-14,0.2973015606403351
2001-06-15,0.3056764304637909
2001-06-18,0.304031640291214
2001-06-19,0.3019380271434784
2001-06-20,0.32407063245773315
2001-06-21,0.3363337218761444
2001-06-22,0.3328941762447357
2001-06-25,0.35876601934432983
2001-06-26,0.3551768362522125
2001-06-27,0.3490455150604248
2001-06-28,0.3520362377166748
2001-06-29,0.3476998507976532
2001-07-02,0.35742032527923584
2001-07-03,0.3565225601196289
2001-07-05,0.3468019366264343
2001-07-06,0.329454630613327
2001-07-09,0.3394741714000702
2001-07-10,0.31614482402801514
2001-07-11,0.33708155155181885
2001-07-12,0.36429932713508606
2001-07-13,0.37162715196609497
2001-07-16,0.35831722617149353
2001-07-17,0.37536564469337463
2001-07-18,0.3109106123447418
2001-07-19,0.2984984517097473
2001-07-20,0.2987974286079407
2001-07-23,0.2922174632549286
2001-07-24,0.2854875922203064
2001-07-25,0.2762150764465332
2001-07-26,0.2780097424983978
2001-07-27,0.2835429310798645
2001-07-30,0.2830949127674103
2001-07-31,0.2810012102127075
2001-08-01,0.2850385904312134
2001-08-02,0.29640471935272217
2001-08-03,0.291618674993515
2001-08-06,0.28608545660972595
2001-08-07,0.2878802418708801
2001-08-08,0.2826460003852844
2001-08-09,0.2848895788192749
2001-08-10,0.28444069623947144
2001-08-13,0.2854875922203064
2001-08-14,0.280103474855423
2001-08-15,0.2757670283317566
2001-08-16,0.27890750765800476
2001-08-17,0.2702338695526123
2001-08-20,0.2709808349609375
2001-08-21,0.26799023151397705
2001-08-22,0.27232757210731506
2001-08-23,0.26634547114372253
2001-08-24,0.27771079540252686
2001-08-27,0.28294503688812256
2001-08-28,0.27516821026802063
2001-08-29,0.26664435863494873
2001-08-30,0.26664435863494873
2001-08-31,0.27741169929504395
2001-09-04,0.272925466299057
2001-09-05,0.27741169929504395
2001-09-06,0.26499971747398376
2001-09-07,0.25841882824897766
2001-09-10,0.25976553559303284
2001-09-17,0.25408241152763367
2001-09-18,0.24346421658992767
2001-09-19,0.25453126430511475
2001-09-20,0.2344914823770523
2001-09-21,0.23523935675621033
2001-09-24,0.24600665271282196
2001-09-25,0.23239783942699432
2001-09-26,0.22656574845314026
2001-09-27,0.23194891214370728
2001-09-28,0.23194891214370728
2001-10-01,0.23239783942699432
2001-10-02,0.22506996989250183
2001-10-03,0.22402308881282806
2001-10-04,0.23748211562633514
2001-10-05,0.24137045443058014
2001-10-08,0.24226827919483185
2001-10-09,0.23927684128284454
2001-10-10,0.2515398859977722
2001-10-11,0.2652987241744995
2001-10-12,0.26933610439300537
2001-10-15,0.2690370976924896
2001-10-16,0.26933610439300537
2001-10-17,0.25408241152763367
2001-10-18,0.2691870629787445
2001-10-19,0.2736733555793762
2001-10-22,0.28444069623947144
2001-10-23,0.2712806463241577
2001-10-24,0.28339388966560364
2001-10-25,0.2869832515716553
2001-10-26,0.27920663356781006
2001-10-29,0.26365309953689575
2001-10-30,0.2632048726081848
2001-10-31,0.2626062333583832
2001-11-01,0.2780097424983978
2001-11-02,0.27771079540252686
2001-11-05,0.2851884365081787
2001-11-06,0.2926655113697052
2001-11-07,0.29296451807022095
2001-11-08,0.279804527759552
2001-11-09,0.279804527759552
2001-11-12,0.280402272939682
2001-11-13,0.2896748185157776
2001-11-14,0.2932642698287964
2001-11-15,0.2908707857131958
2001-11-16,0.2836928069591522
2001-11-19,0.2990964651107788
2001-11-20,0.2920674979686737
2001-11-21,0.2943111062049866
2001-11-23,0.2967037260532379
2001-11-26,0.31958428025245667
2001-11-27,0.31405109167099
2001-11-28,0.30702221393585205
2001-11-29,0.3053775429725647
2001-11-30,0.31853747367858887
2001-12-03,0.314799040555954
2001-12-04,0.33498790860176086
2001-12-05,0.3553265929222107
2001-12-06,0.3406709134578705
2001-12-07,0.33708155155181885
2001-12-10,0.33708155155181885
2001-12-11,0.3257162272930145
2001-12-12,0.3213789463043213
2001-12-13,0.31405109167099
2001-12-14,0.3049285411834717
2001-12-17,0.30836811661720276
2001-12-18,0.3142010569572449
2001-12-19,0.32332271337509155
2001-12-20,0.3091159760951996
2001-12-21,0.31405109167099
2001-12-24,0.3194352388381958
2001-12-26,0.3213789463043213
2001-12-27,0.33005261421203613
2001-12-28,0.3354368209838867
2001-12-31,0.32751011848449707
2002-01-02,0.3484468460083008
2002-01-03,0.3526341915130615
2002-01-04,0.35427984595298767
2002-01-07,0.34246566891670227
2002-01-08,0.3381284177303314
2002-01-09,0.32377156615257263
2002-01-10,0.3174906075000763
2002-01-11,0.314799040555954
2002-01-14,0.31629475951194763
2002-01-15,0.32451948523521423
2002-01-16,0.3107607364654541
2002-01-17,0.33618462085723877
2002-01-18,0.33154845237731934
2002-01-22,0.32631421089172363
2002-01-23,0.34425944089889526
2002-01-24,0.34710100293159485
2002-01-25,0.3476998507976532
2002-01-28,0.34799885749816895
2002-01-29,0.3450073301792145
2002-01-30,0.3602617383003235
2002-01-31,0.3696833848953247
2002-02-01,0.3650470972061157
2002-02-04,0.3791050314903259
2002-02-05,0.3805999159812927
2002-02-06,0.3689355254173279
2002-02-07,0.36340242624282837
2002-02-08,0.35936403274536133
2002-02-11,0.37357088923454285
2002-02-12,0.36953336000442505
2002-02-13,0.3740198016166687
2002-02-14,0.3678887188434601
2002-02-15,0.35742032527923584
2002-02-19,0.33827823400497437
2002-02-20,0.34590524435043335
2002-02-21,0.3215288817882538
2002-02-22,0.34007200598716736
2002-02-25,0.35607460141181946
2002-02-26,0.35398077964782715
2002-02-27,0.3284079432487488
2002-02-28,0.32451948523521423
2002-03-01,0.3506903350353241
2002-03-04,0.36325255036354065
2002-03-05,0.3518873155117035
2002-03-06,0.35996213555336
2002-03-07,0.36459821462631226
2002-03-08,0.36878564953804016
2002-03-11,0.3747677505016327
2002-03-12,0.3696833848953247
2002-03-13,0.36624303460121155
2002-03-14,0.36534616351127625
2002-03-15,0.3731229305267334
2002-03-18,0.36998239159584045
2002-03-19,0.37162715196609497
2002-03-20,0.37267404794692993
2002-03-21,0.3629534840583801
2002-03-22,0.3602617383003235
2002-03-25,0.34919464588165283
2002-03-26,0.35084035992622375
2002-03-27,0.35098934173583984
2002-03-28,0.35398077964782715
2002-04-01,0.3657950162887573
2002-04-02,0.35996213555336
2002-04-03,0.3551768362522125
2002-04-04,0.372374951839447
2002-04-05,0.36998239159584045
2002-04-08,0.36728987097740173
2002-04-09,0.3604109585285187
2002-04-10,0.36878564953804016
2002-04-11,0.3717769980430603
2002-04-12,0.3747677505016327
2002-04-15,0.37387073040008545
2002-04-16,0.3849371373653412
2002-04-17,0.3904702663421631
2002-04-18,0.38000187277793884
2002-04-19,0.37357088923454285
2002-04-22,0.3668418526649475
2002-04-23,0.3626547157764435
2002-04-24,0.3554757535457611
2002-04-25,0.36070990562438965
2002-04-26,0.3441103994846344
2002-04-29,0.35831722617149353
2002-04-30,0.3629534840583801
2002-05-01,0.35861629247665405
2002-05-02,0.35427984595298767
2002-05-03,0.3515872657299042
2002-05-06,0.3387262225151062
2002-05-07,0.33603474497795105
2002-05-08,0.364449143409729
2002-05-09,0.3617568016052246
2002-05-10,0.3487466275691986
2002-05-13,0.3580183982849121
2002-05-14,0.3829925060272217
2002-05-15,0.37805813550949097
2002-05-16,0.377011239528656
2002-05-17,0.3740198016166687
2002-05-20,0.36998239159584045
2002-05-21,0.35084035992622375
2002-05-22,0.36370131373405457
2002-05-23,0.3765623867511749
2002-05-24,0.36115872859954834
2002-05-28,0.35861629247665405
2002-05-29,0.35861629247665405
2002-05-30,0.3619067072868347
2002-05-31,0.3484468460083008
2002-06-03,0.3426147699356079
2002-06-04,0.3406709134578705
2002-06-05,0.33977317810058594
2002-06-06,0.33139848709106445
2002-06-07,0.32003316283226013
2002-06-10,0.32122913002967834
2002-06-11,0.30597546696662903
2002-06-12,0.3004421889781952
2002-06-13,0.2922174632549286
2002-06-14,0.3005921244621277
2002-06-17,0.30717214941978455
2002-06-18,0.30133917927742004
2002-06-19,0.2560262382030487
2002-06-20,0.25587713718414307
2002-06-21,0.2519887089729309
2002-06-24,0.2582697570323944
2002-06-25,0.25632524490356445
2002-06-26,0.24750252068042755
2002-06-27,0.25512924790382385
2002-06-28,0.26499971747398376
2002-07-01,0.25512924790382385
2002-07-02,0.253334641456604
2002-07-03,0.26245713233947754
2002-07-05,0.28025344014167786
2002-07-08,0.26933610439300537
2002-07-09,0.2621580958366394
2002-07-10,0.2590176463127136
2002-07-11,0.2736733555793762
2002-07-12,0.26185905933380127
2002-07-15,0.2726265788078308
2002-07-16,0.2670932710170746
2002-07-17,0.23374368250370026
2002-07-18,0.22417303919792175
2002-07-19,0.2237241417169571
2002-07-22,0.22312621772289276
2002-07-23,0.21639622747898102
2002-07-24,0.2273135483264923
2002-07-25,0.21475152671337128
2002-07-26,0.21445171535015106
2002-07-29,0.22462105751037598
2002-07-30,0.23075298964977264
2002-07-31,0.22821050882339478
2002-08-01,0.22133155167102814
2002-08-02,0.21609726548194885
2002-08-05,0.20921750366687775
2002-08-06,0.22043371200561523
2002-08-07,0.2247709482908249
2002-08-08,0.2288084626197815
2002-08-09,0.22432217001914978
2002-08-12,0.22417303919792175
2002-08-13,0.2181909829378128
2002-08-14,0.22686468064785004
2002-08-15,0.23344466090202332
2002-08-16,0.23643529415130615
2002-08-19,0.2389778345823288
2002-08-20,0.237931028008461
2002-08-21,0.24107158184051514
2002-08-22,0.23882873356342316
2002-08-23,0.23523935675621033
2002-08-26,0.23224800825119019
2002-08-27,0.22207942605018616
2002-08-28,0.21983584761619568
2002-08-29,0.21983584761619568
2002-08-30,0.2205837219953537
2002-09-03,0.2101152539253235
2002-09-04,0.21654534339904785
2002-09-05,0.21205909550189972
2002-09-06,0.21505044400691986
2002-09-09,0.21490056812763214
2002-09-10,0.2143026739358902
2002-09-11,0.2137046605348587
2002-09-12,0.21146106719970703
2002-09-13,0.2119099497795105
2002-09-16,0.21684519946575165
2002-09-17,0.22133155167102814
2002-09-18,0.22462105751037598
2002-09-19,0.2180410623550415
2002-09-20,0.22237834334373474
2002-09-23,0.22207942605018616
2002-09-24,0.21893887221813202
2002-09-25,0.22327525913715363
2002-09-26,0.21983584761619568
2002-09-27,0.22013477981090546
2002-09-30,0.21684519946575165
2002-10-01,0.21699422597885132
2002-10-02,0.2119099497795105
2002-10-03,0.21385374665260315
2002-10-04,0.20981629192829132
2002-10-07,0.20592796802520752
2002-10-08,0.2045821249485016
2002-10-09,0.20323634147644043
2002-10-10,0.21101227402687073
2002-10-11,0.21699422597885132
2002-10-14,0.22088265419006348
2002-10-15,0.22671474516391754
2002-10-16,0.21774214506149292
2002-10-17,0.21101227402687073
2002-10-18,0.21445171535015106
2002-10-21,0.21774214506149292
2002-10-22,0.21983584761619568
2002-10-23,0.22252735495567322
2002-10-24,0.2196858823299408
2002-10-25,0.2306031584739685
2002-10-28,0.23344466090202332
2002-10-29,0.23090215027332306
2002-10-30,0.2389778345823288
2002-10-31,0.2403237223625183
2002-11-01,0.244660884141922
2002-11-04,0.2525865435600281
2002-11-05,0.2527366876602173
2002-11-06,0.2575218975543976
2002-11-07,0.23927684128284454
2002-11-08,0.23688417673110962
2002-11-11,0.22671474516391754
2002-11-12,0.233893483877182
2002-11-13,0.23314563930034637
2002-11-14,0.24376317858695984
2002-11-15,0.23852892220020294
2002-11-18,0.23404256999492645
2002-11-19,0.22836041450500488
2002-11-20,0.23224800825119019
2002-11-21,0.24451090395450592
2002-11-22,0.23942667245864868
2002-11-25,0.23882873356342316
2002-11-26,0.23045402765274048
2002-11-27,0.2350894808769226
2002-11-29,0.2317998707294464
2002-12-02,0.2270137369632721
2002-12-03,0.22671474516391754
2002-12-04,0.22387319803237915
2002-12-05,0.21878886222839355
2002-12-06,0.2235742062330246
2002-12-09,0.2205837219953537
2002-12-10,0.22850953042507172
2002-12-11,0.23165003955364227
2002-12-12,0.2271636426448822
2002-12-13,0.22118152678012848
2002-12-16,0.22207942605018616
2002-12-17,0.2255188673734665
2002-12-18,0.21789206564426422
2002-12-19,0.2123580276966095
2002-12-20,0.21146106719970703
2002-12-23,0.21669526398181915
2002-12-24,0.21475152671337128
2002-12-26,0.21534939110279083
2002-12-27,0.21026435494422913
2002-12-30,0.21041426062583923
2002-12-31,0.2143026739358902
2003-01-02,0.22133155167102814
2003-01-03,0.22282633185386658
2003-01-06,0.22282633185386658
2003-01-07,0.22207942605018616
2003-01-08,0.21759212017059326
2003-01-09,0.21953678131103516
2003-01-10,0.22013477981090546
2003-01-13,0.21878886222839355
2003-01-14,0.21848995983600616
2003-01-15,0.21579833328723907
2003-01-16,0.21863903105258942
2003-01-17,0.21086306869983673
2003-01-21,0.2096664309501648
2003-01-22,0.20757274329662323
2003-01-23,0.2119099497795105
2003-01-24,0.2063768059015274
2003-01-27,0.2113112211227417
2003-01-28,0.2180410623550415
2003-01-29,0.22327525913715363
2003-01-30,0.21415267884731293
2003-01-31,0.21475152671337128
2003-02-03,0.21923784911632538
2003-02-04,0.21834002435207367
2003-02-05,0.21609726548194885
2003-02-06,0.21579833328723907
2003-02-07,0.21161098778247833
2003-02-10,0.21460160613059998
2003-02-11,0.21460160613059998
2003-02-12,0.2151995450258255
2003-02-13,0.21744315326213837
2003-02-14,0.21938687562942505
2003-02-18,0.22836041450500488
2003-02-19,0.22207942605018616
2003-02-20,0.22088265419006348
2003-02-21,0.22432217001914978
2003-02-24,0.22043371200561523
2003-02-25,0.22462105751037598
2003-02-26,0.21684519946575165
2003-02-27,0.22222840785980225
2003-02-28,0.2244720607995987
2003-03-03,0.21908794343471527
2003-03-04,0.21774214506149292
2003-03-05,0.21863903105258942
2003-03-06,0.21774214506149292
2003-03-07,0.21729329228401184
2003-03-10,0.21490056812763214
2003-03-11,0.21280689537525177
2003-03-12,0.21265780925750732
2003-03-13,0.22013477981090546
2003-03-14,0.2210325300693512
2003-03-17,0.2244720607995987
2003-03-18,0.22432217001914978
2003-03-19,0.2235742062330246
2003-03-20,0.22297632694244385
2003-03-21,0.22432217001914978
2003-03-24,0.21490056812763214
2003-03-25,0.21759212017059326
2003-03-26,0.21549856662750244
2003-03-27,0.21669526398181915
2003-03-28,0.21789206564426422
2003-03-31,0.21146106719970703
2003-04-01,0.21176008880138397
2003-04-02,0.21834002435207367
2003-04-03,0.21624641120433807
2003-04-04,0.21549856662750244
2003-04-07,0.21669526398181915
2003-04-08,0.21609726548194885
2003-04-09,0.21220894157886505
2003-04-10,0.21490056812763214
2003-04-11,0.19740331172943115
2003-04-14,0.20308639109134674
2003-04-15,0.20024487376213074
2003-04-16,0.1980021446943283
2003-04-17,0.19620740413665771
2003-04-21,0.19650638103485107
2003-04-22,0.20203952491283417
2003-04-23,0.20308639109134674
2003-04-24,0.20099270343780518
2003-04-25,0.19964690506458282
2003-04-28,0.20727375149726868
2003-04-29,0.21026435494422913
2003-04-30,0.21265780925750732
2003-05-01,0.21475152671337128
2003-05-02,0.21609726548194885
2003-05-05,0.24062256515026093
2003-05-06,0.2617092728614807
2003-05-07,0.2639528512954712
2003-05-08,0.2691870629787445
2003-05-09,0.2736733555793762
2003-05-12,0.27756181359291077
2003-05-13,0.27920663356781006
2003-05-14,0.27741169929504395
2003-05-15,0.280103474855423
2003-05-16,0.28115031123161316
2003-05-19,0.2706819176673889
2003-05-20,0.2660464644432068
2003-05-21,0.26694339513778687
2003-05-22,0.2727756202220917
2003-05-23,0.27397245168685913
2003-05-27,0.28234705328941345
2003-05-28,0.27337443828582764
2003-05-29,0.2706819176673889
2003-05-30,0.2684391438961029
2003-06-02,0.2609613835811615
2003-06-03,0.25886768102645874
2003-06-04,0.2632048726081848
2003-06-05,0.2638028562068939
2003-06-06,0.2564750909805298
2003-06-09,0.251090943813324
2003-06-10,0.2569238245487213
2003-06-11,0.2609613835811615
2003-06-12,0.26574674248695374
2003-06-13,0.2605125904083252
2003-06-16,0.27322453260421753
2003-06-17,0.27202776074409485
2003-06-18,0.2859363853931427
2003-06-19,0.28623542189598083
2003-06-20,0.2871323227882385
2003-06-23,0.2850385904312134
2003-06-24,0.2808513045310974
2003-06-25,0.2854875922203064
2003-06-26,0.28847813606262207
2003-06-27,0.280103474855423
2003-06-30,0.2850385904312134
2003-07-01,0.2854875922203064
2003-07-02,0.2881792485713959
2003-07-03,0.28608545660972595
2003-07-07,0.2971518337726593
2003-07-08,0.3050784766674042
2003-07-09,0.29745155572891235
2003-07-10,0.2928154170513153
2003-07-11,0.29685282707214355
2003-07-14,0.2976005971431732
2003-07-15,0.2932642698287964
2003-07-16,0.2971518337726593
2003-07-17,0.3125554621219635
2003-07-18,0.31195735931396484
2003-07-21,0.3082190752029419
2003-07-22,0.31106048822402954
2003-07-23,0.3109106123447418
2003-07-24,0.3067232668399811
2003-07-25,0.3221268057823181
2003-07-28,0.3139011561870575
2003-07-29,0.309863805770874
2003-07-30,0.30328384041786194
2003-07-31,0.3152478337287903
2003-08-01,0.31001365184783936
2003-08-04,0.31719160079956055
2003-08-05,0.30477941036224365
2003-08-06,0.29356327652931213
2003-08-07,0.2980495095252991
2003-08-08,0.2937123477458954
2003-08-11,0.29401135444641113
2003-08-12,0.29461008310317993
2003-08-13,0.3017880916595459
2003-08-14,0.29864755272865295
2003-08-15,0.2947590947151184
2003-08-18,0.30418071150779724
2003-08-19,0.30388179421424866
2003-08-20,0.3142010569572449
2003-08-21,0.3242203891277313
2003-08-22,0.3122563660144806
2003-08-25,0.31195735931396484
2003-08-26,0.314799040555954
2003-08-27,0.32122913002967834
2003-08-28,0.3318473696708679
2003-08-29,0.3381284177303314
2003-09-02,0.34171783924102783
2003-09-03,0.34321266412734985
2003-09-04,0.3414187729358673
2003-09-05,0.33648359775543213
2003-09-08,0.34007200598716736
2003-09-09,0.3345389664173126
2003-09-10,0.33169740438461304
2003-09-11,0.33738067746162415
2003-09-12,0.34545621275901794
2003-09-15,0.33214643597602844
2003-09-16,0.33438995480537415
2003-09-17,0.33080050349235535
2003-09-18,0.34216585755348206
2003-09-19,0.33767953515052795
2003-09-22,0.3302026093006134
2003-09-23,0.3354368209838867
2003-09-24,0.318836510181427
2003-09-25,0.3055264949798584
2003-09-26,0.30941489338874817
2003-09-29,0.31853747367858887
2003-09-30,0.309863805770874
2003-10-01,0.3109106123447418
2003-10-02,0.30762019753456116
2003-10-03,0.3243694603443146
2003-10-06,0.3333429992198944
2003-10-07,0.34725087881088257
2003-10-08,0.3448582589626312
2003-10-09,0.3506903350353241
2003-10-10,0.3541298806667328
2003-10-13,0.36414942145347595
2003-10-14,0.36714085936546326
2003-10-15,0.3711782395839691
2003-10-16,0.3476998507976532
2003-10-17,0.3402220904827118
2003-10-20,0.34725087881088257
2003-10-21,0.346653014421463
2003-10-22,0.3403719663619995
2003-10-23,0.34381136298179626
2003-10-24,0.3379783630371094
2003-10-27,0.3379783630371094
2003-10-28,0.3547278344631195
2003-10-29,0.35427984595298767
2003-10-30,0.34530630707740784
2003-10-31,0.34231576323509216
2003-11-03,0.34620410203933716
2003-11-04,0.3426147699356079
2003-11-05,0.34440934658050537
2003-11-06,0.3457552194595337
2003-11-07,0.33648359775543213
2003-11-10,0.32751011848449707
2003-11-11,0.3221268057823181
2003-11-12,0.3339410722255707
2003-11-13,0.335286945104599
2003-11-14,0.3209300935268402
2003-11-17,0.31599485874176025
2003-11-18,0.30522745847702026
2003-11-19,0.3053775429725647
2003-11-20,0.30477941036224365
2003-11-21,0.30328384041786194
2003-11-24,0.31629475951194763
2003-11-25,0.3092658519744873
2003-11-26,0.309863805770874
2003-11-28,0.31270521879196167
2003-12-01,0.32466933131217957
2003-12-02,0.3221268057823181
2003-12-03,0.31449997425079346
2003-12-04,0.31629475951194763
2003-12-05,0.31180745363235474
2003-12-08,0.314799040555954
2003-12-09,0.3058263957500458
2003-12-10,0.30477941036224365
2003-12-11,0.31719160079956055
2003-12-12,0.3124062418937683
2003-12-15,0.30163896083831787
2003-12-16,0.30089113116264343
2003-12-17,0.2973015606403351
2003-12-18,0.29969432950019836
2003-12-19,0.29461008310317993
2003-12-22,0.29685282707214355
2003-12-23,0.2962547838687897
2003-12-24,0.30522745847702026
2003-12-26,0.3107607364654541
2003-12-29,0.31629475951194763
2003-12-30,0.3182384967803955
2003-12-31,0.31958428025245667
2004-01-02,0.3182384967803955
2004-01-05,0.33154845237731934
2004-01-06,0.33035171031951904
2004-01-07,0.33782944083213806
2004-01-08,0.34934455156326294
2004-01-09,0.34396055340766907
2004-01-12,0.3548777401447296
2004-01-13,0.36070990562438965
2004-01-14,0.3619067072868347
2004-01-15,0.34171783924102783
2004-01-16,0.33977317810058594
2004-01-20,0.33992305397987366
2004-01-21,0.3381284177303314
2004-01-22,0.33169740438461304
2004-01-23,0.33738067746162415
2004-01-26,0.3441103994846344
2004-01-27,0.3450073301792145
2004-01-28,0.33678266406059265
2004-01-29,0.33917516469955444
2004-01-30,0.33738067746162415
2004-02-02,0.33379101753234863
2004-02-03,0.3328941762447357
2004-02-04,0.32586535811424255
2004-02-05,0.335286945104599
2004-02-06,0.33962419629096985
2004-02-09,0.33902522921562195
2004-02-10,0.3436615765094757
2004-02-11,0.35592469573020935
2004-02-12,0.3548777401447296
2004-02-13,0.34396055340766907
2004-02-17,0.3463531732559204
2004-02-18,0.34784895181655884
2004-02-19,0.33603474497795105
2004-02-20,0.33498790860176086
2004-02-23,0.3318473696708679
2004-02-24,0.33438995480537415
2004-02-25,0.34111905097961426
2004-02-26,0.34455928206443787
2004-02-27,0.35771921277046204
2004-03-01,0.3592149615287781
2004-03-02,0.35607460141181946
2004-03-03,0.35771921277046204
2004-03-04,0.3762633204460144
2004-03-05,0.3998918831348419
2004-03-08,0.3888254761695862
2004-03-09,0.405275821685791
2004-03-10,0.41394951939582825
2004-03-11,0.4060229957103729
2004-03-12,0.41215479373931885
2004-03-15,0.3955545425415039
2004-03-16,0.38613298535346985
2004-03-17,0.3916670083999634
2004-03-18,0.3838902711868286
2004-03-19,0.38673165440559387
2004-03-22,0.38673165440559387
2004-03-23,0.37820717692375183
2004-03-24,0.3813476860523224
2004-03-25,0.40183553099632263
2004-03-26,0.40437811613082886
2004-03-29,0.4173889756202698
2004-03-30,0.41753798723220825
2004-03-31,0.40437811613082886
2004-04-01,0.40542489290237427
2004-04-02,0.4112570285797119
2004-04-05,0.42352017760276794
2004-04-06,0.41619226336479187
2004-04-07,0.40841636061668396
2004-04-08,0.4117058515548706
2004-04-12,0.4193328619003296
2004-04-13,0.4027332067489624
2004-04-14,0.3983961045742035
2004-04-15,0.43817588686943054
2004-04-16,0.43638119101524353
2004-04-19,0.4239690601825714
2004-04-20,0.4146974980831146
2004-04-21,0.4146974980831146
2004-04-22,0.41544440388679504
2004-04-23,0.4142484664916992
2004-04-26,0.4057239294052124
2004-04-27,0.40288227796554565
2004-04-28,0.3955545425415039
2004-04-29,0.40034064650535583
2004-04-30,0.3855349123477936
2004-05-03,0.38987234234809875
2004-05-04,0.3909190893173218
2004-05-05,0.39854586124420166
2004-05-06,0.39749908447265625
2004-05-07,0.3988449275493622
2004-05-10,0.39301276206970215
2004-05-11,0.4058738648891449
2004-05-12,0.40826648473739624
2004-05-13,0.40662169456481934
2004-05-14,0.4046771228313446
2004-05-17,0.3983961045742035
2004-05-18,0.4046771228313446
2004-05-19,0.39585432410240173
2004-05-20,0.3994428217411041
2004-05-21,0.40542489290237427
2004-05-24,0.40886440873146057
2004-05-25,0.4248659014701843
2004-05-26,0.42636165022850037
2004-05-27,0.42127737402915955
2004-05-28,0.419631689786911
2004-06-01,0.419631689786911
2004-06-02,0.4324937164783478
2004-06-03,0.42471688985824585
2004-06-04,0.43039995431900024
2004-06-07,0.44580256938934326
2004-06-08,0.45387816429138184
2004-06-09,0.4516357183456421
2004-06-10,0.4597112536430359
2004-06-14,0.45043885707855225
2004-06-15,0.45896339416503906
2004-06-16,0.48962074518203735
2004-06-17,0.4906674921512604
2004-06-18,0.4921633303165436
2004-06-21,0.4834887683391571
2004-06-22,0.4935093820095062
2004-06-23,0.5039774179458618
2004-06-24,0.4962007701396942
2004-06-25,0.5039774179458618
2004-06-28,0.48588213324546814
2004-06-29,0.4860314428806305
2004-06-30,0.4866294264793396
2004-07-01,0.48304086923599243
2004-07-02,0.46479567885398865
2004-07-06,0.46285194158554077
2004-07-07,0.45447731018066406
2004-07-08,0.4507380425930023
2004-07-09,0.4490930736064911
2004-07-12,0.4357832372188568
2004-07-13,0.43697991967201233
2004-07-14,0.44236305356025696
2004-07-15,0.4924624264240265
2004-07-16,0.48154500126838684
2004-07-19,0.47810545563697815
2004-07-20,0.48154500126838684
2004-07-21,0.47287142276763916
2004-07-22,0.47376835346221924
2004-07-23,0.4591125249862671
2004-07-26,0.4674873650074005
2004-07-27,0.484984427690506
2004-07-28,0.4825921058654785
2004-07-29,0.4881250858306885
2004-07-30,0.48363882303237915
2004-08-02,0.4722733497619629
2004-08-03,0.4679361581802368
2004-08-04,0.4754140377044678
2004-08-05,0.46943187713623047
2004-08-06,0.44535475969314575
2004-08-09,0.4531306028366089
2004-08-10,0.47137564420700073
2004-08-11,0.4637488126754761
2004-08-12,0.4541774392127991
2004-08-13,0.461206316947937
2004-08-16,0.4603092670440674
2004-08-17,0.4616551399230957
2004-08-18,0.474666029214859
2004-08-19,0.45926252007484436
2004-08-20,0.46060845255851746
2004-08-23,0.46479567885398865
2004-08-24,0.4778067469596863
2004-08-25,0.49425700306892395
2004-08-26,0.5183344483375549
2004-08-27,0.5136980414390564
2004-08-30,0.5102584958076477
2004-08-31,0.5157917141914368
2004-09-01,0.536279559135437
2004-09-02,0.5332887172698975
2004-09-03,0.5268580317497253
2004-09-07,0.5347838997840881
2004-09-08,0.543607234954834
2004-09-09,0.5338867902755737
2004-09-10,0.5364296436309814
2004-09-13,0.5322420597076416
2004-09-14,0.5307462811470032
2004-09-15,0.526408851146698
2004-09-16,0.543607234954834
2004-09-17,0.5554215908050537
2004-09-20,0.563946008682251
2004-09-21,0.5684322714805603
2004-09-22,0.5521320104598999
2004-09-23,0.5573662519454956
2004-09-24,0.557665228843689
2004-09-27,0.5612547993659973
2004-09-28,0.5688813924789429
2004-09-29,0.5784520506858826
2004-09-30,0.579498827457428
2004-10-01,0.5783031582832336
2004-10-04,0.5800975561141968
2004-10-05,0.5887710452079773
2004-10-06,0.6077635884284973
2004-10-07,0.5925095677375793
2004-10-08,0.5841349959373474
2004-10-11,0.5771061778068542
2004-10-12,0.5726198554039001
2004-10-13,0.5944538116455078
2004-10-14,0.6726674437522888
2004-10-15,0.6804441809654236
2004-10-18,0.7140929698944092
2004-10-19,0.7091576457023621
2004-10-20,0.7099054455757141
2004-10-21,0.7169334292411804
2004-10-22,0.7090076208114624
2004-10-25,0.7111012935638428
2004-10-26,0.7173824310302734
2004-10-27,0.7522270679473877
2004-10-28,0.7804915308952332
2004-10-29,0.7836321592330933
2004-11-01,0.7843799591064453
2004-11-02,0.8000823855400085
2004-11-03,0.8271512985229492
2004-11-04,0.8142892718315125
2004-11-05,0.8183276653289795
2004-11-08,0.8132426142692566
2004-11-09,0.8083082437515259
2004-11-10,0.818776547908783
2004-11-11,0.82700115442276
2004-11-12,0.8299919962882996
2004-11-15,0.8261041641235352
2004-11-16,0.8216173648834229
2004-11-17,0.8210192322731018
2004-11-18,0.8283471465110779
2004-11-19,0.8250575661659241
2004-11-22,0.9174782633781433
2004-11-23,0.9162817001342773
2004-11-24,0.9578558802604675
2004-11-26,0.9653339385986328
2004-11-29,1.023508071899414
2004-11-30,1.002720594406128
2004-12-01,1.0137869119644165
2004-12-02,0.9752032160758972
2004-12-03,0.9373680353164673
2004-12-06,0.9837276935577393
2004-12-07,0.9405087828636169
2004-12-08,0.9463409781455994
2004-12-09,0.9569591879844666
2004-12-10,0.9743061661720276
2004-12-13,0.9707170724868774
2004-12-14,0.976399838924408
2004-12-15,0.9759505987167358
2004-12-16,0.9959914088249207
2004-12-17,0.9719138145446777
2004-12-20,0.9379659295082092
2004-12-21,0.9524719715118408
2004-12-22,0.9533696174621582
2004-12-23,0.9572581052780151
2004-12-27,0.9445458054542542
2004-12-28,0.9597996473312378
2004-12-29,0.9636884927749634
2004-12-30,0.9690722227096558
2004-12-31,0.9630900025367737
2005-01-03,0.9464907646179199
2005-01-04,0.9562109112739563
2005-01-05,0.9645861387252808
2005-01-06,0.9653339385986328
2005-01-07,1.035620927810669
2005-01-10,1.0312843322753906
2005-01-11,0.965482771396637
2005-01-12,0.9789424538612366
2005-01-13,1.0438463687896729
2005-01-14,1.0498276948928833
2005-01-18,1.0565574169158936
2005-01-19,1.0450420379638672
2005-01-20,1.0537160634994507
2005-01-21,1.0541646480560303
2005-01-24,1.0582022666931152
2005-01-25,1.077494502067566
2005-01-26,1.0804855823516846
2005-01-27,1.0863181352615356
2005-01-28,1.1063573360443115
2005-01-31,1.1500252485275269
2005-02-01,1.1594469547271729
2005-02-02,1.1908519268035889
2005-02-03,1.1636333465576172
2005-02-04,1.17903733253479
2005-02-07,1.1805332899093628
2005-02-08,1.2098442316055298
2005-02-09,1.1775413751602173
2005-02-10,1.171859622001648
2005-02-11,1.2144806385040283
2005-02-14,1.2656255960464478
2005-02-15,1.3221551179885864
2005-02-16,1.3478779792785645
2005-02-17,1.3131825923919678
2005-02-18,1.298228144645691
2005-02-22,1.275496244430542
2005-02-23,1.3194639682769775
2005-02-24,1.3299318552017212
2005-02-25,1.3308286666870117
2005-02-28,1.3417463302612305
2005-03-01,1.3309788703918457
2005-03-02,1.3196128606796265
2005-03-03,1.2499234676361084
2005-03-04,1.2804317474365234
2005-03-07,1.2786368131637573
2005-03-08,1.2122371196746826
2005-03-09,1.1769438982009888
2005-03-10,1.1913007497787476
2005-03-11,1.2044603824615479
2005-03-14,1.2059569358825684
2005-03-15,1.2250986099243164
2005-03-16,1.2316786050796509
2005-03-17,1.2636818885803223
2005-03-18,1.2849180698394775
2005-03-21,1.3070504665374756
2005-03-22,1.2810300588607788
2005-03-23,1.2726547718048096
2005-03-24,1.2711585760116577
2005-03-28,1.2720568180084229
2005-03-29,1.2487266063690186
2005-03-30,1.2801316976547241
2005-03-31,1.2463338375091553
2005-04-01,1.2230050563812256
2005-04-04,1.2289866209030151
2005-04-05,1.2529140710830688
2005-04-06,1.2660751342773438
2005-04-07,1.3028632402420044
2005-04-08,1.3082473278045654
2005-04-11,1.2538118362426758
2005-04-12,1.2759443521499634
2005-04-13,1.227490782737732
2005-04-14,1.1144322156906128
2005-04-15,1.0573055744171143
2005-04-18,1.0653811693191528
2005-04-19,1.1093482971191406
2005-04-20,1.0620907545089722
2005-04-21,1.1120399236679077
2005-04-22,1.0617915391921997
2005-04-25,1.1060580015182495
2005-04-26,1.0824297666549683
2005-04-27,1.0752516984939575
2005-04-28,1.0629888772964478
2005-04-29,1.078541874885559
2005-05-02,1.0896075963974
2005-05-03,1.0830272436141968
2005-05-04,1.111142873764038
2005-05-05,1.0970852375030518
2005-05-06,1.1138343811035156
2005-05-09,1.1057589054107666
2005-05-10,1.0893086194992065
2005-05-11,1.065082311630249
2005-05-12,1.0208162069320679
2005-05-13,1.039958119392395
2005-05-16,1.0632874965667725
2005-05-17,1.057604193687439
2005-05-18,1.0719609260559082
2005-05-19,1.1231061220169067
2005-05-20,1.1231061220169067
2005-05-23,1.1892062425613403
2005-05-24,1.1874122619628906
2005-05-25,1.189805030822754
2005-05-26,1.2185183763504028
2005-05-27,1.213134765625
2005-05-31,1.1892062425613403
2005-06-01,1.2053585052490234
2005-06-02,1.1975815296173096
2005-06-03,1.1437442302703857
2005-06-06,1.1341735124588013
2005-06-07,1.0928981304168701
2005-06-08,1.104263424873352
2005-06-09,1.1260979175567627
2005-06-10,1.0710638761520386
2005-06-13,1.0737556219100952
2005-06-14,1.0767465829849243
2005-06-15,1.110543966293335
2005-06-16,1.1359679698944092
2005-06-17,1.1458371877670288
2005-06-20,1.1249014139175415
2005-06-21,1.132379174232483
2005-06-22,1.1530165672302246
2005-06-23,1.163185715675354
2005-06-24,1.129387378692627
2005-06-27,1.1096467971801758
2005-06-28,1.1159286499023438
2005-06-29,1.0878134965896606
2005-06-30,1.1009732484817505
2005-07-01,1.0917009115219116
2005-07-05,1.1359679698944092
2005-07-06,1.1183209419250488
2005-07-07,1.1254997253417969
2005-07-08,1.14404296875
2005-07-11,1.139556646347046
2005-07-12,1.1437442302703857
2005-07-13,1.1470341682434082
2005-07-14,1.218817114830017
2005-07-15,1.2427455186843872
2005-07-18,1.2409509420394897
2005-07-19,1.291797161102295
2005-07-20,1.3049571514129639
2005-07-21,1.2947874069213867
2005-07-22,1.3160240650177002
2005-07-25,1.3103406429290771
2005-07-26,1.3049571514129639
2005-07-27,1.31572425365448
2005-07-28,1.310042142868042
2005-07-29,1.2756457328796387
2005-08-01,1.2786368131637573
2005-08-02,1.291797161102295
2005-08-03,1.2926934957504272
2005-08-04,1.277440071105957
2005-08-05,1.2858147621154785
2005-08-08,1.2756457328796387
2005-08-09,1.3106399774551392
2005-08-10,1.2974798679351807
2005-08-11,1.3160240650177002
2005-08-12,1.3788341283798218
2005-08-15,1.426091194152832
2005-08-16,1.3833203315734863
2005-08-17,1.4102392196655273
2005-08-18,1.3848156929016113
2005-08-19,1.3707586526870728
2005-08-22,1.3719549179077148
2005-08-23,1.3680659532546997
2005-08-24,1.3689634799957275
2005-08-25,1.3776373863220215
2005-08-26,1.3680659532546997
2005-08-29,1.3710578680038452
2005-08-30,1.3928914070129395
2005-08-31,1.4024626016616821
2005-09-01,1.3836201429367065
2005-09-02,1.3824232816696167
2005-09-06,1.4595900774002075
2005-09-07,1.4560004472732544
2005-09-08,1.488901138305664
2005-09-09,1.534663438796997
2005-09-12,1.5373549461364746
2005-09-13,1.5200074911117554
2005-09-14,1.4838171005249023
2005-09-15,1.491592526435852
2005-09-16,1.5316723585128784
2005-09-19,1.5744433403015137
2005-09-20,1.5908933877944946
2005-09-21,1.558590292930603
2005-09-22,1.5523090362548828
2005-09-23,1.591192364692688
2005-09-26,1.6103345155715942
2005-09-27,1.5983703136444092
2005-09-28,1.5277843475341797
2005-09-29,1.5654703378677368
2005-09-30,1.6034551858901978
2005-10-03,1.628280520439148
2005-10-04,1.6076431274414062
2005-10-05,1.5786303281784058
2005-10-06,1.5463281869888306
2005-10-07,1.534363865852356
2005-10-10,1.5065486431121826
2005-10-11,1.5430383682250977
2005-10-12,1.473049283027649
2005-10-13,1.6073439121246338
2005-10-14,1.6151199340820312
2005-10-17,1.5983703136444092
2005-10-18,1.561582088470459
2005-10-19,1.6432353258132935
2005-10-20,1.6791269779205322
2005-10-21,1.6647696495056152
2005-10-24,1.6985676288604736
2005-10-25,1.6779297590255737
2005-10-26,1.7057462930679321
2005-10-27,1.6572927236557007
2005-10-28,1.6291773319244385
2005-10-31,1.7224957942962646
2005-11-01,1.719803810119629
2005-11-02,1.793081521987915
2005-11-03,1.849911093711853
2005-11-04,1.8289741277694702
2005-11-07,1.8014564514160156
2005-11-08,1.7915878295898438
2005-11-09,1.797868251800537
2005-11-10,1.8298711776733398
2005-11-11,1.8406379222869873
2005-11-14,1.8379467725753784
2005-11-15,1.8627729415893555
2005-11-16,1.9426301717758179
2005-11-17,1.9297693967819214
2005-11-18,1.930965542793274
2005-11-21,1.9429301023483276
2005-11-22,1.9895886182785034
2005-11-23,2.007235288619995
2005-11-25,2.07393479347229
2005-11-28,2.0835046768188477
2005-11-29,2.03684663772583
2005-11-30,2.028470993041992
2005-12-01,2.1415293216705322
2005-12-02,2.172337532043457
2005-12-05,2.1481106281280518
2005-12-06,2.2148079872131348
2005-12-07,2.2118165493011475
2005-12-08,2.215705394744873
2005-12-09,2.2231833934783936
2005-12-12,2.240530252456665
2005-12-13,2.242624044418335
2005-12-14,2.1537928581237793
2005-12-15,2.1588776111602783
2005-12-16,2.126873254776001
2005-12-19,2.1349496841430664
2005-12-20,2.156782865524292
2005-12-21,2.1983578205108643
2005-12-22,2.2139110565185547
2005-12-23,2.19387149810791
2005-12-27,2.220191240310669
2005-12-28,2.2004523277282715
2005-12-29,2.1370439529418945
2005-12-30,2.150202751159668
2006-01-03,2.2357449531555176
2006-01-04,2.2423248291015625
2006-01-05,2.224679708480835
2006-01-06,2.2821054458618164
2006-01-09,2.2746260166168213
2006-01-10,2.4184927940368652
2006-01-11,2.509418249130249
2006-01-12,2.5210824012756348
2006-01-13,2.5599660873413086
2006-01-17,2.533644437789917
2006-01-18,2.467245578765869
2006-01-19,2.3640575408935547
2006-01-20,2.2758235931396484
2006-01-23,2.3230814933776855
2006-01-24,2.2743284702301025
2006-01-25,2.2192935943603516
2006-01-26,2.163362979888916
2006-01-27,2.154391288757324
2006-01-30,2.2432210445404053
2006-01-31,2.2584760189056396
2006-02-01,2.2557833194732666
2006-02-02,2.156484603881836
2006-02-03,2.1490063667297363
2006-02-06,2.0129172801971436
2006-02-07,2.0218915939331055
2006-02-08,2.058081865310669
2006-02-09,1.9426301717758179
2006-02-10,2.0132181644439697
2006-02-13,1.9354511499404907
2006-02-14,2.023087739944458
2006-02-15,2.070344924926758
2006-02-16,2.1107218265533447
2006-02-17,2.1023478507995605
2006-02-21,2.066157817840576
2006-02-22,2.1331543922424316
2006-02-23,2.1460163593292236
2006-02-24,2.1373422145843506
2006-02-27,2.123283863067627
2006-02-28,2.0485098361968994
2006-03-01,2.066755771636963
2006-03-02,2.0820095539093018
2006-03-03,2.025479793548584
2006-03-06,1.958482265472412
2006-03-07,1.9833078384399414
2006-03-08,1.9638663530349731
2006-03-09,1.912122130393982
2006-03-10,1.8899898529052734
2006-03-13,1.9644650220870972
2006-03-14,2.0135157108306885
2006-03-15,1.9809149503707886
2006-03-16,1.9234888553619385
2006-03-17,1.9339569807052612
2006-03-20,1.9139174222946167
2006-03-21,1.8487147092819214
2006-03-22,1.8445271253585815
2006-03-23,1.7993626594543457
2006-03-24,1.793381690979004
2006-03-27,1.7799218893051147
2006-03-28,1.7559949159622192
2006-03-29,1.8642669916152954
2006-03-30,1.876828670501709
2006-03-31,1.8759318590164185
2006-04-03,1.8738386631011963
2006-04-04,1.8295722007751465
2006-04-05,2.010225772857666
2006-04-06,2.1307623386383057
2006-04-07,2.087392807006836
2006-04-10,2.0538947582244873
2006-04-11,2.0335559844970703
2006-04-12,1.9952713251113892
2006-04-13,1.9880940914154053
2006-04-17,1.9384430646896362
2006-04-18,1.980615496635437
2006-04-19,1.9635674953460693
2006-04-20,2.0227885246276855
2006-04-21,2.005140781402588
2006-04-24,1.9665578603744507
2006-04-25,1.9791202545166016
2006-04-26,2.038342237472534
2006-04-27,2.0745317935943604
2006-04-28,2.1053388118743896
2006-05-01,2.08171010017395
2006-05-02,2.142127275466919
2006-05-03,2.1277713775634766
2006-05-04,2.127472400665283
2006-05-05,2.150202751159668
2006-05-08,2.150202751159668
2006-05-09,2.124481439590454
2006-05-10,2.1116201877593994
2006-05-11,2.038342237472534
2006-05-12,2.024881601333618
2006-05-15,2.027573347091675
2006-05-16,1.943527102470398
2006-05-17,1.9519011974334717
2006-05-18,1.889690637588501
2006-05-19,1.9294705390930176
2006-05-22,1.8956726789474487
2006-05-23,1.8887931108474731
2006-05-24,1.8944764137268066
2006-05-25,1.9240870475769043
2006-05-26,1.9007569551467896
2006-05-30,1.8310675621032715
2006-05-31,1.787698745727539
2006-06-01,1.8594820499420166
2006-06-02,1.84422767162323
2006-06-05,1.794577717781067
2006-06-06,1.7862030267715454
2006-06-07,1.751508116722107
2006-06-08,1.8173091411590576
2006-06-09,1.771846055984497
2006-06-12,1.7048484086990356
2006-06-13,1.7446281909942627
2006-06-14,1.7230935096740723
2006-06-15,1.776033639907837
2006-06-16,1.7215981483459473
2006-06-19,1.7108306884765625
2006-06-20,1.7189061641693115
2006-06-21,1.7305721044540405
2006-06-22,1.7820156812667847
2006-06-23,1.7595831155776978
2006-06-26,1.7643698453903198
2006-06-27,1.717710018157959
2006-06-28,1.675537347793579
2006-06-29,1.763770580291748
2006-06-30,1.7129241228103638
2006-07-03,1.7332632541656494
2006-07-05,1.7048484086990356
2006-07-06,1.6680607795715332
2006-07-07,1.6569931507110596
2006-07-10,1.6450296640396118
2006-07-11,1.664470911026001
2006-07-12,1.5840141773223877
2006-07-13,1.5627777576446533
2006-07-14,1.5155214071273804
2006-07-17,1.5663670301437378
2006-07-18,1.5822197198867798
2006-07-19,1.61811101436615
2006-07-20,1.8095327615737915
2006-07-21,1.8161122798919678
2006-07-24,1.8370493650436401
2006-07-25,1.8523039817810059
2006-07-26,1.9103281497955322
2006-07-27,1.8962708711624146
2006-07-28,1.9617724418640137
2006-07-31,2.032658338546753
2006-08-01,2.009329319000244
2006-08-02,2.038642406463623
2006-08-03,2.081411123275757
2006-08-04,2.0428271293640137
2006-08-07,2.010225772857666
2006-08-08,1.9375452995300293
2006-08-09,1.901953101158142
2006-08-10,1.9163098335266113
2006-08-11,1.90374755859375
2006-08-14,1.9124209880828857
2006-08-15,1.987494945526123
2006-08-16,2.033256769180298
2006-08-17,2.021592855453491
2006-08-18,2.0311622619628906
2006-08-21,1.9907842874526978
2006-08-22,2.022488832473755
2006-08-23,2.0132181644439697
2006-08-24,2.0281729698181152
2006-08-25,2.0562872886657715
2006-08-28,2.0033469200134277
2006-08-29,1.988392949104309
2006-08-30,2.0027496814727783
2006-08-31,2.029367685317993
2006-09-01,2.0452208518981934
2006-09-05,2.1379404067993164
2006-09-06,2.0945723056793213
2006-09-07,2.1774210929870605
2006-09-08,2.1690452098846436
2006-09-11,2.168447732925415
2006-09-12,2.172337532043457
2006-09-13,2.2192935943603516
2006-09-14,2.2183985710144043
2006-09-15,2.216303825378418
2006-09-18,2.2100231647491455
2006-09-19,2.2064332962036133
2006-09-20,2.2509984970092773
2006-09-21,2.232752799987793
2006-09-22,2.1834027767181396
2006-09-25,2.265655040740967
2006-09-26,2.32128643989563
2006-09-27,2.285395622253418
2006-09-28,2.3033406734466553
2006-09-29,2.302443742752075
2006-10-02,2.239034414291382
2006-10-03,2.215705394744873
2006-10-04,2.254587173461914
2006-10-05,2.238137722015381
2006-10-06,2.2198920249938965
2006-10-09,2.232156753540039
2006-10-10,2.207629919052124
2006-10-11,2.190281867980957
2006-10-12,2.2509984970092773
2006-10-13,2.243821382522583
2006-10-16,2.2551865577697754
2006-10-17,2.2219860553741455
2006-10-18,2.2291650772094727
2006-10-19,2.3625617027282715
2006-10-20,2.391275405883789
2006-10-23,2.4364380836486816
2006-10-24,2.4241766929626465
2006-10-25,2.443019390106201
2006-10-26,2.458272695541382
2006-10-27,2.405034303665161
2006-10-30,2.405332088470459
2006-10-31,2.42507266998291
2006-11-01,2.3676462173461914
2006-11-02,2.362262725830078
2006-11-03,2.3416244983673096
2006-11-06,2.38409686088562
2006-11-07,2.408024311065674
2006-11-08,2.4660489559173584
2006-11-09,2.492668390274048
2006-11-10,2.486088275909424
2006-11-13,2.5228779315948486
2006-11-14,2.5423171520233154
2006-11-15,2.513904571533203
2006-11-16,2.560563802719116
2006-11-17,2.5677413940429688
2006-11-20,2.5862855911254883
2006-11-21,2.649994134902954
2006-11-22,2.701138734817505
2006-11-24,2.740619659423828
2006-11-27,2.6781070232391357
2006-11-28,2.7460029125213623
2006-11-29,2.74570369720459
2006-11-30,2.741516590118408
2006-12-01,2.7313480377197266
2006-12-04,2.72536563873291
2006-12-05,2.729851722717285
2006-12-06,2.686782121658325
2006-12-07,2.603334426879883
2006-12-08,2.639824151992798
2006-12-11,2.654480457305908
2006-12-12,2.576415777206421
2006-12-13,2.663451910018921
2006-12-14,2.648498058319092
2006-12-15,2.6236724853515625
2006-12-18,2.5563759803771973
2006-12-19,2.5814995765686035
2006-12-20,2.5351409912109375
2006-12-21,2.479508399963379
2006-12-22,2.458571434020996
2006-12-26,2.4379327297210693
2006-12-27,2.438232898712158
2006-12-28,2.4187910556793213
2006-12-29,2.5375328063964844
2007-01-03,2.506427049636841
2007-01-04,2.5620601177215576
2007-01-05,2.5438146591186523
2007-01-08,2.5563759803771973
2007-01-09,2.768734931945801
2007-01-10,2.9012362957000732
2007-01-11,2.8653430938720703
2007-01-12,2.830049514770508
2007-01-16,2.9042246341705322
2007-01-17,2.839918851852417
2007-01-18,2.664050817489624
2007-01-19,2.6470022201538086
2007-01-22,2.5958566665649414
2007-01-23,2.5632550716400146
2007-01-24,2.5931663513183594
2007-01-25,2.5797057151794434
2007-01-26,2.5536839962005615
2007-01-29,2.5704336166381836
2007-01-30,2.5587692260742188
2007-01-31,2.564152479171753
2007-02-01,2.5345423221588135
2007-02-02,2.534841299057007
2007-02-05,2.5106148719787598
2007-02-06,2.516895294189453
2007-02-07,2.576714515686035
2007-02-08,2.5776114463806152
2007-02-09,2.4905757904052734
2007-02-12,2.538729667663574
2007-02-13,2.5333449840545654
2007-02-14,2.5512921810150146
2007-02-15,2.548600435256958
2007-02-16,2.537233829498291
2007-02-20,2.5692365169525146
2007-02-21,2.6679394245147705
2007-02-22,2.677210569381714
2007-02-23,2.664050817489624
2007-02-26,2.64730167388916
2007-02-27,2.51031494140625
2007-02-28,2.5306546688079834
2007-03-01,2.6039321422576904
2007-03-02,2.5545806884765625
2007-03-05,2.581798553466797
2007-03-06,2.637730121612549
2007-03-07,2.6236724853515625
2007-03-08,2.632047653198242
2007-03-09,2.631150960922241
2007-03-12,2.687979221343994
2007-03-13,2.6440114974975586
2007-03-14,2.6918673515319824
2007-03-15,2.6790053844451904
2007-03-16,2.6796040534973145
2007-03-19,2.7256650924682617
2007-03-20,2.736132860183716
2007-03-21,2.807617664337158
2007-03-22,2.8103084564208984
2007-03-23,2.7971484661102295
2007-03-26,2.866837739944458
2007-03-27,2.8551738262176514
2007-03-28,2.78877329826355
2007-03-29,2.804027795791626
2007-03-30,2.7789037227630615
2007-04-02,2.801037073135376
2007-04-03,2.826460599899292
2007-04-04,2.8195815086364746
2007-04-05,2.831843614578247
2007-04-09,2.801037073135376
2007-04-10,2.8189823627471924
2007-04-11,2.7693328857421875
2007-04-12,2.7573695182800293
2007-04-13,2.6990463733673096
2007-04-16,2.734638214111328
2007-04-17,2.7023346424102783
2007-04-18,2.703829765319824
2007-04-19,2.6999425888061523
2007-04-20,2.720878839492798
2007-04-23,2.796849489212036
2007-04-24,2.78877329826355
2007-04-25,2.85188364982605
2007-04-26,2.9562668800354004
2007-04-27,2.988569736480713
2007-04-30,2.9849817752838135
2007-05-01,2.9751110076904297
2007-05-02,3.0026276111602783
2007-05-03,3.0029265880584717
2007-05-04,3.0151896476745605
2007-05-07,3.1082098484039307
2007-05-08,3.142305612564087
2007-05-09,3.1967411041259766
2007-05-10,3.2104995250701904
2007-05-11,3.252372980117798
2007-05-14,3.270916700363159
2007-05-15,3.215883255004883
2007-05-16,3.2104995250701904
2007-05-17,3.2733097076416016
2007-05-18,3.2906577587127686
2007-05-21,3.349280834197998
2007-05-22,3.395939350128174
2007-05-23,3.3764984607696533
2007-05-24,3.310697078704834
2007-05-25,3.398331880569458
2007-05-29,3.4201669692993164
2007-05-30,3.552368402481079
2007-05-31,3.6247472763061523
2007-06-01,3.541299819946289
2007-06-04,3.6289353370666504
2007-06-05,3.669013023376465
2007-06-06,3.698026657104492
2007-06-07,3.7108888626098633
2007-06-08,3.7234489917755127
2007-06-11,3.5948381423950195
2007-06-12,3.60052227973938
2007-06-13,3.5143814086914062
2007-06-14,3.5517685413360596
2007-06-15,3.6041111946105957
2007-06-18,3.7413957118988037
2007-06-19,3.6986258029937744
2007-06-20,3.635516405105591
2007-06-21,3.705803394317627
2007-06-22,3.6788854598999023
2007-06-25,3.659144401550293
2007-06-26,3.578686237335205
2007-06-27,3.645683765411377
2007-06-28,3.605905771255493
2007-06-29,3.6501705646514893
2007-07-02,3.6268434524536133
2007-07-03,3.8036086559295654
2007-07-05,3.970505475997925
2007-07-06,3.9570436477661133
2007-07-09,3.898122549057007
2007-07-10,3.9585394859313965
2007-07-11,3.9597342014312744
2007-07-12,4.009983062744141
2007-07-13,4.119452953338623
2007-07-16,4.130521774291992
2007-07-17,4.154745578765869
2007-07-18,4.13111686706543
2007-07-19,4.187348365783691
2007-07-20,4.299509525299072
2007-07-23,4.298013687133789
2007-07-24,4.034511089324951
2007-07-25,4.10539436340332
2007-07-26,4.366805553436279
2007-07-27,4.302498817443848
2007-07-30,4.230119705200195
2007-07-31,3.940891742706299
2007-08-01,4.03779935836792
2007-08-02,4.082365036010742
2007-08-03,3.9435863494873047
2007-08-06,4.045276165008545
2007-08-07,4.038696765899658
2007-08-08,4.008189678192139
2007-08-09,3.7802793979644775
2007-08-10,3.7387032508850098
2007-08-13,3.8221516609191895
2007-08-14,3.7096917629241943
2007-08-15,3.5861635208129883
2007-08-16,3.5009212493896484
2007-08-17,3.6507680416107178
2007-08-20,3.6555545330047607
2007-08-21,3.815570831298828
2007-08-22,3.963324546813965
2007-08-23,3.920255661010742
2007-08-24,4.0467729568481445
2007-08-27,3.9555485248565674
2007-08-28,3.793140411376953
2007-08-29,4.010280609130859
2007-08-30,4.075185775756836
2007-08-31,4.1418843269348145
2007-09-04,4.311771392822266
2007-09-05,4.090441703796387
2007-09-06,4.0380988121032715
2007-09-07,3.9411914348602295
2007-09-10,4.088944911956787
2007-09-11,4.052455902099609
2007-09-12,4.093132495880127
2007-09-13,4.103601455688477
2007-09-14,4.1517558097839355
2007-09-17,4.139791488647461
2007-09-18,4.214865207672119
2007-09-19,4.210378170013428
2007-09-20,4.196619987487793
2007-09-21,4.311473846435547
2007-09-24,4.434998512268066
2007-09-25,4.581557750701904
2007-09-26,4.569292068481445
2007-09-27,4.621036529541016
2007-09-28,4.5902299880981445
2007-10-01,4.676070690155029
2007-10-02,4.7391791343688965
2007-10-03,4.723329544067383
2007-10-04,4.673079967498779
2007-10-05,4.828908443450928
2007-10-08,5.022125720977783
2007-10-09,5.0206298828125
2007-10-10,4.9886274337768555
2007-10-11,4.852239608764648
2007-10-12,5.002384662628174
2007-10-15,4.994309902191162
2007-10-16,5.072073936462402
2007-10-17,5.166889667510986
2007-10-18,5.1893205642700195
2007-10-19,5.097201824188232
2007-10-22,5.2150421142578125
2007-10-23,5.567977428436279
2007-10-24,5.561098098754883
2007-10-25,5.466882228851318
2007-10-26,5.524308681488037
2007-10-29,5.5359721183776855
2007-10-30,5.5931010246276855
2007-10-31,5.681334972381592
2007-11-01,5.606262683868408
2007-11-02,5.619122505187988
2007-11-05,5.568575859069824
2007-11-06,5.73637056350708
2007-11-07,5.572165012359619
2007-11-08,5.248242378234863
2007-11-09,4.9461565017700195
2007-11-12,4.598905563354492
2007-11-13,5.08344030380249
2007-11-14,4.968287944793701
2007-11-15,4.914151191711426
2007-11-16,4.976663112640381
2007-11-19,4.903683662414551
2007-11-20,5.050242900848389
2007-11-21,5.038578033447266
2007-11-23,5.130698204040527
2007-11-26,5.160607814788818
2007-11-27,5.228503704071045
2007-11-28,5.390314102172852
2007-11-29,5.512044906616211
2007-11-30,5.450132846832275
2007-12-03,5.349636077880859
2007-12-04,5.378052234649658
2007-12-05,5.548235893249512
2007-12-06,5.681334972381592
2007-12-07,5.811440944671631
2007-12-10,5.808748722076416
2007-12-11,5.639162063598633
2007-12-12,5.708553314208984
2007-12-13,5.737564563751221
2007-12-14,5.694495677947998
2007-12-17,5.515335559844971
2007-12-18,5.472863674163818
2007-12-19,5.477052211761475
2007-12-20,5.599381923675537
2007-12-21,5.799777030944824
2007-12-24,5.9460344314575195
2007-12-26,5.950521469116211
2007-12-27,5.939155101776123
2007-12-28,5.976840972900391
2007-12-31,5.924499988555908
2008-01-02,5.827591419219971
2008-01-03,5.830284595489502
2008-01-04,5.38523006439209
2008-01-07,5.313146114349365
2008-01-08,5.122025966644287
2008-01-09,5.365788459777832
2008-01-10,5.324512958526611
2008-01-11,5.165092945098877
2008-01-14,5.3472418785095215
2008-01-15,5.055924415588379
2008-01-16,4.774774551391602
2008-01-17,4.812160491943359
2008-01-18,4.8262176513671875
2008-01-22,4.655133247375488
2008-01-23,4.1595330238342285
2008-01-24,4.055745601654053
2008-01-25,3.8885507583618164
2008-01-28,3.8885507583618164
2008-01-29,3.9343132972717285
2008-01-30,3.953453779220581
2008-01-31,4.048567771911621
2008-02-01,4.000412940979004
2008-02-04,3.9376020431518555
2008-02-05,3.869110584259033
2008-02-06,3.6489758491516113
2008-02-07,3.6262426376342773
2008-02-08,3.753061532974243
2008-02-11,3.8718011379241943
2008-02-12,3.7345151901245117
2008-02-13,3.870307207107544
2008-02-14,3.8122825622558594
2008-02-15,3.727638006210327
2008-02-19,3.6543588638305664
2008-02-20,3.703411817550659
2008-02-21,3.63521671295166
2008-02-22,3.573004722595215
2008-02-25,3.5813794136047363
2008-02-26,3.5637319087982178
2008-02-27,3.677687644958496
2008-02-28,3.885559558868408
2008-02-29,3.739302635192871
2008-03-03,3.6408989429473877
2008-03-04,3.7273383140563965
2008-03-05,3.7234489917755127
2008-03-06,3.616971969604492
2008-03-07,3.656451940536499
2008-03-10,3.5798838138580322
2008-03-11,3.808990478515625
2008-03-12,3.76951003074646
2008-03-13,3.8266384601593018
2008-03-14,3.786858558654785
2008-03-17,3.7904484272003174
2008-03-18,3.9725985527038574
2008-03-19,3.8783817291259766
2008-03-20,3.9860572814941406
2008-03-24,4.173289775848389
2008-03-25,4.216658592224121
2008-03-26,4.338691711425781
2008-03-27,4.194823741912842
2008-03-28,4.277377605438232
2008-03-31,4.292032718658447
2008-04-01,4.47238826751709
2008-04-02,4.411370277404785
2008-04-03,4.534600734710693
2008-04-04,4.57856559753418
2008-04-07,4.662612438201904
2008-04-08,4.571388244628906
2008-04-09,4.529515266418457
2008-04-10,4.622533798217773
2008-04-11,4.400904655456543
2008-04-14,4.420045375823975
2008-04-15,4.437989711761475
2008-04-16,4.597111225128174
2008-04-17,4.620737552642822
2008-04-18,4.816648483276367
2008-04-21,5.029604434967041
2008-04-22,4.791522979736328
2008-04-23,4.8719801902771
2008-04-24,5.0529327392578125
2008-04-25,5.07656192779541
2008-04-28,5.151636600494385
2008-04-29,5.235682964324951
2008-04-30,5.202780246734619
2008-05-01,5.383733749389648
2008-05-02,5.411848068237305
2008-05-05,5.525207042694092
2008-05-06,5.582932472229004
2008-05-07,5.4611992835998535
2008-05-08,5.5350775718688965
2008-05-09,5.486922264099121
2008-05-12,5.627795696258545
2008-05-13,5.681634426116943
2008-05-14,5.570968151092529
2008-05-15,5.674753665924072
2008-05-16,5.611642837524414
2008-05-19,5.491408824920654
2008-05-20,5.560200214385986
2008-05-21,5.329596519470215
2008-05-22,5.295501232147217
2008-05-23,5.418727397918701
2008-05-27,5.576051712036133
2008-05-28,5.593400478363037
2008-05-29,5.583829879760742
2008-05-30,5.645442962646484
2008-06-02,5.566183090209961
2008-06-03,5.544349670410156
2008-06-04,5.53896427154541
2008-06-05,5.665782928466797
2008-06-06,5.552423000335693
2008-06-09,5.431888580322266
2008-06-10,5.552423000335693
2008-06-11,5.407958984375
2008-06-12,5.182143211364746
2008-06-13,5.155521869659424
2008-06-16,5.289220333099365
2008-06-17,5.426504611968994
2008-06-18,5.3463454246521
2008-06-19,5.4106526374816895
2008-06-20,5.242262840270996
2008-06-23,5.179150581359863
2008-06-24,5.181842803955078
2008-06-25,5.305670261383057
2008-06-26,5.032593727111816
2008-06-27,5.0873308181762695
2008-06-30,5.008068084716797
2008-07-01,5.224614143371582
2008-07-02,5.030203342437744
2008-07-03,5.088225364685059
2008-07-07,5.2389702796936035
2008-07-08,5.370274543762207
2008-07-09,5.211752414703369
2008-07-10,5.282938480377197
2008-07-11,5.161803245544434
2008-07-14,5.200686931610107
2008-07-15,5.073869228363037
2008-07-16,5.1686835289001465
2008-07-17,5.138774394989014
2008-07-18,4.939574241638184
2008-07-21,4.973672389984131
2008-07-22,4.845958232879639
2008-07-23,4.972774982452393
2008-07-24,4.756528377532959
2008-07-25,4.8489484786987305
2008-07-28,4.618045330047607
2008-07-29,4.698205471038818
2008-07-30,4.781951427459717
2008-07-31,4.754134654998779
2008-08-01,4.685643196105957
2008-08-04,4.583052635192871
2008-08-05,4.804683208465576
2008-08-06,4.910862445831299
2008-08-07,4.892317771911621
2008-08-08,5.071177959442139
2008-08-11,5.191115379333496
2008-08-12,5.285928249359131
2008-08-13,5.362796306610107
2008-08-14,5.363394737243652
2008-08-15,5.256317615509033
2008-08-18,5.245850563049316
2008-08-19,5.1902174949646
2008-08-20,5.259307861328125
2008-08-21,5.212950706481934
2008-08-22,5.287724494934082
2008-08-25,5.160905838012695
2008-08-26,5.193509578704834
2008-08-27,5.2243146896362305
2008-08-28,5.196499824523926
2008-08-29,5.070580005645752
2008-09-02,4.970681667327881
2008-09-03,4.993710994720459
2008-09-04,4.822028160095215
2008-09-05,4.790924072265625
2008-09-08,4.723329544067383
2008-09-09,4.536693572998047
2008-09-10,4.534600734710693
2008-09-11,4.565704345703125
2008-09-12,4.454741954803467
2008-09-15,4.198116779327393
2008-09-16,4.18375825881958
2008-09-17,3.823348045349121
2008-09-18,4.0105814933776855
2008-09-19,4.214565753936768
2008-09-22,3.919656753540039
2008-09-23,3.793736696243286
2008-09-24,3.8496687412261963
2008-09-25,3.9459776878356934
2008-09-26,3.8356099128723145
2008-09-29,3.148287534713745
2008-09-30,3.3995296955108643
2008-10-01,3.263739585876465
2008-10-02,2.9939544200897217
2008-10-03,2.9033281803131104
2008-10-06,2.935331344604492
2008-10-07,2.6667425632476807
2008-10-08,2.6855854988098145
2008-10-09,2.6541812419891357
2008-10-10,2.8952527046203613
2008-10-13,3.297835111618042
2008-10-14,3.112995147705078
2008-10-15,2.929647922515869
2008-10-16,3.047492742538452
2008-10-17,2.9131977558135986
2008-10-20,2.944303512573242
2008-10-21,2.736431837081909
2008-10-22,2.897346019744873
2008-10-23,2.9380228519439697
2008-10-24,2.882689952850342
2008-10-27,2.754378080368042
2008-10-28,2.9882707595825195
2008-10-29,3.1270523071289062
2008-10-30,3.3211655616760254
2008-10-31,3.2179768085479736
2008-11-03,3.1991350650787354
2008-11-04,3.3196699619293213
2008-11-05,3.089664936065674
2008-11-06,2.9640440940856934
2008-11-07,2.938321113586426
2008-11-10,2.8677353858947754
2008-11-11,2.8345348834991455
2008-11-12,2.695455312728882
2008-11-13,2.8844847679138184
2008-11-14,2.6990463733673096
2008-11-17,2.6362359523773193
2008-11-18,2.6891746520996094
2008-11-19,2.580901861190796
2008-11-20,2.407426357269287
2008-11-21,2.4699366092681885
2008-11-24,2.780100107192993
2008-11-25,2.715794324874878
2008-11-26,2.8414156436920166
2008-11-28,2.77172589302063
2008-12-01,2.659863233566284
2008-12-02,2.765742540359497
2008-12-03,2.8683340549468994
2008-12-04,2.734039545059204
2008-12-05,2.8115055561065674
2008-12-08,2.982588768005371
2008-12-09,2.9927570819854736
2008-12-10,2.937424659729004
2008-12-11,2.8414156436920166
2008-12-12,2.9392194747924805
2008-12-15,2.833937406539917
2008-12-16,2.854276180267334
2008-12-17,2.6667425632476807
2008-12-18,2.674818515777588
2008-12-19,2.6918673515319824
2008-12-22,2.5644516944885254
2008-12-23,2.58359432220459
2008-12-24,2.54351544380188
2008-12-26,2.566545248031616
2008-12-29,2.590472459793091
2008-12-30,2.580901861190796
2008-12-31,2.5527868270874023
2009-01-02,2.714298725128174
2009-01-05,2.828852653503418
2009-01-06,2.7821946144104004
2009-01-07,2.722074270248413
2009-01-08,2.7726218700408936
2009-01-09,2.709214448928833
2009-01-12,2.6517879962921143
2009-01-13,2.62337327003479
2009-01-14,2.552189350128174
2009-01-15,2.493864059448242
2009-01-16,2.4624598026275635
2009-01-20,2.338932991027832
2009-01-21,2.47741436958313
2009-01-22,2.642815589904785
2009-01-23,2.642815589904785
2009-01-26,2.681100368499756
2009-01-27,2.713700532913208
2009-01-28,2.8174877166748047
2009-01-29,2.7815961837768555
2009-01-30,2.6957569122314453
2009-02-02,2.737030267715454
2009-02-03,2.7809972763061523
2009-02-04,2.7980456352233887
2009-02-05,2.8850820064544678
2009-02-06,2.982588768005371
2009-02-09,3.0660362243652344
2009-02-10,2.9260592460632324
2009-02-11,2.8958499431610107
2009-02-12,2.969130039215088
2009-02-13,2.965839147567749
2009-02-17,2.827357292175293
2009-02-18,2.8225719928741455
2009-02-19,2.7110090255737305
2009-02-20,2.7277579307556152
2009-02-23,2.600642442703247
2009-02-24,2.699343681335449
2009-02-25,2.7265615463256836
2009-02-26,2.667639970779419
2009-02-27,2.671229124069214
2009-03-02,2.6302525997161865
2009-03-03,2.643113613128662
2009-03-04,2.7268614768981934
2009-03-05,2.657172203063965
2009-03-06,2.5512921810150146
2009-03-09,2.4857895374298096
2009-03-10,2.650890350341797
2009-03-11,2.772024154663086
2009-03-12,2.8817925453186035
2009-03-13,2.8692307472229004
2009-03-16,2.8539769649505615
2009-03-17,2.980794668197632
2009-03-18,3.0364267826080322
2009-03-19,3.039416551589966
2009-03-20,3.0385186672210693
2009-03-23,3.220071315765381
2009-03-24,3.185375452041626
2009-03-25,3.1850757598876953
2009-03-26,3.2861716747283936
2009-03-27,3.1958436965942383
2009-03-30,3.1252570152282715
2009-03-31,3.1441006660461426
2009-04-01,3.250877857208252
2009-04-02,3.3711142539978027
2009-04-03,3.4692180156707764
2009-04-06,3.5427956581115723
2009-04-07,3.439608335494995
2009-04-08,3.479088544845581
2009-04-09,3.576294422149658
2009-04-13,3.595735549926758
2009-04-14,3.5386087894439697
2009-04-15,3.518568992614746
2009-04-16,3.6325244903564453
2009-04-17,3.691446304321289
2009-04-20,3.6041111946105957
2009-04-21,3.6417975425720215
2009-04-22,3.634319543838501
2009-04-23,3.7506678104400635
2009-04-24,3.705803394317627
2009-04-27,3.730628252029419
2009-04-28,3.705803394317627
2009-04-29,3.742892026901245
2009-04-30,3.763529062271118
2009-05-01,3.8057029247283936
2009-05-04,3.950165271759033
2009-05-05,3.969306230545044
2009-05-06,3.963027000427246
2009-05-07,3.8601362705230713
2009-05-08,3.8640263080596924
2009-05-11,3.875391721725464
2009-05-12,3.7213573455810547
2009-05-13,3.5739011764526367
2009-05-14,3.6773884296417236
2009-05-15,3.6615378856658936
2009-05-18,3.7880544662475586
2009-05-19,3.811983346939087
2009-05-20,3.7647252082824707
2009-05-21,3.714177131652832
2009-05-22,3.6639292240142822
2009-05-26,3.911581516265869
2009-05-27,3.9794764518737793
2009-05-28,4.0398945808410645
2009-05-29,4.062027454376221
2009-06-01,4.167906761169434
2009-06-02,4.172095775604248
2009-06-03,4.215763092041016
2009-06-04,4.299211502075195
2009-06-05,4.327024936676025
2009-06-08,4.302498817443848
2009-06-09,4.26870059967041
2009-06-10,4.194823741912842
2009-06-11,4.185851097106934
2009-06-12,4.0967230796813965
2009-06-15,4.070399284362793
2009-06-16,4.078176975250244
2009-06-17,4.055147171020508
2009-06-18,4.064119815826416
2009-06-19,4.171796798706055
2009-06-22,4.108685493469238
2009-06-23,4.008189678192139
2009-06-24,4.074288845062256
2009-06-25,4.183159828186035
2009-06-26,4.26032829284668
2009-06-29,4.246271133422852
2009-06-30,4.26002836227417
2009-07-01,4.271991729736328
2009-07-02,4.187944412231445
2009-07-06,4.145773410797119
2009-07-07,4.049763202667236
2009-07-08,4.104199409484863
2009-07-09,4.078476428985596
2009-07-10,4.143083572387695
2009-07-13,4.257335662841797
2009-07-14,4.255241394042969
2009-07-15,4.393126487731934
2009-07-16,4.41226863861084
2009-07-17,4.5387864112854
2009-07-20,4.57348108291626
2009-07-21,4.531609058380127
2009-07-22,4.688034534454346
2009-07-23,4.7203369140625
2009-07-24,4.785243511199951
2009-07-27,4.788529872894287
2009-07-28,4.78554105758667
2009-07-29,4.786438465118408
2009-07-30,4.868989944458008
2009-07-31,4.886934280395508
2009-08-03,4.977859973907471
2009-08-04,4.951539516448975
2009-08-05,4.938381671905518
2009-08-06,4.902488708496094
2009-08-07,4.950342178344727
2009-08-10,4.926714897155762
2009-08-11,4.8701863288879395
2009-08-12,4.944362163543701
2009-08-13,5.03737735748291
2009-08-14,4.988327980041504
2009-08-17,4.773279190063477
2009-08-18,4.905178546905518
2009-08-19,4.923125267028809
2009-08-20,4.974870204925537
2009-08-21,5.06130838394165
2009-08-24,5.056522846221924
2009-08-25,5.066689968109131
2009-08-26,5.007169723510742
2009-08-27,5.0681867599487305
2009-08-28,5.086133003234863
2009-08-31,5.031099319458008
2009-09-01,4.944062232971191
2009-09-02,4.940472602844238
2009-09-03,4.981449127197266
2009-09-04,5.093909740447998
2009-09-08,5.172271728515625
2009-09-09,5.118734359741211
2009-09-10,5.161206245422363
2009-09-11,5.149240016937256
2009-09-14,5.1959028244018555
2009-09-15,5.2389702796936035
2009-09-16,5.439664840698242
2009-09-17,5.519824028015137
2009-09-18,5.533880710601807
2009-09-21,5.503970146179199
2009-09-22,5.517727375030518
2009-09-23,5.548235893249512
2009-09-24,5.497988224029541
2009-09-25,5.45461893081665
2009-09-28,5.567677021026611
2009-09-29,5.54464864730835
2009-09-30,5.543751239776611
2009-10-01,5.409456253051758
2009-10-02,5.530291557312012
2009-10-05,5.563789367675781
2009-10-06,5.68312931060791
2009-10-07,5.6903076171875
2009-10-08,5.660996437072754
2009-10-09,5.6968865394592285
2009-10-12,5.707055568695068
2009-10-13,5.683428764343262
2009-10-14,5.721414089202881
2009-10-15,5.699578762054443
2009-10-16,5.624505043029785
2009-10-19,5.678642272949219
2009-10-20,5.9448370933532715
2009-10-21,6.129079818725586
2009-10-22,6.137454509735107
2009-10-23,6.099769115447998
2009-10-26,6.056100845336914
2009-10-27,5.903264045715332
2009-10-28,5.754611968994141
2009-10-29,5.872756481170654
2009-10-30,5.637965202331543
2009-11-02,5.662191390991211
2009-11-03,5.645442962646484
2009-11-04,5.707055568695068
2009-11-05,5.803366661071777
2009-11-06,5.8126373291015625
2009-11-09,6.0255937576293945
2009-11-10,6.071059226989746
2009-11-11,6.079132080078125
2009-11-12,6.041447162628174
2009-11-13,6.115024566650391
2009-11-16,6.180227279663086
2009-11-17,6.191291809082031
2009-11-18,6.160187244415283
2009-11-19,5.99717903137207
2009-11-20,5.979533672332764
2009-11-23,6.157793998718262
2009-11-24,6.114725112915039
2009-11-25,6.107247352600098
2009-11-27,5.999573230743408
2009-11-30,5.979234218597412
2009-12-01,5.891299724578857
2009-12-02,5.869165897369385
2009-12-03,5.876643180847168
2009-12-04,5.782129287719727
2009-12-07,5.651424407958984
2009-12-08,5.6789422035217285
2009-12-09,5.916126728057861
2009-12-10,5.875148296356201
2009-12-11,5.822507381439209
2009-12-14,5.891599178314209
2009-12-15,5.807551383972168
2009-12-16,5.833275318145752
2009-12-17,5.738461494445801
2009-12-18,5.845239639282227
2009-12-21,5.92898416519165
2009-12-22,5.99269437789917
2009-12-23,6.044736385345459
2009-12-24,6.252307415008545
2009-12-28,6.329176902770996
2009-12-29,6.254103660583496
2009-12-30,6.330073356628418
2009-12-31,6.3028564453125
2010-01-04,6.400960922241211
2010-01-05,6.412027359008789
2010-01-06,6.310035228729248
2010-01-07,6.298370361328125
2010-01-08,6.340242385864258
2010-01-11,6.284310817718506
2010-01-12,6.212828636169434
2010-01-13,6.300464153289795
2010-01-14,6.263975620269775
2010-01-15,6.159290790557861
2010-01-19,6.431766510009766
2010-01-20,6.332765579223633
2010-01-21,6.223296165466309
2010-01-22,5.914628982543945
2010-01-25,6.073749542236328
2010-01-26,6.159590721130371
2010-01-27,6.217616558074951
2010-01-28,5.960690975189209
2010-01-29,5.744442939758301
2010-02-01,5.824302673339844
2010-02-02,5.858100891113281
2010-02-03,5.9588942527771
2010-02-04,5.744145393371582
2010-02-05,5.846134662628174
2010-02-08,5.806056499481201
2010-02-09,5.867969989776611
2010-02-10,5.835968017578125
2010-02-11,5.9421467781066895
2010-02-12,5.99329137802124
2010-02-16,6.083620548248291
2010-02-17,6.058194637298584
2010-02-18,6.069561004638672
2010-02-19,6.031875133514404
2010-02-22,5.994486331939697
2010-02-23,5.893991947174072
2010-02-24,6.0016655921936035
2010-02-25,6.041744709014893
2010-02-26,6.120108604431152
2010-03-01,6.250812530517578
2010-03-02,6.246627330780029
2010-03-03,6.260982513427734
2010-03-04,6.302258014678955
2010-03-05,6.5487141609191895
2010-03-08,6.552600860595703
2010-03-09,6.670445919036865
2010-03-10,6.724881649017334
2010-03-11,6.744621276855469
2010-03-12,6.777522087097168
2010-03-15,6.694971084594727
2010-03-16,6.713216781616211
2010-03-17,6.7033467292785645
2010-03-18,6.719197750091553
2010-03-19,6.647415637969971
2010-03-22,6.722190856933594
2010-03-23,6.83016300201416
2010-03-24,6.860372543334961
2010-03-25,6.779016017913818
2010-03-26,6.906135082244873
2010-03-29,6.950698375701904
2010-03-30,7.054185390472412
2010-03-31,7.028761863708496
2010-04-01,7.057776927947998
2010-04-05,7.133149147033691
2010-04-06,7.164551258087158
2010-04-07,7.196260929107666
2010-04-08,7.176814556121826
2010-04-09,7.231849193572998
2010-04-12,7.246806621551514
2010-04-13,7.250990867614746
2010-04-14,7.348496437072754
2010-04-15,7.44510555267334
2010-04-16,7.399642467498779
2010-04-19,7.389773368835449
2010-04-20,7.315598487854004
2010-04-21,7.753176212310791
2010-04-22,7.970019817352295
2010-04-23,8.100424766540527
2010-04-26,8.060648918151855
2010-04-27,7.837521076202393
2010-04-28,7.8243584632873535
2010-04-29,8.03492259979248
2010-04-30,7.809107303619385
2010-05-03,7.966430187225342
2010-05-04,7.737026214599609
2010-05-05,7.6565680503845215
2010-05-06,7.3652472496032715
2010-05-07,7.054486274719238
2010-05-10,7.596744537353516
2010-05-11,7.672417163848877
2010-05-12,7.8390116691589355
2010-05-13,7.727452754974365
2010-05-14,7.5916643142700195
2010-05-17,7.603626728057861
2010-05-18,7.547995567321777
2010-05-19,7.427758693695068
2010-05-20,7.111313819885254
2010-05-21,7.247702598571777
2010-05-24,7.380502223968506
2010-05-25,7.334437847137451
2010-05-26,7.301239013671875
2010-05-27,7.577604293823242
2010-05-28,7.683184623718262
2010-06-01,7.801329135894775
2010-06-02,7.89464807510376
2010-06-03,7.869820594787598
2010-06-04,7.655670642852783
2010-06-07,7.505521774291992
2010-06-08,7.457369327545166
2010-06-09,7.274022102355957
2010-06-10,7.492661476135254
2010-06-11,7.582388401031494
2010-06-14,7.60542106628418
2010-06-15,7.767228126525879
2010-06-16,7.993347644805908
2010-06-17,8.1315279006958
2010-06-18,8.197333335876465
2010-06-21,8.080682754516602
2010-06-22,8.190753936767578
2010-06-23,8.104607582092285
2010-06-24,8.045689582824707
2010-06-25,7.976898193359375
2010-06-28,8.02475357055664
2010-06-29,7.661953449249268
2010-06-30,7.523171424865723
2010-07-01,7.431946754455566
2010-07-02,7.385887622833252
2010-07-06,7.436432361602783
2010-07-07,7.736722469329834
2010-07-08,7.719375133514404
2010-07-09,7.765138149261475
2010-07-12,7.695449352264404
2010-07-13,7.531245708465576
2010-07-14,7.559060573577881
2010-07-15,7.520776748657227
2010-07-16,7.4744157791137695
2010-07-19,7.3452067375183105
2010-07-20,7.533938407897949
2010-07-21,7.6042256355285645
2010-07-22,7.7471923828125
2010-07-23,7.7747087478637695
2010-07-26,7.754969596862793
2010-07-27,7.8985371589660645
2010-07-28,7.805214881896973
2010-07-29,7.719974994659424
2010-07-30,7.694252967834473
2010-08-02,7.831839561462402
2010-08-03,7.834228992462158
2010-08-04,7.865636348724365
2010-08-05,7.827347755432129
2010-08-06,7.7791972160339355
2010-08-09,7.828845024108887
2010-08-10,7.758856296539307
2010-08-11,7.483091831207275
2010-08-12,7.530948162078857
2010-08-13,7.450491905212402
2010-08-16,7.406823635101318
2010-08-17,7.5363335609436035
2010-08-18,7.569228649139404
2010-08-19,7.473819255828857
2010-08-20,7.466640949249268
2010-08-23,7.351787090301514
2010-08-24,7.1762189865112305
2010-08-25,7.2647480964660645
2010-08-26,7.186687469482422
2010-08-27,7.226764678955078
2010-08-30,7.253087997436523
2010-08-31,7.271033763885498
2010-09-01,7.487276554107666
2010-09-02,7.542311191558838
2010-09-03,7.739713668823242
2010-09-07,7.710999488830566
2010-09-08,7.863840579986572
2010-09-09,7.8683271408081055
2010-09-10,7.878495693206787
2010-09-13,7.987069606781006
2010-09-14,8.01757526397705
2010-09-15,8.082179069519043
2010-09-16,8.272106170654297
2010-09-17,8.236214637756348
2010-09-20,8.471303939819336
2010-09-21,8.487456321716309
2010-09-22,8.606496810913086
2010-09-23,8.641490936279297
2010-09-24,8.743185043334961
2010-09-27,8.708486557006836
2010-09-28,8.579874992370605
2010-09-29,8.595131874084473
2010-09-30,8.486860275268555
2010-10-01,8.45007038116455
2010-10-04,8.334019660949707
2010-10-05,8.642087936401367
2010-10-06,8.64956283569336
2010-10-07,8.650463104248047
2010-10-08,8.795527458190918
2010-10-11,8.834108352661133
2010-10-12,8.929221153259277
2010-10-13,8.977075576782227
2010-10-14,9.041980743408203
2010-10-15,9.4137601852417
2010-10-18,9.511268615722656
2010-10-19,9.256731986999512
2010-10-20,9.287837028503418
2010-10-21,9.257627487182617
2010-10-22,9.196316719055176
2010-10-25,9.237290382385254
2010-10-26,9.213662147521973
2010-10-27,9.207082748413086
2010-10-28,9.129613876342773
2010-10-29,9.00220012664795
2010-11-01,9.097912788391113
2010-11-02,9.252845764160156
2010-11-03,9.355732917785645
2010-11-04,9.519338607788086
2010-11-05,9.485239028930664
2010-11-08,9.529809951782227
2010-11-09,9.453839302062988
2010-11-10,9.512162208557129
2010-11-11,9.4708833694458
2010-11-12,9.213062286376953
2010-11-15,9.183452606201172
2010-11-16,9.020442962646484
2010-11-17,8.987844467163086
2010-11-18,9.225021362304688
2010-11-19,9.174182891845703
2010-11-22,9.372481346130371
2010-11-23,9.233999252319336
2010-11-24,9.415552139282227
2010-11-26,9.421533584594727
2010-11-29,9.477462768554688
2010-11-30,9.306379318237305
2010-12-01,9.463404655456543
2010-12-02,9.515746116638184
2010-12-03,9.494513511657715
2010-12-06,9.575569152832031
2010-12-07,9.517545700073242
2010-12-08,9.601285934448242
2010-12-09,9.563902854919434
2010-12-10,9.587830543518066
2010-12-13,9.621031761169434
2010-12-14,9.579754829406738
2010-12-15,9.58184814453125
2010-12-16,9.60846996307373
2010-12-17,9.589323043823242
2010-12-20,9.63718032836914
2010-12-21,9.69670581817627
2010-12-22,9.725417137145996
2010-12-23,9.678753852844238
2010-12-27,9.711055755615234
2010-12-28,9.734686851501465
2010-12-29,9.729302406311035
2010-12-30,9.680551528930664
2010-12-31,9.647655487060547
2011-01-03,9.857317924499512
2011-01-04,9.908754348754883
2011-01-05,9.989815711975098
2011-01-06,9.981741905212402
2011-01-07,10.053223609924316
2011-01-10,10.24255084991455
2011-01-11,10.218323707580566
2011-01-12,10.301475524902344
2011-01-13,10.339158058166504
2011-01-14,10.422907829284668
2011-01-18,10.188715934753418
2011-01-19,10.134578704833984
2011-01-20,9.950337409973145
2011-01-21,9.772076606750488
2011-01-24,10.093006134033203
2011-01-25,10.211148262023926
2011-01-26,10.284427642822266
2011-01-27,10.26528549194336
2011-01-28,10.05262565612793
2011-01-31,10.148934364318848
2011-02-01,10.319718360900879
2011-02-02,10.298480987548828
2011-02-03,10.272161483764648
2011-02-04,10.363685607910156
2011-02-07,10.524602890014648
2011-02-08,10.62389850616455
2011-02-09,10.71242904663086
2011-02-10,10.604159355163574
2011-02-11,10.673251152038574
2011-02-14,10.742942810058594
2011-02-15,10.76447868347168
2011-02-16,10.861085891723633
2011-02-17,10.716623306274414
2011-02-18,10.485119819641113
2011-02-22,10.127702713012695
2011-02-23,10.247642517089844
2011-02-24,10.255412101745605
2011-02-25,10.413339614868164
2011-02-28,10.564382553100586
2011-03-01,10.447728157043457
2011-03-02,10.531778335571289
2011-03-03,10.754303932189941
2011-03-04,10.767468452453613
2011-03-07,10.62868881225586
2011-03-08,10.640649795532227
2011-03-09,10.542247772216797
2011-03-10,10.368773460388184
2011-03-11,10.527891159057617
2011-03-14,10.574851036071777
2011-03-15,10.331683158874512
2011-03-16,9.870479583740234
2011-03-17,10.008963584899902
2011-03-18,9.890216827392578
2011-03-21,10.148336410522461
2011-03-22,10.205166816711426
2011-03-23,10.145048141479492
2011-03-24,10.317925453186035
2011-03-25,10.514432907104492
2011-03-28,10.481529235839844
2011-03-29,10.49708366394043
2011-03-30,10.427390098571777
2011-03-31,10.42380428314209
2011-04-01,10.30566120147705
2011-04-04,10.204866409301758
2011-04-05,10.136075973510742
2011-04-06,10.110651016235352
2011-04-07,10.111848831176758
2011-04-08,10.021517753601074
2011-04-11,9.89410400390625
2011-04-12,9.941961288452148
2011-04-13,10.0535249710083
2011-04-14,9.942561149597168
2011-04-15,9.794211387634277
2011-04-18,9.925515174865723
2011-04-19,10.105270385742188
2011-04-20,10.241355895996094
2011-04-21,10.489303588867188
2011-04-25,10.55840015411377
2011-04-26,10.480935096740723
2011-04-27,10.472858428955078
2011-04-28,10.371166229248047
2011-04-29,10.472261428833008
2011-05-02,10.357105255126953
2011-05-03,10.414531707763672
2011-05-04,10.455506324768066
2011-05-05,10.371166229248047
2011-05-06,10.368468284606934
2011-05-09,10.396586418151855
2011-05-10,10.451920509338379
2011-05-11,10.385520935058594
2011-05-12,10.365782737731934
2011-05-13,10.18422794342041
2011-05-16,9.96888256072998
2011-05-17,10.053824424743652
2011-05-18,10.165388107299805
2011-05-19,10.185125350952148
2011-05-20,10.0263090133667
2011-05-23,10.001781463623047
2011-05-24,9.93567943572998
2011-05-25,10.072965621948242
2011-05-26,10.019725799560547
2011-05-27,10.091808319091797
2011-05-31,10.403462409973145
2011-06-01,10.334074974060059
2011-06-02,10.35172176361084
2011-06-03,10.272161483764648
2011-06-06,10.110651016235352
2011-06-07,9.931191444396973
2011-06-08,9.937177658081055
2011-06-09,9.914741516113281
2011-06-10,9.74754810333252
2011-06-13,9.768485069274902
2011-06-14,9.943159103393555
2011-06-15,9.772970199584961
2011-06-16,9.725417137145996
2011-06-17,9.578859329223633
2011-06-20,9.431103706359863
2011-06-21,9.729607582092285
2011-06-22,9.649147033691406
2011-06-23,9.906964302062988
2011-06-24,9.761006355285645
2011-06-27,9.931191444396973
2011-06-28,10.02750301361084
2011-06-29,9.991011619567871
2011-06-30,10.039764404296875
2011-07-01,10.266782760620117
2011-07-05,10.451326370239258
2011-07-06,10.521011352539062
2011-07-07,10.68371868133545
2011-07-08,10.758792877197266
2011-07-11,10.58800983428955
2011-07-12,10.58053207397461
2011-07-13,10.708244323730469
2011-07-14,10.700766563415527
2011-07-15,10.914624214172363
2011-07-18,11.180216789245605
2011-07-19,11.271443367004395
2011-07-20,11.57203483581543
2011-07-21,11.583702087402344
2011-07-22,11.763457298278809
2011-07-25,11.918993949890137
2011-07-26,12.06584358215332
2011-07-27,11.742220878601074
2011-07-28,11.719189643859863
2011-07-29,11.679108619689941
2011-08-01,11.866646766662598
2011-08-02,11.632153511047363
2011-08-03,11.741621971130371
2011-08-04,11.287001609802246
2011-08-05,11.174836158752441
2011-08-08,10.564382553100586
2011-08-09,11.186500549316406
2011-08-10,10.87783432006836
2011-08-11,11.177227973937988
2011-08-12,11.27563190460205
2011-08-15,11.46765422821045
2011-08-16,11.380016326904297
2011-08-17,11.378819465637207
2011-08-18,10.948420524597168
2011-08-19,10.648722648620605
2011-08-22,10.660990715026855
2011-08-23,11.174236297607422
2011-08-24,11.25140380859375
2011-08-25,11.177827835083008
2011-08-26,11.47274112701416
2011-08-29,11.663857460021973
2011-08-30,11.66445541381836
2011-08-31,11.510122299194336
2011-09-01,11.396468162536621
2011-09-02,11.187698364257812
2011-09-06,11.357885360717773
2011-09-07,11.483202934265137
2011-09-08,11.489483833312988
2011-09-09,11.290288925170898
2011-09-12,11.363865852355957
2011-09-13,11.503843307495117
2011-09-14,11.643820762634277
2011-09-15,11.753286361694336
2011-09-16,11.978809356689453
2011-09-19,12.311699867248535
2011-09-20,12.366138458251953
2011-09-21,12.32695484161377
2011-09-22,12.01828670501709
2011-09-23,12.092466354370117
2011-09-26,12.058667182922363
2011-09-27,11.941718101501465
2011-09-28,11.874424934387207
2011-09-29,11.681805610656738
2011-09-30,11.405143737792969
2011-10-03,11.204147338867188
2011-10-04,11.141337394714355
2011-10-05,11.313314437866211
2011-10-06,11.287001609802246
2011-10-07,11.060583114624023
2011-10-10,11.629161834716797
2011-10-11,11.972528457641602
2011-10-12,12.02935791015625
2011-10-13,12.21599006652832
2011-10-14,12.621864318847656
2011-10-17,12.561744689941406
2011-10-18,12.629042625427246
2011-10-19,11.922575950622559
2011-10-20,11.82357406616211
2011-10-21,11.750595092773438
2011-10-24,12.136431694030762
2011-10-25,11.89715576171875
2011-10-26,11.981793403625488
2011-10-27,12.10412883758545
2011-10-28,12.111905097961426
2011-10-31,12.106818199157715
2011-11-01,11.859467506408691
2011-11-02,11.886384963989258
2011-11-03,12.055673599243164
2011-11-04,11.971030235290527
2011-11-07,11.955777168273926
2011-11-08,12.150193214416504
2011-11-09,11.822678565979004
2011-11-10,11.521787643432617
2011-11-11,11.503843307495117
2011-11-14,11.343524932861328
2011-11-15,11.629761695861816
2011-11-16,11.508331298828125
2011-11-17,11.288191795349121
2011-11-18,11.214315414428711
2011-11-21,11.036954879760742
2011-11-22,11.261276245117188
2011-11-23,10.976533889770508
2011-11-25,10.87424373626709
2011-11-28,11.249611854553223
2011-11-29,11.162275314331055
2011-11-30,11.431459426879883
2011-12-01,11.60284423828125
2011-12-02,11.655780792236328
2011-12-05,11.75478458404541
2011-12-06,11.693172454833984
2011-12-07,11.637537002563477
2011-12-08,11.684494018554688
2011-12-09,11.773028373718262
2011-12-12,11.719788551330566
2011-12-13,11.629161834716797
2011-12-14,11.371343612670898
2011-12-15,11.333956718444824
2011-12-16,11.396169662475586
2011-12-19,11.431761741638184
2011-12-20,11.842713356018066
2011-12-21,11.857672691345215
2011-12-22,11.920482635498047
2011-12-23,12.06345272064209
2011-12-27,12.159162521362305
2011-12-28,12.042810440063477
2011-12-29,12.11699104309082
2011-12-30,12.113401412963867
2012-01-03,12.299737930297852
2012-01-04,12.365836143493652
2012-01-05,12.50312328338623
2012-01-06,12.633828163146973
2012-01-09,12.613789558410645
2012-01-10,12.658952713012695
2012-01-11,12.638313293457031
2012-01-12,12.603618621826172
2012-01-13,12.55636215209961
2012-01-17,12.702618598937988
2012-01-18,12.83452320098877
2012-01-19,12.793843269348145
2012-01-20,12.571017265319824
2012-01-23,12.783673286437988
2012-01-24,12.574310302734375
2012-01-25,13.359434127807617
2012-01-26,13.29871940612793
2012-01-27,13.377981185913086
2012-01-30,13.549363136291504
2012-01-31,13.65314769744873
2012-02-01,13.644474983215332
2012-02-02,13.612468719482422
2012-02-03,13.748861312866211
2012-02-06,13.87717056274414
2012-02-07,14.022530555725098
2012-02-08,14.25732421875
2012-02-09,14.750531196594238
2012-02-10,14.758003234863281
2012-02-13,15.032578468322754
2012-02-14,15.23776626586914
2012-02-15,14.885128021240234
2012-02-16,15.020917892456055
2012-02-17,15.018228530883789
2012-02-21,15.398969650268555
2012-02-22,15.344832420349121
2012-02-23,15.445024490356445
2012-02-24,15.625085830688477
2012-02-27,15.725288391113281
2012-02-28,16.013914108276367
2012-02-29,16.224178314208984
2012-03-01,16.284896850585938
2012-03-02,16.306129455566406
2012-03-05,15.946619033813477
2012-03-06,15.85987377166748
2012-03-07,15.872745513916016
2012-03-08,16.21072006225586
2012-03-09,16.305837631225586
2012-03-12,16.510116577148438
2012-03-13,16.99165153503418
2012-03-14,17.634119033813477
2012-03-15,17.513887405395508
2012-03-16,17.51418113708496
2012-03-19,17.978681564331055
2012-03-20,18.124040603637695
2012-03-21,18.020544052124023
2012-03-22,17.926042556762695
2012-03-23,17.827640533447266
2012-03-26,18.154544830322266
2012-03-27,18.378873825073242
2012-03-28,18.472787857055664
2012-03-29,18.24068832397461
2012-03-30,17.93231964111328
2012-04-02,18.50299835205078
2012-04-03,18.82273292541504
2012-04-04,18.672887802124023
2012-04-05,18.953140258789062
2012-04-09,19.02940559387207
2012-04-10,18.79640769958496
2012-04-11,18.72941017150879
2012-04-12,18.626827239990234
2012-04-13,18.10220718383789
2012-04-16,17.351472854614258
2012-04-17,18.235897064208984
2012-04-18,18.195220947265625
2012-04-19,17.570114135742188
2012-04-20,17.137622833251953
2012-04-23,17.09933090209961
2012-04-24,16.757766723632812
2012-04-25,18.244873046875
2012-04-26,18.17608070373535
2012-04-27,18.035505294799805
2012-04-30,17.46662712097168
2012-05-01,17.411293029785156
2012-05-02,17.52643585205078
2012-05-03,17.40202522277832
2012-05-04,16.90641975402832
2012-05-07,17.032936096191406
2012-05-08,16.994060516357422
2012-05-09,17.023962020874023
2012-05-10,17.064043045043945
2012-05-11,16.950084686279297
2012-05-14,16.696151733398438
2012-05-15,16.545114517211914
2012-05-16,16.333051681518555
2012-05-17,15.855693817138672
2012-05-18,15.8634672164917
2012-05-21,16.787683486938477
2012-05-22,16.65876579284668
2012-05-23,17.065235137939453
2012-05-24,16.90850830078125
2012-05-25,16.817890167236328
2012-05-29,17.116378784179688
2012-05-30,17.322765350341797
2012-05-31,17.279691696166992
2012-06-01,16.779001235961914
2012-06-04,16.87769889831543
2012-06-05,16.83404541015625
2012-06-06,17.092161178588867
2012-06-07,17.099929809570312
2012-06-08,17.357152938842773
2012-06-11,17.08348274230957
2012-06-12,17.232736587524414
2012-06-13,17.113096237182617
2012-06-14,17.0942440032959
2012-06-15,17.172012329101562
2012-06-18,17.520463943481445
2012-06-19,17.569217681884766
2012-06-20,17.519262313842773
2012-06-21,17.277896881103516
2012-06-22,17.41039276123047
2012-06-25,17.07151985168457
2012-06-26,17.10921287536621
2012-06-27,17.183088302612305
2012-06-28,17.02007484436035
2012-06-29,17.467222213745117
2012-07-02,17.72205352783203
2012-07-03,17.92813491821289
2012-07-05,18.243078231811523
2012-07-06,18.121654510498047
2012-07-09,18.361221313476562
2012-07-10,18.191333770751953
2012-07-11,18.07828140258789
2012-07-12,17.912874221801758
2012-07-13,18.09442901611328
2012-07-16,18.152448654174805
2012-07-17,18.153356552124023
2012-07-18,18.133018493652344
2012-07-19,18.37408447265625
2012-07-20,18.074390411376953
2012-07-23,18.060335159301758
2012-07-24,17.973295211791992
2012-07-25,17.1971378326416
2012-07-26,17.1944522857666
2012-07-27,17.501916885375977
2012-07-30,17.797130584716797
2012-07-31,18.26760482788086
2012-08-01,18.14946174621582
2012-08-02,18.178773880004883
2012-08-03,18.415363311767578
2012-08-06,18.6202392578125
2012-08-07,18.571186065673828
2012-08-08,18.539785385131836
2012-08-09,18.645519256591797
2012-08-10,18.67465591430664
2012-08-13,18.923967361450195
2012-08-14,18.97473907470703
2012-08-15,18.948902130126953
2012-08-16,19.114412307739258
2012-08-17,19.467954635620117
2012-08-20,19.97980499267578
2012-08-21,19.70676040649414
2012-08-22,20.091548919677734
2012-08-23,19.904111862182617
2012-08-24,19.921833038330078
2012-08-27,20.296106338500977
2012-08-28,20.269689559936523
2012-08-29,20.229721069335938
2012-08-30,19.941354751586914
2012-08-31,19.982513427734375
2012-09-04,20.274782180786133
2012-09-05,20.132402420043945
2012-09-06,20.31382942199707
2012-09-07,20.439088821411133
2012-09-10,19.90741539001465
2012-09-11,19.842832565307617
2012-09-12,20.119178771972656
2012-09-13,20.5153865814209
2012-09-14,20.764699935913086
2012-09-17,21.020030975341797
2012-09-18,21.084009170532227
2012-09-19,21.089712142944336
2012-09-20,20.98758316040039
2012-09-21,21.029335021972656
2012-09-24,20.74998664855957
2012-09-25,20.23183250427246
2012-09-26,19.98070526123047
2012-09-27,20.465513229370117
2012-09-28,20.038387298583984
2012-10-01,19.806787490844727
2012-10-02,19.86446189880371
2012-10-03,20.169048309326172
2012-10-04,20.02937126159668
2012-10-05,19.602523803710938
2012-10-08,19.169382095336914
2012-10-09,19.099695205688477
2012-10-10,19.251689910888672
2012-10-11,18.866897583007812
2012-10-12,18.91525650024414
2012-10-15,19.06694984436035
2012-10-16,19.518417358398438
2012-10-17,19.36281967163086
2012-10-18,19.003271102905273
2012-10-19,18.318401336669922
2012-10-22,19.045026779174805
2012-10-23,18.42414093017578
2012-10-24,18.52836036682129
2012-10-25,18.30939292907715
2012-10-26,18.142980575561523
2012-10-31,17.882251739501953
2012-11-01,17.918903350830078
2012-11-02,17.32594871520996
2012-11-05,17.560840606689453
2012-11-06,17.507673263549805
2012-11-07,16.837783813476562
2012-11-08,16.226741790771484
2012-11-09,16.50766944885254
2012-11-12,16.380035400390625
2012-11-13,16.382143020629883
2012-11-14,16.200481414794922
2012-11-15,15.860712051391602
2012-11-16,15.922871589660645
2012-11-19,17.071041107177734
2012-11-20,16.92559814453125
2012-11-21,16.949434280395508
2012-11-23,17.24515724182129
2012-11-26,17.789209365844727
2012-11-27,17.645875930786133
2012-11-28,17.590347290039062
2012-11-29,17.784080505371094
2012-11-30,17.660968780517578
2012-12-03,17.688425064086914
2012-12-04,17.376413345336914
2012-12-05,16.258119583129883
2012-12-06,16.51310157775879
2012-12-07,16.090940475463867
2012-12-10,15.987441062927246
2012-12-11,16.336576461791992
2012-12-12,16.264455795288086
2012-12-13,15.983524322509766
2012-12-14,15.383037567138672
2012-12-17,15.655820846557617
2012-12-18,16.110563278198242
2012-12-19,15.881535530090332
2012-12-20,15.743329048156738
2012-12-21,15.670906066894531
2012-12-24,15.696249008178711
2012-12-26,15.479897499084473
2012-12-27,15.542070388793945
2012-12-28,15.377001762390137
2012-12-31,16.0583553314209
2013-01-02,16.567115783691406
2013-01-03,16.357994079589844
2013-01-04,15.902355194091797
2013-01-07,15.808810234069824
2013-01-08,15.851359367370605
2013-01-09,15.603618621826172
2013-01-10,15.797043800354004
2013-01-11,15.700188636779785
2013-01-14,15.140433311462402
2013-01-15,14.662757873535156
2013-01-16,15.271392822265625
2013-01-17,15.168486595153809
2013-01-18,15.087625503540039
2013-01-22,15.231557846069336
2013-01-23,15.510371208190918
2013-01-24,13.593950271606445
2013-01-25,13.27348804473877
2013-01-28,13.57372760772705
2013-01-29,13.828409194946289
2013-01-30,13.784955978393555
2013-01-31,13.74452018737793
2013-02-01,13.688093185424805
2013-02-04,13.347113609313965
2013-02-05,13.815437316894531
2013-02-06,13.800643920898438
2013-02-07,14.2110013961792
2013-02-08,14.416170120239258
2013-02-11,14.566405296325684
2013-02-12,14.201282501220703
2013-02-13,14.174267768859863
2013-02-14,14.161521911621094
2013-02-15,13.966364860534668
2013-02-19,13.961200714111328
2013-02-20,13.623093605041504
2013-02-21,13.53841495513916
2013-02-22,13.68257999420166
2013-02-25,13.439467430114746
2013-02-26,13.626739501953125
2013-02-27,13.493192672729492
2013-02-28,13.396980285644531
2013-03-01,13.065238952636719
2013-03-04,12.748982429504395
2013-03-05,13.085573196411133
2013-03-06,12.919252395629883
2013-03-07,13.068580627441406
2013-03-08,13.103179931640625
2013-03-11,13.289838790893555
2013-03-12,13.003326416015625
2013-03-13,13.000896453857422
2013-03-14,13.12685489654541
2013-03-15,13.46557331085205
2013-03-18,13.831607818603516
2013-03-19,13.794273376464844
2013-03-20,13.721126556396484
2013-03-21,13.740853309631348
2013-03-22,14.019482612609863
2013-03-25,14.070164680480957
2013-03-26,13.996112823486328
2013-03-27,13.721126556396484
2013-03-28,13.435220718383789
2013-04-01,13.017895698547363
2013-04-02,13.044601440429688
2013-04-03,13.111374855041504
2013-04-04,12.981776237487793
2013-04-05,12.844590187072754
2013-04-08,12.935944557189941
2013-04-09,12.959312438964844
2013-04-10,13.223673820495605
2013-04-11,13.182397842407227
2013-04-12,13.044905662536621
2013-04-15,12.742914199829102
2013-04-16,12.936854362487793
2013-04-17,12.225423812866211
2013-04-18,11.899151802062988
2013-04-19,11.85301685333252
2013-04-22,12.100074768066406
2013-04-23,12.326498031616211
2013-04-24,12.306160926818848
2013-04-25,12.394783973693848
2013-04-26,12.662484169006348
2013-04-29,13.054622650146484
2013-04-30,13.438864707946777
2013-05-01,13.332935333251953
2013-05-02,13.522026062011719
2013-05-03,13.657392501831055
2013-05-06,13.983059883117676
2013-05-07,13.9208402633667
2013-05-08,14.0780611038208
2013-05-09,13.955236434936523
2013-05-10,13.839142799377441
2013-05-13,13.893218040466309
2013-05-14,13.560811042785645
2013-05-15,13.102225303649902
2013-05-16,13.277287483215332
2013-05-17,13.236960411071777
2013-05-20,13.532397270202637
2013-05-21,13.432494163513184
2013-05-22,13.484126091003418
2013-05-23,13.508261680603027
2013-05-24,13.600226402282715
2013-05-28,13.486875534057617
2013-05-29,13.594109535217285
2013-05-30,13.796675682067871
2013-05-31,13.740154266357422
2013-06-03,13.770401000976562
2013-06-04,13.727323532104492
2013-06-05,13.599002838134766
2013-06-06,13.395830154418945
2013-06-07,13.498184204101562
2013-06-10,13.408967971801758
2013-06-11,13.369555473327637
2013-06-12,13.204268455505371
2013-06-13,13.319451332092285
2013-06-14,13.138888359069824
2013-06-17,13.198465347290039
2013-06-18,13.191439628601074
2013-06-19,12.923501014709473
2013-06-20,12.735300064086914
2013-06-21,12.63325023651123
2013-06-24,12.298402786254883
2013-06-25,12.301153182983398
2013-06-26,12.161837577819824
2013-06-27,12.030771255493164
2013-06-28,12.114786148071289
2013-07-01,12.50249195098877
2013-07-02,12.78570556640625
2013-07-03,12.856284141540527
2013-07-05,12.753020286560059
2013-07-08,12.680607795715332
2013-07-09,12.903637886047363
2013-07-10,12.854144096374512
2013-07-11,13.054563522338867
2013-07-12,13.030732154846191
2013-07-15,13.0591459274292
2013-07-16,13.14346981048584
2013-07-17,13.146834373474121
2013-07-18,13.191132545471191
2013-07-19,12.983076095581055
2013-07-22,13.024627685546875
2013-07-23,12.800986289978027
2013-07-24,13.458466529846191
2013-07-25,13.397054672241211
2013-07-26,13.473128318786621
2013-07-29,13.68088150024414
2013-07-30,13.849834442138672
2013-07-31,13.825699806213379
2013-08-01,13.952486991882324
2013-08-02,14.131525039672852
2013-08-05,14.342637062072754
2013-08-06,14.214323043823242
2013-08-07,14.20606803894043
2013-08-08,14.177777290344238
2013-08-09,13.976032257080078
2013-08-12,14.373062133789062
2013-08-13,15.056109428405762
2013-08-14,15.330733299255371
2013-08-15,15.312586784362793
2013-08-16,15.448526382446289
2013-08-19,15.614895820617676
2013-08-20,15.409775733947754
2013-08-21,15.449442863464355
2013-08-22,15.4678955078125
2013-08-23,15.408232688903809
2013-08-26,15.468205451965332
2013-08-27,15.025964736938477
2013-08-28,15.097005844116211
2013-08-29,15.121607780456543
2013-08-30,14.983830451965332
2013-09-03,15.025662422180176
2013-09-04,15.336579322814941
2013-09-05,15.231401443481445
2013-09-06,15.322122573852539
2013-09-09,15.566617965698242
2013-09-10,15.212029457092285
2013-09-11,14.383830070495605
2013-09-12,14.536983489990234
2013-09-13,14.297410011291504
2013-09-16,13.84286880493164
2013-09-17,14.002786636352539
2013-09-18,14.290641784667969
2013-09-19,14.524985313415527
2013-09-20,14.374604225158691
2013-09-23,15.089007377624512
2013-09-24,15.04165267944336
2013-09-25,14.808845520019531
2013-09-26,14.953078269958496
2013-09-27,14.846358299255371
2013-09-30,14.66183853149414
2013-10-01,15.006590843200684
2013-10-02,15.055794715881348
2013-10-03,14.866659164428711
2013-10-04,14.854973793029785
2013-10-07,15.000139236450195
2013-10-08,14.790696144104004
2013-10-09,14.964460372924805
2013-10-10,15.058256149291992
2013-10-11,15.155742645263672
2013-10-14,15.25507926940918
2013-10-15,15.336268424987793
2013-10-16,15.411006927490234
2013-10-17,15.515252113342285
2013-10-18,15.6502685546875
2013-10-21,16.033763885498047
2013-10-22,15.987939834594727
2013-10-23,16.144474029541016
2013-10-24,16.358217239379883
2013-10-25,16.17523765563965
2013-10-28,16.295785903930664
2013-10-29,15.8898344039917
2013-10-30,16.142637252807617
2013-10-31,16.07497215270996
2013-11-01,15.992865562438965
2013-11-04,16.19952964782715
2013-11-05,16.1595516204834
2013-11-06,16.113771438598633
2013-11-07,15.853005409240723
2013-11-08,16.102630615234375
2013-11-11,16.055919647216797
2013-11-12,16.08562469482422
2013-11-13,16.104795455932617
2013-11-14,16.337724685668945
2013-11-15,16.23966407775879
2013-11-18,16.042930603027344
2013-11-19,16.071388244628906
2013-11-20,15.930643081665039
2013-11-21,16.120580673217773
2013-11-22,16.079126358032227
2013-11-25,16.201000213623047
2013-11-26,16.49981117248535
2013-11-27,16.888330459594727
2013-11-29,17.201074600219727
2013-12-02,17.051359176635742
2013-12-03,17.518142700195312
2013-12-04,17.477313995361328
2013-12-05,17.5670223236084
2013-12-06,17.323261260986328
2013-12-09,17.52153778076172
2013-12-10,17.494321823120117
2013-12-11,17.364707946777344
2013-12-12,17.33934211730957
2013-12-13,17.15034294128418
2013-12-16,17.245302200317383
2013-12-17,17.16765785217285
2013-12-18,17.037124633789062
2013-12-19,16.841934204101562
2013-12-20,16.98299789428711
2013-12-23,17.63475799560547
2013-12-24,17.55989646911621
2013-12-26,17.443275451660156
2013-12-27,17.325424194335938
2013-12-30,17.153121948242188
2013-12-31,17.354183197021484
2014-01-02,17.110132217407227
2014-01-03,16.734291076660156
2014-01-06,16.82554054260254
2014-01-07,16.705209732055664
2014-01-08,16.811006546020508
2014-01-09,16.59632682800293
2014-01-10,16.48558807373047
2014-01-13,16.571889877319336
2014-01-14,16.90163803100586
2014-01-15,17.240983963012695
2014-01-16,17.144773483276367
2014-01-17,16.724708557128906
2014-01-21,16.98453712463379
2014-01-22,17.060016632080078
2014-01-23,17.2044734954834
2014-01-24,16.891742706298828
2014-01-27,17.028778076171875
2014-01-28,15.667705535888672
2014-01-29,15.489843368530273
2014-01-30,15.459835052490234
2014-01-31,15.485201835632324
2014-02-03,15.513970375061035
2014-02-04,15.738553047180176
2014-02-05,15.856100082397461
2014-02-06,15.948515892028809
2014-02-07,16.171632766723633
2014-02-10,16.46134376525879
2014-02-11,16.678245544433594
2014-02-12,16.676998138427734
2014-02-13,16.941818237304688
2014-02-14,16.928125381469727
2014-02-18,16.990360260009766
2014-02-19,16.72212028503418
2014-02-20,16.528560638427734
2014-02-21,16.344966888427734
2014-02-24,16.41653060913086
2014-02-25,16.24569320678711
2014-02-26,16.099130630493164
2014-02-27,16.420272827148438
2014-02-28,16.37577247619629
2014-03-03,16.423072814941406
2014-03-04,16.531370162963867
2014-03-05,16.56621742248535
2014-03-06,16.516109466552734
2014-03-07,16.5064697265625
2014-03-10,16.521408081054688
2014-03-11,16.682283401489258
2014-03-12,16.69846534729004
2014-03-13,16.51300811767578
2014-03-14,16.327539443969727
2014-03-17,16.391324996948242
2014-03-18,16.536340713500977
2014-03-19,16.5319881439209
2014-03-20,16.452320098876953
2014-03-21,16.58208465576172
2014-03-24,16.77875518798828
2014-03-25,16.959239959716797
2014-03-26,16.797119140625
2014-03-27,16.72492218017578
2014-03-28,16.706253051757812
2014-03-31,16.702512741088867
2014-04-01,16.85530662536621
2014-04-02,16.883316040039062
2014-04-03,16.766311645507812
2014-04-04,16.549413681030273
2014-04-07,16.289569854736328
2014-04-08,16.288646697998047
2014-04-09,16.50273323059082
2014-04-10,16.28989028930664
2014-04-11,16.169458389282227
2014-04-14,16.233871459960938
2014-04-15,16.118104934692383
2014-04-16,16.15077781677246
2014-04-17,16.33531951904297
2014-04-21,16.529184341430664
2014-04-22,16.545677185058594
2014-04-23,16.32939910888672
2014-04-24,17.668128967285156
2014-04-25,17.797880172729492
2014-04-28,18.487163543701172
2014-04-29,18.432390213012695
2014-04-30,18.362686157226562
2014-05-01,18.40593910217285
2014-05-02,18.440168380737305
2014-05-05,18.700946807861328
2014-05-06,18.497116088867188
2014-05-07,18.432390213012695
2014-05-08,18.399526596069336
2014-05-09,18.322864532470703
2014-05-12,18.55098533630371
2014-05-13,18.58009147644043
2014-05-14,18.583534240722656
2014-05-15,18.42551040649414
2014-05-16,18.69743537902832
2014-05-19,18.918989181518555
2014-05-20,18.922740936279297
2014-05-21,18.972806930541992
2014-05-22,19.00284767150879
2014-05-23,19.21751594543457
2014-05-27,19.577369689941406
2014-05-28,19.526681900024414
2014-05-29,19.882471084594727
2014-05-30,19.807998657226562
2014-06-02,19.671876907348633
2014-06-03,19.95005989074707
2014-06-04,20.177873611450195
2014-06-05,20.257043838500977
2014-06-06,20.201332092285156
2014-06-09,20.524595260620117
2014-06-10,20.645065307617188
2014-06-11,20.55964469909668
2014-06-12,20.21573829650879
2014-06-13,19.9945011138916
2014-06-16,20.19601821899414
2014-06-17,20.169740676879883
2014-06-18,20.19163703918457
2014-06-19,20.121543884277344
2014-06-20,19.9134521484375
2014-06-23,19.895931243896484
2014-06-24,19.775453567504883
2014-06-25,19.792978286743164
2014-06-26,19.91126251220703
2014-06-27,20.147825241088867
2014-06-30,20.355924606323242
2014-07-01,20.48516273498535
2014-07-02,20.47640037536621
2014-07-03,20.596872329711914
2014-07-07,21.021821975708008
2014-07-08,20.886018753051758
2014-07-09,20.894777297973633
2014-07-10,20.818111419677734
2014-07-11,20.8575439453125
2014-07-14,21.126964569091797
2014-07-15,20.879444122314453
2014-07-16,20.761159896850586
2014-07-17,20.39097023010254
2014-07-18,20.684494018554688
2014-07-21,20.57716178894043
2014-07-22,20.74802017211914
2014-07-23,21.2890567779541
2014-07-24,21.254005432128906
2014-07-25,21.39420509338379
2014-07-28,21.68992042541504
2014-07-29,21.549726486206055
2014-07-30,21.49934196472168
2014-07-31,20.940778732299805
2014-08-01,21.05687141418457
2014-08-04,20.938581466674805
2014-08-05,20.83563995361328
2014-08-06,20.800588607788086
2014-08-07,20.798383712768555
2014-08-08,20.85562515258789
2014-08-11,21.130794525146484
2014-08-12,21.126388549804688
2014-08-13,21.405960083007812
2014-08-14,21.463197708129883
2014-08-15,21.568862915039062
2014-08-18,21.828622817993164
2014-08-19,22.13020133972168
2014-08-20,22.139005661010742
2014-08-21,22.141218185424805
2014-08-22,22.304113388061523
2014-08-25,22.352556228637695
2014-08-26,22.209455490112305
2014-08-27,22.48241424560547
2014-08-28,22.508838653564453
2014-08-29,22.56386947631836
2014-09-02,22.73998260498047
2014-09-03,21.780187606811523
2014-09-04,21.599681854248047
2014-09-05,21.786792755126953
2014-09-08,21.652509689331055
2014-09-09,21.571063995361328
2014-09-10,22.233675003051758
2014-09-11,22.328323364257812
2014-09-12,22.378957748413086
2014-09-15,22.372358322143555
2014-09-16,22.20284652709961
2014-09-17,22.361343383789062
2014-09-18,22.407573699951172
2014-09-19,22.224864959716797
2014-09-22,22.24688148498535
2014-09-23,22.594690322875977
2014-09-24,22.398773193359375
2014-09-25,21.544647216796875
2014-09-26,22.178634643554688
2014-09-29,22.037748336791992
2014-09-30,22.178634643554688
2014-10-01,21.83302116394043
2014-10-02,21.991518020629883
2014-10-03,21.92987823486328
2014-10-06,21.92987823486328
2014-10-07,21.73836326599121
2014-10-08,22.189645767211914
2014-10-09,22.238065719604492
2014-10-10,22.174226760864258
2014-10-13,21.971704483032227
2014-10-14,21.73836326599121
2014-10-15,21.471996307373047
2014-10-16,21.19023323059082
2014-10-17,21.50062370300293
2014-10-20,21.960702896118164
2014-10-21,22.557268142700195
2014-10-22,22.671741485595703
2014-10-23,23.07678985595703
2014-10-24,23.16264533996582
2014-10-27,23.138425827026367
2014-10-28,23.49724006652832
2014-10-29,23.629329681396484
2014-10-30,23.550071716308594
2014-10-31,23.77461814880371
2014-11-03,24.082799911499023
2014-11-04,23.906702041625977
2014-11-05,23.96392822265625
2014-11-06,24.0324649810791
2014-11-07,24.101011276245117
2014-11-10,24.061214447021484
2014-11-11,24.253555297851562
2014-11-12,24.596242904663086
2014-11-13,24.9433536529541
2014-11-14,25.244043350219727
2014-11-17,25.20203399658203
2014-11-18,25.52924919128418
2014-11-19,25.352371215820312
2014-11-20,25.7149658203125
2014-11-21,25.750343322753906
2014-11-24,26.227890014648438
2014-11-25,26.000173568725586
2014-11-26,26.309696197509766
2014-11-28,26.294221878051758
2014-12-01,25.44080924987793
2014-12-02,25.34352684020996
2014-12-03,25.630945205688477
2014-12-04,25.53366470336914
2014-12-05,25.42533302307129
2014-12-08,24.850505828857422
2014-12-09,25.23078155517578
2014-12-10,24.751005172729492
2014-12-11,24.678056716918945
2014-12-12,24.260189056396484
2014-12-15,23.928565979003906
2014-12-16,23.60134506225586
2014-12-17,24.189441680908203
2014-12-18,24.905776977539062
2014-12-19,24.713430404663086
2014-12-22,24.969890594482422
2014-12-23,24.88145637512207
2014-12-24,24.76427459716797
2014-12-26,25.20203399658203
2014-12-29,25.184349060058594
2014-12-30,24.877037048339844
2014-12-31,24.403900146484375
2015-01-02,24.171754837036133
2015-01-05,23.49080467224121
2015-01-06,23.493009567260742
2015-01-07,23.822433471679688
2015-01-08,24.73774528503418
2015-01-09,24.76427459716797
2015-01-12,24.154067993164062
2015-01-13,24.3685245513916
2015-01-14,24.275672912597656
2015-01-15,23.6168212890625
2015-01-16,23.43330955505371
2015-01-20,24.036893844604492
2015-01-21,24.22039794921875
2015-01-22,24.850505828857422
2015-01-23,24.978729248046875
2015-01-26,25.005268096923828
2015-01-27,24.12974739074707
2015-01-28,25.493871688842773
2015-01-29,26.287586212158203
2015-01-30,25.902894973754883
2015-02-02,26.227890014648438
2015-02-03,26.23231315612793
2015-02-04,26.433507919311523
2015-02-05,26.62217903137207
2015-02-06,26.397998809814453
2015-02-09,26.573345184326172
2015-02-10,27.0838565826416
2015-02-11,27.718664169311523
2015-02-12,28.069366455078125
2015-02-13,28.206985473632812
2015-02-17,28.373456954956055
2015-02-18,28.571008682250977
2015-02-19,28.511077880859375
2015-02-20,28.744140625
2015-02-23,29.521011352539062
2015-02-24,29.336774826049805
2015-02-25,28.586544036865234
2015-02-26,28.948341369628906
2015-02-27,28.513303756713867
2015-03-02,28.653125762939453
2015-03-03,28.713062286376953
2015-03-04,28.531051635742188
2015-03-05,28.058269500732422
2015-03-06,28.100444793701172
2015-03-09,28.220306396484375
2015-03-10,27.636547088623047
2015-03-11,27.132692337036133
2015-03-12,27.62322235107422
2015-03-13,27.432342529296875
2015-03-16,27.734203338623047
2015-03-17,28.198102951049805
2015-03-18,28.515525817871094
2015-03-19,28.30021095275879
2015-03-20,27.94507598876953
2015-03-23,28.23583984375
2015-03-24,28.120426177978516
2015-03-25,27.385723114013672
2015-03-26,27.576614379882812
2015-03-27,27.35687828063965
2015-03-30,28.049394607543945
2015-03-31,27.618789672851562
2015-04-01,27.578828811645508
2015-04-02,27.816333770751953
2015-04-06,28.26691246032715
2015-04-07,27.969480514526367
2015-04-08,27.878482818603516
2015-04-09,28.09156036376953
2015-04-10,28.2114315032959
2015-04-13,28.15593147277832
2015-04-14,28.033857345581055
2015-04-15,28.140399932861328
2015-04-16,28.005001068115234
2015-04-17,27.689815521240234
2015-04-20,28.32240104675293
2015-04-21,28.16925621032715
2015-04-22,28.54880714416504
2015-04-23,28.781871795654297
2015-04-24,28.917266845703125
2015-04-27,29.443307876586914
2015-04-28,28.97941780090332
2015-04-29,28.553247451782227
2015-04-30,27.778596878051758
2015-05-01,28.622053146362305
2015-05-04,28.566564559936523
2015-05-05,27.92287826538086
2015-05-06,27.747520446777344
2015-05-07,27.919151306152344
2015-05-08,28.44516944885254
2015-05-11,28.155410766601562
2015-05-12,28.05510902404785
2015-05-13,28.08631134033203
2015-05-14,28.74161720275879
2015-05-15,28.701492309570312
2015-05-18,29.01799201965332
2015-05-19,28.991256713867188
2015-05-20,28.989011764526367
2015-05-21,29.28546714782715
2015-05-22,29.541790008544922
2015-05-26,28.890947341918945
2015-05-27,29.430339813232422
2015-05-28,29.372400283813477
2015-05-29,29.03805160522461
2015-06-01,29.09600067138672
2015-06-02,28.966733932495117
2015-06-03,29.00239372253418
2015-06-04,28.83300018310547
2015-06-05,28.674741744995117
2015-06-08,28.485294342041016
2015-06-09,28.400596618652344
2015-06-10,28.72601890563965
2015-06-11,28.661373138427734
2015-06-12,28.344867706298828
2015-06-15,28.289148330688477
2015-06-16,28.440711975097656
2015-06-17,28.373842239379883
2015-06-18,28.50312042236328
2015-06-19,28.217817306518555
2015-06-22,28.442943572998047
2015-06-23,28.313663482666016
2015-06-24,28.554378509521484
2015-06-25,28.418426513671875
2015-06-26,28.25126075744629
2015-06-29,27.75644302368164
2015-06-30,27.957040786743164
2015-07-01,28.217817306518555
2015-07-02,28.182157516479492
2015-07-06,28.084083557128906
2015-07-07,28.014986038208008
2015-07-08,27.3195743560791
2015-07-09,26.76235008239746
2015-07-10,27.477832794189453
2015-07-13,28.0083065032959
2015-07-14,27.99715805053711
2015-07-15,28.266857147216797
2015-07-16,28.643539428710938
2015-07-17,28.890947341918945
2015-07-20,29.437023162841797
2015-07-21,29.14281463623047
2015-07-22,27.910236358642578
2015-07-23,27.89685821533203
2015-07-24,27.749752044677734
2015-07-27,27.364160537719727
2015-07-28,27.500112533569336
2015-07-29,27.413192749023438
2015-07-30,27.27500343322754
2015-07-31,27.036510467529297
2015-08-03,26.3990421295166
2015-08-04,25.552059173583984
2015-08-05,25.721454620361328
2015-08-06,25.777435302734375
2015-08-07,25.864749908447266
2015-08-10,26.80512809753418
2015-08-11,25.41024398803711
2015-08-12,25.802066802978516
2015-08-13,25.78190803527832
2015-08-14,25.96327018737793
2015-08-17,26.231950759887695
2015-08-18,26.08417510986328
2015-08-19,25.750568389892578
2015-08-20,25.22216033935547
2015-08-21,23.679500579833984
2015-08-24,23.088407516479492
2015-08-25,23.227224349975586
2015-08-26,24.55942726135254
2015-08-27,25.28261375427246
2015-08-28,25.365446090698242
2015-08-31,25.24679183959961
2015-09-01,24.118337631225586
2015-09-02,25.15275764465332
2015-09-03,24.71167755126953
2015-09-04,24.46537971496582
2015-09-08,25.14603614807129
2015-09-09,24.66242027282715
2015-09-10,25.20425033569336
2015-09-11,25.571443557739258
2015-09-14,25.817731857299805
2015-09-15,26.0349178314209
2015-09-16,26.064022064208984
2015-09-17,25.506511688232422
2015-09-18,25.401281356811523
2015-09-21,25.79534149169922
2015-09-22,25.39008331298828
2015-09-23,25.596073150634766
2015-09-24,25.748332977294922
2015-09-25,25.68339729309082
2015-09-28,25.17514419555664
2015-09-29,24.418367385864258
2015-09-30,24.696008682250977
2015-10-01,24.534793853759766
2015-10-02,24.713911056518555
2015-10-05,24.80347442626953
2015-10-06,24.922134399414062
2015-10-07,24.80347442626953
2015-10-08,24.516883850097656
2015-10-09,25.103504180908203
2015-10-12,24.987075805664062
2015-10-13,25.02960968017578
2015-10-14,24.675859451293945
2015-10-15,25.045286178588867
2015-10-16,24.86168670654297
2015-10-19,25.016183853149414
2015-10-20,25.472930908203125
2015-10-21,25.4706974029541
2015-10-22,25.86028289794922
2015-10-23,26.661828994750977
2015-10-26,25.811017990112305
2015-10-27,25.647565841674805
2015-10-28,26.704370498657227
2015-10-29,26.98648452758789
2015-10-30,26.755870819091797
2015-11-02,27.13201904296875
2015-11-03,27.443239212036133
2015-11-04,27.315614700317383
2015-11-05,27.189697265625
2015-11-06,27.22117805480957
2015-11-09,27.110994338989258
2015-11-10,26.256534576416016
2015-11-11,26.10813331604004
2015-11-12,26.020435333251953
2015-11-13,25.260425567626953
2015-11-16,25.674161911010742
2015-11-17,25.563987731933594
2015-11-18,26.37346649169922
2015-11-19,26.70850372314453
2015-11-20,26.82542610168457
2015-11-23,26.476900100708008
2015-11-24,26.730979919433594
2015-11-25,26.539865493774414
2015-11-27,26.490392684936523
2015-11-30,26.600570678710938
2015-12-01,26.384700775146484
2015-12-02,26.146358489990234
2015-12-03,25.903512954711914
2015-12-04,26.764719009399414
2015-12-07,26.596071243286133
2015-12-08,26.58483123779297
2015-12-09,25.997957229614258
2015-12-10,26.121627807617188
2015-12-11,25.449302673339844
2015-12-14,25.291906356811523
2015-12-15,24.844438552856445
2015-12-16,25.035564422607422
2015-12-17,24.504898071289062
2015-12-18,23.841577529907227
2015-12-21,24.13389015197754
2015-12-22,24.11140251159668
2015-12-23,24.42170524597168
2015-12-24,24.291288375854492
2015-12-28,24.019214630126953
2015-12-29,24.450942993164062
2015-12-30,24.13164710998535
2015-12-31,23.668434143066406
2016-01-04,23.688671112060547
2016-01-05,23.095050811767578
2016-01-06,22.64308738708496
2016-01-07,21.687440872192383
2016-01-08,21.8021183013916
2016-01-11,22.155153274536133
2016-01-12,22.476696014404297
2016-01-13,21.898805618286133
2016-01-14,22.377758026123047
2016-01-15,21.840351104736328
2016-01-19,21.73467254638672
2016-01-20,21.763898849487305
2016-01-21,21.653717041015625
2016-01-22,22.80497932434082
2016-01-25,22.359766006469727
2016-01-26,22.483444213867188
2016-01-27,21.006128311157227
2016-01-28,21.156780242919922
2016-01-29,21.887571334838867
2016-02-01,21.682952880859375
2016-02-02,21.244482040405273
2016-02-03,21.664958953857422
2016-02-04,21.83903694152832
2016-02-05,21.25576400756836
2016-02-08,21.479576110839844
2016-02-09,21.475053787231445
2016-02-10,21.312278747558594
2016-02-11,21.183414459228516
2016-02-12,21.248981475830078
2016-02-16,21.84808349609375
2016-02-17,22.182674407958984
2016-02-18,21.762184143066406
2016-02-19,21.712434768676758
2016-02-22,21.902341842651367
2016-02-23,21.407238006591797
2016-02-24,21.72599983215332
2016-02-25,21.87520980834961
2016-02-26,21.909120559692383
2016-02-29,21.85938835144043
2016-03-01,22.727521896362305
2016-03-02,22.777263641357422
2016-03-03,22.946815490722656
2016-03-04,23.28819465637207
2016-03-07,23.030466079711914
2016-03-08,22.840564727783203
2016-03-09,22.860912322998047
2016-03-10,22.872215270996094
2016-03-11,23.118637084960938
2016-03-14,23.17741584777832
2016-03-15,23.643142700195312
2016-03-16,23.957378387451172
2016-03-17,23.918949127197266
2016-03-18,23.946073532104492
2016-03-21,23.943811416625977
2016-03-22,24.12694549560547
2016-03-23,23.993549346923828
2016-03-24,23.889556884765625
2016-03-28,23.781042098999023
2016-03-29,24.34396743774414
2016-03-30,24.768993377685547
2016-03-31,24.6401309967041
2016-04-01,24.866207122802734
2016-04-04,25.121681213378906
2016-04-05,24.825515747070312
2016-04-06,25.085506439208984
2016-04-07,24.538394927978516
2016-04-08,24.56553077697754
2016-04-11,24.64691734313965
2016-04-12,24.96794319152832
2016-04-13,25.32966423034668
2016-04-14,25.343233108520508
2016-04-15,24.83455467224121
2016-04-18,24.29875946044922
2016-04-19,24.169898986816406
2016-04-20,24.219627380371094
2016-04-21,23.957378387451172
2016-04-22,23.891817092895508
2016-04-25,23.75617027282715
2016-04-26,23.591140747070312
2016-04-27,22.114856719970703
2016-04-28,21.438888549804688
2016-04-29,21.192462921142578
2016-05-02,21.16984748840332
2016-05-03,21.51800537109375
2016-05-04,21.294198989868164
2016-05-05,21.207754135131836
2016-05-06,21.0894832611084
2016-05-09,21.105409622192383
2016-05-10,21.24869728088379
2016-05-11,21.041715621948242
2016-05-12,20.548145294189453
2016-05-13,20.58909034729004
2016-05-16,21.353328704833984
2016-05-17,21.264623641967773
2016-05-18,21.507999420166016
2016-05-19,21.42612075805664
2016-05-20,21.65812110900879
2016-05-23,21.933345794677734
2016-05-24,22.267698287963867
2016-05-25,22.65891456604004
2016-05-26,22.838607788085938
2016-05-27,22.8249568939209
2016-05-31,22.713502883911133
2016-06-01,22.39506721496582
2016-06-02,22.226757049560547
2016-06-03,22.272241592407227
2016-06-06,22.433732986450195
2016-06-07,22.52471923828125
2016-06-08,22.504249572753906
2016-06-09,22.665733337402344
2016-06-10,22.479225158691406
2016-06-13,22.140317916870117
2016-06-14,22.167617797851562
2016-06-15,22.094831466674805
2016-06-16,22.188081741333008
2016-06-17,21.683137893676758
2016-06-20,21.630828857421875
2016-06-21,21.815061569213867
2016-06-22,21.73318099975586
2016-06-23,21.858280181884766
2016-06-24,21.244150161743164
2016-06-27,20.934816360473633
2016-06-28,21.287364959716797
2016-06-29,21.471614837646484
2016-06-30,21.744548797607422
2016-07-01,21.81051254272461
2016-07-05,21.605802536010742
2016-07-06,21.72863006591797
2016-07-07,21.821889877319336
2016-07-08,21.990205764770508
2016-07-11,22.058439254760742
2016-07-12,22.15851593017578
2016-07-13,22.033414840698242
2016-07-14,22.470130920410156
2016-07-15,22.46785545349121
2016-07-18,22.706680297851562
2016-07-19,22.715776443481445
2016-07-20,22.736248016357422
2016-07-21,22.615699768066406
2016-07-22,22.440561294555664
2016-07-25,22.140317916870117
2016-07-26,21.987926483154297
2016-07-27,23.416337966918945
2016-07-28,23.732494354248047
2016-07-29,23.702926635742188
2016-08-01,24.121442794799805
2016-08-02,23.764341354370117
2016-08-03,24.062301635742188
2016-08-04,24.210952758789062
2016-08-05,24.579133987426758
2016-08-08,24.782669067382812
2016-08-09,24.88327980041504
2016-08-10,24.69805145263672
2016-08-11,24.682043075561523
2016-08-12,24.73921775817871
2016-08-15,25.036495208740234
2016-08-16,25.013635635375977
2016-08-17,24.977041244506836
2016-08-18,24.945030212402344
2016-08-19,25.009065628051758
2016-08-22,24.814682006835938
2016-08-23,24.892433166503906
2016-08-24,24.704912185668945
2016-08-25,24.599714279174805
2016-08-26,24.455642700195312
2016-08-29,24.42820167541504
2016-08-30,24.240676879882812
2016-08-31,24.263547897338867
2016-09-01,24.407621383666992
2016-09-02,24.636308670043945
2016-09-06,24.629438400268555
2016-09-07,24.78037452697754
2016-09-08,24.13090705871582
2016-09-09,23.584346771240234
2016-09-12,24.112613677978516
2016-09-13,24.68661117553711
2016-09-14,25.560192108154297
2016-09-15,26.429203033447266
2016-09-16,26.28055191040039
2016-09-19,25.974111557006836
2016-09-20,25.971830368041992
2016-09-21,25.96726417541504
2016-09-22,26.211946487426758
2016-09-23,25.775157928466797
2016-09-26,25.814037322998047
2016-09-27,25.862058639526367
2016-09-28,26.058727264404297
2016-09-29,25.653945922851562
2016-09-30,25.852909088134766
2016-10-03,25.731706619262695
2016-10-04,25.841482162475586
2016-10-05,25.852909088134766
2016-10-06,26.045000076293945
2016-10-07,26.08388328552246
2016-10-10,26.538969039916992
2016-10-11,26.596141815185547
2016-10-12,26.833974838256836
2016-10-13,26.751646041870117
2016-10-14,26.900293350219727
2016-10-17,26.881996154785156
2016-10-18,26.863706588745117
2016-10-19,26.783662796020508
2016-10-20,26.769939422607422
2016-10-21,26.664743423461914
2016-10-24,26.904865264892578
2016-10-25,27.042081832885742
2016-10-26,26.433773040771484
2016-10-27,26.1799373626709
2016-10-28,26.006128311157227
2016-10-31,25.964969635009766
2016-11-01,25.49616241455078
2016-11-02,25.51902961730957
2016-11-03,25.245498657226562
2016-11-04,25.017932891845703
2016-11-07,25.378812789916992
2016-11-08,25.528226852416992
2016-11-09,25.48684310913086
2016-11-10,24.776580810546875
2016-11-11,24.92369842529297
2016-11-14,24.298473358154297
2016-11-15,24.62027931213379
2016-11-16,25.282272338867188
2016-11-17,25.27307891845703
2016-11-18,25.298368453979492
2016-11-21,25.682235717773438
2016-11-22,25.698326110839844
2016-11-23,25.567306518554688
2016-11-25,25.69601821899414
2016-11-28,25.645450592041016
2016-11-29,25.62017059326172
2016-11-30,25.404096603393555
2016-12-01,25.167346954345703
2016-12-02,25.2615909576416
2016-12-05,25.08000373840332
2016-12-06,25.27307891845703
2016-12-07,25.521329879760742
2016-12-08,25.77187728881836
2016-12-09,26.192516326904297
2016-12-12,26.04311752319336
2016-12-13,26.477542877197266
2016-12-14,26.477542877197266
2016-12-15,26.622356414794922
2016-12-16,26.65683937072754
2016-12-19,26.810840606689453
2016-12-20,26.882099151611328
2016-12-21,26.907381057739258
2016-12-22,26.730398178100586
2016-12-23,26.783254623413086
2016-12-27,26.95335578918457
2016-12-28,26.838422775268555
2016-12-29,26.831527709960938
2016-12-30,26.622356414794922
2017-01-03,26.698211669921875
2017-01-04,26.66832733154297
2017-01-05,26.803945541381836
2017-01-06,27.102758407592773
2017-01-09,27.35100746154785
2017-01-10,27.378597259521484
2017-01-11,27.525712966918945
2017-01-12,27.4107723236084
2017-01-13,27.362506866455078
2017-01-17,27.583175659179688
2017-01-18,27.580869674682617
2017-01-19,27.532602310180664
2017-01-20,27.583175659179688
2017-01-23,27.601558685302734
2017-01-24,27.576278686523438
2017-01-25,28.015310287475586
2017-01-26,28.029098510742188
2017-01-27,28.031396865844727
2017-01-30,27.957839965820312
2017-01-31,27.893482208251953
2017-02-01,29.59444236755371
2017-02-02,29.543874740600586
2017-02-03,29.67029571533203
2017-02-06,29.94842529296875
2017-02-07,30.233463287353516
2017-02-08,30.350683212280273
2017-02-09,30.569992065429688
2017-02-10,30.500747680664062
2017-02-13,30.77083969116211
2017-02-14,31.170228958129883
2017-02-15,31.283329010009766
2017-02-16,31.24640655517578
2017-02-17,31.331829071044922
2017-02-21,31.558063507080078
2017-02-22,31.652711868286133
2017-02-23,31.518823623657227
2017-02-24,31.5488224029541
2017-02-27,31.61115837097168
2017-02-28,31.625011444091797
2017-03-01,32.27140808105469
2017-03-02,32.07978820800781
2017-03-03,32.26910400390625
2017-03-06,32.16751480102539
2017-03-07,32.209083557128906
2017-03-08,32.08903121948242
2017-03-09,32.01515579223633
2017-03-10,32.1213493347168
2017-03-13,32.13520431518555
2017-03-14,32.08673095703125
2017-03-15,32.42608642578125
2017-03-16,32.479183197021484
2017-03-17,32.31758117675781
2017-03-20,32.656944274902344
2017-03-21,32.28295135498047
2017-03-22,32.6476936340332
2017-03-23,32.53227996826172
2017-03-24,32.46763610839844
2017-03-27,32.523048400878906
2017-03-28,33.197139739990234
2017-03-29,33.271018981933594
2017-03-30,33.22714614868164
2017-03-31,33.164817810058594
2017-04-03,33.17405319213867
2017-04-04,33.42108154296875
2017-04-05,33.2479248046875
2017-04-06,33.164817810058594
2017-04-07,33.090946197509766
2017-04-10,33.05169677734375
2017-04-11,32.69619369506836
2017-04-12,32.73542785644531
2017-04-13,32.562286376953125
2017-04-17,32.74235534667969
2017-04-18,32.59691619873047
2017-04-19,32.47685623168945
2017-04-20,32.8831672668457
2017-04-21,32.843929290771484
2017-04-24,33.16020965576172
2017-04-25,33.365665435791016
2017-04-26,33.169429779052734
2017-04-27,33.19483947753906
2017-04-28,33.16250991821289
2017-05-01,33.83891296386719
2017-05-02,34.05362319946289
2017-05-03,33.949737548828125
2017-05-04,33.82738494873047
2017-05-05,34.388362884521484
2017-05-08,35.32332992553711
2017-05-09,35.54956817626953
2017-05-10,35.381046295166016
2017-05-11,35.68702697753906
2017-05-12,36.18540573120117
2017-05-15,36.09268569946289
2017-05-16,36.03938293457031
2017-05-17,34.8293342590332
2017-05-18,35.36017990112305
2017-05-19,35.480716705322266
2017-05-22,35.6963005065918
2017-05-23,35.65226364135742
2017-05-24,35.545616149902344
2017-05-25,35.66847229003906
2017-05-26,35.60820770263672
2017-05-30,35.62212371826172
2017-05-31,35.41116714477539
2017-06-01,35.50853729248047
2017-06-02,36.03474426269531
2017-06-05,35.68239974975586
2017-06-06,35.80293655395508
2017-06-07,36.016197204589844
2017-06-08,35.92811965942383
2017-06-09,34.53493881225586
2017-06-12,33.70969009399414
2017-06-13,33.980899810791016
2017-06-14,33.6494255065918
2017-06-15,33.44775390625
2017-06-16,32.97949981689453
2017-06-19,33.9229621887207
2017-06-20,33.614654541015625
2017-06-21,33.81401824951172
2017-06-22,33.75838851928711
2017-06-23,33.909053802490234
2017-06-26,33.802406311035156
2017-06-27,33.31794357299805
2017-06-28,33.80474090576172
2017-06-29,33.30633544921875
2017-06-30,33.38515853881836
2017-07-03,33.26462173461914
2017-07-05,33.4013786315918
2017-07-06,33.08612060546875
2017-07-07,33.422245025634766
2017-07-10,33.62623596191406
2017-07-11,33.735198974609375
2017-07-12,33.78387451171875
2017-07-13,34.25444793701172
2017-07-14,34.54884338378906
2017-07-17,34.66938781738281
2017-07-18,34.78992462158203
2017-07-19,35.00782012939453
2017-07-20,34.850196838378906
2017-07-21,34.833980560302734
2017-07-24,35.25586700439453
2017-07-25,35.40653991699219
2017-07-26,35.57344055175781
2017-07-27,34.901187896728516
2017-07-28,34.65547180175781
2017-07-31,34.47698211669922
2017-08-01,34.78297805786133
2017-08-02,36.426509857177734
2017-08-03,36.06255340576172
2017-08-04,36.252647399902344
2017-08-07,36.813629150390625
2017-08-08,37.108028411865234
2017-08-09,37.335205078125
2017-08-10,36.145999908447266
2017-08-11,36.648677825927734
2017-08-14,37.2002067565918
2017-08-15,37.607486724853516
2017-08-16,37.45621109008789
2017-08-17,36.73710632324219
2017-08-18,36.653324127197266
2017-08-21,36.58584213256836
2017-08-22,37.183921813964844
2017-08-23,37.23046875
2017-08-24,37.065242767333984
2017-08-25,37.202537536621094
2017-08-28,37.57722091674805
2017-08-29,37.91234588623047
2017-08-30,38.01472473144531
2017-08-31,38.16600036621094
2017-09-01,38.17765426635742
2017-09-05,37.719181060791016
2017-09-06,37.67961120605469
2017-09-07,37.528350830078125
2017-09-08,36.916297912597656
2017-09-11,37.58420181274414
2017-09-12,37.435272216796875
2017-09-13,37.1536750793457
2017-09-14,36.83484649658203
2017-09-15,37.207191467285156
2017-09-18,36.92560958862305
2017-09-19,36.939571380615234
2017-09-20,36.32053756713867
2017-09-21,35.69685363769531
2017-09-22,35.34777069091797
2017-09-25,35.03593063354492
2017-09-26,35.6386604309082
2017-09-27,35.89232635498047
2017-09-28,35.67124557495117
2017-09-29,35.866729736328125
2017-10-02,35.794593811035156
2017-10-03,35.95051956176758
2017-10-04,35.71780014038086
2017-10-05,36.162288665771484
2017-10-06,36.14134979248047
2017-10-09,36.26702117919922
2017-10-10,36.28097152709961
2017-10-11,36.43223190307617
2017-10-12,36.30424499511719
2017-10-13,36.53464126586914
2017-10-16,37.207191467285156
2017-10-17,37.344505310058594
2017-10-18,37.17927932739258
2017-10-19,36.29959487915039
2017-10-20,36.362430572509766
2017-10-23,36.34380340576172
2017-10-24,36.560245513916016
2017-10-25,36.399662017822266
2017-10-26,36.632389068603516
2017-10-27,37.94491958618164
2017-10-30,38.79900360107422
2017-10-31,39.33890914916992
2017-11-01,38.83857345581055
2017-11-02,39.12247848510742
2017-11-03,40.14411926269531
2017-11-06,40.551368713378906
2017-11-07,40.68170166015625
2017-11-08,41.014488220214844
2017-11-09,40.93070983886719
2017-11-10,40.79524230957031
2017-11-13,40.63176727294922
2017-11-14,40.017513275146484
2017-11-15,39.48966598510742
2017-11-16,39.96144485473633
2017-11-17,39.739566802978516
2017-11-20,39.69985580444336
2017-11-21,40.437896728515625
2017-11-22,40.862972259521484
2017-11-24,40.865318298339844
2017-11-27,40.65978240966797
2017-11-28,40.42156982421875
2017-11-29,39.58309555053711
2017-11-30,40.13662338256836
2017-12-01,39.94978332519531
2017-12-04,39.65782928466797
2017-12-05,39.6204719543457
2017-12-06,39.47331619262695
2017-12-07,39.54572296142578
2017-12-08,39.55739974975586
2017-12-11,40.328125
2017-12-12,40.101600646972656
2017-12-13,40.234710693359375
2017-12-14,40.22304153442383
2017-12-15,40.63176727294922
2017-12-18,41.2039680480957
2017-12-19,40.764892578125
2017-12-20,40.72051239013672
2017-12-21,40.874664306640625
2017-12-22,40.874664306640625
2017-12-26,39.83768081665039
2017-12-27,39.84467697143555
2017-12-28,39.95677947998047
2017-12-29,39.52470016479492
2018-01-02,40.23237991333008
2018-01-03,40.225372314453125
2018-01-04,40.41220474243164
2018-01-05,40.87232208251953
2018-01-08,40.72051239013672
2018-01-09,40.715843200683594
2018-01-10,40.70649337768555
2018-01-11,40.93771743774414
2018-01-12,41.36044692993164
2018-01-16,41.15024948120117
2018-01-17,41.82990264892578
2018-01-18,41.86727523803711
2018-01-19,41.680419921875
2018-01-22,41.33944320678711
2018-01-23,41.34876251220703
2018-01-24,40.69015121459961
2018-01-25,39.96379470825195
2018-01-26,40.05722427368164
2018-01-29,39.228084564208984
2018-01-30,38.99686813354492
2018-01-31,39.10429763793945
2018-02-01,39.18605041503906
2018-02-02,37.48575973510742
2018-02-05,36.549198150634766
2018-02-06,38.07666015625
2018-02-07,37.26155471801758
2018-02-08,36.23623275756836
2018-02-09,36.67945861816406
2018-02-12,38.156856536865234
2018-02-13,38.53910827636719
2018-02-14,39.249664306640625
2018-02-15,40.567588806152344
2018-02-16,40.436275482177734
2018-02-20,40.30025863647461
2018-02-21,40.11734390258789
2018-02-22,40.452693939208984
2018-02-23,41.15622329711914
2018-02-26,41.969970703125
2018-02-27,41.83393478393555
2018-02-28,41.77063751220703
2018-03-01,41.03896713256836
2018-03-02,41.32271957397461
2018-03-05,41.465763092041016
2018-03-06,41.43058395385742
2018-03-07,41.045989990234375
2018-03-08,41.49391174316406
2018-03-09,42.206809997558594
2018-03-12,42.614864349365234
2018-03-13,42.2044677734375
2018-03-14,41.845672607421875
2018-03-15,41.89491271972656
2018-03-16,41.74716567993164
2018-03-19,41.10933303833008
2018-03-20,41.095237731933594
2018-03-21,40.16425323486328
2018-03-22,39.596736907958984
2018-03-23,38.6798210144043
2018-03-26,40.5160026550293
2018-03-27,39.477134704589844
2018-03-28,39.04095458984375
2018-03-29,39.34580993652344
2018-04-02,39.087860107421875
2018-04-03,39.48885726928711
2018-04-04,40.24398422241211
2018-04-05,40.523048400878906
2018-04-06,39.48652267456055
2018-04-09,39.87814712524414
2018-04-10,40.628570556640625
2018-04-11,40.43861770629883
2018-04-12,40.83728790283203
2018-04-13,40.97564697265625
2018-04-16,41.231258392333984
2018-04-17,41.79878234863281
2018-04-18,41.7049560546875
2018-04-19,40.523048400878906
2018-04-20,38.86273193359375
2018-04-23,38.750160217285156
2018-04-24,38.21080017089844
2018-04-25,38.37729263305664
2018-04-26,38.510963439941406
2018-04-27,38.06538772583008
2018-04-30,38.75484848022461
2018-05-01,39.65536880493164
2018-05-02,41.40714645385742
2018-05-03,41.482181549072266
2018-05-04,43.10967254638672
2018-05-07,43.421566009521484
2018-05-08,43.630287170410156
2018-05-09,43.93748092651367
2018-05-10,44.565975189208984
2018-05-11,44.39646911621094
2018-05-14,44.29288864135742
2018-05-15,43.89033126831055
2018-05-16,44.299949645996094
2018-05-17,44.01981735229492
2018-05-18,43.85972213745117
2018-05-21,44.17047882080078
2018-05-22,44.05982208251953
2018-05-23,44.34233474731445
2018-05-24,44.29288864135742
2018-05-25,44.39412307739258
2018-05-29,44.23402786254883
2018-05-30,44.13986587524414
2018-05-31,43.99156188964844
2018-06-01,44.784908294677734
2018-06-04,45.15920639038086
2018-06-05,45.507625579833984
2018-06-06,45.665348052978516
2018-06-07,45.54293441772461
2018-06-08,45.12861251831055
2018-06-11,45.01796340942383
2018-06-12,45.26514434814453
2018-06-13,44.89319610595703
2018-06-14,44.916725158691406
2018-06-15,44.455318450927734
2018-06-18,44.43178176879883
2018-06-19,43.71377944946289
2018-06-20,43.90446090698242
2018-06-21,43.65963363647461
2018-06-22,43.532501220703125
2018-06-25,42.885128021240234
2018-06-26,43.41716003417969
2018-06-27,43.35359573364258
2018-06-28,43.66904067993164
2018-06-29,43.57724380493164
2018-07-02,44.06453323364258
2018-07-03,43.297096252441406
2018-07-05,43.645503997802734
2018-07-06,44.250518798828125
2018-07-09,44.86494064331055
2018-07-10,44.81080627441406
2018-07-11,44.22932815551758
2018-07-12,44.97087478637695
2018-07-13,45.04151916503906
2018-07-16,44.9426155090332
2018-07-17,45.06975173950195
2018-07-18,44.82255554199219
2018-07-19,45.17097854614258
2018-07-20,45.0673942565918
2018-07-23,45.10741424560547
2018-07-24,45.434627532958984
2018-07-25,45.86311340332031
2018-07-26,45.71949768066406
2018-07-27,44.959110260009766
2018-07-30,44.70722198486328
2018-07-31,44.79667282104492
2018-08-01,47.43566131591797
2018-08-02,48.82223129272461
2018-08-03,48.963478088378906
2018-08-06,49.21773147583008
2018-08-07,48.75631332397461
2018-08-08,48.789276123046875
2018-08-09,49.1729850769043
2018-08-10,49.02653503417969
2018-08-13,49.34308624267578
2018-08-14,49.55097961425781
2018-08-15,49.666725158691406
2018-08-16,50.394351959228516
2018-08-17,51.400718688964844
2018-08-20,50.89989471435547
2018-08-21,50.80068588256836
2018-08-22,50.803043365478516
2018-08-23,50.906982421875
2018-08-24,51.06527328491211
2018-08-27,51.48575973510742
2018-08-28,51.90155029296875
2018-08-29,52.67640686035156
2018-08-30,53.16070556640625
2018-08-31,53.77492904663086
2018-09-04,53.947383880615234
2018-09-05,53.59538269042969
2018-09-06,52.70475769042969
2018-09-07,52.27952194213867
2018-09-10,51.57789611816406
2018-09-11,52.881935119628906
2018-09-12,52.22519302368164
2018-09-13,53.486698150634766
2018-09-14,52.87957763671875
2018-09-17,51.471588134765625
2018-09-18,51.556644439697266
2018-09-19,51.58734893798828
2018-09-20,51.97950744628906
2018-09-21,51.419620513916016
2018-09-24,52.15903854370117
2018-09-25,52.48977279663086
2018-09-26,52.07163619995117
2018-09-27,53.141788482666016
2018-09-28,53.32843017578125
2018-10-01,53.687503814697266
2018-10-02,54.16471862792969
2018-10-03,54.82380676269531
2018-10-04,53.85995864868164
2018-10-05,52.985870361328125
2018-10-08,52.863040924072266
2018-10-09,53.59538269042969
2018-10-10,51.11251449584961
2018-10-11,50.661293029785156
2018-10-12,52.47087860107422
2018-10-15,51.34874725341797
2018-10-16,52.48033142089844
2018-10-17,52.253543853759766
2018-10-18,51.03219223022461
2018-10-19,51.809417724609375
2018-10-22,52.12596893310547
2018-10-23,52.61732482910156
2018-10-24,50.81248474121094
2018-10-25,51.92516326904297
2018-10-26,51.09834289550781
2018-10-29,50.13920974731445
2018-10-30,50.38963317871094
2018-10-31,51.7031135559082
2018-11-01,52.49686813354492
2018-11-02,49.01470947265625
2018-11-05,47.6232795715332
2018-11-06,48.13825988769531
2018-11-07,49.59822082519531
2018-11-08,49.4251823425293
2018-11-09,48.47217559814453
2018-11-12,46.030433654785156
2018-11-13,45.57052993774414
2018-11-14,44.28327560424805
2018-11-15,45.37614059448242
2018-11-16,45.87872314453125
2018-11-19,44.060447692871094
2018-11-20,41.95532989501953
2018-11-21,41.90791702270508
2018-11-23,40.843502044677734
2018-11-26,41.39585876464844
2018-11-27,41.305782318115234
2018-11-28,42.894081115722656
2018-11-29,42.564579010009766
2018-11-30,42.33462905883789
2018-12-03,43.81388854980469
2018-12-04,41.8865852355957
2018-12-06,41.41957092285156
2018-12-07,39.94266128540039
2018-12-10,40.205806732177734
2018-12-11,39.97585678100586
2018-12-12,40.0872802734375
2018-12-13,40.525840759277344
2018-12-14,39.22910690307617
2018-12-17,38.86403274536133
2018-12-18,39.36897659301758
2018-12-19,38.14097213745117
2018-12-20,37.178524017333984
2018-12-21,35.73243713378906
2018-12-24,34.807899475097656
2018-12-26,37.259124755859375
2018-12-27,37.01731491088867
2018-12-28,37.03628921508789
2018-12-31,37.39425277709961
2019-01-02,37.43690490722656
2019-01-03,33.70792007446289
2019-01-04,35.14688491821289
2019-01-07,35.068660736083984
2019-01-08,35.7371826171875
2019-01-09,36.344051361083984
2019-01-10,36.46022033691406
2019-01-11,36.10225296020508
2019-01-14,35.559391021728516
2019-01-15,36.28715133666992
2019-01-16,36.73046875
2019-01-17,36.94857406616211
2019-01-18,37.1761474609375
2019-01-22,36.34169387817383
2019-01-23,36.4886589050293
2019-01-24,36.19944381713867
2019-01-25,37.39898681640625
2019-01-28,37.05287170410156
2019-01-29,36.668827056884766
2019-01-30,39.174598693847656
2019-01-31,39.45669174194336
2019-02-01,39.47566223144531
2019-02-04,40.59695816040039
2019-02-05,41.29154586791992
2019-02-06,41.305782318115234
2019-02-07,40.52347183227539
2019-02-08,40.57109069824219
2019-02-11,40.33776092529297
2019-02-12,40.685367584228516
2019-02-13,40.51633071899414
2019-02-14,40.6639404296875
2019-02-15,40.57346725463867
2019-02-19,40.69489669799805
2019-02-20,40.95676803588867
2019-02-21,40.72583770751953
2019-02-22,41.180572509765625
2019-02-25,41.48055648803711
2019-02-26,41.50435256958008
2019-02-27,41.6329231262207
2019-02-28,41.223426818847656
2019-03-01,41.6567268371582
2019-03-04,41.866241455078125
2019-03-05,41.79005813598633
2019-03-06,41.549598693847656
2019-03-07,41.06867980957031
2019-03-08,41.166290283203125
2019-03-11,42.59238052368164
2019-03-12,43.07091522216797
2019-03-13,43.26138687133789
2019-03-14,43.7422981262207
2019-03-15,44.311309814453125
2019-03-18,44.76365280151367
2019-03-19,44.408912658691406
2019-03-20,44.7969856262207
2019-03-21,46.44688034057617
2019-03-22,45.48505401611328
2019-03-25,44.935081481933594
2019-03-26,44.4708137512207
2019-03-27,44.87080001831055
2019-03-28,44.93032455444336
2019-03-29,45.2231559753418
2019-04-01,45.530277252197266
2019-04-02,46.192134857177734
2019-04-03,46.5087890625
2019-04-04,46.5897331237793
2019-04-05,46.9016227722168
2019-04-08,47.6396598815918
2019-04-09,47.496803283691406
2019-04-10,47.76346206665039
2019-04-11,47.365875244140625
2019-04-12,47.34682083129883
2019-04-15,47.43254089355469
2019-04-16,47.43729782104492
2019-04-17,48.36103820800781
2019-04-18,48.53484344482422
2019-04-22,48.69435501098633
2019-04-23,49.39668655395508
2019-04-24,49.32051086425781
2019-04-25,48.8729133605957
2019-04-26,48.63960266113281
2019-04-29,48.71339797973633
2019-04-30,47.77536392211914
2019-05-01,50.12044143676758
2019-05-02,49.79427719116211
2019-05-03,50.41328811645508
2019-05-06,49.634765625
2019-05-07,48.29676055908203
2019-05-08,48.30628204345703
2019-05-09,47.78726577758789
2019-05-10,47.125244140625
2019-05-13,44.386356353759766
2019-05-14,45.08900451660156
2019-05-15,45.62913513183594
2019-05-16,45.428375244140625
2019-05-17,45.170265197753906
2019-05-20,43.75780487060547
2019-05-21,44.5966796875
2019-05-22,43.68370056152344
2019-05-23,42.93803024291992
2019-05-24,42.773128509521484
2019-05-28,42.596275329589844
2019-05-29,42.39313888549805
2019-05-30,42.613006591796875
2019-05-31,41.8410530090332
2019-06-03,41.418025970458984
2019-06-04,42.93326187133789
2019-06-05,43.62635040283203
2019-06-06,44.266845703125
2019-06-07,45.44511032104492
2019-06-10,46.02587127685547
2019-06-11,46.5588264465332
2019-06-12,46.41065216064453
2019-06-13,46.40108871459961
2019-06-14,46.06411361694336
2019-06-17,46.338958740234375
2019-06-18,47.42878341674805
2019-06-19,47.2901496887207
2019-06-20,47.6701774597168
2019-06-21,47.50764465332031
2019-06-24,47.4598388671875
2019-06-25,46.74046325683594
2019-06-26,47.75141525268555
2019-06-27,47.737091064453125
2019-06-28,47.30210876464844
2019-07-01,48.16967010498047
2019-07-02,48.4516716003418
2019-07-03,48.85319137573242
2019-07-05,48.81017303466797
2019-07-08,47.804012298583984
2019-07-09,48.0955696105957
2019-07-10,48.57118225097656
2019-07-11,48.21746063232422
2019-07-12,48.58790969848633
2019-07-15,49.04439163208008
2019-07-16,48.87470626831055
2019-07-17,48.59984588623047
2019-07-18,49.151939392089844
2019-07-19,48.4182243347168
2019-07-22,49.52476119995117
2019-07-23,49.91194534301758
2019-07-24,49.87131881713867
2019-07-25,49.47697448730469
2019-07-26,49.64905548095703
2019-07-29,50.11270523071289
2019-07-30,49.8975944519043
2019-07-31,50.915733337402344
2019-08-01,49.8139533996582
2019-08-02,48.759986877441406
2019-08-05,46.2075080871582
2019-08-06,47.08223342895508
2019-08-07,47.56977844238281
2019-08-08,48.61897659301758
2019-08-09,48.21833419799805
2019-08-12,48.095977783203125
2019-08-13,50.13277053833008
2019-08-14,48.640567779541016
2019-08-15,48.39826202392578
2019-08-16,49.54021453857422
2019-08-19,50.463844299316406
2019-08-20,50.46623229980469
2019-08-21,51.013221740722656
2019-08-22,50.97003173828125
2019-08-23,48.61418151855469
2019-08-26,49.537811279296875
2019-08-27,48.97883605957031
2019-08-28,49.307498931884766
2019-08-29,50.14236831665039
2019-08-30,50.077598571777344
2019-09-03,49.348289489746094
2019-09-04,50.185550689697266
2019-09-05,51.16675567626953
2019-09-06,51.16196060180664
2019-09-09,51.380271911621094
2019-09-10,51.98722457885742
2019-09-11,53.640174865722656
2019-09-12,53.520225524902344
2019-09-13,52.47903823852539
2019-09-16,52.75491714477539
2019-09-17,52.94684982299805
2019-09-18,53.44344711303711
2019-09-19,53.009220123291016
2019-09-20,52.234336853027344
2019-09-23,52.47184371948242
2019-09-24,52.22233581542969
2019-09-25,53.02601623535156
2019-09-26,52.75252151489258
2019-09-27,52.49583053588867
2019-09-30,53.7313346862793
2019-10-01,53.880069732666016
2019-10-02,52.529415130615234
2019-10-03,52.97563552856445
2019-10-04,54.46064376831055
2019-10-07,54.47263717651367
2019-10-08,53.8344841003418
2019-10-09,54.4654426574707
2019-10-10,55.199546813964844
2019-10-11,56.667762756347656
2019-10-14,56.586185455322266
2019-10-15,56.45425796508789
2019-10-16,56.22634506225586
2019-10-17,56.44465637207031
2019-10-18,56.71574401855469
2019-10-21,57.69934844970703
2019-10-22,57.56740951538086
2019-10-23,58.339881896972656
2019-10-24,58.43585205078125
2019-10-25,59.15557861328125
2019-10-28,59.748130798339844
2019-10-29,58.366275787353516
2019-10-30,58.35907745361328
2019-10-31,59.678558349609375
2019-11-01,61.372283935546875
2019-11-04,61.77532958984375
2019-11-05,61.686561584472656
2019-11-06,61.71294403076172
2019-11-07,62.425193786621094
2019-11-08,62.596046447753906
2019-11-11,63.09172821044922
2019-11-12,63.03396987915039
2019-11-13,63.637935638427734
2019-11-14,63.19758224487305
2019-11-15,63.94833755493164
2019-11-18,64.27079010009766
2019-11-19,64.07589721679688
2019-11-20,63.3299446105957
2019-11-21,63.04600524902344
2019-11-22,62.990665435791016
2019-11-25,64.09512329101562
2019-11-26,63.59461975097656
2019-11-27,64.4488525390625
2019-11-29,64.30686950683594
2019-12-02,63.56333923339844
2019-12-03,62.43000030517578
2019-12-04,62.98104476928711
2019-12-05,63.90503692626953
2019-12-06,65.13943481445312
2019-12-09,64.22746276855469
2019-12-10,64.60283660888672
2019-12-11,65.15386962890625
2019-12-12,65.31990814208984
2019-12-13,66.20780944824219
2019-12-16,67.34113311767578
2019-12-17,67.47349548339844
2019-12-18,67.31227111816406
2019-12-19,67.3796615600586
2019-12-20,67.24008178710938
2019-12-23,68.33731842041016
2019-12-24,68.40229797363281
2019-12-26,69.75942993164062
2019-12-27,69.73295593261719
2019-12-30,70.1468276977539
2019-12-31,70.65935516357422
2020-01-02,72.27153778076172
2020-01-03,71.56893157958984
2020-01-06,72.13919830322266
2020-01-07,71.7999267578125
2020-01-08,72.95491790771484
2020-01-09,74.50454711914062
2020-01-10,74.67296600341797
2020-01-13,76.26832580566406
2020-01-14,75.2384262084961
2020-01-15,74.91597747802734
2020-01-16,75.85443878173828
2020-01-17,76.69419860839844
2020-01-21,76.17446899414062
2020-01-22,76.4463882446289
2020-01-23,76.81453704833984
2020-01-24,76.59317016601562
2020-01-27,74.3409194946289
2020-01-28,76.44397735595703
2020-01-29,78.04411315917969
2020-01-30,77.9310073852539
2020-01-31,74.47569274902344
2020-02-03,74.2711181640625
2020-02-04,76.72309875488281
2020-02-05,77.34873962402344
2020-02-06,78.25346374511719
2020-02-07,77.18978881835938
2020-02-10,77.55641174316406
2020-02-11,77.08848571777344
2020-02-12,78.91915893554688
2020-02-13,78.35718536376953
2020-02-14,78.37648010253906
2020-02-18,76.94135284423828
2020-02-19,78.05567169189453
2020-02-20,77.25492095947266
2020-02-21,75.50624084472656
2020-02-24,71.91969299316406
2020-02-25,69.48358917236328
2020-02-26,70.58584594726562
2020-02-27,65.97178649902344
2020-02-28,65.9332046508789
2020-03-02,72.07161712646484
2020-03-03,69.78267669677734
2020-03-04,73.01953887939453
2020-03-05,70.65098571777344
2020-03-06,69.71271514892578
2020-03-09,64.1989974975586
2020-03-10,68.82272338867188
2020-03-11,66.43245697021484
2020-03-12,59.871952056884766
2020-03-13,67.04508972167969
2020-03-16,58.419960021972656
2020-03-17,60.98869323730469
2020-03-18,59.49568176269531
2020-03-19,59.039833068847656
2020-03-20,55.29166030883789
2020-03-23,54.11703109741211
2020-03-24,59.54635238647461
2020-03-25,59.21831512451172
2020-03-26,62.33456039428711
2020-03-27,59.75376892089844
2020-03-30,61.459022521972656
2020-03-31,61.33360290527344
2020-04-01,58.10640335083008
2020-04-02,59.076011657714844
2020-04-03,58.22700881958008
2020-04-06,63.30657958984375
2020-04-07,62.57334899902344
2020-04-08,64.17489624023438
2020-04-09,64.63798522949219
2020-04-13,65.90664672851562
2020-04-14,69.23515319824219
2020-04-15,68.60323333740234
2020-04-16,69.14835357666016
2020-04-17,68.2100830078125
2020-04-20,66.79427337646484
2020-04-21,64.72965240478516
2020-04-22,66.59407043457031
2020-04-23,66.33599090576172
2020-04-24,68.25108337402344
2020-04-27,68.29933166503906
2020-04-28,67.19224548339844
2020-04-29,69.39918518066406
2020-04-30,70.86324310302734
2020-05-01,69.7223892211914
2020-05-04,70.70889282226562
2020-05-05,71.77012634277344
2020-05-06,72.51060485839844
2020-05-07,73.26073455810547
2020-05-08,75.00443267822266
2020-05-11,76.18463897705078
2020-05-12,75.31401062011719
2020-05-13,74.4046859741211
2020-05-14,74.86174774169922
2020-05-15,74.41915130615234
2020-05-18,76.17259216308594
2020-05-19,75.7323989868164
2020-05-20,77.20526123046875
2020-05-21,76.6296615600586
2020-05-22,77.123046875
2020-05-26,76.60065460205078
2020-05-27,76.93439483642578
2020-05-28,76.96824645996094
2020-05-29,76.893310546875
2020-06-01,77.83890533447266
2020-06-02,78.19926452636719
2020-06-03,78.62974548339844
2020-06-04,77.95256805419922
2020-06-05,80.17273712158203
2020-06-08,80.64676666259766
2020-06-09,83.19343566894531
2020-06-10,85.33378601074219
2020-06-11,81.23686218261719
2020-06-12,81.93824005126953
2020-06-15,82.95157623291016
2020-06-16,85.14998626708984
2020-06-17,85.03148651123047
2020-06-18,85.06533813476562
2020-06-19,84.57923126220703
2020-06-22,86.79212188720703
2020-06-23,88.64470672607422
2020-06-24,87.07992553710938
2020-06-25,88.23596954345703
2020-06-26,85.52486419677734
2020-06-29,87.49590301513672
2020-06-30,88.22627258300781
2020-07-01,88.05941772460938
2020-07-02,88.05941772460938
2020-07-06,90.41503143310547
2020-07-07,90.13448333740234
2020-07-08,92.23371887207031
2020-07-09,92.63033294677734
2020-07-10,92.79239654541016
2020-07-13,92.36432647705078
2020-07-14,93.89280700683594
2020-07-15,94.53855895996094
2020-07-16,93.375244140625
2020-07-17,93.18660736083984
2020-07-20,95.15039825439453
2020-07-21,93.837158203125
2020-07-22,94.10078430175781
2020-07-23,89.8176498413086
2020-07-24,89.59516906738281
2020-07-27,91.71857452392578
2020-07-28,90.21187591552734
2020-07-29,91.94108581542969
2020-07-30,93.05359649658203
2020-07-31,102.79524230957031
2020-08-03,105.38545227050781
2020-08-04,106.08922576904297
2020-08-05,106.47373962402344
2020-08-06,110.18854522705078
2020-08-07,107.68331146240234
2020-08-10,109.24848175048828
2020-08-11,105.99944305419922
2020-08-12,109.52227020263672
2020-08-13,111.46053314208984
2020-08-14,111.36121368408203
2020-08-17,111.07046508789062
2020-08-18,111.9959945678711
2020-08-19,112.13650512695312
2020-08-20,114.62478637695312
2020-08-21,120.53168487548828
2020-08-24,121.97327423095703
2020-08-25,120.97261047363281
2020-08-26,122.61774444580078
2020-08-27,121.15191650390625
2020-08-28,120.95565032958984
2020-08-31,125.05753326416016
2020-09-01,130.03884887695312
2020-09-02,127.3447036743164
2020-09-03,117.14936065673828
2020-09-04,117.2269058227539
2020-09-08,109.3381118774414
2020-09-09,113.69924926757812
2020-09-10,109.9874267578125
2020-09-11,108.54344177246094
2020-09-14,111.79974365234375
2020-09-15,111.97418975830078
2020-09-16,108.66941833496094
2020-09-17,106.9346694946289
2020-09-18,103.54268646240234
2020-09-21,106.68270874023438
2020-09-22,108.35931396484375
2020-09-23,103.81404876708984
2020-09-24,104.88007354736328
2020-09-25,108.81481170654297
2020-09-28,111.41207122802734
2020-09-29,110.56892395019531
2020-09-30,112.23585510253906
2020-10-01,113.18560791015625
2020-10-02,109.5319595336914
2020-10-05,112.904541015625
2020-10-06,109.66764068603516
2020-10-07,111.52838134765625
2020-10-08,111.4217529296875
2020-10-09,113.36005401611328
2020-10-12,120.56073760986328
2020-10-13,117.36259460449219
2020-10-14,117.44982147216797
2020-10-15,116.984619140625
2020-10-16,115.34677124023438
2020-10-19,112.40060424804688
2020-10-20,113.8833999633789
2020-10-21,113.26314544677734
2020-10-22,112.17769622802734
2020-10-23,111.4896240234375
2020-10-26,111.49929809570312
2020-10-27,113.00146484375
2020-10-28,107.76811981201172
2020-10-29,111.760986328125
2020-10-30,105.5003433227539
2020-11-02,105.41309356689453
2020-11-03,107.03157043457031
2020-11-04,111.40237426757812
2020-11-05,115.3564453125
2020-11-06,115.22542572021484
2020-11-09,112.92461395263672
2020-11-10,112.58482360839844
2020-11-11,116.0020523071289
2020-11-12,115.73023986816406
2020-11-13,115.77879333496094
2020-11-16,116.78842163085938
2020-11-17,115.90499877929688
2020-11-18,114.58468627929688
2020-11-19,115.1768798828125
2020-11-20,113.91481018066406
2020-11-23,110.52670288085938
2020-11-24,111.80816650390625
2020-11-25,112.64306640625
2020-11-27,113.18671417236328
2020-11-30,115.57491302490234
2020-12-01,119.13778686523438
2020-12-02,119.48727416992188
2020-12-03,119.35135650634766
2020-12-04,118.68150329589844
2020-12-07,120.1377182006836
2020-12-08,120.74932098388672
2020-12-09,118.2252197265625
2020-12-10,119.6426010131836
2020-12-11,118.83684539794922
2020-12-14,118.2252197265625
2020-12-15,124.14714050292969
2020-12-16,124.07918548583984
2020-12-17,124.94322967529297
2020-12-18,122.96278381347656
2020-12-21,124.48695373535156
2020-12-22,128.03042602539062
2020-12-23,127.13725280761719
2020-12-24,128.1177978515625
2020-12-28,132.6999969482422
2020-12-29,130.93312072753906
2020-12-30,129.81666564941406
2020-12-31,128.81675720214844
2021-01-04,125.63250732421875
2021-01-05,127.18575286865234
2021-01-06,122.9045181274414
2021-01-07,127.09840393066406
2021-01-08,128.19544982910156
2021-01-11,125.21503448486328
2021-01-12,125.04031372070312
2021-01-13,127.06929016113281
2021-01-14,125.1470947265625
2021-01-15,123.42874908447266
2021-01-19,124.0986099243164
2021-01-20,128.17599487304688
2021-01-21,132.87472534179688
2021-01-22,135.01052856445312
2021-01-25,138.7481231689453
2021-01-26,138.9811248779297
2021-01-27,137.91326904296875
2021-01-28,133.08827209472656
2021-01-29,128.10809326171875
2021-02-01,130.22442626953125
2021-02-02,131.0496063232422
2021-02-03,130.0302734375
2021-02-04,133.37957763671875
2021-02-05,132.96633911132812
2021-02-08,133.11219787597656
2021-02-09,132.23716735839844
2021-02-10,131.63436889648438
2021-02-11,131.38156127929688
2021-02-12,131.6149139404297
2021-02-16,129.495361328125
2021-02-17,127.2105712890625
2021-02-18,126.11190795898438
2021-02-19,126.2674789428711
2021-02-22,122.50481414794922
2021-02-23,122.36872100830078
2021-02-24,121.87284851074219
2021-02-25,117.63379669189453
2021-02-26,117.89630889892578
2021-03-01,124.24517822265625
2021-03-02,121.64924621582031
2021-03-03,118.67411041259766
2021-03-04,116.79764556884766
2021-03-05,118.05189514160156
2021-03-08,113.13223266601562
2021-03-09,117.73102569580078
2021-03-10,116.65180969238281
2021-03-11,118.57689666748047
2021-03-12,117.67266845703125
2021-03-15,120.55059814453125
2021-03-16,122.08673858642578
2021-03-17,121.29922485351562
2021-03-18,117.18655395507812
2021-03-19,116.66154479980469
2021-03-22,119.96723937988281
2021-03-23,119.14078521728516
2021-03-24,116.7587661743164
2021-03-25,117.24488830566406
2021-03-26,117.84770202636719
2021-03-29,118.02272033691406
2021-03-30,116.57403564453125
2021-03-31,118.76162719726562
2021-04-01,119.58802795410156
2021-04-05,122.4075927734375
2021-04-06,122.708984375
2021-04-07,124.35213470458984
2021-04-08,126.74385833740234
2021-04-09,129.31063842773438
2021-04-12,127.59945678710938
2021-04-13,130.7009735107422
2021-04-14,128.36753845214844
2021-04-15,130.76905822753906
2021-04-16,130.4384765625
2021-04-19,131.09957885742188
2021-04-20,129.4176025390625
2021-04-21,129.79676818847656
2021-04-22,128.28009033203125
2021-04-23,130.5940399169922
2021-04-26,130.98292541503906
2021-04-27,130.66209411621094
2021-04-28,129.8745574951172
2021-04-29,129.77728271484375
2021-04-30,127.81336975097656
2021-05-03,128.86343383789062
2021-05-04,124.30351257324219
2021-05-05,124.54657745361328
2021-05-06,126.14108276367188
2021-05-07,126.81310272216797
2021-05-10,123.54071807861328
2021-05-11,122.6252670288086
2021-05-12,119.56715393066406
2021-05-13,121.70978546142578
2021-05-14,124.12506866455078
2021-05-17,122.9758529663086
2021-05-18,121.59290313720703
2021-05-19,121.43708038330078
2021-05-20,123.98873901367188
2021-05-21,122.15776824951172
2021-05-24,123.7842025756836
2021-05-25,123.58942413330078
2021-05-26,123.54071807861328
2021-05-27,122.01168060302734
2021-05-28,121.35917663574219
2021-06-01,121.03778839111328
2021-06-02,121.79743957519531
2021-06-03,120.31709289550781
2021-06-04,122.60577392578125
2021-06-07,122.6155014038086
2021-06-08,123.43359375
2021-06-09,123.81343841552734
2021-06-10,122.82001495361328
2021-06-11,124.0276870727539
2021-06-14,127.0760269165039
2021-06-15,126.25792694091797
2021-06-16,126.75463104248047
2021-06-17,128.35183715820312
2021-06-18,127.05657196044922
2021-06-21,128.84854125976562
2021-06-22,130.4846954345703
2021-06-23,130.21205139160156
2021-06-24,129.9296417236328
2021-06-25,129.6374053955078
2021-06-28,131.2638702392578
2021-06-29,132.77340698242188
2021-06-30,133.3870086669922
2021-07-01,133.68890380859375
2021-07-02,136.30873107910156
2021-07-06,138.31500244140625
2021-07-07,140.79844665527344
2021-07-08,139.50315856933594
2021-07-09,141.32437133789062
2021-07-12,140.7303009033203
2021-07-13,141.84059143066406
2021-07-14,145.2589569091797
2021-07-15,144.6064910888672
2021-07-16,142.57095336914062
2021-07-19,138.73377990722656
2021-07-20,142.3372344970703
2021-07-21,141.6068115234375
2021-07-22,142.9702911376953
2021-07-23,144.6844024658203
2021-07-26,145.1031494140625
2021-07-27,142.94105529785156
2021-07-28,141.19775390625
2021-07-29,141.84059143066406
2021-07-30,142.0548095703125
2021-08-02,141.7236785888672
2021-08-03,143.51565551757812
2021-08-04,143.11631774902344
2021-08-05,143.22349548339844
2021-08-06,142.54075622558594
2021-08-09,142.4920196533203
2021-08-10,142.01400756835938
2021-08-11,142.26763916015625
2021-08-12,145.22300720214844
2021-08-13,145.42788696289062
2021-08-16,147.3980712890625
2021-08-17,146.49099731445312
2021-08-18,142.75534057617188
2021-08-19,143.0869598388672
2021-08-20,144.5402374267578
2021-08-23,146.0228271484375
2021-08-24,145.93502807617188
2021-08-25,144.70608520507812
2021-08-26,143.90623474121094
2021-08-27,144.9401397705078
2021-08-30,149.34881591796875
2021-08-31,148.09063720703125
2021-09-01,148.75381469726562
2021-09-02,149.86578369140625
2021-09-03,150.4998016357422
2021-09-07,152.83091735839844
2021-09-08,151.289794921875
2021-09-09,150.27545166015625
2021-09-10,145.30105590820312
2021-09-13,145.86676025390625
2021-09-14,144.47198486328125
2021-09-15,145.35955810546875
2021-09-16,145.12545776367188
2021-09-17,142.46270751953125
2021-09-20,139.41957092285156
2021-09-21,139.8975067138672
2021-09-22,142.2578887939453
2021-09-23,143.21376037597656
2021-09-24,143.30152893066406
2021-09-27,141.78970336914062
2021-09-28,138.4149169921875
2021-09-29,139.31227111816406
2021-09-30,138.01502990722656
2021-10-01,139.13668823242188
2021-10-04,135.713134765625
2021-10-05,137.63462829589844
2021-10-06,138.502685546875
2021-10-07,139.76092529296875
2021-10-08,139.3805694580078
2021-10-11,139.292724609375
2021-10-12,138.02476501464844
2021-10-13,137.43955993652344
2021-10-14,140.2193145751953
2021-10-15,141.27273559570312
2021-10-18,142.94064331054688
2021-10-19,145.09620666503906
2021-10-20,145.58387756347656
2021-10-21,145.79849243164062
2021-10-22,145.0279541015625
2021-10-25,144.9791717529297
2021-10-26,145.6424102783203
2021-10-27,145.1840362548828
2021-10-28,148.81240844726562
2021-10-29,146.11061096191406
2021-11-01,145.2913055419922
2021-11-02,146.3251495361328
2021-11-03,147.75900268554688
2021-11-04,147.24203491210938
2021-11-05,147.76950073242188
2021-11-08,146.94898986816406
2021-11-09,147.31036376953125
2021-11-10,144.48741149902344
2021-11-11,144.4386444091797
2021-11-12,146.5094451904297
2021-11-15,146.5192108154297
2021-11-16,147.49600219726562
2021-11-17,149.92823791503906
2021-11-18,154.20655822753906
2021-11-19,156.82440185546875
2021-11-22,157.28347778320312
2021-11-23,157.6644287109375
2021-11-24,158.18215942382812
2021-11-26,153.171142578125
2021-11-29,156.52157592773438
2021-11-30,161.4641571044922
2021-12-01,160.9464569091797
2021-12-02,159.95989990234375
2021-12-03,158.08441162109375
2021-12-06,161.48370361328125
2021-12-07,167.2076873779297
2021-12-08,171.0172119140625
2021-12-09,170.50926208496094
2021-12-10,175.28582763671875
2021-12-13,171.66189575195312
2021-12-14,170.28463745117188
2021-12-15,175.1392822265625
2021-12-16,168.2626190185547
2021-12-17,167.1686553955078
2021-12-20,165.8108673095703
2021-12-21,168.9757080078125
2021-12-22,171.5642547607422
2021-12-23,172.1893768310547
2021-12-27,176.14540100097656
2021-12-28,175.1295166015625
2021-12-29,175.2174530029297
2021-12-30,174.0648193359375
2021-12-31,173.4494171142578
2022-01-03,177.786376953125
2022-01-04,175.5299835205078
2022-01-05,170.86090087890625
2022-01-06,168.00869750976562
2022-01-07,168.17477416992188
2022-01-10,168.1942901611328
2022-01-11,171.0172119140625
2022-01-12,171.45672607421875
2022-01-13,168.1942901611328
2022-01-14,169.05386352539062
2022-01-18,165.85971069335938
2022-01-19,162.37258911132812
2022-01-20,160.69247436523438
2022-01-21,158.64122009277344
2022-01-24,157.8695526123047
2022-01-25,156.07225036621094
2022-01-26,155.9843292236328
2022-01-27,155.52525329589844
2022-01-28,166.37741088867188
2022-01-31,170.72421264648438
2022-02-01,170.55813598632812
2022-02-02,171.75958251953125
2022-02-03,168.8877716064453
2022-02-04,168.60418701171875
2022-02-07,167.89016723632812
2022-02-08,170.99058532714844
2022-02-09,172.4087371826172
2022-02-10,168.34010314941406
2022-02-11,164.93649291992188
2022-02-14,165.1712646484375
2022-02-15,168.99537658691406
2022-02-16,168.7606658935547
2022-02-17,165.1712646484375
2022-02-18,163.62596130371094
2022-02-22,160.71141052246094
2022-02-23,156.55474853515625
2022-02-24,159.1660919189453
2022-02-25,161.2297821044922
2022-02-28,161.49383544921875
2022-03-01,159.61599731445312
2022-03-02,162.9022216796875
2022-03-03,162.5794677734375
2022-03-04,159.58663940429688
2022-03-07,155.80162048339844
2022-03-08,153.9824981689453
2022-03-09,159.37144470214844
2022-03-10,155.0387725830078
2022-03-11,151.3319854736328
2022-03-14,147.31224060058594
2022-03-15,151.68408203125
2022-03-16,156.08526611328125
2022-03-17,157.09262084960938
2022-03-18,160.37884521484375
2022-03-21,161.74810791015625
2022-03-22,165.11257934570312
2022-03-23,166.4720458984375
2022-03-24,170.24728393554688
2022-03-25,170.8829803466797
2022-03-28,171.74368286132812
2022-03-29,175.0298614501953
2022-03-30,173.8660430908203
2022-03-31,170.77545166015625
2022-04-01,170.48199462890625
2022-04-04,174.52130126953125
2022-04-05,171.2155303955078
2022-04-06,168.0564727783203
2022-04-07,168.35968017578125
2022-04-08,166.3546600341797
2022-04-11,162.1099853515625
2022-04-12,163.97805786132812
2022-04-13,166.65786743164062
2022-04-14,161.6600799560547
2022-04-18,161.44493103027344
2022-04-19,163.72373962402344
2022-04-20,163.55746459960938
2022-04-21,162.76522827148438
2022-04-22,158.23695373535156
2022-04-25,159.30300903320312
2022-04-26,153.35653686523438
2022-04-27,153.13160705566406
2022-04-28,160.04632568359375
2022-04-29,154.18785095214844
2022-05-02,154.49105834960938
2022-05-03,155.97767639160156
2022-05-04,162.3740997314453
2022-05-05,153.32720947265625
2022-05-06,154.05201721191406
2022-05-09,148.9391326904297
2022-05-10,151.33885192871094
2022-05-11,143.49327087402344
2022-05-12,139.6341552734375
2022-05-13,144.09075927734375
2022-05-16,142.55294799804688
2022-05-17,146.17698669433594
2022-05-18,137.9298553466797
2022-05-19,134.5310516357422
2022-05-20,134.76611328125
2022-05-23,140.1728057861328
2022-05-24,137.47930908203125
2022-05-25,137.63601684570312
2022-05-26,140.8291015625
2022-05-27,146.56881713867188
2022-05-31,145.7852325439453
2022-06-01,145.65789794921875
2022-06-02,148.1066436767578
2022-06-03,142.39627075195312
2022-06-06,143.14064025878906
2022-06-07,145.65789794921875
2022-06-08,144.9232940673828
2022-06-09,139.71249389648438
2022-06-10,134.3155975341797
2022-06-13,129.17332458496094
2022-06-14,130.0352783203125
2022-06-15,132.65045166015625
2022-06-16,127.39066314697266
2022-06-17,128.85989379882812
2022-06-21,133.08143615722656
2022-06-22,132.57211303710938
2022-06-23,135.4321746826172
2022-06-24,138.75257873535156
2022-06-27,138.75257873535156
2022-06-28,134.61920166015625
2022-06-29,136.3724822998047
2022-06-30,133.91400146484375
2022-07-01,136.07859802246094
2022-07-05,138.65463256835938
2022-07-06,139.98675537109375
2022-07-07,143.34632873535156
2022-07-08,144.02215576171875
2022-07-11,141.896728515625
2022-07-12,142.86639404296875
2022-07-13,142.50401306152344
2022-07-14,145.42282104492188
2022-07-15,147.0879364013672
2022-07-18,144.05157470703125
2022-07-19,147.90087890625
2022-07-20,149.8990020751953
2022-07-21,152.16162109375
2022-07-22,150.9274444580078
2022-07-25,149.8108673095703
2022-07-26,148.4885711669922
2022-07-27,153.57205200195312
2022-07-28,154.12057495117188
2022-07-29,159.17466735839844
2022-08-01,158.1951904296875
2022-08-02,156.72593688964844
2022-08-03,162.7203826904297
2022-08-04,162.40692138671875
2022-08-05,162.18133544921875
2022-08-08,161.71051025390625
2022-08-09,161.75961303710938
2022-08-10,165.996826171875
2022-08-11,165.2611846923828
2022-08-12,168.80201721191406
2022-08-15,169.87110900878906
2022-08-16,169.7141571044922
2022-08-17,171.20504760742188
2022-08-18,170.81271362304688
2022-08-19,168.23309326171875
2022-08-22,164.35879516601562
2022-08-23,164.02529907226562
2022-08-24,164.319580078125
2022-08-25,166.7716827392578
2022-08-26,160.4844970703125
2022-08-29,158.28741455078125
2022-08-30,155.86477661132812
2022-08-31,154.2071533203125
2022-09-01,154.9329833984375
2022-09-02,152.8241424560547
2022-09-06,151.56871032714844
2022-09-07,152.9713134765625
2022-09-08,151.50003051757812
2022-09-09,154.35426330566406
2022-09-12,160.2981414794922
2022-09-13,150.89190673828125
2022-09-14,152.333740234375
2022-09-15,149.45010375976562
2022-09-16,147.81207275390625
2022-09-19,151.5196533203125
2022-09-20,153.8932647705078
2022-09-21,150.77420043945312
2022-09-22,149.81298828125
2022-09-23,147.5472412109375
2022-09-26,147.88072204589844
2022-09-27,148.8517608642578
2022-09-28,146.9685516357422
2022-09-29,139.74960327148438
2022-09-30,135.5516357421875
2022-10-03,139.72021484375
2022-10-04,143.30027770996094
2022-10-05,143.59446716308594
2022-10-06,142.64308166503906
2022-10-07,137.4054412841797
2022-10-10,137.7290496826172
2022-10-11,136.3166961669922
2022-10-12,135.68898010253906
2022-10-13,140.2498779296875
2022-10-14,135.72816467285156
2022-10-17,139.6809539794922
2022-10-18,140.9952850341797
2022-10-19,141.10317993164062
2022-10-20,140.64215087890625
2022-10-21,144.4477996826172
2022-10-24,146.58604431152344
2022-10-25,149.42063903808594
2022-10-26,146.48797607421875
2022-10-27,142.025146484375
2022-10-28,152.75550842285156
2022-10-31,150.4014892578125
2022-11-01,147.76303100585938
2022-11-02,142.25076293945312
2022-11-03,136.21859741210938
2022-11-04,135.95333862304688
2022-11-07,136.48385620117188
2022-11-08,137.05368041992188
2022-11-09,132.5048828125
2022-11-10,144.29444885253906
2022-11-11,147.07481384277344
2022-11-14,145.67971801757812
2022-11-15,147.40884399414062
2022-11-16,146.18077087402344
2022-11-17,148.07693481445312
2022-11-18,148.63693237304688
2022-11-21,145.4144287109375
2022-11-22,147.54637145996094
2022-11-23,148.42079162597656
2022-11-25,145.5126953125
2022-11-28,141.69091796875
2022-11-29,138.6944122314453
2022-11-30,145.43411254882812
2022-12-01,145.709228515625
2022-12-02,145.2179718017578
2022-12-05,144.05868530273438
2022-12-06,140.40391540527344
2022-12-07,138.4684295654297
2022-12-08,140.1484375
2022-12-09,139.6670379638672
2022-12-12,141.95619201660156
2022-12-13,142.91900634765625
2022-12-14,140.69863891601562
2022-12-15,134.10629272460938
2022-12-16,132.15118408203125
2022-12-19,130.0487060546875
2022-12-20,129.97994995117188
2022-12-21,133.07472229003906
2022-12-22,129.9112091064453
2022-12-23,129.54766845703125
2022-12-27,127.74977111816406
2022-12-28,123.82974243164062
2022-12-29,127.33714294433594
2022-12-30,127.65149688720703
2023-01-03,122.8767318725586
2023-01-04,124.14412689208984
2023-01-05,122.8276138305664
2023-01-06,127.34693908691406
2023-01-09,127.86763000488281
2023-01-10,128.43746948242188
2023-01-11,131.1491241455078
2023-01-12,131.0705108642578
2023-01-13,132.3968048095703
2023-01-17,133.55615234375
2023-01-18,132.83892822265625
2023-01-19,132.8978729248047
2023-01-20,135.4522705078125
2023-01-23,138.6354522705078
2023-01-24,140.0305633544922
2023-01-25,139.37229919433594
2023-01-26,141.4355010986328
2023-01-27,143.37095642089844
2023-01-30,140.49232482910156
2023-01-31,141.75967407226562
2023-02-01,142.87969970703125
2023-02-02,148.17518615722656
2023-02-03,151.7906951904297
2023-02-06,149.06922912597656
2023-02-07,151.9380340576172
2023-02-08,149.2559051513672
2023-02-09,148.2242889404297
2023-02-10,148.58836364746094
2023-02-13,151.38282775878906
2023-02-14,150.7432403564453
2023-02-15,152.839111328125
2023-02-16,151.2450714111328
2023-02-17,150.1036834716797
2023-02-21,146.0989532470703
2023-02-22,146.52206420898438
2023-02-23,147.00416564941406
2023-02-24,144.3573455810547
2023-02-27,145.54791259765625
2023-02-28,145.04611206054688
2023-03-01,142.9797821044922
2023-03-02,143.57015991210938
2023-03-03,148.60806274414062
2023-03-06,151.3631591796875
2023-03-07,149.16891479492188
2023-03-08,150.41854858398438
2023-03-09,148.1751251220703
2023-03-10,146.11862182617188
2023-03-13,148.05702209472656
2023-03-14,150.1430206298828
2023-03-15,150.53660583496094
2023-03-16,153.35072326660156
2023-03-17,152.51441955566406
2023-03-20,154.8759307861328
2023-03-21,156.7257537841797
2023-03-22,155.29901123046875
2023-03-23,156.38136291503906
2023-03-24,157.6802520751953
2023-03-27,155.74180603027344
2023-03-28,155.1218719482422
2023-03-29,158.19187927246094
2023-03-30,159.7563934326172
2023-03-31,162.25564575195312
2023-04-03,163.50523376464844
2023-04-04,162.9739227294922
2023-04-05,161.13389587402344
2023-04-06,162.0194854736328
2023-04-10,159.43162536621094
2023-04-11,158.2213592529297
2023-04-12,157.53257751464844
2023-04-13,162.9050750732422
2023-04-14,162.56065368652344
2023-04-17,162.58035278320312
2023-04-18,163.8004608154297
2023-04-19,164.9418487548828
2023-04-20,163.97755432128906
2023-04-21,162.37371826171875
2023-04-24,162.67874145507812
2023-04-25,161.14373779296875
2023-04-26,161.13389587402344
2023-04-27,165.70936584472656
2023-04-28,166.958984375
2023-05-01,166.87042236328125
2023-05-02,165.83724975585938
2023-05-03,164.76473999023438
2023-05-04,163.13134765625
2023-05-05,170.78659057617188
2023-05-08,170.71771240234375
2023-05-09,169.01547241210938
2023-05-10,170.77674865722656
2023-05-11,170.96372985839844
2023-05-12,170.03750610351562
2023-05-15,169.5448455810547
2023-05-16,169.5448455810547
2023-05-17,170.15573120117188
2023-05-18,172.4811248779297
2023-05-19,172.58950805664062
2023-05-22,171.6435546875
2023-05-23,169.0423126220703
2023-05-24,169.3181915283203
2023-05-25,170.45135498046875
2023-05-26,172.85552978515625
2023-05-30,174.69808959960938
2023-05-31,174.64883422851562
2023-06-01,177.44715881347656
2023-06-02,178.29449462890625
2023-06-05,176.9446258544922
2023-06-06,176.58006286621094
2023-06-07,175.21044921875
2023-06-08,177.9201202392578
2023-06-09,178.3043975830078
2023-06-12,181.09283447265625
2023-06-13,180.61985778808594
2023-06-14,181.25051879882812
2023-06-15,183.28024291992188
2023-06-16,182.20626831054688
2023-06-20,182.29493713378906
2023-06-21,181.2603759765625
2023-06-22,184.25572204589844
2023-06-23,183.9404296875
2023-06-26,182.55113220214844
2023-06-27,185.30018615722656
2023-06-28,186.4727325439453
2023-06-29,186.80775451660156
2023-06-30,191.1234588623047
2023-07-03,189.6356201171875
2023-07-05,188.52220153808594
2023-07-06,188.99514770507812
2023-07-07,187.8817138671875
2023-07-10,185.8421173095703
2023-07-11,185.3199005126953
2023-07-12,186.985107421875
2023-07-13,187.7437744140625
2023-07-14,187.89157104492188
2023-07-17,191.14317321777344
2023-07-18,190.88697814941406
2023-07-19,192.23687744140625
2023-07-20,190.29579162597656
2023-07-21,189.1232452392578
2023-07-24,189.92135620117188
2023-07-25,190.7786102294922
2023-07-26,191.6456756591797
2023-07-27,190.38446044921875
2023-07-28,192.95614624023438
2023-07-31,193.5670166015625
2023-08-01,192.73941040039062
2023-08-02,189.7538604736328
2023-08-03,188.36453247070312
2023-08-04,179.31927490234375
2023-08-07,176.22532653808594
2023-08-08,177.16143798828125
2023-08-09,175.57504272460938
2023-08-10,175.35824584960938
2023-08-11,175.41746520996094
2023-08-14,177.065185546875
2023-08-15,175.08200073242188
2023-08-16,174.2137451171875
2023-08-17,171.6780242919922
2023-08-18,172.16152954101562
2023-08-21,173.4934844970703
2023-08-22,174.8649444580078
2023-08-23,178.7030487060547
2023-08-24,174.02627563476562
2023-08-25,176.22653198242188
2023-08-28,177.78543090820312
2023-08-29,181.66299438476562
2023-08-30,185.14588928222656
2023-08-31,185.36293029785156
2023-09-01,186.9317169189453
2023-09-05,187.1685333251953
2023-09-06,180.46917724609375
2023-09-07,175.19052124023438
2023-09-08,175.80224609375
2023-09-11,176.96649169921875
2023-09-12,173.94732666015625
2023-09-13,171.88523864746094
2023-09-14,173.3948211669922
2023-09-15,172.67457580566406
2023-09-18,175.5950469970703
2023-09-19,176.6803741455078
2023-09-20,173.1481475830078
2023-09-21,171.60897827148438
2023-09-22,172.4574737548828
2023-09-25,173.73031616210938
2023-09-26,169.66526794433594
2023-09-27,168.15567016601562
2023-09-28,168.4121856689453
2023-09-29,168.92526245117188
2023-10-02,171.43136596679688
2023-10-03,170.09938049316406
2023-10-04,171.34259033203125
2023-10-05,172.5758819580078
2023-10-06,175.1214599609375
2023-10-09,176.6014404296875
2023-10-10,176.0094757080078
2023-10-11,177.4006805419922
2023-10-12,178.29852294921875
2023-10-13,176.46331787109375
2023-10-16,176.3350067138672
2023-10-17,174.78598022460938
2023-10-18,173.4934844970703
2023-10-19,173.11854553222656
2023-10-20,170.57296752929688
2023-10-23,170.6913604736328
2023-10-24,171.1255340576172
2023-10-25,168.81674194335938
2023-10-26,164.6628875732422
2023-10-27,165.9751434326172
2023-10-30,168.0175323486328
2023-10-31,168.49114990234375
2023-11-01,171.64845275878906
2023-11-02,175.2003936767578
2023-11-03,174.29266357421875
2023-11-06,176.83824157714844
2023-11-07,179.39370727539062
2023-11-08,180.4494171142578
2023-11-09,179.97581481933594
2023-11-10,184.15487670898438
2023-11-13,182.57412719726562
2023-11-14,185.18234252929688
2023-11-15,185.74546813964844
2023-11-16,187.4250030517578
2023-11-17,187.4052276611328
2023-11-20,189.14402770996094
2023-11-21,188.3437957763672
2023-11-22,189.0056915283203
2023-11-24,187.681884765625
2023-11-27,187.50404357910156
2023-11-28,188.106689453125
2023-11-29,187.08908081054688
2023-11-30,187.662109375
2023-12-01,188.93655395507812
2023-12-04,187.14834594726562
2023-12-05,191.09030151367188
2023-12-06,190.00357055664062
2023-12-07,191.9300537109375
2023-12-08,193.3527069091797
2023-12-11,190.8531951904297
2023-12-12,192.36477661132812
2023-12-13,195.5756378173828
2023-12-14,195.7238006591797
2023-12-15,195.19032287597656
2023-12-18,193.53054809570312
2023-12-19,194.56790161132812
2023-12-20,192.48330688476562
2023-12-21,192.33509826660156
2023-12-22,191.2681427001953
2023-12-26,190.7247772216797
2023-12-27,190.82354736328125
2023-12-28,191.24839782714844
2023-12-29,190.21102905273438
2024-01-02,183.4040069580078
2024-01-03,182.03073120117188
2024-01-04,179.71896362304688
2024-01-05,178.99771118164062
2024-01-08,183.32498168945312
2024-01-09,182.91004943847656
2024-01-10,183.94737243652344
2024-01-11,183.35458374023438
2024-01-12,183.68064880371094
2024-01-16,181.418212890625
2024-01-17,180.47964477539062
2024-01-18,186.3580322265625
2024-01-19,189.25271606445312
2024-01-22,191.5546417236328
2024-01-23,192.82908630371094
2024-01-24,192.1573028564453
2024-01-25,191.83126831054688
2024-01-26,190.1023406982422
2024-01-29,189.420654296875
2024-01-30,185.77508544921875
2024-01-31,182.17893981933594
2024-02-01,184.6093292236328
2024-02-02,183.61146545410156
2024-02-05,185.41944885253906
2024-02-06,187.0199432373047
2024-02-07,187.12860107421875
2024-02-08,186.05172729492188
2024-02-09,186.81341552734375
2024-02-12,185.1317901611328
2024-02-13,183.0445098876953
2024-02-14,182.16409301757812
2024-02-15,181.87722778320312
2024-02-16,180.34393310546875
2024-02-20,179.60203552246094
2024-02-21,180.35385131835938
2024-02-22,182.38174438476562
2024-02-23,180.55169677734375
2024-02-26,179.2063446044922
2024-02-27,180.66050720214844
2024-02-28,179.4635772705078
2024-02-29,178.80076599121094
2024-03-01,177.7225341796875
2024-03-04,173.2117156982422
2024-03-05,168.285400390625
2024-03-06,167.29620361328125
2024-03-07,167.17747497558594
2024-03-08,168.88882446289062
2024-03-11,170.88705444335938
2024-03-12,171.36183166503906
2024-03-13,169.28451538085938
2024-03-14,171.1343536376953
2024-03-15,170.75845336914062
2024-03-18,171.84658813476562
2024-03-19,174.18116760253906
2024-03-20,176.74319458007812
2024-03-21,169.5219268798828
2024-03-22,170.422119140625
2024-03-25,169.00753784179688
2024-03-26,167.87985229492188
2024-03-27,171.4409942626953
2024-03-28,169.6307373046875
2024-04-01,168.19638061523438
2024-04-02,167.0192108154297
2024-04-03,167.8204803466797
2024-04-04,166.9994354248047
2024-04-05,167.75123596191406
2024-04-08,166.63343811035156
2024-04-09,167.84027099609375
2024-04-10,165.9706268310547
2024-04-11,173.15232849121094
2024-04-12,174.6460723876953
2024-04-15,170.8276824951172
2024-04-16,167.55337524414062
2024-04-17,166.18829345703125
2024-04-18,165.2386016845703
2024-04-19,163.22064208984375
2024-04-22,164.0515594482422
2024-04-23,165.10011291503906
2024-04-24,167.19728088378906
2024-04-25,168.05789184570312
2024-04-26,167.47425842285156
2024-04-29,171.62893676757812
2024-04-30,168.49313354492188
2024-05-01,167.47425842285156
2024-05-02,171.16404724121094
2024-05-03,181.4023895263672
2024-05-06,179.7504119873047
2024-05-07,180.4329833984375
2024-05-08,180.76931762695312
2024-05-09,182.57957458496094
2024-05-10,181.3215789794922
2024-05-13,184.52108764648438
2024-05-14,185.66021728515625
2024-05-15,187.9285888671875
2024-05-16,188.0474395751953
2024-05-17,188.07717895507812
2024-05-20,189.23611450195312
2024-05-21,190.53378295898438
2024-05-22,189.0974578857422
2024-05-23,185.1154327392578
2024-05-24,188.18612670898438
2024-05-28,188.196044921875
2024-05-29,188.4932098388672
2024-05-30,189.48374938964844
2024-05-31,190.43472290039062
2024-06-03,192.19790649414062
2024-06-04,192.51487731933594
2024-06-05,194.02052307128906
2024-06-06,192.64361572265625
2024-06-07,195.03091430664062
2024-06-10,191.29649353027344
2024-06-11,205.19400024414062
2024-06-12,211.05810546875
2024-06-13,212.2170867919922
2024-06-14,210.48361206054688
2024-06-17,214.62411499023438
2024-06-18,212.26658630371094
2024-06-20,207.70010375976562
2024-06-21,205.53079223632812
2024-06-24,206.17466735839844
2024-06-25,207.0959014892578
2024-06-26,211.2364044189453
2024-06-27,212.07839965820312
2024-06-28,208.6312713623047
2024-07-01,214.70335388183594
2024-07-02,218.1901092529297
2024-07-03,219.4580535888672
2024-07-05,224.20281982421875
2024-07-08,225.66885375976562
2024-07-09,226.52069091796875
2024-07-10,230.78012084960938
2024-07-11,225.4212188720703
2024-07-12,228.3631591796875
2024-07-15,232.18670654296875
2024-07-16,232.60275268554688
2024-07-17,226.7188262939453
2024-07-18,222.0631866455078
2024-07-19,222.1919708251953
2024-07-22,221.8452911376953
2024-07-23,222.88536071777344
2024-07-24,216.4764404296875
2024-07-25,215.43638610839844
2024-07-26,215.90194702148438
2024-07-29,216.17930603027344
2024-07-30,216.73403930664062
2024-07-31,219.9830322265625
2024-08-01,216.29815673828125
2024-08-02,217.78399658203125
2024-08-05,207.29403686523438
2024-08-06,205.27325439453125
2024-08-07,207.83880615234375
2024-08-08,211.2958526611328
2024-08-09,214.1981964111328
2024-08-12,215.7254180908203
2024-08-13,219.43438720703125
2024-08-14,219.8806610107422
2024-08-15,222.8557586669922
2024-08-16,224.17474365234375
2024-08-19,224.01605224609375
2024-08-20,224.6309356689453
2024-08-21,224.52183532714844
2024-08-22,222.6673583984375
2024-08-23,224.9581756591797
2024-08-26,225.29537963867188
2024-08-27,226.13832092285156
2024-08-28,224.611083984375
2024-08-29,227.88369750976562
2024-08-30,227.1002655029297
2024-09-03,220.9219512939453
2024-09-04,219.01788330078125
2024-09-05,220.5352020263672
2024-09-06,218.9881134033203
2024-09-09,219.077392578125
2024-09-10,218.28399658203125
2024-09-11,220.8128662109375
2024-09-12,220.9219512939453
2024-09-13,220.6541748046875
2024-09-16,214.52545166015625
2024-09-17,214.99156188964844
2024-09-18,218.8592071533203
2024-09-19,226.97132873535156
2024-09-20,226.306884765625
2024-09-23,224.5912628173828
2024-09-24,225.4837646484375
2024-09-25,224.4920654296875
2024-09-26,225.63255310058594
2024-09-27,225.90029907226562
2024-09-30,231.06707763671875
2024-10-01,224.33340454101562
2024-10-02,224.89866638183594
2024-10-03,223.79788208007812
2024-10-04,224.9185028076172
2024-10-07,219.85092163085938
2024-10-08,223.89707946777344
2024-10-09,227.63577270507812
2024-10-10,227.13992309570312
2024-10-11,225.66229248046875
2024-10-14,229.3811798095703
2024-10-15,231.9100341796875
2024-10-16,229.85720825195312
2024-10-17,230.22412109375
2024-10-18,233.0504608154297
2024-10-21,234.51820373535156
2024-10-22,233.90338134765625
2024-10-23,228.84567260742188
2024-10-24,228.6572265625
2024-10-25,229.49026489257812
2024-10-28,231.4637451171875
2024-10-29,231.7315216064453
2024-10-30,228.19114685058594
2024-10-31,224.03591918945312
2024-11-01,221.060791015625
2024-11-04,220.16824340820312
2024-11-05,221.59629821777344
2024-11-06,220.8723602294922
2024-11-07,225.59288024902344
2024-11-08,225.32479858398438
2024-11-11,222.61448669433594
2024-11-12,222.61448669433594
2024-11-13,223.49806213378906
2024-11-14,226.5757293701172
2024-11-15,223.37893676757812
2024-11-18,226.37718200683594
2024-11-19,226.63531494140625
2024-11-20,227.35011291503906
2024-11-21,226.87359619140625
2024-11-22,228.2138671875
2024-11-25,231.1922149658203
2024-11-26,233.366455078125
2024-11-27,233.23739624023438
2024-11-29,235.62010192871094
2024-12-02,237.86380004882812
2024-12-03,240.90174865722656
2024-12-04,241.25918579101562
2024-12-05,241.28895568847656
2024-12-06,241.0903778076172
2024-12-09,244.9722442626953
2024-12-10,245.98489379882812
2024-12-11,244.71409606933594
2024-12-12,246.1735382080078
2024-12-13,246.34228515625
2024-12-16,249.23130798339844
2024-12-17,251.65371704101562
2024-12-18,246.2628631591797
2024-12-19,247.99034118652344
2024-12-20,252.65647888183594
2024-12-23,253.4308624267578
2024-12-24,256.3397521972656
2024-12-26,257.15380859375
2024-12-27,253.74855041503906
2024-12-30,250.38294982910156
2024-12-31,248.6157684326172
2025-01-02,242.0931396484375
2025-01-03,241.60667419433594
2025-01-06,243.23483276367188
2025-01-07,240.46495056152344
2025-01-08,240.95140075683594
2025-01-10,235.1435546875
2025-01-13,232.71121215820312
2025-01-14,231.5992889404297
2025-01-15,236.15621948242188
2025-01-16,226.61544799804688
2025-01-17,228.32305908203125
2025-01-21,221.03594970703125
2025-01-22,222.2173614501953
2025-01-23,222.04859924316406
2025-01-24,221.1749267578125
2025-01-27,228.20391845703125
2025-01-28,236.5434112548828
2025-01-29,237.63548278808594
2025-01-30,235.87823486328125
2025-01-31,234.2996826171875
2025-02-03,226.3672332763672
2025-02-04,231.1227264404297
2025-02-05,230.7951202392578
2025-02-06,231.53968811035156
2025-02-07,225.99000549316406
2025-02-10,226.25831604003906
2025-02-11,231.19796752929688
2025-02-12,235.42196655273438
2025-02-13,240.05348205566406
2025-02-14,243.10470581054688
2025-02-18,242.97552490234375
2025-02-19,243.37306213378906
2025-02-20,244.32720947265625
2025-02-21,244.04891967773438
2025-02-24,245.58944702148438
2025-02-25,245.52980041503906
2025-02-26,238.890625
2025-02-27,235.84934997558594
2025-02-28,240.36158752441406
2025-03-03,236.5748748779297
2025-03-04,234.4877166748047
2025-03-05,234.2988739013672
2025-03-06,233.89138793945312
2025-03-07,237.60853576660156
2025-03-10,226.08938598632812
2025-03-11,219.48997497558594
2025-03-12,215.65354919433594
2025-03-13,208.398193359375
2025-03-14,212.18492126464844
2025-03-17,212.69178771972656
2025-03-18,211.3897705078125
2025-03-19,213.9241943359375
2025-03-20,212.79116821289062
2025-03-21,216.9356689453125
2025-03-24,219.38064575195312
2025-03-25,222.38218688964844
2025-03-26,220.17575073242188
2025-03-27,222.48158264160156
2025-03-28,216.56793212890625
2025-03-31,220.77207946777344
2025-04-01,221.82559204101562
2025-04-02,222.5213165283203
2025-04-03,201.9478759765625
2025-04-04,187.22840881347656
2025-04-07,180.3507080078125
2025-04-08,171.365966796875
2025-04-09,197.63438415527344
2025-04-10,189.25595092773438
2025-04-11,196.93865966796875
2025-04-14,201.281982421875
2025-04-15,200.90428161621094
2025-04-16,193.08238220214844
2025-04-17,195.77584838867188
2025-04-21,191.97918701171875
2025-04-22,198.5189666748047
2025-04-23,203.34925842285156
2025-04-24,207.09617614746094
2025-04-25,208.00064086914062
2025-04-28,208.85537719726562
2025-04-29,209.91885375976562
2025-04-30,211.20094299316406
2025-05-01,212.0159454345703
2025-05-02,204.09466552734375
2025-05-05,197.67416381835938
2025-05-06,197.2964630126953
2025-05-07,195.05027770996094
2025-05-08,196.28271484375
2025-05-09,197.3163604736328
2025-05-12,209.776123046875
2025-05-13,211.90585327148438
2025-05-14,211.3087158203125
2025-05-15,210.43295288085938
2025-05-16,210.24386596679688
2025-05-19,207.7758026123047
2025-05-20,205.8650360107422
2025-05-21,201.11798095703125
2025-05-22,200.39149475097656
2025-05-23,194.33078002929688
2025-05-27,199.24703979492188
2025-05-28,199.4560089111328
2025-05-29,198.98826599121094
2025-05-30,199.88394165039062
2025-06-02,200.7298583984375
2025-06-03,202.29232788085938
2025-06-04,201.844482421875
2025-06-05,199.66500854492188
2025-06-06,202.93917846679688
2025-06-09,200.48104858398438
2025-06-10,201.69517517089844
2025-06-11,197.82391357421875
2025-06-12,198.2418975830078
2025-06-13,195.50511169433594
2025-06-16,197.4656524658203
2025-06-17,194.6990203857422
2025-06-18,195.6344757080078
2025-06-20,200.03321838378906
2025-06-23,200.5308074951172
2025-06-24,199.33657836914062
2025-06-25,200.5905303955078
2025-06-26,200.03321838378906
2025-06-27,200.11285400390625
2025-06-30,204.18316650390625
2025-07-01,206.8204345703125
2025-07-02,211.418212890625
2025-07-03,212.52285766601562
2025-07-07,208.94017028808594
2025-07-08,208.9998779296875
2025-07-09,210.1244354248047
2025-07-10,211.38833618164062
2025-07-11,210.14434814453125
2025-07-14,207.61656188964844
2025-07-15,208.10421752929688
2025-07-16,209.14915466308594
2025-07-17,209.00985717773438
2025-07-18,210.16424560546875
2025-07-21,211.45799255371094
2025-07-22,213.36875915527344
2025-07-23,213.1199493408203
2025-07-24,212.73184204101562
2025-07-25,212.85128784179688
2025-07-28,213.02044677734375
2025-07-29,210.25384521484375
2025-07-30,208.0445098876953
2025-07-31,206.5716094970703
2025-08-01,201.40660095214844
2025-08-04,202.37193298339844
2025-08-05,201.94398498535156
2025-08-06,212.22430419921875
2025-08-07,218.97171020507812
2025-08-08,228.2468719482422
2025-08-11,226.34388732910156
2025-08-12,228.80477905273438
2025-08-13,232.4712677001953
2025-08-14,231.9232940673828
2025-08-15,230.73765563964844
2025-08-18,230.04022216796875
2025-08-19,229.71145629882812
2025-08-20,225.17819213867188
2025-08-21,224.072265625
2025-08-22,226.9217529296875
2025-08-25,226.323974609375
2025-08-26,228.46603393554688
2025-08-27,229.6417236328125
2025-08-28,231.70408630371094
2025-08-29,231.28562927246094
2025-09-02,228.87454223632812
2025-09-03,237.59234619140625
2025-09-04,238.89752197265625
2025-09-05,238.80784606933594
2025-09-08,237.0045166015625
2025-09-09,233.48748779296875
2025-09-10,225.95533752441406
2025-09-11,229.18341064453125
2025-09-12,233.2085418701172
2025-09-15,235.82884216308594
2025-09-16,237.27352905273438
2025-09-17,238.1104278564453
2025-09-18,237.0045166015625
2025-09-19,244.59646606445312
2025-09-22,255.13751220703125
2025-09-23,253.4935760498047
2025-09-24,251.38140869140625
2025-09-25,255.9246063232422
2025-09-26,254.51980590820312
2025-09-29,253.4935760498047
2025-09-30,253.69287109375
2025-10-01,254.50985717773438
2025-10-02,256.1836242675781
2025-10-03,257.07037353515625
2025-10-06,255.7452850341797
2025-10-07,255.53607177734375
2025-10-08,257.1102294921875
2025-10-09,253.1050262451172
2025-10-10,244.3673095703125
2025-10-13,246.74851989746094
2025-10-14,246.8581085205078
2025-10-15,248.42233276367188
2025-10-16,246.53929138183594
2025-10-17,251.36146545410156
2025-10-20,261.27484130859375
2025-10-21,261.80291748046875
2025-10-22,257.49884033203125
2025-10-23,258.6246337890625
2025-10-24,261.85272216796875
2025-10-27,267.8207092285156
2025-10-28,268.010009765625
2025-10-29,268.7073974609375
2025-10-30,270.4011535644531
2025-10-31,269.37493896484375
2025-11-03,268.05975341796875
2025-11-04,269.0461730957031
2025-11-05,269.14581298828125
2025-11-06,268.7771301269531
2025-11-07,267.4819030761719
2025-11-10,268.6986083984375
2025-11-11,274.5028076171875
2025-11-12,272.7276306152344
2025-11-13,272.2090759277344
2025-11-14,271.6705017089844
2025-11-17,266.73394775390625
2025-11-18,266.71405029296875
2025-11-19,267.8309631347656
2025-11-20,265.5272521972656
2025-11-21,270.75299072265625
2025-11-24,275.1710205078125
2025-11-25,276.2181701660156
2025-11-26,276.79656982421875
2025-11-28,278.0930480957031
2025-12-01,282.3315124511719
2025-12-02,285.4131164550781
2025-12-03,283.378662109375
2025-12-04,279.9380187988281
2025-12-05,278.02325439453125
2025-12-08,277.1356506347656
2025-12-09,276.4275817871094
2025-12-10,278.02325439453125
2025-12-11,277.2752685546875
2025-12-12,277.5246276855469
2025-12-15,273.3658752441406
2025-12-16,273.8645324707031
2025-12-17,271.10205078125
2025-12-18,271.4511413574219
2025-12-19,272.9271240234375
2025-12-22,270.23443603515625
2025-12-23,271.62066650390625
2025-12-24,273.06671142578125
2025-12-26,272.6578063964844
2025-12-29,273.0168762207031
2025-12-30,272.33868408203125
2025-12-31,271.12200927734375
2026-01-02,270.2743225097656
2026-01-05,266.5345153808594
2026-01-06,261.6477966308594
2026-01-07,259.623291015625
2026-01-08,258.3368225097656
2026-01-09,258.6659240722656
2026-01-12,259.54351806640625
2026-01-13,260.3413391113281
2026-01-14,259.25433349609375
2026-01-15,257.5090637207031
2026-01-16,254.8363494873047
2026-01-20,246.0303192138672
2026-01-21,246.97775268554688
2026-01-22,247.67584228515625
2026-01-23,247.36668395996094
2026-01-26,254.7166748046875
2026-01-27,257.5688781738281
2026-01-28,255.743896484375
2026-01-29,257.5788879394531
2026-01-30,258.775634765625
2026-02-02,269.2770690917969
2026-02-03,268.7485046386719
2026-02-04,275.7394104003906
2026-02-05,275.1610412597656
2026-02-06,277.364990234375
2026-02-09,274.13079833984375
2026-02-10,273.19244384765625
2026-02-11,275.00921630859375
2026-02-12,261.2637634277344
2026-02-13,255.32435607910156
2026-02-17,263.4099426269531
2026-02-18,263.8791198730469
2026-02-19,260.11578369140625
2026-02-20,264.1086730957031
2026-02-23,265.705810546875
2026-02-24,271.6552429199219
2026-02-25,273.74151611328125
2026-02-26,272.4637756347656
2026-02-27,263.70941162109375
2026-03-02,264.2484130859375
2026-03-03,263.2801818847656
2026-03-04,262.0523376464844
2026-03-05,259.8263244628906
2026-03-06,257.0013427734375
2026-03-09,259.41705322265625
2026-03-10,260.3653564453125
2026-03-11,260.34539794921875
2026-03-12,255.3043975830078
2026-03-13,249.6744384765625
2026-03-16,252.36964416503906
2026-03-17,253.77711486816406
2026-03-18,249.49476623535156
2026-03-19,248.5165252685547
2026-03-20,247.54823303222656
2026-03-23,251.04200744628906
2026-03-24,251.1917266845703
2026-03-25,252.16998291015625
2026-03-26,252.43951416015625
2026-03-27,248.35679626464844
2026-03-30,246.19065856933594
2026-03-31,253.33790588378906
2026-04-01,255.1746368408203
2026-04-02,255.464111328125
2026-04-06,258.39886474609375
2026-04-07,253.0484161376953
2026-04-08,258.4388122558594
2026-04-09,260.0259704589844
2026-04-10,260.0159912109375
2026-04-13,258.73828125
2026-04-14,258.3689270019531
2026-04-15,265.95538330078125
2026-04-16,262.9307861328125
2026-04-17,269.7486267089844
2026-04-20,272.5635681152344
2026-04-21,265.69586181640625
2026-04-22,272.68341064453125
2026-04-23,272.9429016113281
2026-04-24,270.5771179199219
2026-04-27,267.1332702636719
2026-04-28,270.2277526855469
2026-04-29,269.688720703125
2026-04-30,270.86663818359375
2026-05-01,279.6409912109375
2026-05-04,276.3368225097656
2026-05-05,283.67376708984375
2026-05-06,286.99786376953125
2026-05-07,286.927978515625
2026-05-08,292.7974853515625
2026-05-11,292.42779541015625
2026-05-12,294.54595947265625
2026-05-13,298.6124572753906
2026-05-14,297.9530334472656
2026-05-15,299.9713134765625
2026-05-18,297.5833435058594
2026-05-19,298.7123718261719
2026-05-20,301.98956298828125
2026-05-21,304.7271728515625
2026-05-22,308.55389404296875
2026-05-26,308.0643005371094
2026-05-27,310.5821533203125
2026-05-28,312.24072265625
2026-05-29,311.7911071777344
2026-06-01,306.0460510253906
2026-06-02,314.92840576171875
2026-06-03,309.9926452636719
2026-06-04,310.9618225097656
2026-06-05,307.0751647949219
2026-06-08,301.2801818847656
2026-06-09,290.29962158203125
2026-06-10,291.3287353515625
2026-06-11,295.375244140625
2026-06-12,290.879150390625
2026-06-15,296.1645812988281
2026-06-16,298.9821472167969
2026-06-17,295.6949768066406
2026-06-18,297.7532043457031
2026-06-22,296.75408935546875
2026-06-23,294.04638671875
2026-06-24,292.8274230957031
2026-06-25,274.91290283203125
2026-06-26,283.53546142578125
2026-06-29,281.4972229003906
2026-06-30,289.11065673828125
2026-07-01,294.1263427734375
2026-07-02,308.3640441894531
2026-07-06,312.3905944824219
2026-07-07,310.3923034667969
2026-07-08,313.1199645996094
2026-07-09,315.947509765625
2026-07-10,315.0483093261719
2026-07-13,317.03656005859375
2026-07-14,314.58868408203125
2026-07-15,327.2178039550781
2026-07-16,332.97283935546875
2026-07-17,333.452392578125
2026-07-20,326.3085632324219
2026-07-21,327.45758056640625
2026-07-22,325.60919189453125
2026-07-23,321.3828430175781
2026-07-24,332.7330322265625
2026-07-27,336.61968994140625
2026-07-28,339.78692626953125
2026-07-29,337.8985900878906
2026-07-30,333.1426696777344
2026-07-31,308.6438293457031
2026-08-03,303.1585693359375
2026-08-04,309.1134033203125
2026-08-05,310.7320251464844
2026-08-06,312.14080810546875
2026-08-07,313.05999755859375
2026-08-10,308.260009765625
2026-08-11,304.9100036621094
2026-08-12,302.25
2026-08-13,305.260009765625
2026-08-14,305.92999267578125
2026-08-17,305.5899963378906
2026-08-18,310.0299987792969
2026-08-19,316.8299865722656
2026-08-20,311.29998779296875
2026-08-21,309.3500061035156
2026-08-24,310.3399963378906
2026-08-25,309.8999938964844
2026-08-26,313.45001220703125
2026-08-27,314.5799865722656
2026-08-28,319.70001220703125
2026-08-31,316.8500061035156
2026-09-01,325.1300048828125
2026-09-02,324.9599914550781
2026-09-03,328.2099914550781
2026-09-04,319.9700012207031
2026-09-08,316.2200012207031
2026-09-09,315.3399963378906
2026-09-10,326.57000732421875
2026-09-11,332.2699890136719
2026-09-14,333.0799865722656
2026-09-15,331.3399963378906
2026-09-16,332.4100036621094
2026-09-17,337.0
2026-09-18,336.1300048828125
