date,close
1998-01-20,43.35319137573242
1998-01-21,42.82026672363281
1998-01-22,42.45930099487305
1998-01-23,42.35613250732422
1998-01-26,42.52806091308594
1998-01-27,43.02655792236328
1998-01-28,43.52507400512695
1998-01-29,43.679813385009766
1998-01-30,43.58527374267578
1998-02-02,44.5650749206543
1998-02-03,44.91746139526367
1998-02-04,44.67683029174805
1998-02-05,44.68545150756836
1998-02-06,45.16673278808594
1998-02-09,44.98625564575195
1998-02-10,45.742618560791016
1998-02-11,45.742618560791016
1998-02-12,46.03479766845703
1998-02-13,46.009098052978516
1998-02-17,46.241085052490234
1998-02-18,46.550514221191406
1998-02-19,46.1121940612793
1998-02-20,46.36143112182617
1998-02-23,46.344261169433594
1998-02-24,46.20677185058594
1998-02-25,46.58489227294922
1998-02-26,46.842803955078125
1998-02-27,47.08345413208008
1998-03-02,47.15217590332031
1998-03-03,47.36705017089844
1998-03-04,47.04905700683594
1998-03-05,46.636478424072266
1998-03-06,47.3240852355957
1998-03-09,47.23818588256836
1998-03-10,47.70226287841797
1998-03-11,47.85695266723633
1998-03-12,47.79679870605469
1998-03-13,47.39283752441406
1998-03-16,48.114830017089844
1998-03-17,48.27812957763672
1998-03-18,48.39842224121094
1998-03-19,48.535972595214844
1998-03-20,49.04310989379883
1998-03-23,48.673500061035156
1998-03-24,49.19779968261719
1998-03-25,48.888362884521484
1998-03-26,48.750858306884766
1998-03-27,48.55312728881836
1998-03-30,48.49300765991211
1998-03-31,48.51017379760742
1998-04-01,48.92277526855469
1998-04-02,49.593170166015625
1998-04-03,49.558780670166016
1998-04-06,49.713531494140625
1998-04-07,49.4470100402832
1998-04-08,49.111854553222656
1998-04-09,49.713531494140625
1998-04-13,49.6963005065918
1998-04-14,50.297935485839844
1998-04-15,50.61598587036133
1998-04-16,50.09169006347656
1998-04-17,50.633155822753906
1998-04-20,50.408782958984375
1998-04-21,50.745243072509766
1998-04-22,50.71074295043945
1998-04-23,50.417442321777344
1998-04-24,49.994712829589844
1998-04-27,49.278663635253906
1998-04-28,49.13196563720703
1998-04-29,49.37355041503906
1998-04-30,50.17586898803711
1998-05-01,50.607208251953125
1998-05-04,50.69354248046875
1998-05-05,50.5123176574707
1998-05-06,49.8480110168457
1998-05-07,49.54609298706055
1998-05-08,50.21043014526367
1998-05-11,50.201759338378906
1998-05-12,50.753929138183594
1998-05-13,50.93507385253906
1998-05-14,50.69354248046875
1998-05-15,50.18194580078125
1998-05-18,50.035133361816406
1998-05-19,50.05242156982422
1998-05-20,50.7259635925293
1998-05-21,50.501461029052734
1998-05-22,50.42374801635742
1998-05-26,49.551509857177734
1998-05-27,49.551509857177734
1998-05-28,49.73286437988281
1998-05-29,49.10245132446289
1998-06-01,49.41338348388672
1998-06-02,49.16294479370117
1998-06-03,48.549766540527344
1998-06-04,49.128379821777344
1998-06-05,50.21646499633789
1998-06-08,50.25101089477539
1998-06-09,50.147369384765625
1998-06-10,49.603355407714844
1998-06-11,48.70524978637695
1998-06-12,48.947052001953125
1998-06-15,47.5307731628418
1998-06-16,47.97117233276367
1998-06-17,48.998836517333984
1998-06-18,48.808868408203125
1998-06-19,48.23043441772461
1998-06-22,48.28231430053711
1998-06-23,48.948673248291016
1998-06-24,49.4593391418457
1998-06-25,49.67566680908203
1998-06-26,49.67566680908203
1998-06-29,49.91798782348633
1998-06-30,49.67566680908203
1998-07-01,50.17763900756836
1998-07-02,50.01316452026367
1998-07-06,50.541072845458984
1998-07-07,50.463226318359375
1998-07-08,50.93056869506836
1998-07-09,50.3333854675293
1998-07-10,50.53246307373047
1998-07-13,50.39392852783203
1998-07-14,51.1988410949707
1998-07-15,51.2334098815918
1998-07-16,51.65753173828125
1998-07-17,51.692138671875
1998-07-20,51.579620361328125
1998-07-21,50.818058013916016
1998-07-22,50.62765121459961
1998-07-23,49.493934631347656
1998-07-24,49.537208557128906
1998-07-27,49.98723220825195
1998-07-28,49.41602325439453
1998-07-29,49.30352020263672
1998-07-30,49.97855758666992
1998-07-31,49.035240173339844
1998-08-03,48.637168884277344
1998-08-04,47.044776916503906
1998-08-05,47.442874908447266
1998-08-06,47.442874908447266
1998-08-07,47.71981430053711
1998-08-10,47.512115478515625
1998-08-11,46.73321533203125
1998-08-12,47.46017074584961
1998-08-13,46.68126678466797
1998-08-14,46.69860076904297
1998-08-17,47.49482727050781
1998-08-18,48.39482498168945
1998-08-19,48.169837951660156
1998-08-20,47.77170181274414
1998-08-21,47.51680374145508
1998-08-24,47.534141540527344
1998-08-25,47.690284729003906
1998-08-26,47.40398025512695
1998-08-27,44.99262237548828
1998-08-28,44.84514236450195
1998-08-31,41.56636047363281
1998-09-01,43.59609603881836
1998-09-02,43.179718017578125
1998-09-03,42.763370513916016
1998-09-04,42.676639556884766
1998-09-08,44.74103927612305
1998-09-09,43.526676177978516
1998-09-10,42.05210876464844
1998-09-11,43.70016098022461
1998-09-14,44.081817626953125
1998-09-15,44.567562103271484
1998-09-16,45.03596496582031
1998-09-17,43.73487091064453
1998-09-18,43.81282043457031
1998-09-21,44.0560417175293
1998-09-22,43.83885192871094
1998-09-23,45.51531982421875
1998-09-24,44.342674255371094
1998-09-25,44.54246520996094
1998-09-28,45.18524169921875
1998-09-29,44.85517883300781
1998-09-30,43.46539306640625
1998-10-01,42.370941162109375
1998-10-02,43.4480094909668
1998-10-05,42.926849365234375
1998-10-06,42.90943145751953
1998-10-07,42.996307373046875
1998-10-08,42.978973388671875
1998-10-09,44.02130889892578
1998-10-12,44.35137939453125
1998-10-13,44.01262664794922
1998-10-14,44.299259185791016
1998-10-15,46.627140045166016
1998-10-16,46.80091857910156
1998-10-19,47.044063568115234
1998-10-20,47.19176483154297
1998-10-21,47.28724670410156
1998-10-22,47.56526184082031
1998-10-23,46.8703498840332
1998-10-26,46.90509033203125
1998-10-27,46.540283203125
1998-10-28,46.39265060424805
1998-10-29,47.49571228027344
1998-10-30,47.82582473754883
1998-11-02,48.62495422363281
1998-11-03,48.36436462402344
1998-11-04,49.05056381225586
1998-11-05,49.7541389465332
1998-11-06,49.96260452270508
1998-11-09,49.4848518371582
1998-11-10,49.267757415771484
1998-11-11,49.12009048461914
1998-11-12,49.267757415771484
1998-11-13,49.7541389465332
1998-11-16,50.22317886352539
1998-11-17,50.01471710205078
1998-11-18,50.40562438964844
1998-11-19,50.44900131225586
1998-11-20,51.07196807861328
1998-11-23,52.394474029541016
1998-11-24,51.8376350402832
1998-11-25,51.85503387451172
1998-11-27,51.92465591430664
1998-11-30,50.567325592041016
1998-12-01,50.81963348388672
1998-12-02,50.532569885253906
1998-12-03,49.462398529052734
1998-12-04,50.39335250854492
1998-12-07,50.532569885253906
1998-12-08,50.28895568847656
1998-12-09,50.149723052978516
1998-12-10,49.15787887573242
1998-12-11,48.98387908935547
1998-12-14,48.17475509643555
1998-12-15,49.12306213378906
1998-12-16,48.9316520690918
1998-12-17,49.401493072509766
1998-12-18,49.485145568847656
1998-12-21,50.09526062011719
1998-12-22,50.391517639160156
1998-12-23,51.350215911865234
1998-12-24,51.36765670776367
1998-12-28,51.280479431152344
1998-12-29,52.1432991027832
1998-12-30,51.663997650146484
1998-12-31,51.053890228271484
1999-01-04,51.28923797607422
1999-01-05,51.995140075683594
1999-01-06,53.354698181152344
1999-01-07,53.12814712524414
1999-01-08,53.83406448364258
1999-01-11,53.73818588256836
1999-01-12,52.72721862792969
1999-01-13,52.06487274169922
1999-01-14,50.6878547668457
1999-01-15,52.22078323364258
1999-01-19,51.993804931640625
1999-01-20,52.30809783935547
1999-01-21,51.47002410888672
1999-01-22,51.01606750488281
1999-01-25,51.55734634399414
1999-01-26,52.360504150390625
1999-01-27,51.22562026977539
1999-01-28,51.66212844848633
1999-01-29,52.11608123779297
1999-02-01,52.150936126708984
1999-02-02,51.76685333251953
1999-02-03,52.4477424621582
1999-02-04,52.23823547363281
1999-02-05,51.993804931640625
1999-02-08,51.854095458984375
1999-02-09,51.05103302001953
1999-02-10,51.19065856933594
1999-02-11,52.51763916015625
1999-02-12,51.90652847290039
1999-02-16,51.793006896972656
1999-02-17,51.64459991455078
1999-02-18,51.976341247558594
1999-02-19,52.340091705322266
1999-02-22,53.54673385620117
1999-02-23,53.4767951965332
1999-02-24,52.532474517822266
1999-02-25,52.14777755737305
1999-02-26,51.98158645629883
1999-03-01,52.077796936035156
1999-03-02,52.20020294189453
1999-03-03,51.95535659790039
1999-03-04,53.144508361816406
1999-03-05,54.63096237182617
1999-03-08,54.543540954589844
1999-03-09,54.24625015258789
1999-03-10,54.80584716796875
1999-03-11,55.57532501220703
1999-03-12,55.199317932128906
1999-03-15,55.811317443847656
1999-03-16,55.64520263671875
1999-03-17,55.356719970703125
1999-03-18,56.13488006591797
1999-03-19,55.23821258544922
1999-03-22,55.55344009399414
1999-03-23,54.15230941772461
1999-03-24,54.27495193481445
1999-03-25,55.273197174072266
1999-03-26,55.08057403564453
1999-03-29,55.9737434387207
1999-03-30,55.64099884033203
1999-03-31,54.7828369140625
1999-04-01,55.0717887878418
1999-04-05,56.11388397216797
1999-04-06,55.83366394042969
1999-04-07,56.6042594909668
1999-04-08,57.19972610473633
1999-04-09,57.09461975097656
1999-04-12,58.01411819458008
1999-04-13,58.355621337890625
1999-04-14,58.47821807861328
1999-04-15,58.75841522216797
1999-04-16,58.59340286254883
1999-04-19,58.505775451660156
1999-04-20,58.55840301513672
1999-04-21,59.69694519042969
1999-04-22,60.23991775512695
1999-04-23,60.029727935791016
1999-04-26,60.117305755615234
1999-04-27,60.74785614013672
1999-04-28,60.68658447265625
1999-04-29,60.975616455078125
1999-04-30,60.32753372192383
1999-05-03,61.7813606262207
1999-05-04,61.23836898803711
1999-05-05,61.30844497680664
1999-05-06,61.378509521484375
1999-05-07,61.904048919677734
1999-05-10,61.65877151489258
1999-05-11,61.7813606262207
1999-05-12,61.7463493347168
1999-05-13,62.35944366455078
1999-05-14,61.16834259033203
1999-05-17,60.958091735839844
1999-05-18,61.001930236816406
1999-05-19,61.1333122253418
1999-05-20,60.99311828613281
1999-05-21,60.8057861328125
1999-05-24,59.752655029296875
1999-05-25,59.015289306640625
1999-05-26,60.103660583496094
1999-05-27,58.9100456237793
1999-05-28,59.05921936035156
1999-06-01,59.594627380371094
1999-06-02,59.49806594848633
1999-06-03,59.963260650634766
1999-06-04,60.788265228271484
1999-06-07,61.20951843261719
1999-06-08,60.52500534057617
1999-06-09,60.17384719848633
1999-06-10,59.664798736572266
1999-06-11,58.9626579284668
1999-06-14,59.36640548706055
1999-06-15,59.73504638671875
1999-06-16,60.542484283447266
1999-06-17,61.0690803527832
1999-06-18,60.99429702758789
1999-06-21,60.80104446411133
1999-06-22,60.256282806396484
1999-06-23,59.88725280761719
1999-06-24,59.39518356323242
1999-06-25,59.45670700073242
1999-06-28,59.992671966552734
1999-06-29,60.519859313964844
1999-06-30,61.50394821166992
1999-07-01,62.25957489013672
1999-07-02,62.7867431640625
1999-07-06,62.646156311035156
1999-07-07,62.73399353027344
1999-07-08,62.50564956665039
1999-07-09,63.01515197753906
1999-07-12,62.89216613769531
1999-07-13,62.927276611328125
1999-07-14,62.7867431640625
1999-07-15,62.81304931640625
1999-07-16,63.01617431640625
1999-07-19,62.86678695678711
1999-07-20,61.6802864074707
1999-07-21,61.83848190307617
1999-07-22,61.55734634399414
1999-07-23,61.346309661865234
1999-07-26,60.994747161865234
1999-07-27,61.6627082824707
1999-07-28,61.55734634399414
1999-07-29,60.62567138671875
1999-07-30,59.81706619262695
1999-08-02,59.940181732177734
1999-08-03,60.027957916259766
1999-08-04,59.992855072021484
1999-08-05,60.942047119140625
1999-08-06,60.238929748535156
1999-08-09,60.25651168823242
1999-08-10,60.04560852050781
1999-08-11,60.74871826171875
1999-08-12,60.696044921875
1999-08-13,61.873680114746094
1999-08-16,62.24281692504883
1999-08-17,62.57676696777344
1999-08-18,61.81214141845703
1999-08-19,61.73307418823242
1999-08-20,62.654850006103516
1999-08-23,63.86143493652344
1999-08-24,63.65876388549805
1999-08-25,64.04632568359375
1999-08-26,63.16557693481445
1999-08-27,62.56671905517578
1999-08-30,61.474609375
1999-08-31,61.0165901184082
1999-09-01,61.756412506103516
1999-09-02,61.104637145996094
1999-09-03,62.742794036865234
1999-09-07,62.14396286010742
1999-09-08,62.17912673950195
1999-09-09,62.32011032104492
1999-09-10,62.17912673950195
1999-09-13,62.17912673950195
1999-09-14,61.633121490478516
1999-09-15,60.80524826049805
1999-09-16,60.61151885986328
1999-09-17,61.161617279052734
1999-09-20,60.96759033203125
1999-09-21,59.73311233520508
1999-09-22,59.336219787597656
1999-09-23,57.95185470581055
1999-09-24,57.9254035949707
1999-09-27,58.18107223510742
1999-09-28,57.98710632324219
1999-09-29,57.56388473510742
1999-09-30,58.48090362548828
1999-10-01,57.89889907836914
1999-10-04,58.92182540893555
1999-10-05,58.701377868652344
1999-10-06,59.750709533691406
1999-10-07,59.40681457519531
1999-10-08,60.15632629394531
1999-10-11,60.03288269042969
1999-10-12,58.81600570678711
1999-10-13,57.59910202026367
1999-10-14,57.91656494140625
1999-10-15,56.45383071899414
1999-10-18,57.08897018432617
1999-10-19,57.68881607055664
1999-10-20,58.55319595336914
1999-10-21,58.39443588256836
1999-10-22,58.99423599243164
1999-10-25,58.359169006347656
1999-10-26,57.9710578918457
1999-10-27,58.85315704345703
1999-10-28,60.15870666503906
1999-10-29,60.72321319580078
1999-11-01,60.12336730957031
1999-11-02,59.664676666259766
1999-11-03,59.964603424072266
1999-11-04,60.193939208984375
1999-11-05,60.70555877685547
1999-11-08,60.61729431152344
1999-11-09,60.0174446105957
1999-11-10,59.841060638427734
1999-11-11,59.893985748291016
1999-11-12,61.00541305541992
1999-11-15,60.86431884765625
1999-11-16,62.05514907836914
1999-11-17,61.658172607421875
1999-11-18,62.39031219482422
1999-11-19,62.21507263183594
1999-11-22,62.84241485595703
1999-11-23,62.259212493896484
1999-11-24,62.28575134277344
1999-11-26,61.888084411621094
1999-11-29,61.949947357177734
1999-11-30,61.46392059326172
1999-12-01,62.259212493896484
1999-12-02,62.55077362060547
1999-12-03,63.87617874145508
1999-12-06,63.47862243652344
1999-12-07,62.886531829833984
1999-12-08,62.47126388549805
1999-12-09,62.98379135131836
1999-12-10,63.602325439453125
1999-12-13,63.460906982421875
1999-12-14,63.23110580444336
1999-12-15,63.4874382019043
1999-12-16,63.566932678222656
1999-12-17,63.858009338378906
1999-12-20,63.07975387573242
1999-12-21,63.4334831237793
1999-12-22,63.50422668457031
1999-12-23,64.80441284179688
1999-12-27,64.60101318359375
1999-12-28,65.13164520263672
1999-12-29,65.0254898071289
1999-12-30,64.78675079345703
1999-12-31,65.20240783691406
2000-01-03,64.24720001220703
2000-01-04,62.133323669433594
2000-01-05,62.93818283081055
2000-01-06,63.25662612915039
2000-01-07,65.37928009033203
2000-01-10,65.66226196289062
2000-01-11,65.17587280273438
2000-01-12,65.34392547607422
2000-01-13,65.59162902832031
2000-01-14,66.5113754272461
2000-01-18,65.50311279296875
2000-01-19,65.41466522216797
2000-01-20,64.37989044189453
2000-01-21,63.900150299072266
2000-01-24,62.30710983276367
2000-01-25,62.50178527832031
2000-01-26,62.57259750366211
2000-01-27,62.57259750366211
2000-01-28,60.83790588378906
2000-01-31,62.023887634277344
2000-02-01,62.466434478759766
2000-02-02,62.130088806152344
2000-02-03,62.590309143066406
2000-02-04,62.16546630859375
2000-02-07,61.59904479980469
2000-02-08,61.917694091796875
2000-02-09,60.554710388183594
2000-02-10,60.60780334472656
2000-02-11,59.19173812866211
2000-02-14,59.7581787109375
2000-02-15,60.85560607910156
2000-02-16,59.935176849365234
2000-02-17,59.351043701171875
2000-02-18,57.988677978515625
2000-02-22,58.307655334472656
2000-02-23,57.988677978515625
2000-02-24,57.8469123840332
2000-02-25,55.897438049316406
2000-02-28,56.79237365722656
2000-02-29,57.59880065917969
2000-03-01,57.63420104980469
2000-03-02,57.669654846191406
2000-03-03,58.91022491455078
2000-03-06,57.6873664855957
2000-03-07,55.57838439941406
2000-03-08,55.84426498413086
2000-03-09,56.89873504638672
2000-03-10,56.46446990966797
2000-03-13,56.49997329711914
2000-03-14,55.84426498413086
2000-03-15,57.63420104980469
2000-03-16,60.5584602355957
2000-03-17,60.27545166015625
2000-03-20,60.66597366333008
2000-03-21,61.97935485839844
2000-03-22,61.668785095214844
2000-03-23,63.11528778076172
2000-03-24,63.11528778076172
2000-03-27,62.36986541748047
2000-03-28,62.12138748168945
2000-03-29,62.902339935302734
2000-03-30,62.51180648803711
2000-03-31,62.156898498535156
2000-04-03,64.00275421142578
2000-04-04,63.43476867675781
2000-04-05,62.68931198120117
2000-04-06,63.28396987915039
2000-04-07,62.99106216430664
2000-04-10,63.64775848388672
2000-04-11,64.32220458984375
2000-04-12,62.76920700073242
2000-04-13,61.926151275634766
2000-04-14,58.22548294067383
2000-04-17,60.20444869995117
2000-04-18,60.807979583740234
2000-04-19,60.66597366333008
2000-04-20,61.81019592285156
2000-04-24,61.86347961425781
2000-04-25,63.230648040771484
2000-04-26,61.934452056884766
2000-04-27,61.57941818237305
2000-04-28,61.1176643371582
2000-05-01,61.43726348876953
2000-05-02,60.83361053466797
2000-05-03,59.55509948730469
2000-05-04,59.2709846496582
2000-05-05,60.14108657836914
2000-05-08,60.19429397583008
2000-05-09,59.8747444152832
2000-05-10,58.7027473449707
2000-05-11,60.08784103393555
2000-05-12,60.37186813354492
2000-05-15,61.48165512084961
2000-05-16,62.112030029296875
2000-05-17,61.22416687011719
2000-05-18,61.04670715332031
2000-05-19,60.64485549926758
2000-05-22,60.05799102783203
2000-05-23,59.43553161621094
2000-05-24,60.004638671875
2000-05-25,58.90203857421875
2000-05-26,58.68854904174805
2000-05-30,60.004638671875
2000-05-31,59.93348693847656
2000-06-01,60.60927963256836
2000-06-02,61.18729019165039
2000-06-05,61.605201721191406
2000-06-06,61.25844192504883
2000-06-07,61.65853500366211
2000-06-08,60.76935577392578
2000-06-09,60.47593307495117
2000-06-12,60.164737701416016
2000-06-13,60.60927963256836
2000-06-14,61.036155700683594
2000-06-15,60.80493927001953
2000-06-16,59.51224899291992
2000-06-19,60.12614822387695
2000-06-20,59.64569091796875
2000-06-21,59.752540588378906
2000-06-22,59.21869659423828
2000-06-23,59.46781539916992
2000-06-26,60.339725494384766
2000-06-27,60.001651763916016
2000-06-28,60.001651763916016
2000-06-29,59.36103057861328
2000-06-30,59.43220520019531
2000-07-03,60.339725494384766
2000-07-05,59.78813934326172
2000-07-06,59.84154510498047
2000-07-07,60.54433822631836
2000-07-10,60.64220428466797
2000-07-11,61.06929016113281
2000-07-12,61.389564514160156
2000-07-13,61.496376037597656
2000-07-14,61.63865661621094
2000-07-17,61.496376037597656
2000-07-18,61.28277587890625
2000-07-19,61.0336799621582
2000-07-20,62.11904525756836
2000-07-21,61.013084411621094
2000-07-24,60.90614318847656
2000-07-25,60.88829040527344
2000-07-26,60.157691955566406
2000-07-27,60.46062469482422
2000-07-28,59.87266159057617
2000-07-31,59.87266159057617
2000-08-01,60.442867279052734
2000-08-02,61.013084411621094
2000-08-03,60.9774284362793
2000-08-04,61.29817199707031
2000-08-07,61.93967056274414
2000-08-08,62.52761459350586
2000-08-09,62.2247428894043
2000-08-10,62.278202056884766
2000-08-11,62.91971969604492
2000-08-14,63.703758239746094
2000-08-15,63.25825119018555
2000-08-16,63.329505920410156
2000-08-17,63.204833984375
2000-08-18,63.04253005981445
2000-08-21,63.43497085571289
2000-08-22,63.67579650878906
2000-08-23,63.64906311035156
2000-08-24,63.95234298706055
2000-08-25,64.0682601928711
2000-08-28,64.32698059082031
2000-08-29,64.23775482177734
2000-08-30,63.452857971191406
2000-08-31,64.20211029052734
2000-09-01,64.23775482177734
2000-09-05,64.42501068115234
2000-09-06,64.61239624023438
2000-09-07,64.38046264648438
2000-09-08,63.988006591796875
2000-09-11,64.00588989257812
2000-09-12,64.45182800292969
2000-09-13,63.970211029052734
2000-09-14,63.453609466552734
2000-09-15,62.30141830444336
2000-09-18,61.872840881347656
2000-09-19,61.71201705932617
2000-09-20,61.12260818481445
2000-09-21,60.72959899902344
2000-09-22,62.15858840942383
2000-09-25,61.783451080322266
2000-09-26,60.67601013183594
2000-09-27,60.88145065307617
2000-09-28,61.92635726928711
2000-09-29,60.94398498535156
2000-10-02,61.211971282958984
2000-10-03,61.176170349121094
2000-10-04,61.667362213134766
2000-10-05,61.42623519897461
2000-10-06,60.69386672973633
2000-10-09,60.47059631347656
2000-10-10,59.961612701416016
2000-10-11,59.67574691772461
2000-10-12,57.37165832519531
2000-10-13,58.22903823852539
2000-10-16,58.702369689941406
2000-10-17,57.49671936035156
2000-10-18,57.03230667114258
2000-10-19,58.211151123046875
2000-10-20,58.591304779052734
2000-10-23,59.02946472167969
2000-10-24,59.19938278198242
2000-10-25,58.88648223876953
2000-10-26,59.34247589111328
2000-10-27,60.77322006225586
2000-10-30,61.91789245605469
2000-10-31,62.61540985107422
2000-11-01,62.4723014831543
2000-11-02,62.17724609375
2000-11-03,61.935855865478516
2000-11-06,62.9731330871582
2000-11-07,62.81218338012695
2000-11-08,62.248779296875
2000-11-09,61.935855865478516
2000-11-10,60.73751449584961
2000-11-13,60.344051361083984
2000-11-14,61.41720962524414
2000-11-15,61.41720962524414
2000-11-16,61.02366638183594
2000-11-17,60.87775802612305
2000-11-20,59.991329193115234
2000-11-21,60.38528060913086
2000-11-22,59.525672912597656
2000-11-24,60.20615005493164
2000-11-27,60.671791076660156
2000-11-28,60.331546783447266
2000-11-29,60.72555160522461
2000-11-30,59.83018493652344
2000-12-01,59.4898796081543
2000-12-04,60.72555160522461
2000-12-05,62.42677307128906
2000-12-06,61.155311584472656
2000-12-07,60.73450469970703
2000-12-08,59.901824951171875
2000-12-11,61.656707763671875
2000-12-12,61.96116638183594
2000-12-13,61.925357818603516
2000-12-14,61.12845230102539
2000-12-15,59.529457092285156
2000-12-18,61.17884063720703
2000-12-19,60.58722686767578
2000-12-20,59.06329345703125
2000-12-21,60.20177459716797
2000-12-22,61.367008209228516
2000-12-26,61.671817779541016
2000-12-27,62.20966339111328
2000-12-28,62.388938903808594
2000-12-29,61.25946044921875
2001-01-02,61.044281005859375
2001-01-03,62.837120056152344
2001-01-04,62.66678237915039
2001-01-05,60.972652435302734
2001-01-08,60.99056625366211
2001-01-09,60.48861312866211
2001-01-10,61.151893615722656
2001-01-11,60.77543258666992
2001-01-12,60.43479537963867
2001-01-16,61.06227111816406
2001-01-17,60.79341125488281
2001-01-18,61.22364807128906
2001-01-19,60.62785339355469
2001-01-22,60.95097732543945
2001-01-23,61.16633605957031
2001-01-24,61.07661819458008
2001-01-25,61.63301467895508
2001-01-26,61.23811340332031
2001-01-29,61.510990142822266
2001-01-30,62.44710159301758
2001-01-31,62.41262435913086
2001-02-01,63.1879768371582
2001-02-02,62.38968276977539
2001-02-05,63.06165313720703
2001-02-06,62.93525314331055
2001-02-07,62.958152770996094
2001-02-08,62.44710159301758
2001-02-09,62.03929138183594
2001-02-12,62.96401596069336
2001-02-13,62.762939453125
2001-02-14,62.188663482666016
2001-02-15,62.79738235473633
2001-02-16,62.207847595214844
2001-02-20,61.80516815185547
2001-02-21,60.568546295166016
2001-02-22,60.7698974609375
2001-02-23,60.13713836669922
2001-02-26,61.37384033203125
2001-02-27,61.316280364990234
2001-02-28,60.396053314208984
2001-03-01,60.211936950683594
2001-03-02,60.28089904785156
2001-03-05,60.723846435546875
2001-03-06,61.05746078491211
2001-03-07,61.80516815185547
2001-03-08,62.47246551513672
2001-03-09,61.05746078491211
2001-03-12,58.61283493041992
2001-03-13,59.16508865356445
2001-03-14,57.62931823730469
2001-03-15,57.75004196166992
2001-03-16,56.67338180541992
2001-03-19,57.462623596191406
2001-03-20,55.85539627075195
2001-03-21,54.61105728149414
2001-03-22,53.833396911621094
2001-03-23,54.89914321899414
2001-03-26,55.99368667602539
2001-03-27,57.140018463134766
2001-03-28,56.25864791870117
2001-03-29,56.53508377075195
2001-03-30,57.11125183105469
2001-04-02,56.10308837890625
2001-04-03,54.32306671142578
2001-04-04,54.90488815307617
2001-04-05,57.255245208740234
2001-04-06,56.56972122192383
2001-04-09,56.92683792114258
2001-04-10,58.1654052734375
2001-04-11,57.71034240722656
2001-04-12,58.58596420288086
2001-04-16,58.17115020751953
2001-04-17,58.902835845947266
2001-04-18,61.304954528808594
2001-04-19,61.742767333984375
2001-04-20,61.08264923095703
2001-04-23,60.621463775634766
2001-04-24,60.419647216796875
2001-04-25,61.3766975402832
2001-04-26,61.699493408203125
2001-04-27,62.39712142944336
2001-04-30,61.814815521240234
2001-05-01,62.84107971191406
2001-05-02,62.66233825683594
2001-05-03,62.34521484375
2001-05-04,63.30226135253906
2001-05-07,62.967872619628906
2001-05-08,62.731475830078125
2001-05-09,62.61623001098633
2001-05-10,62.99095153808594
2001-05-11,62.570072174072266
2001-05-14,62.83530044555664
2001-05-15,62.967872619628906
2001-05-16,64.8358154296875
2001-05-17,65.07794189453125
2001-05-18,65.33731079101562
2001-05-21,65.42382049560547
2001-05-22,65.06007385253906
2001-05-23,64.15345001220703
2001-05-24,64.25736236572266
2001-05-25,63.60484313964844
2001-05-29,63.75511932373047
2001-05-30,62.940818786621094
2001-05-31,62.987064361572266
2001-06-01,63.77812576293945
2001-06-04,63.9051399230957
2001-06-05,64.65005493164062
2001-06-06,64.12464141845703
2001-06-07,64.0438461303711
2001-06-08,63.373924255371094
2001-06-11,63.142913818359375
2001-06-12,63.246917724609375
2001-06-13,62.83112335205078
2001-06-14,61.554996490478516
2001-06-15,61.67637252807617
2001-06-18,61.849815368652344
2001-06-19,61.37582015991211
2001-06-20,61.693702697753906
2001-06-21,61.93073654174805
2001-06-22,61.41050720214844
2001-06-25,60.72840118408203
2001-06-26,60.47410583496094
2001-06-27,60.40472412109375
2001-06-28,61.09257125854492
2001-06-29,60.83246612548828
2001-07-02,61.393123626708984
2001-07-03,61.30069351196289
2001-07-05,60.49141311645508
2001-07-06,59.283348083496094
2001-07-09,59.450984954833984
2001-07-10,58.82667541503906
2001-07-11,59.27751922607422
2001-07-12,60.780460357666016
2001-07-13,61.0867805480957
2001-07-16,60.722652435302734
2001-07-17,61.35844421386719
2001-07-18,61.04057693481445
2001-07-19,61.5029296875
2001-07-20,61.221771240234375
2001-07-23,60.122352600097656
2001-07-24,59.398956298828125
2001-07-25,60.1512565612793
2001-07-26,60.55056381225586
2001-07-27,60.382694244384766
2001-07-30,60.22066879272461
2001-07-31,60.77618408203125
2001-08-01,60.926673889160156
2001-08-02,61.106056213378906
2001-08-03,60.97867202758789
2001-08-06,60.14545440673828
2001-08-07,60.5042610168457
2001-08-08,59.57838439941406
2001-08-09,59.68829345703125
2001-08-10,60.313270568847656
2001-08-13,60.290061950683594
2001-08-14,60.359580993652344
2001-08-15,59.93134689331055
2001-08-16,60.32483673095703
2001-08-17,59.37939453125
2001-08-20,60.00508499145508
2001-08-21,58.8000602722168
2001-08-22,59.59960174560547
2001-08-23,59.35048294067383
2001-08-24,60.61338424682617
2001-08-27,60.196250915527344
2001-08-28,59.27509307861328
2001-08-29,58.6204948425293
2001-08-30,57.50246047973633
2001-08-31,57.861610412597656
2001-09-04,57.91374206542969
2001-09-05,58.255523681640625
2001-09-06,56.97518539428711
2001-09-07,55.526981353759766
2001-09-10,55.87458419799805
2001-09-17,51.616600036621094
2001-09-18,51.7904052734375
2001-09-19,50.67235565185547
2001-09-20,48.45939636230469
2001-09-21,48.07613754272461
2001-09-24,50.050315856933594
2001-09-25,50.45674133300781
2001-09-26,49.96320343017578
2001-09-27,50.369686126708984
2001-09-28,51.29861831665039
2001-10-01,51.490272521972656
2001-10-02,52.0825309753418
2001-10-03,52.95347595214844
2001-10-04,52.779266357421875
2001-10-05,52.90700912475586
2001-10-08,52.66317367553711
2001-10-09,52.622562408447266
2001-10-10,53.737342834472656
2001-10-11,54.69536209106445
2001-10-12,54.34116744995117
2001-10-15,54.32953643798828
2001-10-16,54.55015563964844
2001-10-17,53.42377853393555
2001-10-18,53.41217803955078
2001-10-19,53.417396545410156
2001-10-22,54.66707992553711
2001-10-23,54.4055290222168
2001-10-24,54.31834411621094
2001-10-25,55.207706451416016
2001-10-26,55.35877227783203
2001-10-29,54.091678619384766
2001-10-30,52.981449127197266
2001-10-31,52.7082633972168
2001-11-01,53.76617431640625
2001-11-02,54.29513168334961
2001-11-05,54.92866516113281
2001-11-06,55.88772964477539
2001-11-07,55.655216217041016
2001-11-08,55.93419647216797
2001-11-09,55.980751037597656
2001-11-12,55.52739334106445
2001-11-13,56.846736907958984
2001-11-14,57.28277587890625
2001-11-15,57.625709533691406
2001-11-16,57.548309326171875
2001-11-19,58.26417922973633
2001-11-20,57.69963836669922
2001-11-21,57.274723052978516
2001-11-23,58.14780807495117
2001-11-26,58.08963394165039
2001-11-27,57.57742691040039
2001-11-28,56.63446807861328
2001-11-29,57.50751495361328
2001-11-30,57.385250091552734
2001-12-03,56.92543411254883
2001-12-04,57.88585662841797
2001-12-05,58.904457092285156
2001-12-06,58.96268081665039
2001-12-07,58.72986602783203
2001-12-10,57.85674285888672
2001-12-11,57.65300369262695
2001-12-12,57.757816314697266
2001-12-13,56.809104919433594
2001-12-14,57.39116668701172
2001-12-17,57.79857635498047
2001-12-18,58.43882751464844
2001-12-19,58.8811149597168
2001-12-20,58.32821273803711
2001-12-21,58.62163543701172
2001-12-24,58.61579132080078
2001-12-26,58.989070892333984
2001-12-27,59.19908905029297
2001-12-28,59.00654602050781
2001-12-31,58.2133674621582
2002-01-02,58.825782775878906
2002-01-03,59.46739959716797
2002-01-04,59.974918365478516
2002-01-07,59.578243255615234
2002-01-08,59.34488296508789
2002-01-09,58.83159255981445
2002-01-10,58.85496139526367
2002-01-11,58.37080764770508
2002-01-14,57.83419418334961
2002-01-15,58.03836441040039
2002-01-16,56.66173553466797
2002-01-17,57.29756164550781
2002-01-18,57.15681076049805
2002-01-22,56.79487991333008
2002-01-23,56.864898681640625
2002-01-24,57.26193618774414
2002-01-25,57.495460510253906
2002-01-28,57.729007720947266
2002-01-29,56.15849304199219
2002-01-30,57.1218147277832
2002-01-31,57.93914031982422
2002-02-01,57.96257400512695
2002-02-04,56.63141632080078
2002-02-05,56.51466369628906
2002-02-06,56.41537857055664
2002-02-07,56.14685821533203
2002-02-08,56.993350982666016
2002-02-11,57.71146011352539
2002-02-12,57.67644500732422
2002-02-13,58.41206741333008
2002-02-14,58.55803298950195
2002-02-15,57.964664459228516
2002-02-19,57.01170349121094
2002-02-20,58.3563117980957
2002-02-21,57.514530181884766
2002-02-22,58.44989776611328
2002-02-25,59.40282440185547
2002-02-26,59.11635208129883
2002-02-27,59.4261474609375
2002-02-28,59.104644775390625
2002-03-01,60.70649337768555
2002-03-04,61.9224853515625
2002-03-05,61.25598907470703
2002-03-06,61.928340911865234
2002-03-07,61.74709701538086
2002-03-08,61.96345901489258
2002-03-11,62.033592224121094
2002-03-12,62.33759307861328
2002-03-13,61.57170867919922
2002-03-14,61.6068229675293
2002-03-15,62.15073013305664
2002-03-18,61.85802459716797
2002-03-19,62.46684646606445
2002-03-20,61.442344665527344
2002-03-21,61.22562026977539
2002-03-22,61.02659606933594
2002-03-25,60.30638122558594
2002-03-26,60.75724792480469
2002-03-27,61.067588806152344
2002-03-28,60.722110748291016
2002-04-01,60.517173767089844
2002-04-02,60.40010452270508
2002-04-03,59.91999816894531
2002-04-04,59.85559844970703
2002-04-05,60.27129364013672
2002-04-08,60.130733489990234
2002-04-09,59.879024505615234
2002-04-10,60.833412170410156
2002-04-11,59.574520111083984
2002-04-12,59.715023040771484
2002-04-15,59.14716339111328
2002-04-16,60.38841247558594
2002-04-17,59.96098327636719
2002-04-18,59.70923614501953
2002-04-19,60.12405014038086
2002-04-22,59.40916061401367
2002-04-23,59.25681686401367
2002-04-24,58.74699020385742
2002-04-25,58.893470764160156
2002-04-26,57.92074966430664
2002-04-29,57.545658111572266
2002-04-30,58.301631927490234
2002-05-01,59.15134811401367
2002-05-02,59.22164535522461
2002-05-03,58.5770263671875
2002-05-06,57.487037658691406
2002-05-07,57.545658111572266
2002-05-08,59.35054016113281
2002-05-09,58.893470764160156
2002-05-10,58.301631927490234
2002-05-13,59.32711410522461
2002-05-14,60.417091369628906
2002-05-15,60.317501068115234
2002-05-16,60.463985443115234
2002-05-17,60.691070556640625
2002-05-20,60.13947677612305
2002-05-21,59.48812484741211
2002-05-22,59.61135482788086
2002-05-23,60.004478454589844
2002-05-24,59.276981353759766
2002-05-28,58.760501861572266
2002-05-29,58.29696273803711
2002-05-30,58.2911376953125
2002-05-31,58.23830032348633
2002-06-03,56.88870620727539
2002-06-04,56.98260498046875
2002-06-05,57.63978958129883
2002-06-06,56.64224624633789
2002-06-07,56.460365295410156
2002-06-10,56.73607635498047
2002-06-11,55.96162033081055
2002-06-12,56.61880111694336
2002-06-13,55.96742630004883
2002-06-14,55.74447250366211
2002-06-17,56.95913314819336
2002-06-18,57.446102142333984
2002-06-19,56.21977233886719
2002-06-20,55.433467864990234
2002-06-21,54.564605712890625
2002-06-24,54.758602142333984
2002-06-25,53.59468078613281
2002-06-26,53.62992858886719
2002-06-27,54.5881462097168
2002-06-28,54.39411926269531
2002-07-01,53.53000259399414
2002-07-02,53.05386734008789
2002-07-03,53.2772102355957
2002-07-05,55.35820770263672
2002-07-08,54.64695358276367
2002-07-09,53.6064453125
2002-07-10,51.90752410888672
2002-07-11,51.81344985961914
2002-07-12,50.937583923339844
2002-07-15,51.01985168457031
2002-07-16,49.997005462646484
2002-07-17,50.237998962402344
2002-07-18,49.29155731201172
2002-07-19,47.10866928100586
2002-07-22,45.9663200378418
2002-07-23,45.44218444824219
2002-07-24,48.345272064208984
2002-07-25,48.156864166259766
2002-07-26,48.786888122558594
2002-07-29,51.06578063964844
2002-07-30,51.26015853881836
2002-07-31,51.31900405883789
2002-08-01,49.97643280029297
2002-08-02,48.993019104003906
2002-08-05,47.38544845581055
2002-08-06,48.8752326965332
2002-08-07,49.84687805175781
2002-08-08,51.377891540527344
2002-08-09,51.58401870727539
2002-08-12,51.22478103637695
2002-08-13,50.023521423339844
2002-08-14,51.50746154785156
2002-08-15,52.01388168334961
2002-08-16,51.725013732910156
2002-08-19,53.01615905761719
2002-08-20,52.47377014160156
2002-08-21,53.033870697021484
2002-08-22,53.43478012084961
2002-08-23,52.30863571166992
2002-08-26,52.66832733154297
2002-08-27,52.178932189941406
2002-08-28,51.34174346923828
2002-08-29,51.14719009399414
2002-08-30,51.01155471801758
2002-09-03,49.0305290222168
2002-09-04,49.608341217041016
2002-09-05,49.172035217285156
2002-09-06,49.8324089050293
2002-09-09,50.22148895263672
2002-09-10,50.993858337402344
2002-09-11,50.516334533691406
2002-09-12,49.608341217041016
2002-09-13,49.24866485595703
2002-09-16,49.61421585083008
2002-09-17,48.440940856933594
2002-09-18,48.004638671875
2002-09-19,46.95516586303711
2002-09-20,47.08341979980469
2002-09-23,46.56924819946289
2002-09-24,45.546878814697266
2002-09-25,46.48654556274414
2002-09-26,47.166160583496094
2002-09-27,45.41680908203125
2002-09-30,44.91450881958008
2002-10-01,47.27845001220703
2002-10-02,46.04916000366211
2002-10-03,45.730045318603516
2002-10-04,44.890846252441406
2002-10-07,44.16986083984375
2002-10-08,44.554012298583984
2002-10-09,43.21248245239258
2002-10-10,44.571712493896484
2002-10-11,46.68153381347656
2002-10-14,46.65199279785156
2002-10-15,48.93318176269531
2002-10-16,47.75122833251953
2002-10-17,48.956809997558594
2002-10-18,49.1727294921875
2002-10-21,50.54561996459961
2002-10-22,50.137351989746094
2002-10-23,50.433197021484375
2002-10-24,49.131412506103516
2002-10-25,50.07811737060547
2002-10-28,49.72312927246094
2002-10-29,49.5337028503418
2002-10-30,49.912452697753906
2002-10-31,49.557411193847656
2002-11-01,50.474632263183594
2002-11-04,50.71133804321289
2002-11-05,51.421390533447266
2002-11-06,52.10182571411133
2002-11-07,50.918426513671875
2002-11-08,50.46273422241211
2002-11-11,49.681678771972656
2002-11-12,49.882877349853516
2002-11-13,50.060367584228516
2002-11-14,50.68169403076172
2002-11-15,50.922523498535156
2002-11-18,50.36493682861328
2002-11-19,50.45393753051758
2002-11-20,51.56312942504883
2002-11-21,52.63671875
2002-11-22,52.31051254272461
2002-11-25,52.4825439453125
2002-11-26,51.54533767700195
2002-11-27,53.1053352355957
2002-11-29,52.73162078857422
2002-12-02,52.7138671875
2002-12-03,52.156272888183594
2002-12-04,52.049522399902344
2002-12-05,51.379276275634766
2002-12-06,51.50385284423828
2002-12-09,50.275962829589844
2002-12-10,50.86322021484375
2002-12-11,51.005550384521484
2002-12-12,50.80386734008789
2002-12-13,50.04462814331055
2002-12-16,51.426700592041016
2002-12-17,50.75640106201172
2002-12-18,50.29969787597656
2002-12-19,49.831092834472656
2002-12-20,50.75279235839844
2002-12-23,50.62793731689453
2002-12-24,50.32465362548828
2002-12-26,50.277122497558594
2002-12-27,49.33158493041992
2002-12-30,49.56351852416992
2002-12-31,49.65865707397461
2003-01-02,51.246334075927734
2003-01-03,51.35341262817383
2003-01-06,52.13240432739258
2003-01-07,52.1621208190918
2003-01-08,51.24043655395508
2003-01-09,52.19777297973633
2003-01-10,52.322689056396484
2003-01-13,52.382144927978516
2003-01-14,52.59025573730469
2003-01-15,52.138343811035156
2003-01-16,51.91233444213867
2003-01-17,51.2393684387207
2003-01-21,50.38842010498047
2003-01-22,49.60298156738281
2003-01-23,49.650577545166016
2003-01-24,48.43671798706055
2003-01-27,47.692867279052734
2003-01-28,48.055877685546875
2003-01-29,48.24628448486328
2003-01-30,47.187103271484375
2003-01-31,48.103492736816406
2003-02-03,48.27008056640625
2003-02-04,47.88925552368164
2003-02-05,47.67503356933594
2003-02-06,47.40727233886719
2003-02-07,46.9193229675293
2003-02-10,47.264461517333984
2003-02-11,46.830078125
2003-02-12,46.252872467041016
2003-02-13,46.42544174194336
2003-02-14,47.3656005859375
2003-02-18,48.10944366455078
2003-02-19,47.924964904785156
2003-02-20,47.377498626708984
2003-02-21,47.896244049072266
2003-02-24,46.982975006103516
2003-02-25,47.353050231933594
2003-02-26,46.71435546875
2003-02-27,47.1799430847168
2003-02-28,47.34110641479492
2003-03-03,46.91133117675781
2003-03-04,46.11746597290039
2003-03-05,46.46365737915039
2003-03-06,45.884647369384766
2003-03-07,46.290531158447266
2003-03-10,45.23403549194336
2003-03-11,44.97731018066406
2003-03-12,45.21609115600586
2003-03-13,46.821800231933594
2003-03-14,47.1322135925293
2003-03-17,48.624454498291016
2003-03-18,49.03040313720703
2003-03-19,49.4959831237793
2003-03-20,49.61534118652344
2003-03-21,50.878746032714844
2003-03-24,49.15157699584961
2003-03-25,49.49224090576172
2003-03-26,49.23523712158203
2003-03-27,49.026058197021484
2003-03-28,48.751136779785156
2003-03-31,47.70522689819336
2003-04-01,48.28494644165039
2003-04-02,49.45634460449219
2003-04-03,49.22930145263672
2003-04-04,49.54008483886719
2003-04-07,49.56397247314453
2003-04-08,49.72529983520508
2003-04-09,49.96438217163086
2003-04-10,49.28303146362305
2003-04-11,49.127647399902344
2003-04-14,50.10782241821289
2003-04-15,50.44252395629883
2003-04-16,49.426517486572266
2003-04-17,49.95790100097656
2003-04-21,49.98782730102539
2003-04-22,50.81966018676758
2003-04-23,50.999210357666016
2003-04-24,50.53239822387695
2003-04-25,49.76642990112305
2003-04-28,50.741851806640625
2003-04-29,50.93332290649414
2003-04-30,50.78376770019531
2003-05-01,50.63413619995117
2003-05-02,51.352272033691406
2003-05-05,51.16674041748047
2003-05-06,51.45998001098633
2003-05-07,51.38222122192383
2003-05-08,50.945274353027344
2003-05-09,51.56771469116211
2003-05-12,52.267887115478516
2003-05-13,52.08837890625
2003-05-14,51.968685150146484
2003-05-15,52.255924224853516
2003-05-16,52.13785934448242
2003-05-19,51.047019958496094
2003-05-20,50.987064361572266
2003-05-21,51.06499481201172
2003-05-22,51.56844711303711
2003-05-23,51.6823616027832
2003-05-27,52.665321350097656
2003-05-28,52.74317169189453
2003-05-29,52.383567810058594
2003-05-30,53.24660110473633
2003-06-02,53.546329498291016
2003-06-03,53.67219161987305
2003-06-04,54.367435455322266
2003-06-05,54.38542175292969
2003-06-06,54.463340759277344
2003-06-09,54.07974624633789
2003-06-10,54.55925369262695
2003-06-11,55.20656967163086
2003-06-12,55.398292541503906
2003-06-13,54.888893127441406
2003-06-16,56.03965759277344
2003-06-17,56.015628814697266
2003-06-18,55.89579772949219
2003-06-19,55.212589263916016
2003-06-20,55.19026565551758
2003-06-23,54.625370025634766
2003-06-24,54.7996826171875
2003-06-25,54.138671875
2003-06-26,54.58333206176758
2003-06-27,54.00642776489258
2003-06-30,54.030517578125
2003-07-01,54.43315124511719
2003-07-02,55.0821533203125
2003-07-03,54.5052490234375
2003-07-07,55.502803802490234
2003-07-08,55.56291580200195
2003-07-09,55.184295654296875
2003-07-10,54.43913650512695
2003-07-11,54.9199104309082
2003-07-14,55.196292877197266
2003-07-15,55.04011917114258
2003-07-16,54.85376739501953
2003-07-17,54.517269134521484
2003-07-18,55.262264251708984
2003-07-21,54.853057861328125
2003-07-22,55.15998077392578
2003-07-23,55.400665283203125
2003-07-24,54.90716552734375
2003-07-25,55.912208557128906
2003-07-28,55.76176834106445
2003-07-29,55.527015686035156
2003-07-30,55.460853576660156
2003-07-31,55.647403717041016
2003-08-01,55.238189697265625
2003-08-04,55.32847213745117
2003-08-05,54.17906188964844
2003-08-06,54.55816650390625
2003-08-07,55.09377670288086
2003-08-08,55.47893524169922
2003-08-11,55.62940216064453
2003-08-12,56.11683654785156
2003-08-13,55.98442459106445
2003-08-14,56.02653884887695
2003-08-15,56.239898681640625
2003-08-18,56.81230926513672
2003-08-19,56.938873291015625
2003-08-20,56.752098083496094
2003-08-21,56.908695220947266
2003-08-22,56.468814849853516
2003-08-25,56.330257415771484
2003-08-26,56.40254211425781
2003-08-27,56.36040115356445
2003-08-28,56.62548065185547
2003-08-29,56.89066696166992
2003-09-02,57.52341079711914
2003-09-03,57.86082458496094
2003-09-04,57.9753303527832
2003-09-05,57.47520065307617
2003-09-08,57.921112060546875
2003-09-09,57.517372131347656
2003-09-10,57.0533447265625
2003-09-11,57.22807693481445
2003-09-12,57.27635955810547
2003-09-15,57.143821716308594
2003-09-16,57.848812103271484
2003-09-17,57.81865310668945
2003-09-18,58.42122268676758
2003-09-19,58.24974822998047
2003-09-22,57.700313568115234
2003-09-23,57.8271598815918
2003-09-24,57.02400588989258
2003-09-25,56.30546951293945
2003-09-26,56.33567810058594
2003-09-29,56.71004867553711
2003-09-30,56.23299026489258
2003-10-01,57.2474250793457
2003-10-02,57.47685241699219
2003-10-03,57.91766357421875
2003-10-06,58.08670425415039
2003-10-07,58.38264846801758
2003-10-08,58.40671920776367
2003-10-09,58.65430450439453
2003-10-10,58.744876861572266
2003-10-13,59.113216400146484
2003-10-14,59.3909912109375
2003-10-15,59.30643081665039
2003-10-16,59.28225326538086
2003-10-17,58.825225830078125
2003-10-20,59.23030471801758
2003-10-21,59.006614685058594
2003-10-22,58.166255950927734
2003-10-23,58.00905990600586
2003-10-24,58.148067474365234
2003-10-27,58.21467208862305
2003-10-28,59.024681091308594
2003-10-29,59.169837951660156
2003-10-30,59.42976760864258
2003-10-31,59.26659393310547
2003-11-03,59.55670928955078
2003-11-04,59.59904861450195
2003-11-05,59.587032318115234
2003-11-06,59.810707092285156
2003-11-07,59.314918518066406
2003-11-10,59.13359451293945
2003-11-11,59.0186882019043
2003-11-12,59.732086181640625
2003-11-13,59.68373107910156
2003-11-14,59.23030471801758
2003-11-17,58.97026062011719
2003-11-18,58.40202713012695
2003-11-19,58.87356185913086
2003-11-20,58.36571502685547
2003-11-21,58.5234260559082
2003-11-24,59.117801666259766
2003-11-25,59.24521255493164
2003-11-26,59.37862777709961
2003-11-28,59.487796783447266
2003-12-01,60.10649871826172
2003-12-02,59.8941650390625
2003-12-03,60.0154914855957
2003-12-04,60.318729400634766
2003-12-05,59.92451095581055
2003-12-08,60.537105560302734
2003-12-09,60.31269454956055
2003-12-10,60.40972900390625
2003-12-11,60.8828010559082
2003-12-12,61.03446578979492
2003-12-15,60.92526626586914
2003-12-16,61.562110900878906
2003-12-17,61.78047180175781
2003-12-18,62.35667419433594
2003-12-19,62.4034309387207
2003-12-22,62.93180465698242
2003-12-23,62.84078598022461
2003-12-24,62.6828727722168
2003-12-26,62.72532653808594
2003-12-29,63.58180618286133
2003-12-30,63.36920166015625
2003-12-31,63.51490020751953
2004-01-02,63.39341354370117
2004-01-05,64.12840270996094
2004-01-06,64.07981872558594
2004-01-07,64.11017608642578
2004-01-08,64.38961791992188
2004-01-09,63.58779525756836
2004-01-12,63.87943649291992
2004-01-13,63.472469329833984
2004-01-14,64.18302917480469
2004-01-15,64.35921478271484
2004-01-16,64.4984359741211
2004-01-20,64.09732055664062
2004-01-21,64.60781860351562
2004-01-22,64.72330474853516
2004-01-23,64.34033203125
2004-01-26,65.14264678955078
2004-01-27,64.60172271728516
2004-01-28,63.860260009765625
2004-01-29,63.86631393432617
2004-01-30,63.86631393432617
2004-02-02,64.0
2004-02-03,63.90886306762695
2004-02-04,63.68393325805664
2004-02-05,63.89670944213867
2004-02-06,64.43153381347656
2004-02-09,64.4984359741211
2004-02-10,64.57744598388672
2004-02-11,65.27633666992188
2004-02-12,65.21562957763672
2004-02-13,64.8509292602539
2004-02-17,65.34325408935547
2004-02-18,65.13661193847656
2004-02-19,65.09404754638672
2004-02-20,64.8430404663086
2004-02-23,64.72723388671875
2004-02-24,64.4835205078125
2004-02-25,64.70282745361328
2004-02-26,64.55055236816406
2004-02-27,64.6297378540039
2004-03-01,65.1720199584961
2004-03-02,64.64798736572266
2004-03-03,64.60540771484375
2004-03-04,64.52007293701172
2004-03-05,64.70896911621094
2004-03-08,64.09345245361328
2004-03-09,63.75844192504883
2004-03-10,62.65560531616211
2004-03-11,61.84522247314453
2004-03-12,62.454505920410156
2004-03-15,61.81472396850586
2004-03-16,62.2350959777832
2004-03-17,62.91755676269531
2004-03-18,62.94802474975586
2004-03-19,62.18434143066406
2004-03-22,61.44009017944336
2004-03-23,61.39739990234375
2004-03-24,61.43399429321289
2004-03-25,62.31850051879883
2004-03-26,62.34294509887695
2004-03-29,63.14814376831055
2004-03-30,63.44093322753906
2004-03-31,63.39213562011719
2004-04-01,63.48976135253906
2004-04-02,64.02656555175781
2004-04-05,64.4535140991211
2004-04-06,64.44134521484375
2004-04-07,64.23394775390625
2004-04-08,63.86176681518555
2004-04-12,64.24008178710938
2004-04-13,63.343345642089844
2004-04-14,63.57513427734375
2004-04-15,63.36778259277344
2004-04-16,63.87981033325195
2004-04-19,63.76384353637695
2004-04-20,62.884925842285156
2004-04-21,63.04975891113281
2004-04-22,63.97140121459961
2004-04-23,64.03851318359375
2004-04-26,64.05677032470703
2004-04-27,64.12399291992188
2004-04-28,63.336612701416016
2004-04-29,62.90327453613281
2004-04-30,62.469844818115234
2004-05-03,63.04975891113281
2004-05-04,62.94596862792969
2004-05-05,63.147396087646484
2004-05-06,62.62248992919922
2004-05-07,61.737548828125
2004-05-10,60.98063659667969
2004-05-11,61.18207550048828
2004-05-12,61.639835357666016
2004-05-13,61.17597198486328
2004-05-14,61.31020736694336
2004-05-17,60.76700210571289
2004-05-18,61.01725769042969
2004-05-19,60.85247039794922
2004-05-20,61.04774475097656
2004-05-21,61.09551239013672
2004-05-24,61.13224792480469
2004-05-25,61.99541473388672
2004-05-26,62.044395446777344
2004-05-27,62.62590789794922
2004-05-28,62.55251693725586
2004-06-01,62.54025650024414
2004-06-02,62.956520080566406
2004-06-03,62.52188491821289
2004-06-04,62.84638214111328
2004-06-07,63.6544303894043
2004-06-08,63.95442581176758
2004-06-09,63.63602828979492
2004-06-10,63.81971740722656
2004-06-14,63.42183303833008
2004-06-15,63.73403549194336
2004-06-16,63.660552978515625
2004-06-17,63.63602828979492
2004-06-18,63.859683990478516
2004-06-21,63.60854721069336
2004-06-22,63.82905197143555
2004-06-23,64.2947769165039
2004-06-24,64.09870147705078
2004-06-25,63.75553894042969
2004-06-28,63.4920768737793
2004-06-29,63.90876388549805
2004-06-30,64.1109619140625
2004-07-01,63.271480560302734
2004-07-02,63.130550384521484
2004-07-06,62.7077751159668
2004-07-07,62.86710739135742
2004-07-08,62.54233932495117
2004-07-09,62.72612762451172
2004-07-12,62.84871292114258
2004-07-13,62.84871292114258
2004-07-14,62.67095947265625
2004-07-15,62.260467529296875
2004-07-16,62.367794036865234
2004-07-19,61.9078254699707
2004-07-20,62.49040603637695
2004-07-21,61.57059860229492
2004-07-22,61.6441650390625
2004-07-23,61.21486282348633
2004-07-26,61.19034194946289
2004-07-27,61.9078254699707
2004-07-28,62.17154312133789
2004-07-29,62.269649505615234
2004-07-30,62.3984489440918
2004-08-02,62.51499557495117
2004-08-03,62.09184646606445
2004-08-04,62.183780670166016
2004-08-05,61.153526306152344
2004-08-06,60.32560348510742
2004-08-09,60.35629653930664
2004-08-10,61.06157684326172
2004-08-11,61.147438049316406
2004-08-12,60.4544677734375
2004-08-13,60.528011322021484
2004-08-16,61.20259094238281
2004-08-17,61.47858810424805
2004-08-18,62.07339096069336
2004-08-19,61.84653091430664
2004-08-20,62.273948669433594
2004-08-23,62.05866241455078
2004-08-24,62.25550842285156
2004-08-25,62.66148376464844
2004-08-26,62.65535354614258
2004-08-27,62.83369064331055
2004-08-30,62.3724250793457
2004-08-31,62.66766357421875
2004-09-01,62.66148376464844
2004-09-02,63.37493896484375
2004-09-03,63.264259338378906
2004-09-07,63.743988037109375
2004-09-08,63.65167999267578
2004-09-09,63.35036087036133
2004-09-10,63.49177551269531
2004-09-13,63.65787124633789
2004-09-14,63.65787124633789
2004-09-15,63.067420959472656
2004-09-16,63.19654846191406
2004-09-17,63.42436218261719
2004-09-20,62.894840240478516
2004-09-21,63.03033447265625
2004-09-22,62.248374938964844
2004-09-23,61.848148345947266
2004-09-24,62.01434326171875
2004-09-27,61.669612884521484
2004-09-28,62.119075775146484
2004-09-29,62.476158142089844
2004-09-30,62.106746673583984
2004-10-01,62.90098571777344
2004-10-04,62.99335479736328
2004-10-05,62.82710647583008
2004-10-06,63.196556091308594
2004-10-07,62.45772171020508
2004-10-08,62.00205612182617
2004-10-11,62.27299118041992
2004-10-12,62.21756362915039
2004-10-13,61.620357513427734
2004-10-14,61.066158294677734
2004-10-15,61.244712829589844
2004-10-18,61.39638900756836
2004-10-19,61.06981658935547
2004-10-20,60.94029235839844
2004-10-21,60.97114562988281
2004-10-22,60.243961334228516
2004-10-25,60.194671630859375
2004-10-26,61.05742263793945
2004-10-27,61.710609436035156
2004-10-28,61.79075622558594
2004-10-29,61.85852813720703
2004-11-01,62.0619010925293
2004-11-02,61.95101547241211
2004-11-03,62.67815399169922
2004-11-04,63.67029571533203
2004-11-05,64.22486114501953
2004-11-08,64.26802062988281
2004-11-09,64.21875
2004-11-10,64.32965850830078
2004-11-11,64.76106262207031
2004-11-12,65.1061782836914
2004-11-15,65.29203033447266
2004-11-16,64.92150115966797
2004-11-17,65.39698028564453
2004-11-18,65.45874786376953
2004-11-19,64.78104400634766
2004-11-22,64.92352294921875
2004-11-23,65.04115295410156
2004-11-24,65.06597137451172
2004-11-26,64.99788665771484
2004-11-29,64.71910095214844
2004-11-30,64.63235473632812
2004-12-01,65.46238708496094
2004-12-02,65.5677719116211
2004-12-03,65.47490692138672
2004-12-06,65.2642593383789
2004-12-07,64.681884765625
2004-12-08,65.05361938476562
2004-12-09,65.28280639648438
2004-12-10,65.35712432861328
2004-12-13,65.94563293457031
2004-12-14,66.13768768310547
2004-12-15,66.19349670410156
2004-12-16,66.38554382324219
2004-12-17,66.09700775146484
2004-12-20,66.15289306640625
2004-12-21,66.64922332763672
2004-12-22,67.0152587890625
2004-12-23,67.10209655761719
2004-12-27,66.86018371582031
2004-12-28,67.25726318359375
2004-12-29,67.15801239013672
2004-12-30,66.91606903076172
2004-12-31,66.70503997802734
2005-01-03,66.58717346191406
2005-01-04,65.95430755615234
2005-01-05,65.58826446533203
2005-01-06,65.79298400878906
2005-01-07,65.66888427734375
2005-01-10,65.89226531982422
2005-01-11,65.47034454345703
2005-01-12,65.78672790527344
2005-01-13,65.11671447753906
2005-01-14,65.4206771850586
2005-01-18,65.867431640625
2005-01-19,65.30287170410156
2005-01-20,64.998779296875
2005-01-21,64.48832702636719
2005-01-24,64.43242645263672
2005-01-25,64.95408630371094
2005-01-26,65.07830810546875
2005-01-27,64.94165802001953
2005-01-28,64.86096954345703
2005-01-31,65.08452606201172
2005-02-01,65.45707702636719
2005-02-02,65.75523376464844
2005-02-03,65.76766204833984
2005-02-04,66.45084381103516
2005-02-07,66.45702362060547
2005-02-08,66.60600280761719
2005-02-09,66.28934478759766
2005-02-10,66.7613296508789
2005-02-11,67.1277084350586
2005-02-14,67.05937957763672
2005-02-15,67.36370849609375
2005-02-16,67.35125732421875
2005-02-17,66.89795684814453
2005-02-18,67.10202026367188
2005-02-22,65.98175048828125
2005-02-23,66.49217224121094
2005-02-24,66.85307312011719
2005-02-25,67.4444351196289
2005-02-28,67.0335922241211
2005-03-01,67.36351013183594
2005-03-02,67.26394653320312
2005-03-03,67.3759536743164
2005-03-04,68.1788558959961
2005-03-07,68.04812622070312
2005-03-08,67.9423828125
2005-03-09,67.22660064697266
2005-03-10,67.5128402709961
2005-03-11,67.12071228027344
2005-03-14,67.30750274658203
2005-03-15,66.95272827148438
2005-03-16,66.19339752197266
2005-03-17,66.1560287475586
2005-03-18,66.05502319335938
2005-03-21,65.71839904785156
2005-03-22,65.16356658935547
2005-03-23,65.08876037597656
2005-03-24,65.10746765136719
2005-03-28,65.30699920654297
2005-03-29,64.87684631347656
2005-03-30,65.66854858398438
2005-03-31,65.45036315917969
2005-04-01,64.86436462402344
2005-04-04,64.97032165527344
2005-04-05,65.2009506225586
2005-04-06,65.46904754638672
2005-04-07,65.78074645996094
2005-04-08,65.16985321044922
2005-04-11,65.12615966796875
2005-04-12,65.45036315917969
2005-04-13,64.82071685791016
2005-04-14,63.83576202392578
2005-04-15,62.82135772705078
2005-04-18,62.72775650024414
2005-04-19,63.16447830200195
2005-04-20,62.472068786621094
2005-04-21,63.707275390625
2005-04-22,63.526329040527344
2005-04-25,63.88188171386719
2005-04-26,63.32666015625
2005-04-27,63.56998062133789
2005-04-28,62.70905685424805
2005-04-29,63.557533264160156
2005-05-02,63.99421310424805
2005-05-03,64.1875991821289
2005-05-04,64.73655700683594
2005-05-05,64.56816864013672
2005-05-06,64.52448272705078
2005-05-09,64.72410583496094
2005-05-10,64.06902313232422
2005-05-11,64.26872253417969
2005-05-12,63.58872604370117
2005-05-13,63.42652130126953
2005-05-16,64.03163146972656
2005-05-17,64.56188201904297
2005-05-18,65.40412902832031
2005-05-19,65.5911865234375
2005-05-20,65.48174285888672
2005-05-23,65.85093688964844
2005-05-24,65.60692596435547
2005-05-25,65.45671844482422
2005-05-26,65.88227844238281
2005-05-27,65.94486236572266
2005-05-31,65.48174285888672
2005-06-01,65.91980743408203
2005-06-02,66.00747680664062
2005-06-03,65.5380859375
2005-06-06,65.48174285888672
2005-06-07,65.63819122314453
2005-06-08,65.5881118774414
2005-06-09,65.70074462890625
2005-06-10,65.81968688964844
2005-06-13,65.92607879638672
2005-06-14,66.0700454711914
2005-06-15,66.1764144897461
2005-06-16,66.20147705078125
2005-06-17,66.43572235107422
2005-06-20,66.38565063476562
2005-06-21,66.41073608398438
2005-06-22,66.4232177734375
2005-06-23,65.18901062011719
2005-06-24,64.44343566894531
2005-06-27,64.4998550415039
2005-06-28,65.1451416015625
2005-06-29,64.90707397460938
2005-06-30,64.3745346069336
2005-07-01,64.60629272460938
2005-07-05,64.92584991455078
2005-07-06,64.32439422607422
2005-07-07,64.61885070800781
2005-07-08,65.50847625732422
2005-07-11,65.93462371826172
2005-07-12,65.84683990478516
2005-07-13,66.17890167236328
2005-07-14,66.6738052368164
2005-07-15,66.65119934082031
2005-07-18,66.41928100585938
2005-07-19,66.78295135498047
2005-07-20,66.90204620361328
2005-07-21,66.58856201171875
2005-07-22,66.7704086303711
2005-07-25,66.55094146728516
2005-07-26,66.35658264160156
2005-07-27,66.68885803222656
2005-07-28,67.14036560058594
2005-07-29,66.86444091796875
2005-08-01,66.58856201171875
2005-08-02,66.9146957397461
2005-08-03,67.09648132324219
2005-08-04,66.54467010498047
2005-08-05,66.24993896484375
2005-08-08,66.18099212646484
2005-08-09,66.63877868652344
2005-08-10,66.61988830566406
2005-08-11,67.01494598388672
2005-08-12,66.4756088256836
2005-08-15,66.85820770263672
2005-08-16,66.09317016601562
2005-08-17,66.26875305175781
2005-08-18,66.31893920898438
2005-08-19,66.494384765625
2005-08-22,66.45039367675781
2005-08-23,66.21142578125
2005-08-24,65.51959228515625
2005-08-25,65.69568634033203
2005-08-26,65.34347534179688
2005-08-29,65.80890655517578
2005-08-30,65.40636444091797
2005-08-31,65.96611022949219
2005-09-01,65.7837142944336
2005-09-02,65.7837142944336
2005-09-06,66.55722045898438
2005-09-07,66.80883026123047
2005-09-08,66.60760498046875
2005-09-09,67.14219665527344
2005-09-12,67.17359924316406
2005-09-13,66.73334503173828
2005-09-14,66.39376831054688
2005-09-15,66.45039367675781
2005-09-16,66.906982421875
2005-09-19,66.47239685058594
2005-09-20,65.95600891113281
2005-09-21,65.32612609863281
2005-09-22,65.52763366699219
2005-09-23,65.5654296875
2005-09-26,65.779541015625
2005-09-27,65.83628845214844
2005-09-28,65.94332122802734
2005-09-29,66.38419342041016
2005-09-30,66.6046371459961
2005-10-03,66.3087158203125
2005-10-04,65.60958862304688
2005-10-05,65.01115417480469
2005-10-06,64.80967712402344
2005-10-07,64.85375213623047
2005-10-10,64.44440460205078
2005-10-11,64.57664489746094
2005-10-12,64.26172637939453
2005-10-13,64.21753692626953
2005-10-14,64.76557159423828
2005-10-17,65.1875228881836
2005-10-18,64.79077911376953
2005-10-19,65.69766998291016
2005-10-20,64.7341079711914
2005-10-21,64.41744995117188
2005-10-24,65.43289184570312
2005-10-25,65.42021179199219
2005-10-26,65.29411315917969
2005-10-27,64.54359436035156
2005-10-28,65.48959350585938
2005-10-31,65.53379821777344
2005-11-01,65.6788101196289
2005-11-02,66.03199768066406
2005-11-03,66.37257385253906
2005-11-04,66.341064453125
2005-11-07,66.60591125488281
2005-11-08,66.59957885742188
2005-11-09,66.59957885742188
2005-11-10,67.21768188476562
2005-11-11,67.49515533447266
2005-11-14,67.6086654663086
2005-11-15,67.55826568603516
2005-11-16,67.50778198242188
2005-11-17,67.72225189208984
2005-11-18,67.99281311035156
2005-11-21,68.39122009277344
2005-11-22,68.69475555419922
2005-11-23,69.03617095947266
2005-11-25,69.13105773925781
2005-11-28,68.9476318359375
2005-11-29,68.85285186767578
2005-11-30,68.42909240722656
2005-12-01,68.96025848388672
2005-12-02,68.80851745605469
2005-12-05,68.53665161132812
2005-12-06,68.73262023925781
2005-12-07,68.35323333740234
2005-12-08,68.06239318847656
2005-12-09,68.12562561035156
2005-12-12,68.11297607421875
2005-12-13,68.53665161132812
2005-12-14,68.92236328125
2005-12-15,68.77691650390625
2005-12-16,68.76678466796875
2005-12-19,68.57664489746094
2005-12-20,68.37387084960938
2005-12-21,68.53866577148438
2005-12-22,68.89349365234375
2005-12-23,68.9188461303711
2005-12-27,68.28514099121094
2005-12-28,68.34855651855469
2005-12-29,68.24073028564453
2005-12-30,67.77812957763672
2006-01-03,68.65267944335938
2006-01-04,68.91258239746094
2006-01-05,69.00122833251953
2006-01-06,69.40685272216797
2006-01-09,69.69834899902344
2006-01-10,69.76185607910156
2006-01-11,69.98352813720703
2006-01-12,69.56532287597656
2006-01-13,69.41956329345703
2006-01-17,69.08362579345703
2006-01-18,68.82380676269531
2006-01-19,68.90620422363281
2006-01-20,67.54853057861328
2006-01-23,67.79593658447266
2006-01-24,67.84675598144531
2006-01-25,67.97991943359375
2006-01-26,68.5255355834961
2006-01-27,69.22339630126953
2006-01-30,69.09656524658203
2006-01-31,68.69046020507812
2006-02-01,69.5152359008789
2006-02-02,68.7094955444336
2006-02-03,68.38597106933594
2006-02-06,68.5318603515625
2006-02-07,68.18929290771484
2006-02-08,68.89349365234375
2006-02-09,69.05208587646484
2006-02-10,69.23613739013672
2006-02-13,69.18536376953125
2006-02-14,70.0418930053711
2006-02-15,70.23212432861328
2006-02-16,70.59381866455078
2006-02-17,70.56454467773438
2006-02-21,70.27853393554688
2006-02-22,70.61542510986328
2006-02-23,70.38652038574219
2006-02-24,70.39930725097656
2006-02-27,70.45649719238281
2006-02-28,69.85270690917969
2006-03-01,70.2085952758789
2006-03-02,70.15773010253906
2006-03-03,69.96075439453125
2006-03-06,69.68103790283203
2006-03-07,69.82086181640625
2006-03-08,69.97979736328125
2006-03-09,69.73194122314453
2006-03-10,70.45649719238281
2006-03-13,70.55824279785156
2006-03-14,70.94596862792969
2006-03-15,71.39722442626953
2006-03-16,71.6768798828125
2006-03-17,71.79088592529297
2006-03-20,71.78450775146484
2006-03-21,71.54241943359375
2006-03-22,72.02019500732422
2006-03-23,71.84185791015625
2006-03-24,71.82275390625
2006-03-27,71.63170623779297
2006-03-28,70.98191833496094
2006-03-29,71.32592010498047
2006-03-30,70.97550201416016
2006-03-31,70.90544128417969
2006-04-03,70.90544128417969
2006-04-04,71.34498596191406
2006-04-05,71.57431030273438
2006-04-06,71.45328521728516
2006-04-07,70.86087799072266
2006-04-10,71.03282165527344
2006-04-11,70.66343688964844
2006-04-12,70.89273834228516
2006-04-13,70.8863754272461
2006-04-17,70.59969329833984
2006-04-18,71.75269317626953
2006-04-19,71.89286041259766
2006-04-20,72.29418182373047
2006-04-21,72.31391143798828
2006-04-24,72.281982421875
2006-04-25,71.95677947998047
2006-04-26,72.30756378173828
2006-04-27,72.5498275756836
2006-04-28,72.62001037597656
2006-05-01,72.25013732910156
2006-05-02,72.79216766357422
2006-05-03,72.67098999023438
2006-05-04,72.90702819824219
2006-05-05,73.73595428466797
2006-05-08,73.8125
2006-05-09,74.1886978149414
2006-05-10,74.3289794921875
2006-05-11,73.45533752441406
2006-05-12,72.61358642578125
2006-05-15,72.90054321289062
2006-05-16,72.8878402709961
2006-05-17,71.41472625732422
2006-05-18,71.05130767822266
2006-05-19,71.26163482666016
2006-05-22,70.9419937133789
2006-05-23,70.55838012695312
2006-05-24,71.04424285888672
2006-05-25,71.63237762451172
2006-05-26,72.09909057617188
2006-05-30,70.85246276855469
2006-05-31,71.42779541015625
2006-06-01,71.85616302490234
2006-06-02,71.83055114746094
2006-06-05,70.76293182373047
2006-06-06,70.31546020507812
2006-06-07,69.80402374267578
2006-06-08,69.68256378173828
2006-06-09,69.5738525390625
2006-06-12,69.01131439208984
2006-06-13,68.38475799560547
2006-06-14,69.2542495727539
2006-06-15,70.54561614990234
2006-06-16,70.41365051269531
2006-06-19,69.89514923095703
2006-06-20,70.33685302734375
2006-06-21,70.881103515625
2006-06-22,70.55449676513672
2006-06-23,70.40735626220703
2006-06-26,70.68263244628906
2006-06-27,69.9527587890625
2006-06-28,70.31124877929688
2006-06-29,71.57892608642578
2006-06-30,71.57256317138672
2006-07-03,71.83507537841797
2006-07-05,71.36766815185547
2006-07-06,71.82861328125
2006-07-07,71.04116821289062
2006-07-10,71.16282653808594
2006-07-11,71.36766815185547
2006-07-12,70.63784790039062
2006-07-13,69.33809661865234
2006-07-14,68.71065521240234
2006-07-17,68.83866882324219
2006-07-18,69.26768493652344
2006-07-19,70.45213317871094
2006-07-20,70.05520629882812
2006-07-21,69.59935760498047
2006-07-24,70.84313201904297
2006-07-25,71.0290298461914
2006-07-26,71.10596466064453
2006-07-27,71.33679962158203
2006-07-28,71.84964752197266
2006-07-31,71.74066162109375
2006-08-01,71.30473327636719
2006-08-02,71.79191589355469
2006-08-03,72.18304443359375
2006-08-04,72.11254119873047
2006-08-07,72.02279663085938
2006-08-08,71.70217895507812
2006-08-09,71.13157653808594
2006-08-10,71.35594940185547
2006-08-11,71.19573974609375
2006-08-14,71.25981903076172
2006-08-15,71.97142028808594
2006-08-16,72.68952941894531
2006-08-17,72.74080657958984
2006-08-18,73.11734008789062
2006-08-21,72.92459106445312
2006-08-22,72.78324890136719
2006-08-23,72.67395782470703
2006-08-24,72.47480773925781
2006-08-25,72.50045013427734
2006-08-28,72.88604736328125
2006-08-29,72.93096160888672
2006-08-30,73.09159851074219
2006-08-31,73.12374114990234
2006-09-01,73.69561004638672
2006-09-05,73.71485137939453
2006-09-06,73.33576202392578
2006-09-07,72.9631576538086
2006-09-08,73.16227722167969
2006-09-11,73.22012329101562
2006-09-12,73.87549591064453
2006-09-13,74.19036865234375
2006-09-14,74.21605682373047
2006-09-15,74.40071868896484
2006-09-18,74.35568237304688
2006-09-19,74.23987579345703
2006-09-20,74.7161636352539
2006-09-21,74.25914764404297
2006-09-22,74.02742767333984
2006-09-25,74.40717315673828
2006-09-26,75.04440307617188
2006-09-27,75.29542541503906
2006-09-28,75.24393463134766
2006-09-29,75.14093780517578
2006-10-02,75.06371307373047
2006-10-03,75.3984146118164
2006-10-04,76.20295715332031
2006-10-05,76.35104370117188
2006-10-06,76.28665924072266
2006-10-09,76.35104370117188
2006-10-10,76.31238555908203
2006-10-11,76.3252182006836
2006-10-12,76.8917007446289
2006-10-13,77.00760650634766
2006-10-16,77.09123992919922
2006-10-17,76.96247863769531
2006-10-18,77.1749267578125
2006-10-19,77.33586883544922
2006-10-20,77.28878784179688
2006-10-23,77.89454650878906
2006-10-24,78.11365509033203
2006-10-25,78.22969055175781
2006-10-26,78.25550079345703
2006-10-27,77.88814544677734
2006-10-30,77.83010864257812
2006-10-31,77.80438232421875
2006-11-01,77.50145721435547
2006-11-02,77.33391571044922
2006-11-03,77.19208526611328
2006-11-06,77.98481750488281
2006-11-07,78.33281707763672
2006-11-08,78.5132064819336
2006-11-09,78.08141326904297
2006-11-10,78.04920959472656
2006-11-13,78.20393371582031
2006-11-14,78.8289794921875
2006-11-15,79.0674819946289
2006-11-16,79.4992446899414
2006-11-17,79.64073944091797
2006-11-20,79.55673217773438
2006-11-21,79.56963348388672
2006-11-22,79.63427734375
2006-11-24,79.26598358154297
2006-11-27,78.25160217285156
2006-11-28,78.3485107421875
2006-11-29,79.03983306884766
2006-11-30,79.00755310058594
2006-12-01,78.85895538330078
2006-12-04,79.34353637695312
2006-12-05,79.70536041259766
2006-12-06,79.56963348388672
2006-12-07,79.31770324707031
2006-12-08,79.47273254394531
2006-12-11,79.69245910644531
2006-12-12,79.59550476074219
2006-12-13,79.69891357421875
2006-12-14,80.2674789428711
2006-12-15,80.42939758300781
2006-12-18,80.47480773925781
2006-12-19,80.57846069335938
2006-12-20,80.60433197021484
2006-12-21,80.32575988769531
2006-12-22,79.80101013183594
2006-12-26,80.31283569335938
2006-12-27,80.93470764160156
2006-12-28,80.85057830810547
2006-12-29,80.59793090820312
2007-01-03,80.63671112060547
2007-01-04,80.77279663085938
2007-01-05,80.16380310058594
2007-01-08,80.42295837402344
2007-01-09,80.37760925292969
2007-01-10,80.61082458496094
2007-01-11,80.97359466552734
2007-01-12,81.4076156616211
2007-01-16,81.43358612060547
2007-01-17,81.46599578857422
2007-01-18,81.31045532226562
2007-01-19,81.38823699951172
2007-01-22,80.86968994140625
2007-01-23,81.24567413330078
2007-01-24,81.72537231445312
2007-01-25,81.01227569580078
2007-01-26,80.88262939453125
2007-01-29,80.9150619506836
2007-01-30,81.1354751586914
2007-01-31,81.83563232421875
2007-02-01,82.15967559814453
2007-02-02,82.02352142333984
2007-02-05,82.12084197998047
2007-02-06,82.10140228271484
2007-02-07,82.1921157836914
2007-02-08,81.98467254638672
2007-02-09,81.60220336914062
2007-02-12,81.41422271728516
2007-02-13,82.0884017944336
2007-02-14,82.63943481445312
2007-02-15,82.827392578125
2007-02-16,82.846923828125
2007-02-20,82.90533447265625
2007-02-21,82.717041015625
2007-02-22,82.34036254882812
2007-02-23,82.0936050415039
2007-02-26,82.04812622070312
2007-02-27,78.96985626220703
2007-02-28,79.65824890136719
2007-03-01,79.5153579711914
2007-03-02,78.55426025390625
2007-03-05,78.12562561035156
2007-03-06,79.26859283447266
2007-03-07,79.22959899902344
2007-03-08,79.74916076660156
2007-03-09,79.87255096435547
2007-03-12,79.9764633178711
2007-03-13,78.59313201904297
2007-03-14,79.00878143310547
2007-03-15,79.0931625366211
2007-03-16,78.7918472290039
2007-03-19,79.59246063232422
2007-03-20,79.94395446777344
2007-03-21,80.90074157714844
2007-03-22,81.00493621826172
2007-03-23,81.1611328125
2007-03-26,80.9463882446289
2007-03-27,80.6404037475586
2007-03-28,80.06114959716797
2007-03-29,80.25638580322266
2007-03-30,80.4451675415039
2007-04-02,80.48421478271484
2007-04-03,81.35640716552734
2007-04-04,81.4800796508789
2007-04-05,81.66234588623047
2007-04-09,81.78605651855469
2007-04-10,81.74697875976562
2007-04-11,81.29780578613281
2007-04-12,81.62976837158203
2007-04-13,82.11146545410156
2007-04-16,82.69083404541016
2007-04-17,83.1529312133789
2007-04-18,83.34169006347656
2007-04-19,83.46540069580078
2007-04-20,84.40735626220703
2007-04-23,84.1467514038086
2007-04-24,84.34868621826172
2007-04-25,85.09135437011719
2007-04-26,85.46916961669922
2007-04-27,85.48876190185547
2007-04-30,85.12389373779297
2007-05-01,85.52783203125
2007-05-02,86.0815200805664
2007-05-03,86.24441528320312
2007-05-04,86.47236633300781
2007-05-07,86.66778564453125
2007-05-08,86.71994018554688
2007-05-09,87.01305389404297
2007-05-10,86.31609344482422
2007-05-11,87.00662231445312
2007-05-14,87.11083984375
2007-05-15,87.37141418457031
2007-05-16,88.02279663085938
2007-05-17,87.89908599853516
2007-05-18,88.50255584716797
2007-05-21,88.30660247802734
2007-05-22,88.28050231933594
2007-05-23,88.30660247802734
2007-05-24,87.77754974365234
2007-05-25,88.10413360595703
2007-05-29,88.31966400146484
2007-05-30,89.01203155517578
2007-05-31,89.01860046386719
2007-06-01,89.22759246826172
2007-06-04,89.19491577148438
2007-06-05,88.81609344482422
2007-06-06,87.84296417236328
2007-06-07,86.56270599365234
2007-06-08,87.5881576538086
2007-06-11,87.67959594726562
2007-06-12,86.81741333007812
2007-06-13,88.04536437988281
2007-06-14,88.63320922851562
2007-06-15,89.06417846679688
2007-06-18,88.90064239501953
2007-06-19,89.11652374267578
2007-06-20,88.18780517578125
2007-06-21,88.5278549194336
2007-06-22,87.61231231689453
2007-06-25,87.38343811035156
2007-06-26,86.84719848632812
2007-06-27,87.71044921875
2007-06-28,87.69080352783203
2007-06-29,87.76273345947266
2007-07-02,88.46253967285156
2007-07-03,88.73722839355469
2007-07-05,88.65213012695312
2007-07-06,89.02490997314453
2007-07-09,89.25384521484375
2007-07-10,88.29901123046875
2007-07-11,88.87451934814453
2007-07-12,90.47025299072266
2007-07-13,90.84298706054688
2007-07-16,91.20269012451172
2007-07-17,91.4250717163086
2007-07-18,91.11759185791016
2007-07-19,91.48381805419922
2007-07-20,90.70732879638672
2007-07-23,91.14599609375
2007-07-24,89.8758316040039
2007-07-25,90.02638244628906
2007-07-26,88.19973754882812
2007-07-27,86.49734497070312
2007-07-30,87.43366241455078
2007-07-31,86.53668212890625
2007-08-01,87.34854888916016
2007-08-02,88.24549102783203
2007-08-03,86.54973602294922
2007-08-06,87.86575317382812
2007-08-07,88.42225646972656
2007-08-08,89.40441131591797
2007-08-09,86.9426040649414
2007-08-10,86.38614654541016
2007-08-13,86.5432357788086
2007-08-14,85.43673706054688
2007-08-15,84.36292266845703
2007-08-16,84.55936431884766
2007-08-17,85.66502380371094
2007-08-20,85.93407440185547
2007-08-21,85.75037384033203
2007-08-22,86.80680847167969
2007-08-23,86.72802734375
2007-08-24,87.69269561767578
2007-08-27,87.35143280029297
2007-08-28,85.62567138671875
2007-08-29,87.10203552246094
2007-08-30,86.99055480957031
2007-08-31,87.53518676757812
2007-09-04,88.15196228027344
2007-09-05,87.41703796386719
2007-09-06,87.6204605102539
2007-09-07,86.3016128540039
2007-09-10,86.24242401123047
2007-09-11,87.32514190673828
2007-09-12,87.43670654296875
2007-09-13,88.12574005126953
2007-09-14,88.23072052001953
2007-09-17,87.96823120117188
2007-09-18,90.1270523071289
2007-09-19,90.65863037109375
2007-09-20,90.35676574707031
2007-09-21,90.64399719238281
2007-09-24,90.41400146484375
2007-09-25,90.52569580078125
2007-09-26,91.05809020996094
2007-09-27,91.4525146484375
2007-09-28,91.30791473388672
2007-10-01,92.41873931884766
2007-10-02,92.10325622558594
2007-10-03,91.76799011230469
2007-10-04,91.70227813720703
2007-10-05,92.47129821777344
2007-10-08,92.1952896118164
2007-10-09,93.05642700195312
2007-10-10,92.50426483154297
2007-10-11,92.16246795654297
2007-10-12,92.76055145263672
2007-10-15,92.03746795654297
2007-10-16,91.47225952148438
2007-10-17,91.47225952148438
2007-10-18,91.23553466796875
2007-10-19,88.78960418701172
2007-10-22,89.1318130493164
2007-10-23,89.7701187133789
2007-10-24,89.82275390625
2007-10-25,90.0860595703125
2007-10-26,90.77691650390625
2007-10-29,91.2375717163086
2007-10-30,90.69144439697266
2007-10-31,91.43502044677734
2007-11-01,89.39508056640625
2007-11-02,89.52661895751953
2007-11-05,88.97394561767578
2007-11-06,89.82939147949219
2007-11-07,87.74999237060547
2007-11-08,87.1576919555664
2007-11-09,85.74951934814453
2007-11-12,85.39417266845703
2007-11-13,87.61172485351562
2007-11-14,87.3288345336914
2007-11-15,86.51283264160156
2007-11-16,86.74252319335938
2007-11-19,85.52825164794922
2007-11-20,86.00995635986328
2007-11-21,84.33373260498047
2007-11-23,85.40936279296875
2007-11-26,84.11595916748047
2007-11-27,85.3433609008789
2007-11-28,87.6598129272461
2007-11-29,87.88418579101562
2007-11-30,88.53753662109375
2007-12-03,87.97654724121094
2007-12-04,87.39578247070312
2007-12-05,88.72888946533203
2007-12-06,89.80461120605469
2007-12-07,90.00919342041016
2007-12-10,90.67572021484375
2007-12-11,88.6959228515625
2007-12-12,89.09190368652344
2007-12-13,89.09190368652344
2007-12-14,88.06900024414062
2007-12-17,87.06584930419922
2007-12-18,87.47492980957031
2007-12-19,87.29020690917969
2007-12-20,87.5805892944336
2007-12-21,88.87128448486328
2007-12-24,89.51297760009766
2007-12-26,89.58570861816406
2007-12-27,88.43467712402344
2007-12-28,88.25603485107422
2007-12-31,87.68704986572266
2008-01-02,86.41693878173828
2008-01-03,86.48971557617188
2008-01-04,84.7895278930664
2008-01-07,84.71678161621094
2008-01-08,83.2547836303711
2008-01-09,83.9891128540039
2008-01-10,84.55805206298828
2008-01-11,83.47974395751953
2008-01-14,84.35295867919922
2008-01-15,82.89094543457031
2008-01-16,82.46098327636719
2008-01-17,80.5556869506836
2008-01-18,79.8536605834961
2008-01-22,78.95960235595703
2008-01-23,81.26435852050781
2008-01-24,81.74788665771484
2008-01-25,80.92660522460938
2008-01-28,81.8141098022461
2008-01-29,82.48304748535156
2008-01-30,81.97965240478516
2008-01-31,83.44998931884766
2008-02-01,84.39708709716797
2008-02-04,83.4698486328125
2008-02-05,81.43658447265625
2008-02-06,80.97299194335938
2008-02-07,81.28425598144531
2008-02-08,80.63520812988281
2008-02-11,81.01270294189453
2008-02-12,81.97303771972656
2008-02-13,82.95989990234375
2008-02-14,82.13201904296875
2008-02-15,81.836669921875
2008-02-19,82.0689697265625
2008-02-20,82.34098815917969
2008-02-21,81.75044250488281
2008-02-22,82.14860534667969
2008-02-25,83.32306671142578
2008-02-26,84.1458969116211
2008-02-27,84.15916442871094
2008-02-28,83.50226593017578
2008-02-29,81.62440490722656
2008-03-03,81.2859878540039
2008-03-04,81.21961975097656
2008-03-05,81.53146362304688
2008-03-06,80.15789794921875
2008-03-07,78.9170913696289
2008-03-10,78.28666687011719
2008-03-11,80.99394226074219
2008-03-12,80.5560531616211
2008-03-13,80.62904357910156
2008-03-14,79.64029693603516
2008-03-17,79.68679809570312
2008-03-18,82.31446838378906
2008-03-19,80.58258056640625
2008-03-20,81.89036560058594
2008-03-24,83.3736801147461
2008-03-25,83.2340316772461
2008-03-26,82.4291000366211
2008-03-27,81.91695404052734
2008-03-28,81.30500793457031
2008-03-31,81.4180679321289
2008-04-01,83.85929107666016
2008-04-02,83.93911743164062
2008-04-03,84.03221893310547
2008-04-04,83.87924194335938
2008-04-07,83.84598541259766
2008-04-08,83.8991470336914
2008-04-09,83.57990264892578
2008-04-10,83.77945709228516
2008-04-11,82.04332733154297
2008-04-14,81.9302749633789
2008-04-15,82.13642120361328
2008-04-16,84.2384262084961
2008-04-17,84.27835845947266
2008-04-18,85.15476989746094
2008-04-21,85.26797485351562
2008-04-22,84.82841491699219
2008-04-23,84.78180694580078
2008-04-24,85.31455993652344
2008-04-25,85.78082275390625
2008-04-28,85.774169921875
2008-04-29,85.36795043945312
2008-04-30,85.3745346069336
2008-05-01,86.55340576171875
2008-05-02,87.06619262695312
2008-05-05,86.3335952758789
2008-05-06,86.74651336669922
2008-05-07,85.514404296875
2008-05-08,85.4078140258789
2008-05-09,84.9150390625
2008-05-12,85.754150390625
2008-05-13,85.52108764648438
2008-05-14,85.91405487060547
2008-05-15,86.61337280273438
2008-05-16,86.53189849853516
2008-05-19,86.95248413085938
2008-05-20,85.6705551147461
2008-05-21,84.16826629638672
2008-05-22,84.14149475097656
2008-05-23,83.20016479492188
2008-05-27,83.74765014648438
2008-05-28,84.02142333984375
2008-05-29,84.2817611694336
2008-05-30,84.21502685546875
2008-06-02,83.5673599243164
2008-06-03,82.76609802246094
2008-06-04,82.78616333007812
2008-06-05,84.20161437988281
2008-06-06,81.53759765625
2008-06-09,82.09844207763672
2008-06-10,82.09844207763672
2008-06-11,80.82315826416016
2008-06-12,81.21044921875
2008-06-13,82.19194030761719
2008-06-16,81.89811706542969
2008-06-17,81.4107666015625
2008-06-18,80.34243774414062
2008-06-19,80.542724609375
2008-06-20,79.12342071533203
2008-06-23,79.18365478515625
2008-06-24,78.92268371582031
2008-06-25,78.90254211425781
2008-06-26,76.73444366455078
2008-06-27,75.92476654052734
2008-06-30,75.89800262451172
2008-07-01,76.13219451904297
2008-07-02,75.0481185913086
2008-07-03,75.65039825439453
2008-07-07,75.0882797241211
2008-07-08,76.11211395263672
2008-07-09,74.72029113769531
2008-07-10,75.094970703125
2008-07-11,74.2785873413086
2008-07-14,73.94402313232422
2008-07-15,73.1409683227539
2008-07-16,75.06147766113281
2008-07-17,76.37979125976562
2008-07-18,77.03321075439453
2008-07-21,76.83212280273438
2008-07-22,77.5357894897461
2008-07-23,77.89093780517578
2008-07-24,76.12845611572266
2008-07-25,75.84028625488281
2008-07-28,74.61394500732422
2008-07-29,76.29602813720703
2008-07-30,77.6162338256836
2008-07-31,76.19551849365234
2008-08-01,75.806884765625
2008-08-04,75.5722427368164
2008-08-05,77.74351501464844
2008-08-06,78.06519317626953
2008-08-07,76.79196166992188
2008-08-08,78.37345886230469
2008-08-11,78.94307708740234
2008-08-12,78.11884307861328
2008-08-13,77.33476257324219
2008-08-14,78.01162719726562
2008-08-15,78.25809478759766
2008-08-18,77.13648986816406
2008-08-19,76.21651458740234
2008-08-20,76.58588409423828
2008-08-21,76.59259796142578
2008-08-22,78.11703491210938
2008-08-25,76.458251953125
2008-08-26,76.60604095458984
2008-08-27,77.23057556152344
2008-08-28,78.66102600097656
2008-08-29,77.53273010253906
2008-09-02,77.33800506591797
2008-09-03,77.57302856445312
2008-09-04,75.35017395019531
2008-09-05,75.4509048461914
2008-09-08,77.33800506591797
2008-09-09,75.5717544555664
2008-09-10,75.887451171875
2008-09-11,77.13648986816406
2008-09-12,77.0895004272461
2008-09-15,73.73839569091797
2008-09-16,74.31594848632812
2008-09-17,71.69682312011719
2008-09-18,73.85253143310547
2008-09-19,76.5025405883789
2008-09-22,74.43456268310547
2008-09-23,73.08738708496094
2008-09-24,72.95259857177734
2008-09-25,74.27964782714844
2008-09-26,74.8724365234375
2008-09-29,70.56130981445312
2008-09-30,72.99302673339844
2008-10-01,73.22207641601562
2008-10-02,70.91160583496094
2008-10-03,69.51716613769531
2008-10-06,67.29423522949219
2008-10-07,64.04069519042969
2008-10-08,61.568485260009766
2008-10-09,57.627872467041016
2008-10-10,56.415348052978516
2008-10-13,64.01373291015625
2008-10-14,63.09766387939453
2008-10-15,57.169795989990234
2008-10-16,60.537872314453125
2008-10-17,59.0709114074707
2008-10-20,62.94414138793945
2008-10-21,60.98727035522461
2008-10-22,57.694332122802734
2008-10-23,59.37456512451172
2008-10-24,56.06812286376953
2008-10-27,54.15843200683594
2008-10-28,61.500099182128906
2008-10-29,60.15731430053711
2008-10-30,62.41777420043945
2008-10-31,63.09260940551758
2008-11-03,63.04538345336914
2008-11-04,64.92127227783203
2008-11-05,61.97928237915039
2008-11-06,58.79423904418945
2008-11-07,60.81861114501953
2008-11-10,60.00883483886719
2008-11-11,58.53778839111328
2008-11-12,56.06812286376953
2008-11-13,59.85369110107422
2008-11-14,56.83061599731445
2008-11-17,55.97359848022461
2008-11-18,56.91157913208008
2008-11-19,54.22594451904297
2008-11-20,51.32429885864258
2008-11-21,54.593570709228516
2008-11-24,56.87113952636719
2008-11-25,57.487937927246094
2008-11-26,59.09446716308594
2008-11-28,59.85369873046875
2008-12-01,55.35273742675781
2008-12-02,57.18294906616211
2008-12-03,58.32172393798828
2008-12-04,56.762664794921875
2008-12-05,58.69451141357422
2008-12-08,60.409446716308594
2008-12-09,59.04704666137695
2008-12-10,59.406280517578125
2008-12-11,58.199676513671875
2008-12-12,58.53862762451172
2008-12-15,58.28779220581055
2008-12-16,60.71451187133789
2008-12-17,59.88753890991211
2008-12-18,58.53862762451172
2008-12-19,58.03953170776367
2008-12-22,57.76760482788086
2008-12-23,57.16245651245117
2008-12-24,57.44119644165039
2008-12-26,57.842342376708984
2008-12-29,57.73362350463867
2008-12-30,58.937049865722656
2008-12-31,59.50819778442383
2009-01-02,61.3304443359375
2009-01-05,60.99045181274414
2009-01-06,61.29646682739258
2009-01-07,59.73941421508789
2009-01-08,59.44700622558594
2009-01-09,58.56988525390625
2009-01-12,57.652000427246094
2009-01-13,57.4004020690918
2009-01-14,55.80936813354492
2009-01-15,55.877342224121094
2009-01-16,56.32072448730469
2009-01-20,54.08668899536133
2009-01-21,56.01423263549805
2009-01-22,55.27866744995117
2009-01-23,54.842750549316406
2009-01-26,55.21733474731445
2009-01-27,55.517032623291016
2009-01-28,56.9949951171875
2009-01-29,55.53063201904297
2009-01-30,54.5430908203125
2009-02-02,54.025428771972656
2009-02-03,54.91765213012695
2009-02-04,54.277435302734375
2009-02-05,54.86315155029297
2009-02-06,56.436580657958984
2009-02-09,56.36162567138672
2009-02-10,53.9368896484375
2009-02-11,54.18210220336914
2009-02-12,54.14802932739258
2009-02-13,53.500953674316406
2009-02-17,51.59384536743164
2009-02-18,51.60068893432617
2009-02-19,51.10347366333008
2009-02-20,50.4635124206543
2009-02-23,48.69767379760742
2009-02-24,50.223941802978516
2009-02-25,49.738014221191406
2009-02-26,49.169944763183594
2009-02-27,48.43074417114258
2009-03-02,46.42531204223633
2009-03-03,46.000980377197266
2009-03-04,47.06870651245117
2009-03-05,45.22071838378906
2009-03-06,45.51504898071289
2009-03-09,44.78953552246094
2009-03-10,47.32194519042969
2009-03-11,47.55467224121094
2009-03-12,49.12200927734375
2009-03-13,49.49848175048828
2009-03-16,49.491615295410156
2009-03-17,50.70307540893555
2009-03-18,51.312225341796875
2009-03-19,50.72357940673828
2009-03-20,49.905113220214844
2009-03-23,53.34922790527344
2009-03-24,52.62199020385742
2009-03-25,53.109092712402344
2009-03-26,54.268558502197266
2009-03-27,53.38350296020508
2009-03-30,51.62714767456055
2009-03-31,52.03196334838867
2009-04-01,53.191436767578125
2009-04-02,54.687034606933594
2009-04-03,54.995792388916016
2009-04-06,54.721370697021484
2009-04-07,53.438392639160156
2009-04-08,53.767730712890625
2009-04-09,55.49662399291992
2009-04-13,55.26335144042969
2009-04-14,54.385215759277344
2009-04-15,55.091819763183594
2009-04-16,55.75045394897461
2009-04-17,55.876895904541016
2009-04-20,53.95960235595703
2009-04-21,54.69491958618164
2009-04-22,54.158897399902344
2009-04-23,54.73615264892578
2009-04-24,55.47837448120117
2009-04-27,55.15538024902344
2009-04-28,55.05912780761719
2009-04-29,56.193016052246094
2009-04-30,56.12427520751953
2009-05-01,56.46101760864258
2009-05-04,57.89043045043945
2009-05-05,57.83546829223633
2009-05-06,58.55015563964844
2009-05-07,57.84236145019531
2009-05-08,58.907527923583984
2009-05-11,58.0210075378418
2009-05-12,58.220340728759766
2009-05-13,57.127620697021484
2009-05-14,57.30630874633789
2009-05-15,57.05544662475586
2009-05-18,58.66823959350586
2009-05-19,58.4063606262207
2009-05-20,58.027252197265625
2009-05-21,57.27596664428711
2009-05-22,57.1174430847168
2009-05-26,58.482173919677734
2009-05-27,57.31733703613281
2009-05-28,57.91007995605469
2009-05-29,58.854393005371094
2009-06-01,60.205265045166016
2009-06-02,60.30864715576172
2009-06-03,59.929527282714844
2009-06-04,60.31552505493164
2009-06-05,60.591243743896484
2009-06-08,60.474090576171875
2009-06-09,60.474090576171875
2009-06-10,60.412010192871094
2009-06-11,60.55678176879883
2009-06-12,60.866939544677734
2009-06-15,59.612510681152344
2009-06-16,58.76475143432617
2009-06-17,58.74409484863281
2009-06-18,59.012882232666016
2009-06-19,58.99415588378906
2009-06-22,57.6180534362793
2009-06-23,57.521217346191406
2009-06-24,57.41753005981445
2009-06-25,58.58623123168945
2009-06-26,58.27501678466797
2009-06-29,58.95273208618164
2009-06-30,58.54471206665039
2009-07-01,58.800601959228516
2009-07-02,57.38985824584961
2009-07-06,57.56963348388672
2009-07-07,56.39407730102539
2009-07-08,56.65684127807617
2009-07-09,56.54615783691406
2009-07-10,56.317989349365234
2009-07-13,57.61113739013672
2009-07-14,57.85319137573242
2009-07-15,59.6096305847168
2009-07-16,60.321983337402344
2009-07-17,60.5684700012207
2009-07-20,61.170982360839844
2009-07-21,61.752689361572266
2009-07-22,61.5518913269043
2009-07-23,62.76375961303711
2009-07-24,62.999237060546875
2009-07-27,63.117008209228516
2009-07-28,63.01314163208008
2009-07-29,62.79842758178711
2009-07-30,63.31096649169922
2009-07-31,63.484039306640625
2009-08-03,64.30813598632812
2009-08-04,64.53665161132812
2009-08-05,64.28732299804688
2009-08-06,64.14886474609375
2009-08-07,64.95217895507812
2009-08-10,64.75135803222656
2009-08-11,64.1142349243164
2009-08-12,64.9383316040039
2009-08-13,65.22916412353516
2009-08-14,64.68900299072266
2009-08-17,63.442447662353516
2009-08-18,63.920310974121094
2009-08-19,64.49512481689453
2009-08-20,64.95217895507812
2009-08-21,66.04256439208984
2009-08-24,66.11209106445312
2009-08-25,66.35531616210938
2009-08-26,66.34137725830078
2009-08-27,66.59160614013672
2009-08-28,66.4248046875
2009-08-31,66.05641174316406
2009-09-01,64.7777328491211
2009-09-02,64.51361846923828
2009-09-03,64.9445571899414
2009-09-04,65.63949584960938
2009-09-08,66.06343841552734
2009-09-09,66.39006042480469
2009-09-10,66.95295715332031
2009-09-11,66.86961364746094
2009-09-14,66.9390869140625
2009-09-15,67.34211730957031
2009-09-16,68.16224670410156
2009-09-17,68.14835357666016
2009-09-18,68.30494689941406
2009-09-21,68.04740142822266
2009-09-22,68.37458801269531
2009-09-23,67.93595886230469
2009-09-24,67.52523803710938
2009-09-25,67.3511734008789
2009-09-28,68.11697387695312
2009-09-29,67.83849334716797
2009-09-30,67.59487915039062
2009-10-01,66.22325897216797
2009-10-02,66.0423355102539
2009-10-05,66.8150863647461
2009-10-06,67.73409271240234
2009-10-07,67.72715759277344
2009-10-08,68.16571044921875
2009-10-09,68.70878601074219
2009-10-12,68.88280487060547
2009-10-13,68.80628967285156
2009-10-14,69.78092956542969
2009-10-15,70.07334899902344
2009-10-16,69.67887115478516
2009-10-19,70.28521728515625
2009-10-20,69.95760345458984
2009-10-21,69.28868865966797
2009-10-22,70.20156860351562
2009-10-23,69.5674057006836
2009-10-26,68.8565902709961
2009-10-27,68.86357116699219
2009-10-28,68.06916046142578
2009-10-29,69.36537170410156
2009-10-30,67.63707733154297
2009-11-02,68.18760681152344
2009-11-03,68.15282440185547
2009-11-04,68.41067504882812
2009-11-05,69.7973861694336
2009-11-06,69.94373321533203
2009-11-09,71.3722915649414
2009-11-10,71.56039428710938
2009-11-11,71.86705780029297
2009-11-12,71.19812774658203
2009-11-13,71.71375274658203
2009-11-16,72.6545181274414
2009-11-17,72.88444519042969
2009-11-18,72.85661315917969
2009-11-19,72.22947692871094
2009-11-20,72.18607330322266
2009-11-23,73.03205108642578
2009-11-24,72.9621353149414
2009-11-25,73.1509017944336
2009-11-27,72.1370620727539
2009-11-30,72.41683197021484
2009-12-01,73.22083282470703
2009-12-02,73.11593627929688
2009-12-03,72.4936752319336
2009-12-04,72.70345306396484
2009-12-07,72.74542999267578
2009-12-08,71.96937561035156
2009-12-09,72.32592010498047
2009-12-10,72.83625793457031
2009-12-11,73.35362243652344
2009-12-14,73.54939270019531
2009-12-15,73.22782135009766
2009-12-16,73.17886352539062
2009-12-17,72.27693176269531
2009-12-18,72.3892593383789
2009-12-21,72.90863037109375
2009-12-22,73.3086929321289
2009-12-23,73.3086929321289
2009-12-24,73.6947021484375
2009-12-28,73.89823913574219
2009-12-29,73.89823913574219
2009-12-30,73.84912872314453
2009-12-31,73.04203033447266
2010-01-04,74.15787506103516
2010-01-05,74.03861999511719
2010-01-06,74.08771514892578
2010-01-07,74.35447692871094
2010-01-08,74.47380828857422
2010-01-11,74.77555084228516
2010-01-12,74.49481964111328
2010-01-13,74.9229507446289
2010-01-14,75.11946105957031
2010-01-15,74.40357971191406
2010-01-19,75.21772003173828
2010-01-20,74.41058349609375
2010-01-21,72.78933715820312
2010-01-22,71.32950592041016
2010-01-25,71.52595520019531
2010-01-26,71.50494384765625
2010-01-27,71.79971313476562
2010-01-28,71.02765655517578
2010-01-29,70.57144927978516
2010-02-01,71.47685241699219
2010-02-02,72.20679473876953
2010-02-03,72.03131103515625
2010-02-04,70.21353912353516
2010-02-05,70.2977523803711
2010-02-08,69.63799285888672
2010-02-09,70.64165496826172
2010-02-10,70.5504150390625
2010-02-11,71.2942886352539
2010-02-12,71.0767822265625
2010-02-16,72.15765380859375
2010-02-17,72.55768585205078
2010-02-18,73.11215209960938
2010-02-19,73.1719741821289
2010-02-22,73.06645202636719
2010-02-23,72.3838882446289
2010-02-24,72.96797180175781
2010-02-25,72.68645477294922
2010-02-26,72.68645477294922
2010-03-01,73.1930923461914
2010-03-02,73.18603515625
2010-03-03,73.24234771728516
2010-03-04,73.53080749511719
2010-03-05,74.41741180419922
2010-03-08,74.29779815673828
2010-03-09,74.38223266601562
2010-03-10,74.42447662353516
2010-03-11,74.78336334228516
2010-03-12,74.8818359375
2010-03-15,74.98741149902344
2010-03-16,75.33919525146484
2010-03-17,75.65589141845703
2010-03-18,75.95841217041016
2010-03-19,75.67427825927734
2010-03-22,75.99154663085938
2010-03-23,76.75296020507812
2010-03-24,76.42159271240234
2010-03-25,76.44979858398438
2010-03-26,76.4427719116211
2010-03-29,76.7882308959961
2010-03-30,76.93628692626953
2010-03-31,76.56966400146484
2010-04-01,77.04202270507812
2010-04-05,77.3592300415039
2010-04-06,77.35220336914062
2010-04-07,76.87981414794922
2010-04-08,77.10545349121094
2010-04-09,77.5918960571289
2010-04-12,77.67647552490234
2010-04-13,77.725830078125
2010-04-14,78.45902252197266
2010-04-15,78.64936828613281
2010-04-16,77.7398910522461
2010-04-19,78.20555877685547
2010-04-20,78.38900756835938
2010-04-21,78.431396484375
2010-04-22,78.56541442871094
2010-04-23,78.99580383300781
2010-04-26,79.08055114746094
2010-04-27,77.52119445800781
2010-04-28,78.00094604492188
2010-04-29,78.80535125732422
2010-04-30,77.6834945678711
2010-05-03,78.69947052001953
2010-05-04,77.16136169433594
2010-05-05,76.76618194580078
2010-05-06,74.26856231689453
2010-05-07,73.2242431640625
2010-05-10,76.20170593261719
2010-05-11,75.96887969970703
2010-05-12,77.09076690673828
2010-05-13,76.27228546142578
2010-05-14,75.1504898071289
2010-05-17,75.15747833251953
2010-05-18,74.3602066040039
2010-05-19,73.92274475097656
2010-05-20,71.34037780761719
2010-05-21,72.12725830078125
2010-05-24,71.30569458007812
2010-05-25,71.14981079101562
2010-05-26,70.59739685058594
2010-05-27,72.75047302246094
2010-05-28,71.86519622802734
2010-06-01,71.05062103271484
2010-06-02,72.67256164550781
2010-06-03,72.72920989990234
2010-06-04,70.42738342285156
2010-06-07,69.5987777709961
2010-06-08,70.42738342285156
2010-06-09,70.22207641601562
2010-06-10,72.1555404663086
2010-06-11,72.4601058959961
2010-06-14,72.33966827392578
2010-06-15,73.77742767333984
2010-06-16,73.8624267578125
2010-06-17,74.05363464355469
2010-06-18,74.13882446289062
2010-06-21,74.11038970947266
2010-06-22,73.03192138671875
2010-06-23,73.07450103759766
2010-06-24,72.05985260009766
2010-06-25,72.17340087890625
2010-06-28,71.9747314453125
2010-06-29,70.05192565917969
2010-06-30,69.34239196777344
2010-07-01,69.06562805175781
2010-07-02,68.7321548461914
2010-07-06,69.14372253417969
2010-07-07,71.15877532958984
2010-07-08,72.02436065673828
2010-07-09,72.45012664794922
2010-07-12,72.54944610595703
2010-07-13,73.5994873046875
2010-07-14,73.6136474609375
2010-07-15,73.57826232910156
2010-07-16,71.73394775390625
2010-07-19,72.1671142578125
2010-07-20,72.67135620117188
2010-07-21,71.89017486572266
2010-07-22,73.32474517822266
2010-07-23,74.04911804199219
2010-07-26,74.75218200683594
2010-07-27,74.87999725341797
2010-07-28,74.63142395019531
2010-07-29,74.33312225341797
2010-07-30,74.35449981689453
2010-08-02,75.7961196899414
2010-08-03,75.55463409423828
2010-08-04,75.95943450927734
2010-08-05,75.90259552001953
2010-08-06,75.76773071289062
2010-08-09,76.07302856445312
2010-08-10,75.74638366699219
2010-08-11,73.94965362548828
2010-08-12,73.46672821044922
2010-08-13,73.395751953125
2010-08-16,73.34603881835938
2010-08-17,74.09169006347656
2010-08-18,74.26215362548828
2010-08-19,73.1897964477539
2010-08-20,72.80770111083984
2010-08-23,72.53687286376953
2010-08-24,71.56742095947266
2010-08-25,71.71709442138672
2010-08-26,71.23236846923828
2010-08-27,72.40853118896484
2010-08-30,71.4034423828125
2010-08-31,71.42481231689453
2010-09-01,73.27818298339844
2010-09-02,73.62035369873047
2010-09-03,74.54701232910156
2010-09-07,73.8199234008789
2010-09-08,74.11930847167969
2010-09-09,74.31175994873047
2010-09-10,74.68955993652344
2010-09-13,75.3239974975586
2010-09-14,75.16002655029297
2010-09-15,75.51643371582031
2010-09-16,75.6946792602539
2010-09-17,75.74536895751953
2010-09-20,76.78081512451172
2010-09-21,76.8522720336914
2010-09-22,76.69512176513672
2010-09-23,76.17379760742188
2010-09-24,77.53056335449219
2010-09-27,77.25924682617188
2010-09-28,77.52340698242188
2010-09-29,77.34493255615234
2010-09-30,77.05929565429688
2010-10-01,77.35208129882812
2010-10-04,76.81651306152344
2010-10-05,78.12335205078125
2010-10-06,78.3875732421875
2010-10-07,78.26616668701172
2010-10-08,78.66604614257812
2010-10-11,78.73748779296875
2010-10-12,78.73748779296875
2010-10-13,79.30874633789062
2010-10-14,79.31593322753906
2010-10-15,79.10362243652344
2010-10-18,79.33952331542969
2010-10-19,78.50326538085938
2010-10-20,79.39664459228516
2010-10-21,79.71826171875
2010-10-22,79.58963775634766
2010-10-25,79.83979034423828
2010-10-26,79.87545013427734
2010-10-27,79.5538330078125
2010-10-28,79.40379333496094
2010-10-29,79.5538330078125
2010-11-01,79.56102752685547
2010-11-02,79.96123504638672
2010-11-03,80.26145935058594
2010-11-04,81.7837905883789
2010-11-05,81.86241149902344
2010-11-08,81.63367462158203
2010-11-09,81.2549057006836
2010-11-10,81.28351593017578
2010-11-11,80.81892395019531
2010-11-12,80.16141510009766
2010-11-15,80.22569274902344
2010-11-16,78.97499084472656
2010-11-17,78.93203735351562
2010-11-18,80.15421295166016
2010-11-19,80.31270599365234
2010-11-22,80.17645263671875
2010-11-23,79.15113830566406
2010-11-24,80.19793701171875
2010-11-26,79.33038330078125
2010-11-29,79.3375244140625
2010-11-30,78.99337005615234
2010-12-01,80.78591918945312
2010-12-02,81.55310821533203
2010-12-03,81.69658660888672
2010-12-06,81.55310821533203
2010-12-07,81.54598236083984
2010-12-08,81.66067504882812
2010-12-09,81.68218994140625
2010-12-10,81.94747924804688
2010-12-13,82.09090423583984
2010-12-14,82.46375274658203
2010-12-15,82.37770080566406
2010-12-16,82.62862396240234
2010-12-17,82.60920715332031
2010-12-20,82.46551513671875
2010-12-21,82.86792755126953
2010-12-22,83.06200408935547
2010-12-23,83.16980743408203
2010-12-27,83.03326416015625
2010-12-28,83.21295166015625
2010-12-29,83.2906494140625
2010-12-30,83.14668273925781
2010-12-31,83.2762451171875
2011-01-03,83.83805084228516
2011-01-04,84.00369262695312
2011-01-05,84.29176330566406
2011-01-06,84.10452270507812
2011-01-07,83.95326232910156
2011-01-10,83.68685913085938
2011-01-11,83.9388656616211
2011-01-12,84.55105590820312
2011-01-13,84.40702819824219
2011-01-14,84.75989532470703
2011-01-18,85.14881134033203
2011-01-19,85.09842681884766
2011-01-20,85.06959533691406
2011-01-21,85.41860961914062
2011-01-24,86.21178436279297
2011-01-25,86.16129302978516
2011-01-26,86.24784851074219
2011-01-27,86.26944732666016
2011-01-28,85.10131072998047
2011-01-31,85.5195083618164
2011-02-01,86.59394073486328
2011-02-02,86.60115814208984
2011-02-03,86.79580688476562
2011-02-04,87.0265884399414
2011-02-07,87.50257110595703
2011-02-08,88.07212829589844
2011-02-09,88.17311096191406
2011-02-10,88.09375
2011-02-11,88.43987274169922
2011-02-14,88.4110336303711
2011-02-15,88.11540985107422
2011-02-16,88.6057357788086
2011-02-17,88.80764770507812
2011-02-18,89.34255981445312
2011-02-22,88.10647583007812
2011-02-23,87.35475158691406
2011-02-24,87.04391479492188
2011-02-25,87.5643539428711
2011-02-28,88.29438781738281
2011-03-01,87.00775146484375
2011-03-02,87.06561279296875
2011-03-03,88.44625854492188
2011-03-04,87.80292510986328
2011-03-07,87.25357055664062
2011-03-08,88.17874908447266
2011-03-09,88.19322967529297
2011-03-10,86.54517364501953
2011-03-11,87.04391479492188
2011-03-14,86.63194274902344
2011-03-15,85.60552215576172
2011-03-16,83.96464538574219
2011-03-17,85.07054138183594
2011-03-18,85.65433502197266
2011-03-21,86.95793914794922
2011-03-22,86.84925842285156
2011-03-23,87.36347198486328
2011-03-24,87.96461486816406
2011-03-25,88.32672882080078
2011-03-28,88.18183898925781
2011-03-29,88.72508239746094
2011-03-30,89.23198699951172
2011-03-31,89.09439086914062
2011-04-01,89.4129867553711
2011-04-04,89.63034057617188
2011-04-05,89.55062103271484
2011-04-06,89.92719268798828
2011-04-07,89.73898315429688
2011-04-08,89.55062103271484
2011-04-11,89.54338836669922
2011-04-12,88.6888427734375
2011-04-13,88.75397491455078
2011-04-14,88.87711334228516
2011-04-15,89.29899597167969
2011-04-18,88.24790954589844
2011-04-19,88.71907806396484
2011-04-20,90.13265991210938
2011-04-21,90.45881652832031
2011-04-25,90.28482818603516
2011-04-26,91.11844635009766
2011-04-27,91.83614349365234
2011-04-28,92.36527252197266
2011-04-29,92.81472778320312
2011-05-02,92.66973114013672
2011-05-03,92.65528869628906
2011-05-04,92.03907012939453
2011-05-05,91.07498931884766
2011-05-06,91.53169250488281
2011-05-09,91.85063171386719
2011-05-10,92.38702392578125
2011-05-11,91.56060791015625
2011-05-12,92.05358123779297
2011-05-13,91.30695343017578
2011-05-16,90.95178985595703
2011-05-17,90.47334289550781
2011-05-18,91.12574005126953
2011-05-19,91.4664306640625
2011-05-20,90.80094909667969
2011-05-23,89.83369445800781
2011-05-24,89.67369079589844
2011-05-25,89.9281997680664
2011-05-26,90.03731536865234
2011-05-27,90.35004425048828
2011-05-31,91.273681640625
2011-06-01,89.2373046875
2011-06-02,88.94639587402344
2011-06-03,88.233642578125
2011-06-06,87.80452728271484
2011-06-07,87.62999725341797
2011-06-08,87.49185943603516
2011-06-09,88.08822631835938
2011-06-10,86.81548309326172
2011-06-13,86.88095092773438
2011-06-14,87.78276062011719
2011-06-15,86.45911407470703
2011-06-16,86.93182373046875
2011-06-17,87.2363510131836
2011-06-20,87.81916809082031
2011-06-21,88.58416748046875
2011-06-22,88.01591491699219
2011-06-23,87.6589126586914
2011-06-24,86.84290313720703
2011-06-27,87.5715103149414
2011-06-28,88.59870147705078
2011-06-29,89.21073913574219
2011-06-30,90.21610260009766
2011-07-01,91.49105072021484
2011-07-05,91.42548370361328
2011-07-06,91.86261749267578
2011-07-07,92.59849548339844
2011-07-08,92.08125305175781
2011-07-11,91.03211975097656
2011-07-12,90.58038330078125
2011-07-13,90.92279815673828
2011-07-14,90.49298858642578
2011-07-15,90.82990264892578
2011-07-18,90.14441680908203
2011-07-19,91.610107421875
2011-07-20,91.48613739013672
2011-07-21,92.6310043334961
2011-07-22,92.31746673583984
2011-07-25,91.7049331665039
2011-07-26,91.0267562866211
2011-07-27,89.57565307617188
2011-07-28,89.1672592163086
2011-07-29,88.32866668701172
2011-08-01,88.31410217285156
2011-08-02,86.38176727294922
2011-08-03,86.62957000732422
2011-08-04,82.91798400878906
2011-08-05,83.31172180175781
2011-08-08,78.8052978515625
2011-08-09,81.94084167480469
2011-08-10,78.14894104003906
2011-08-11,81.12413024902344
2011-08-12,82.25440979003906
2011-08-15,83.72008514404297
2011-08-16,83.187744140625
2011-08-17,83.3190689086914
2011-08-18,80.26368713378906
2011-08-19,78.9892578125
2011-08-22,79.27474975585938
2011-08-23,81.52200317382812
2011-08-24,82.67849731445312
2011-08-25,81.44147491455078
2011-08-26,82.4955062866211
2011-08-29,84.28157806396484
2011-08-30,84.43527221679688
2011-08-31,84.87445831298828
2011-09-01,84.08393859863281
2011-09-02,82.1880874633789
2011-09-06,81.40480041503906
2011-09-07,83.4031982421875
2011-09-08,82.61995697021484
2011-09-09,80.38738250732422
2011-09-12,80.8924560546875
2011-09-13,81.19255828857422
2011-09-14,82.27591705322266
2011-09-15,83.6374282836914
2011-09-16,84.23143768310547
2011-09-19,83.39540100097656
2011-09-20,83.51276397705078
2011-09-21,81.36404418945312
2011-09-22,78.51871490478516
2011-09-23,78.7973861694336
2011-09-26,80.84339141845703
2011-09-27,81.92139434814453
2011-09-28,80.54269409179688
2011-09-29,81.67940521240234
2011-09-30,79.88267517089844
2011-10-03,77.99805450439453
2011-10-04,78.9953842163086
2011-10-05,80.13939666748047
2011-10-06,81.46669006347656
2011-10-07,81.4153823852539
2011-10-10,83.7547607421875
2011-10-11,83.60807037353516
2011-10-12,84.32682037353516
2011-10-13,84.08477783203125
2011-10-14,85.31673431396484
2011-10-17,83.52737426757812
2011-10-18,84.70805358886719
2011-10-19,84.29740905761719
2011-10-20,84.57611083984375
2011-10-21,86.56293487548828
2011-10-24,87.31954956054688
2011-10-25,85.78437805175781
2011-10-26,86.97429656982422
2011-10-27,89.56712341308594
2011-10-28,89.64060974121094
2011-10-31,87.65739440917969
2011-11-01,85.4832534790039
2011-11-02,86.76862335205078
2011-11-03,88.28172302246094
2011-11-04,87.84834289550781
2011-11-07,88.47270202636719
2011-11-08,89.31002807617188
2011-11-09,86.4454116821289
2011-11-10,87.32689666748047
2011-11-11,89.2660140991211
2011-11-14,88.66370391845703
2011-11-15,88.78119659423828
2011-11-16,87.4811019897461
2011-11-17,86.5482406616211
2011-11-18,86.68446350097656
2011-11-21,84.79218292236328
2011-11-22,84.48296356201172
2011-11-23,82.70845794677734
2011-11-25,82.5686264038086
2011-11-28,84.74800872802734
2011-11-29,85.08672332763672
2011-11-30,88.49581146240234
2011-12-01,88.45159912109375
2011-12-02,88.40003204345703
2011-12-05,89.05535888671875
2011-12-06,89.37935638427734
2011-12-07,89.8800277709961
2011-12-08,88.31175231933594
2011-12-09,89.66649627685547
2011-12-12,88.53260803222656
2011-12-13,87.9950942993164
2011-12-14,87.118896484375
2011-12-15,87.47967529296875
2011-12-16,87.30684661865234
2011-12-19,86.6717300415039
2011-12-20,89.12362670898438
2011-12-21,89.21968841552734
2011-12-22,89.75139617919922
2011-12-23,90.563720703125
2011-12-27,90.59329223632812
2011-12-28,89.54457092285156
2011-12-29,90.48249816894531
2011-12-30,89.98767852783203
2012-01-03,91.3022689819336
2012-01-04,91.55332946777344
2012-01-05,91.53856658935547
2012-01-06,91.2283706665039
2012-01-09,91.32441711425781
2012-01-10,91.85609436035156
2012-01-11,91.78965759277344
2012-01-12,91.96693420410156
2012-01-13,91.69363403320312
2012-01-17,92.03333282470703
2012-01-18,92.77184295654297
2012-01-19,93.17802429199219
2012-01-20,93.8857192993164
2012-01-23,93.77482604980469
2012-01-24,93.49382019042969
2012-01-25,94.10015869140625
2012-01-26,93.95967102050781
2012-01-27,93.50853729248047
2012-01-30,93.345947265625
2012-01-31,93.22759246826172
2012-02-01,93.8487777709961
2012-02-02,93.7969970703125
2012-02-03,94.9284439086914
2012-02-06,94.74356079101562
2012-02-07,95.03193664550781
2012-02-08,95.17986297607422
2012-02-09,95.21683502197266
2012-02-10,94.54389190673828
2012-02-13,95.09111022949219
2012-02-14,95.14288330078125
2012-02-15,94.55127716064453
2012-02-16,95.44608306884766
2012-02-17,95.8108139038086
2012-02-21,95.8998031616211
2012-02-22,95.74411010742188
2012-02-23,96.07030487060547
2012-02-24,96.09998321533203
2012-02-27,96.12964630126953
2012-02-28,96.27789306640625
2012-02-29,95.8552474975586
2012-03-01,96.0628890991211
2012-03-02,96.04811096191406
2012-03-05,95.95165252685547
2012-03-06,94.49116516113281
2012-03-07,95.06948852539062
2012-03-08,95.58101654052734
2012-03-09,95.75154113769531
2012-03-12,95.98135375976562
2012-03-13,97.62725830078125
2012-03-14,97.7755355834961
2012-03-15,98.16851043701172
2012-03-16,98.09050750732422
2012-03-19,98.10537719726562
2012-03-20,97.5927505493164
2012-03-21,97.3031005859375
2012-03-22,96.69395446777344
2012-03-23,97.01342010498047
2012-03-26,98.1202163696289
2012-03-27,97.80819702148438
2012-03-28,97.29569244384766
2012-03-29,97.40706634521484
2012-03-30,97.90478515625
2012-04-02,98.27616882324219
2012-04-03,97.80819702148438
2012-04-04,96.946533203125
2012-04-05,96.85733032226562
2012-04-09,95.91398620605469
2012-04-10,94.34661865234375
2012-04-11,94.97061157226562
2012-04-12,96.35968780517578
2012-04-13,95.37916564941406
2012-04-16,95.87684631347656
2012-04-17,97.2659683227539
2012-04-18,96.67910766601562
2012-04-19,96.22591400146484
2012-04-20,96.6640396118164
2012-04-23,95.95011138916016
2012-04-24,96.47067260742188
2012-04-25,97.15484619140625
2012-04-26,98.05473327636719
2012-04-27,98.16629028320312
2012-04-30,98.01752471923828
2012-05-01,98.56037902832031
2012-05-02,98.46375274658203
2012-05-03,98.02497863769531
2012-05-04,96.74581909179688
2012-05-07,96.55990600585938
2012-05-08,95.99467468261719
2012-05-09,95.44439697265625
2012-05-10,95.51870727539062
2012-05-11,95.32538604736328
2012-05-14,94.4106674194336
2012-05-15,93.93472290039062
2012-05-16,93.83796691894531
2012-05-17,92.6407241821289
2012-05-18,92.018310546875
2012-05-21,93.13768005371094
2012-05-22,93.15264129638672
2012-05-23,93.06304168701172
2012-05-24,93.3689956665039
2012-05-25,92.72725677490234
2012-05-29,93.72720336914062
2012-05-30,92.52574920654297
2012-05-31,92.30935668945312
2012-06-01,90.30196380615234
2012-06-04,90.13037109375
2012-06-05,90.36167907714844
2012-06-06,92.48099517822266
2012-06-07,92.92123413085938
2012-06-08,93.60039520263672
2012-06-11,92.51830291748047
2012-06-12,93.71974182128906
2012-06-13,93.19734191894531
2012-06-14,94.30181884765625
2012-06-15,95.19137573242188
2012-06-18,95.03438568115234
2012-06-19,95.7296371459961
2012-06-20,95.65487670898438
2012-06-21,93.77103424072266
2012-06-22,94.36158752441406
2012-06-25,93.26271057128906
2012-06-26,93.50201416015625
2012-06-27,94.19717407226562
2012-06-28,94.0401611328125
2012-06-29,96.02117919921875
2012-07-02,95.9538345336914
2012-07-03,96.54443359375
2012-07-05,96.26781463623047
2012-07-06,95.36329650878906
2012-07-09,95.11663818359375
2012-07-10,94.45130920410156
2012-07-11,94.1224136352539
2012-07-12,93.86824035644531
2012-07-13,95.40069580078125
2012-07-16,95.02696990966797
2012-07-17,95.55016326904297
2012-07-18,96.40248107910156
2012-07-19,96.67155456542969
2012-07-20,95.87035369873047
2012-07-23,95.02420043945312
2012-07-24,94.23808288574219
2012-07-25,94.72473907470703
2012-07-26,96.2746810913086
2012-07-27,97.7422103881836
2012-07-30,97.63735961914062
2012-07-31,97.10576629638672
2012-08-01,96.92607116699219
2012-08-02,96.2447509765625
2012-08-03,97.88450622558594
2012-08-06,98.01179504394531
2012-08-07,98.37118530273438
2012-08-08,98.49845886230469
2012-08-09,98.51343536376953
2012-08-10,98.78299713134766
2012-08-13,98.55091094970703
2012-08-14,98.580810546875
2012-08-15,98.6257553100586
2012-08-16,99.26220703125
2012-08-17,99.41154479980469
2012-08-20,99.38155364990234
2012-08-21,98.92362976074219
2012-08-22,98.69841003417969
2012-08-23,97.88006591796875
2012-08-24,98.63082122802734
2012-08-27,98.39059448242188
2012-08-28,98.24043273925781
2012-08-29,98.28550720214844
2012-08-30,97.53473663330078
2012-08-31,98.25541687011719
2012-09-04,97.76747131347656
2012-09-05,97.87258911132812
2012-09-06,99.71188354492188
2012-09-07,99.80194854736328
2012-09-10,99.45658111572266
2012-09-11,99.9145736694336
2012-09-12,100.12478637695312
2012-09-13,101.64125061035156
2012-09-14,101.99411010742188
2012-09-17,101.74632263183594
2012-09-18,101.80641174316406
2012-09-19,101.89646911621094
2012-09-20,102.0616455078125
2012-09-21,101.91191864013672
2012-09-24,101.79913330078125
2012-09-25,101.06189727783203
2012-09-26,100.73086547851562
2012-09-27,101.25746154785156
2012-09-28,100.84367370605469
2012-10-01,101.39290618896484
2012-10-02,101.16718292236328
2012-10-03,101.3176040649414
2012-10-04,101.94959259033203
2012-10-05,102.28056335449219
2012-10-08,102.04737854003906
2012-10-09,101.24992370605469
2012-10-10,100.26448059082031
2012-10-11,100.1516342163086
2012-10-12,100.1516342163086
2012-10-15,100.82110595703125
2012-10-16,101.78406524658203
2012-10-17,101.8818130493164
2012-10-18,101.82914733886719
2012-10-19,100.27508544921875
2012-10-22,100.26759338378906
2012-10-23,98.48974609375
2012-10-24,98.30891418457031
2012-10-25,98.51981353759766
2012-10-26,98.52737426757812
2012-10-31,98.38423156738281
2012-11-01,99.42384338378906
2012-11-02,98.43699645996094
2012-11-05,98.58761596679688
2012-11-06,99.47657775878906
2012-11-07,97.36724853515625
2012-11-08,96.41808319091797
2012-11-09,96.36528778076172
2012-11-12,96.4557113647461
2012-11-13,96.07152557373047
2012-11-14,94.7381362915039
2012-11-15,94.54985046386719
2012-11-16,94.86174011230469
2012-11-19,96.39492797851562
2012-11-20,96.45536804199219
2012-11-21,96.78768157958984
2012-11-23,98.10185241699219
2012-11-26,97.8223876953125
2012-11-27,97.18798065185547
2012-11-28,97.91304016113281
2012-11-29,98.29066467285156
2012-11-30,98.26045989990234
2012-12-03,97.84504699707031
2012-12-04,97.72422790527344
2012-12-05,98.36616516113281
2012-12-06,98.74385070800781
2012-12-07,99.36309051513672
2012-12-10,99.49908447265625
2012-12-11,100.07313537597656
2012-12-12,100.08062744140625
2012-12-13,99.55949401855469
2012-12-14,99.28762817382812
2012-12-17,100.02781677246094
2012-12-18,100.86614227294922
2012-12-19,100.16374206542969
2012-12-20,100.59428405761719
2012-12-21,99.84649658203125
2012-12-24,99.22518157958984
2012-12-26,99.10401916503906
2012-12-27,98.94488525390625
2012-12-28,97.78570556640625
2012-12-31,98.92972564697266
2013-01-02,101.34656524658203
2013-01-03,101.2405014038086
2013-01-04,101.56626892089844
2013-01-07,101.14955139160156
2013-01-08,100.80865478515625
2013-01-09,101.3010482788086
2013-01-10,101.9299545288086
2013-01-11,102.0663070678711
2013-01-14,102.1950912475586
2013-01-15,102.33900451660156
2013-01-16,102.1950912475586
2013-01-17,102.90724182128906
2013-01-18,103.21439361572266
2013-01-22,103.7073745727539
2013-01-23,104.25348663330078
2013-01-24,104.67816925048828
2013-01-25,105.13321685791016
2013-01-28,105.1559829711914
2013-01-29,105.59587860107422
2013-01-30,105.23939514160156
2013-01-31,104.97395324707031
2013-02-01,105.982666015625
2013-02-04,105.09527587890625
2013-02-05,105.71723175048828
2013-02-06,105.86127471923828
2013-02-07,105.64139556884766
2013-02-08,105.97504425048828
2013-02-11,105.81583404541016
2013-02-12,106.21778106689453
2013-02-13,106.08126068115234
2013-02-14,106.07369995117188
2013-02-15,106.03340148925781
2013-02-19,106.42872619628906
2013-02-20,105.59993743896484
2013-02-21,105.3186264038086
2013-02-22,106.30712127685547
2013-02-25,104.67230987548828
2013-02-26,105.52391052246094
2013-02-27,106.90782928466797
2013-02-28,106.66446685791016
2013-03-01,107.01420593261719
2013-03-04,107.26522827148438
2013-03-05,108.2308120727539
2013-03-06,108.61101531982422
2013-03-07,108.839111328125
2013-03-08,109.31053924560547
2013-03-11,109.766845703125
2013-03-12,109.79711151123047
2013-03-13,109.84284973144531
2013-03-14,110.50433349609375
2013-03-15,110.34583282470703
2013-03-18,109.85052490234375
2013-03-19,109.94964599609375
2013-03-20,110.33822631835938
2013-03-21,109.6373062133789
2013-03-22,110.40677642822266
2013-03-25,109.88107299804688
2013-03-26,110.69635009765625
2013-03-27,110.45255279541016
2013-03-28,110.72689056396484
2013-04-01,110.77256774902344
2013-04-02,111.45061492919922
2013-04-03,110.58971405029297
2013-04-04,111.06969451904297
2013-04-05,110.71922302246094
2013-04-08,111.20687103271484
2013-04-09,111.63361358642578
2013-04-10,112.60128021240234
2013-04-11,113.0736312866211
2013-04-12,113.0888442993164
2013-04-15,111.10025024414062
2013-04-16,112.28125
2013-04-17,111.20687103271484
2013-04-18,110.62017059326172
2013-04-19,110.6971664428711
2013-04-22,110.83451080322266
2013-04-23,111.9632797241211
2013-04-24,111.69628143310547
2013-04-25,111.93279266357422
2013-04-26,112.02432250976562
2013-04-29,112.77165222167969
2013-04-30,112.89373779296875
2013-05-01,111.91747283935547
2013-05-02,112.84793090820312
2013-05-03,113.91572570800781
2013-05-06,113.9690933227539
2013-05-07,114.60218048095703
2013-05-08,115.12069702148438
2013-05-09,115.04451751708984
2013-05-10,115.19709014892578
2013-05-13,115.05980682373047
2013-05-14,116.02842712402344
2013-05-15,116.52412414550781
2013-05-16,116.2724838256836
2013-05-17,117.12838745117188
2013-05-20,117.05184173583984
2013-05-21,117.41143798828125
2013-05-22,116.89887237548828
2013-05-23,116.84536743164062
2013-05-24,116.84536743164062
2013-05-28,117.69438171386719
2013-05-29,116.89887237548828
2013-05-30,117.09778594970703
2013-05-31,115.56807708740234
2013-06-03,116.49356079101562
2013-06-04,115.98108673095703
2013-06-05,114.19898986816406
2013-06-06,114.91783905029297
2013-06-07,116.50109100341797
2013-06-10,116.41700744628906
2013-06-11,115.64453887939453
2013-06-12,114.61971282958984
2013-06-13,116.07279205322266
2013-06-14,115.23159790039062
2013-06-17,116.08811950683594
2013-06-18,117.09778594970703
2013-06-19,115.56046295166016
2013-06-20,112.87581634521484
2013-06-21,113.22374725341797
2013-06-24,112.11245727539062
2013-06-25,112.89417266845703
2013-06-26,114.03620910644531
2013-06-27,114.88687133789062
2013-06-28,113.8521957397461
2013-07-01,114.51896667480469
2013-07-02,114.14344787597656
2013-07-03,114.61093139648438
2013-07-05,115.74529266357422
2013-07-08,116.51171875
2013-07-09,117.10185241699219
2013-07-10,117.04049682617188
2013-07-11,118.32044219970703
2013-07-12,118.15947723388672
2013-07-15,118.51979064941406
2013-07-16,118.2591552734375
2013-07-17,118.36638641357422
2013-07-18,119.05626678466797
2013-07-19,119.04551696777344
2013-07-22,119.03787231445312
2013-07-23,119.22966003417969
2013-07-24,119.03016662597656
2013-07-25,119.04551696777344
2013-07-26,119.076171875
2013-07-29,118.89962005615234
2013-07-30,118.88427734375
2013-07-31,118.83060455322266
2013-08-01,119.63642120361328
2013-08-02,119.87431335449219
2013-08-05,119.5596694946289
2013-08-06,118.83831024169922
2013-08-07,118.60037994384766
2013-08-08,118.71554565429688
2013-08-09,118.27037811279297
2013-08-12,118.20884704589844
2013-08-13,118.5235595703125
2013-08-14,117.66417694091797
2013-08-15,115.9756851196289
2013-08-16,115.7933349609375
2013-08-19,115.20868682861328
2013-08-20,115.21635437011719
2013-08-21,114.36227416992188
2013-08-22,114.94708251953125
2013-08-23,115.2778549194336
2013-08-26,114.80087280273438
2013-08-27,113.48524475097656
2013-08-28,113.90065002441406
2013-08-29,114.06224060058594
2013-08-30,113.75456237792969
2013-09-03,113.9546127319336
2013-09-04,114.77776336669922
2013-09-05,114.73162078857422
2013-09-06,114.70849609375
2013-09-09,115.77033996582031
2013-09-10,116.78594207763672
2013-09-11,117.83220672607422
2013-09-12,117.7398910522461
2013-09-13,118.24781799316406
2013-09-16,119.20948028564453
2013-09-17,119.47872924804688
2013-09-18,120.55590057373047
2013-09-19,120.271240234375
2013-09-20,118.94833374023438
2013-09-23,118.49358367919922
2013-09-24,117.99253845214844
2013-09-25,117.4991455078125
2013-09-26,117.90766906738281
2013-09-27,117.33724975585938
2013-09-30,116.4045181274414
2013-10-01,116.88235473632812
2013-10-02,116.38896179199219
2013-10-03,115.37911987304688
2013-10-04,115.96504974365234
2013-10-07,114.86268615722656
2013-10-08,113.72945404052734
2013-10-09,113.92218780517578
2013-10-10,116.37358856201172
2013-10-11,117.30635833740234
2013-10-14,117.79206848144531
2013-10-15,116.66653442382812
2013-10-16,118.34711456298828
2013-10-17,118.31623840332031
2013-10-18,118.54010772705078
2013-10-21,118.48603820800781
2013-10-22,119.04166412353516
2013-10-23,118.7099380493164
2013-10-24,119.46617126464844
2013-10-25,119.96781158447266
2013-10-28,119.90603637695312
2013-10-29,120.77819061279297
2013-10-30,120.29196166992188
2013-10-31,119.8443374633789
2013-11-01,120.28411865234375
2013-11-04,120.43853759765625
2013-11-05,120.30744934082031
2013-11-06,121.33378601074219
2013-11-07,120.27648162841797
2013-11-08,121.54214477539062
2013-11-11,121.63475799560547
2013-11-12,121.44947814941406
2013-11-13,121.98204803466797
2013-11-14,122.49916076660156
2013-11-15,123.17015838623047
2013-11-18,123.27853393554688
2013-11-19,123.1934814453125
2013-11-20,122.76054382324219
2013-11-21,123.60327911376953
2013-11-22,124.020751953125
2013-11-25,124.18318939208984
2013-11-26,124.09808349609375
2013-11-27,124.36874389648438
2013-11-29,124.26810455322266
2013-12-02,123.64964294433594
2013-12-03,122.9305419921875
2013-12-04,122.7527084350586
2013-12-05,122.25788116455078
2013-12-06,123.83528137207031
2013-12-09,123.88926696777344
2013-12-10,123.49500274658203
2013-12-11,122.4048080444336
2013-12-12,121.75531768798828
2013-12-13,121.89442443847656
2013-12-16,122.8609390258789
2013-12-17,122.76824951171875
2013-12-18,125.072265625
2013-12-19,125.16506958007812
2013-12-20,125.57199096679688
2013-12-23,126.04486846923828
2013-12-24,126.46337127685547
2013-12-26,127.47100830078125
2013-12-27,127.47875213623047
2013-12-30,127.5717544555664
2013-12-31,128.25381469726562
2014-01-02,127.19974517822266
2014-01-03,127.4167251586914
2014-01-06,127.02921295166016
2014-01-07,127.86630249023438
2014-01-08,127.3857650756836
2014-01-09,127.2616958618164
2014-01-10,127.25399780273438
2014-01-13,125.75027465820312
2014-01-14,126.68815612792969
2014-01-15,127.55622100830078
2014-01-16,127.09891510009766
2014-01-17,127.27976989746094
2014-01-21,127.00824737548828
2014-01-22,126.8065185546875
2014-01-23,125.44122314453125
2014-01-24,122.93560791015625
2014-01-27,122.5788345336914
2014-01-28,123.29251098632812
2014-01-29,121.86518859863281
2014-01-30,122.69515228271484
2014-01-31,121.59371185302734
2014-02-03,119.09587860107422
2014-02-04,119.52257537841797
2014-02-05,119.6001205444336
2014-02-06,121.1205825805664
2014-02-07,122.39266967773438
2014-02-10,122.36936950683594
2014-02-11,123.92852783203125
2014-02-12,123.88973236083984
2014-02-13,124.33966064453125
2014-02-14,125.34815979003906
2014-02-18,125.20861053466797
2014-02-19,124.51815795898438
2014-02-20,125.13094329833984
2014-02-21,125.08039093017578
2014-02-24,125.7415771484375
2014-02-25,125.61712646484375
2014-02-26,125.88157653808594
2014-02-27,126.43374633789062
2014-02-28,126.79944610595703
2014-03-03,125.60933685302734
2014-03-04,127.27388000488281
2014-03-05,127.05601501464844
2014-03-06,127.63165283203125
2014-03-07,127.82612609863281
2014-03-10,127.55384826660156
2014-03-11,127.11051940917969
2014-03-12,126.96270751953125
2014-03-13,125.26708221435547
2014-03-14,124.95592498779297
2014-03-17,126.29379272460938
2014-03-18,127.00157928466797
2014-03-19,126.15377807617188
2014-03-20,127.01715850830078
2014-03-21,126.7148666381836
2014-03-24,126.56684112548828
2014-03-25,127.3070297241211
2014-03-26,126.48106384277344
2014-03-27,126.44219207763672
2014-03-28,126.88630676269531
2014-03-31,127.96931457519531
2014-04-01,128.52249145507812
2014-04-02,128.84974670410156
2014-04-03,128.8262939453125
2014-04-04,127.68883514404297
2014-04-07,126.34857940673828
2014-04-08,126.48106384277344
2014-04-09,127.86026763916016
2014-04-10,125.8110122680664
2014-04-11,124.6812515258789
2014-04-14,125.79545593261719
2014-04-15,126.50447845458984
2014-04-16,127.79786682128906
2014-04-17,127.69026184082031
2014-04-21,127.90857696533203
2014-04-22,128.5091552734375
2014-04-23,128.38429260253906
2014-04-24,128.4232940673828
2014-04-25,127.37838745117188
2014-04-28,128.01773071289062
2014-04-29,128.66502380371094
2014-04-30,129.01596069335938
2014-05-01,128.8443145751953
2014-05-02,128.47010803222656
2014-05-05,128.61044311523438
2014-05-06,127.67465209960938
2014-05-07,128.68844604492188
2014-05-08,128.93795776367188
2014-05-09,129.22647094726562
2014-05-12,130.068603515625
2014-05-13,130.2636260986328
2014-05-14,129.53057861328125
2014-05-15,128.3141326904297
2014-05-16,128.69015502929688
2014-05-19,128.76834106445312
2014-05-20,127.68165588378906
2014-05-21,128.97943115234375
2014-05-22,129.1357879638672
2014-05-23,129.64395141601562
2014-05-27,130.14434814453125
2014-05-28,129.84719848632812
2014-05-29,130.3866424560547
2014-05-30,130.50389099121094
2014-06-02,130.71499633789062
2014-06-03,130.57427978515625
2014-06-04,130.6602325439453
2014-06-05,131.4499053955078
2014-06-06,132.1847686767578
2014-06-09,132.3098602294922
2014-06-10,132.39584350585938
2014-06-11,131.61412048339844
2014-06-12,130.78530883789062
2014-06-13,131.04330444335938
2014-06-16,131.09812927246094
2014-06-17,131.3404083251953
2014-06-18,132.06744384765625
2014-06-19,132.19259643554688
2014-06-20,132.4401397705078
2014-06-23,132.3069305419922
2014-06-24,131.4922637939453
2014-06-25,131.8134307861328
2014-06-26,131.65670776367188
2014-06-27,131.72726440429688
2014-06-30,131.5080108642578
2014-07-01,132.53408813476562
2014-07-02,132.69070434570312
2014-07-03,133.52894592285156
2014-07-07,133.05101013183594
2014-07-08,132.2599639892578
2014-07-09,132.83169555664062
2014-07-10,132.3461456298828
2014-07-11,132.53408813476562
2014-07-14,133.38783264160156
2014-07-15,133.45840454101562
2014-07-16,133.99884033203125
2014-07-17,132.855224609375
2014-07-18,133.75851440429688
2014-07-21,133.44488525390625
2014-07-22,133.884033203125
2014-07-23,133.74290466308594
2014-07-24,133.6488800048828
2014-07-25,132.64511108398438
2014-07-28,132.84109497070312
2014-07-29,132.34713745117188
2014-07-30,132.11187744140625
2014-07-31,129.61038208007812
2014-08-01,129.0458526611328
2014-08-04,129.641845703125
2014-08-05,128.53616333007812
2014-08-06,128.7557373046875
2014-08-07,128.2460174560547
2014-08-08,129.64955139160156
2014-08-11,129.8144073486328
2014-08-12,129.76724243164062
2014-08-13,130.5514373779297
2014-08-14,131.02976989746094
2014-08-15,130.6731414794922
2014-08-18,132.0164031982422
2014-08-19,132.6683349609375
2014-08-20,133.22616577148438
2014-08-21,133.68167114257812
2014-08-22,133.4381866455078
2014-08-25,134.02743530273438
2014-08-26,134.27081298828125
2014-08-27,134.3336944580078
2014-08-28,134.14505004882812
2014-08-29,134.2315673828125
2014-09-02,133.99586486816406
2014-09-03,134.1059112548828
2014-09-04,134.05873107910156
2014-09-05,134.52230834960938
2014-09-08,134.37298583984375
2014-09-09,133.63458251953125
2014-09-10,134.0664825439453
2014-09-11,133.94091796875
2014-09-12,133.46168518066406
2014-09-15,133.79176330566406
2014-09-16,134.62429809570312
2014-09-17,134.78152465820312
2014-09-18,135.590576171875
2014-09-19,135.7897491455078
2014-09-22,134.9708251953125
2014-09-23,134.02601623535156
2014-09-24,135.27001953125
2014-09-25,133.20706176757812
2014-09-26,134.4117889404297
2014-09-29,134.12042236328125
2014-09-30,133.91575622558594
2014-10-01,132.0337677001953
2014-10-02,132.01010131835938
2014-10-03,133.64015197753906
2014-10-06,133.5220489501953
2014-10-07,131.38812255859375
2014-10-08,133.56138610839844
2014-10-09,130.97862243652344
2014-10-10,130.08885192871094
2014-10-13,128.29347229003906
2014-10-14,128.37225341796875
2014-10-15,126.99427032470703
2014-10-16,126.758056640625
2014-10-17,128.7030792236328
2014-10-20,128.86058044433594
2014-10-21,130.5535888671875
2014-10-22,129.43524169921875
2014-10-23,131.06527709960938
2014-10-24,132.0810089111328
2014-10-27,132.1913604736328
2014-10-28,133.59283447265625
2014-10-29,133.3881378173828
2014-10-30,135.12045288085938
2014-10-31,136.57708740234375
2014-11-03,136.50634765625
2014-11-04,136.5850067138672
2014-11-05,137.44337463378906
2014-11-06,138.02593994140625
2014-11-07,138.2543182373047
2014-11-10,138.5457000732422
2014-11-11,138.60081481933594
2014-11-12,138.61660766601562
2014-11-13,138.9315643310547
2014-11-14,138.86061096191406
2014-11-17,138.97085571289062
2014-11-18,139.3410186767578
2014-11-19,139.3173828125
2014-11-20,139.56927490234375
2014-11-21,140.2781524658203
2014-11-24,140.35711669921875
2014-11-25,140.48338317871094
2014-11-26,140.52293395996094
2014-11-28,140.59400939941406
2014-12-01,140.19923400878906
2014-12-02,140.95709228515625
2014-12-03,141.27293395996094
2014-12-04,141.1702880859375
2014-12-05,141.70704650878906
2014-12-08,140.9413299560547
2014-12-09,140.48338317871094
2014-12-10,138.37570190429688
2014-12-11,138.9598846435547
2014-12-12,136.56802368164062
2014-12-15,135.6126708984375
2014-12-16,134.87074279785156
2014-12-17,137.03370666503906
2014-12-18,140.3491973876953
2014-12-19,140.54153442382812
2014-12-22,141.89430236816406
2014-12-23,142.4243621826172
2014-12-24,142.4243621826172
2014-12-26,142.551025390625
2014-12-29,142.4877166748047
2014-12-30,141.973388671875
2014-12-31,140.72352600097656
2015-01-02,140.7709503173828
2015-01-05,138.31846618652344
2015-01-06,137.17137145996094
2015-01-07,138.91184997558594
2015-01-08,141.41966247558594
2015-01-09,140.20135498046875
2015-01-12,139.42608642578125
2015-01-13,139.2203369140625
2015-01-14,137.70140075683594
2015-01-15,136.9103240966797
2015-01-16,138.3022003173828
2015-01-20,138.48434448242188
2015-01-21,138.84078979492188
2015-01-22,140.87559509277344
2015-01-23,139.6800079345703
2015-01-26,139.75120544433594
2015-01-27,137.4470672607422
2015-01-28,135.96653747558594
2015-01-29,137.69261169433594
2015-01-30,135.75267028808594
2015-02-02,137.19375610351562
2015-02-03,139.61672973632812
2015-02-04,139.77500915527344
2015-02-05,141.37451171875
2015-02-06,141.01022338867188
2015-02-09,140.21844482421875
2015-02-10,141.34274291992188
2015-02-11,141.49314880371094
2015-02-12,142.39581298828125
2015-02-13,142.79180908203125
2015-02-17,142.97384643554688
2015-02-18,142.89468383789062
2015-02-19,142.5938262939453
2015-02-20,143.81651306152344
2015-02-23,143.641845703125
2015-02-24,144.4278106689453
2015-02-25,144.467529296875
2015-02-26,144.5072021484375
2015-02-27,143.85617065429688
2015-03-02,145.03921508789062
2015-03-03,144.3960418701172
2015-03-04,143.5305938720703
2015-03-05,143.84030151367188
2015-03-06,141.64109802246094
2015-03-09,142.75254821777344
2015-03-10,140.2835235595703
2015-03-11,140.01341247558594
2015-03-12,142.09361267089844
2015-03-13,140.97415161132812
2015-03-16,142.7366943359375
2015-03-17,141.72036743164062
2015-03-18,143.4908905029297
2015-03-19,142.6414337158203
2015-03-20,143.92269897460938
2015-03-23,143.83518981933594
2015-03-24,143.02398681640625
2015-03-25,140.70948791503906
2015-03-26,140.35963439941406
2015-03-27,140.62205505371094
2015-03-30,142.67401123046875
2015-03-31,141.2344207763672
2015-04-01,140.56643676757812
2015-04-02,141.03567504882812
2015-04-06,142.03781127929688
2015-04-07,141.90252685546875
2015-04-08,142.1650390625
2015-04-09,142.68191528320312
2015-04-10,143.45347595214844
2015-04-13,142.8728790283203
2015-04-14,143.30239868164062
2015-04-15,143.85902404785156
2015-04-16,143.88291931152344
2015-04-17,141.61318969726562
2015-04-20,143.2765655517578
2015-04-21,142.66371154785156
2015-04-22,143.30035400390625
2015-04-23,143.54710388183594
2015-04-24,143.68234252929688
2015-04-27,143.3878631591797
2015-04-28,143.92112731933594
2015-04-29,143.30841064453125
2015-04-30,141.80410766601562
2015-05-01,143.17306518554688
2015-05-04,143.60281372070312
2015-05-05,142.46470642089844
2015-05-06,141.97125244140625
2015-05-07,142.67958068847656
2015-05-08,144.72499084472656
2015-05-11,144.11209106445312
2015-05-12,143.82562255859375
2015-05-13,143.8495635986328
2015-05-14,145.27410888671875
2015-05-15,145.54762268066406
2015-05-18,145.70716857910156
2015-05-19,145.9065399169922
2015-05-20,145.7311248779297
2015-05-21,145.79490661621094
2015-05-22,145.3721923828125
2015-05-26,143.86471557617188
2015-05-27,144.78196716308594
2015-05-28,144.59854125976562
2015-05-29,143.6573028564453
2015-06-01,143.88864135742188
2015-06-02,143.68919372558594
2015-06-03,144.27145385742188
2015-06-04,142.9394073486328
2015-06-05,142.37318420410156
2015-06-08,141.82281494140625
2015-06-09,141.7430877685547
2015-06-10,143.6173858642578
2015-06-11,144.08004760742188
2015-06-12,142.8756561279297
2015-06-15,142.05409240722656
2015-06-16,142.9394073486328
2015-06-17,143.1548309326172
2015-06-18,144.6304473876953
2015-06-19,143.75865173339844
2015-06-22,144.6863555908203
2015-06-23,144.8463134765625
2015-06-24,143.47877502441406
2015-06-25,142.87098693847656
2015-06-26,143.25485229492188
2015-06-29,140.46377563476562
2015-06-30,140.60780334472656
2015-07-01,141.8712921142578
2015-07-02,141.59140014648438
2015-07-06,141.29556274414062
2015-07-07,142.05528259277344
2015-07-08,139.95199584960938
2015-07-09,140.15988159179688
2015-07-10,141.87933349609375
2015-07-13,143.6306610107422
2015-07-14,144.2145233154297
2015-07-15,144.22256469726562
2015-07-16,144.80636596679688
2015-07-17,144.51979064941406
2015-07-20,144.6398162841797
2015-07-21,143.2629852294922
2015-07-22,142.72669982910156
2015-07-23,141.8141632080078
2015-07-24,140.50123596191406
2015-07-27,139.46873474121094
2015-07-28,140.9736785888672
2015-07-29,141.89419555664062
2015-07-30,141.86219787597656
2015-07-31,141.429931640625
2015-08-03,140.68548583984375
2015-08-04,140.3412628173828
2015-08-05,140.37322998046875
2015-08-06,139.46067810058594
2015-08-07,139.15652465820312
2015-08-10,141.03758239746094
2015-08-11,139.3726043701172
2015-08-12,139.45260620117188
2015-08-13,139.53265380859375
2015-08-14,140.00498962402344
2015-08-17,140.64544677734375
2015-08-18,140.34918212890625
2015-08-19,139.07647705078125
2015-08-20,136.25877380371094
2015-08-21,132.0345458984375
2015-08-24,127.19190216064453
2015-08-25,125.6741943359375
2015-08-26,130.62911987304688
2015-08-27,133.6727752685547
2015-08-28,133.576416015625
2015-08-31,132.65286254882812
2015-09-01,128.86241149902344
2015-09-02,131.27159118652344
2015-09-03,131.4402618408203
2015-09-04,129.2720489501953
2015-09-08,132.43618774414062
2015-09-09,130.51675415039062
2015-09-10,131.2154083251953
2015-09-11,132.0184783935547
2015-09-14,131.5205535888672
2015-09-15,133.39976501464844
2015-09-16,134.5240936279297
2015-09-17,133.9619598388672
2015-09-18,131.5946044921875
2015-09-21,132.68899536132812
2015-09-22,131.16004943847656
2015-09-23,130.830078125
2015-09-24,130.25088500976562
2015-09-25,131.0636444091797
2015-09-28,128.5771484375
2015-09-29,128.93113708496094
2015-09-30,130.85430908203125
2015-10-01,130.74974060058594
2015-10-02,132.43145751953125
2015-10-05,134.84547424316406
2015-10-06,134.93402099609375
2015-10-07,135.94786071777344
2015-10-08,137.0904541015625
2015-10-09,137.40431213378906
2015-10-12,137.73422241210938
2015-10-13,137.30772399902344
2015-10-14,136.0444793701172
2015-10-15,137.8549041748047
2015-10-16,138.37010192871094
2015-10-19,138.5633544921875
2015-10-20,138.47471618652344
2015-10-21,138.04812622070312
2015-10-22,140.720703125
2015-10-23,141.98471069335938
2015-10-26,141.70301818847656
2015-10-27,141.42117309570312
2015-10-28,143.0392608642578
2015-10-29,142.79782104492188
2015-10-30,142.08143615722656
2015-11-02,143.3936309814453
2015-11-03,144.15835571289062
2015-11-04,143.82025146484375
2015-11-05,143.8121337890625
2015-11-06,144.21469116210938
2015-11-09,142.82997131347656
2015-11-10,143.11990356445312
2015-11-11,142.6610107421875
2015-11-12,140.61618041992188
2015-11-13,138.95777893066406
2015-11-16,140.89791870117188
2015-11-17,141.01071166992188
2015-11-18,143.07960510253906
2015-11-19,143.02322387695312
2015-11-20,143.80905151367188
2015-11-23,143.55064392089844
2015-11-24,143.74444580078125
2015-11-25,143.7040557861328
2015-11-27,143.6798553466797
2015-11-30,143.1387176513672
2015-12-01,144.41476440429688
2015-12-02,143.1872100830078
2015-12-03,141.2003936767578
2015-12-04,144.0997772216797
2015-12-07,143.22752380371094
2015-12-08,141.95948791503906
2015-12-09,141.32952880859375
2015-12-10,142.04843139648438
2015-12-11,139.50433349609375
2015-12-14,140.44921875
2015-12-15,141.70921325683594
2015-12-16,143.4698486328125
2015-12-17,141.41848754882812
2015-12-18,138.4296417236328
2015-12-21,139.4415740966797
2015-12-22,140.86636352539062
2015-12-23,142.32357788085938
2015-12-24,141.84591674804688
2015-12-28,141.65162658691406
2015-12-29,143.27069091796875
2015-12-30,142.31539916992188
2015-12-31,140.85023498535156
2016-01-04,138.66436767578125
2016-01-05,138.7454071044922
2016-01-06,136.7620849609375
2016-01-07,133.5401153564453
2016-01-08,132.1477508544922
2016-01-11,132.62533569335938
2016-01-12,133.5320281982422
2016-01-13,130.6177215576172
2016-01-14,132.43104553222656
2016-01-15,129.33372497558594
2016-01-19,129.609130859375
2016-01-20,127.65715789794922
2016-01-21,128.4591064453125
2016-01-22,130.2327880859375
2016-01-25,128.54000854492188
2016-01-26,130.84024047851562
2016-01-27,129.02598571777344
2016-01-28,130.00604248046875
2016-01-29,133.1325225830078
2016-02-01,133.1081085205078
2016-02-02,130.73495483398438
2016-02-03,132.1849822998047
2016-02-04,132.94615173339844
2016-02-05,131.16429138183594
2016-02-08,129.87646484375
2016-02-09,129.787353515625
2016-02-10,129.09884643554688
2016-02-11,127.00115203857422
2016-02-12,129.5767822265625
2016-02-16,131.37486267089844
2016-02-17,133.5859832763672
2016-02-18,133.25396728515625
2016-02-19,133.085693359375
2016-02-22,134.90679931640625
2016-02-23,133.45156860351562
2016-02-24,133.8742218017578
2016-02-25,135.6383819580078
2016-02-26,135.1831512451172
2016-02-29,134.110107421875
2016-03-01,137.0042724609375
2016-03-02,137.30516052246094
2016-03-03,137.67901611328125
2016-03-04,138.22373962402344
2016-03-07,138.7115936279297
2016-03-08,137.8986053466797
2016-03-09,138.22373962402344
2016-03-10,138.25628662109375
2016-03-11,140.02052307128906
2016-03-14,140.1668243408203
2016-03-15,140.35377502441406
2016-03-16,141.0286102294922
2016-03-17,142.2235870361328
2016-03-18,143.14019775390625
2016-03-21,143.4009552001953
2016-03-22,143.14833068847656
2016-03-23,142.4232177734375
2016-03-24,142.52914428710938
2016-03-28,142.6759033203125
2016-03-29,143.44981384277344
2016-03-30,144.11790466308594
2016-03-31,143.91412353515625
2016-04-01,144.79409790039062
2016-04-04,144.30532836914062
2016-04-05,143.24612426757812
2016-04-06,144.2400665283203
2016-04-07,142.8143310546875
2016-04-08,143.11572265625
2016-04-11,142.93661499023438
2016-04-12,144.28076171875
2016-04-13,145.7718505859375
2016-04-14,145.92662048339844
2016-04-15,145.68203735351562
2016-04-18,146.57882690429688
2016-04-19,147.0191192626953
2016-04-20,147.36972045898438
2016-04-21,146.51365661621094
2016-04-22,146.67674255371094
2016-04-25,146.38320922851562
2016-04-26,146.46473693847656
2016-04-27,146.96200561523438
2016-04-28,145.29066467285156
2016-04-29,144.79331970214844
2016-05-02,145.69834899902344
2016-05-03,144.55685424804688
2016-05-04,143.7578582763672
2016-05-05,143.855712890625
2016-05-06,144.58944702148438
2016-05-09,144.2959747314453
2016-05-10,146.10592651367188
2016-05-11,144.55685424804688
2016-05-12,144.6546630859375
2016-05-13,143.0729522705078
2016-05-16,144.52423095703125
2016-05-17,143.13816833496094
2016-05-18,143.19537353515625
2016-05-19,142.42063903808594
2016-05-20,142.9868927001953
2016-05-23,143.00320434570312
2016-05-24,144.70510864257812
2016-05-25,145.86691284179688
2016-05-26,145.70335388183594
2016-05-27,146.0469207763672
2016-05-31,145.3515167236328
2016-06-01,145.41690063476562
2016-06-02,145.86691284179688
2016-06-03,145.68692016601562
2016-06-06,146.6032257080078
2016-06-07,146.76699829101562
2016-06-08,147.32330322265625
2016-06-09,147.176025390625
2016-06-10,146.2187042236328
2016-06-13,145.1142578125
2016-06-14,144.66416931152344
2016-06-15,144.46775817871094
2016-06-16,145.19606018066406
2016-06-17,144.7163848876953
2016-06-20,145.76576232910156
2016-06-21,145.97894287109375
2016-06-22,145.5772247314453
2016-06-23,147.41363525390625
2016-06-24,142.3389434814453
2016-06-27,140.35479736328125
2016-06-28,142.50283813476562
2016-06-29,144.81484985351562
2016-06-30,146.7495880126953
2016-07-01,147.00376892089844
2016-07-05,146.10189819335938
2016-07-06,146.73321533203125
2016-07-07,146.57740783691406
2016-07-08,148.63531494140625
2016-07-11,149.30738830566406
2016-07-12,150.34860229492188
2016-07-13,150.52076721191406
2016-07-14,151.6357879638672
2016-07-15,151.6807861328125
2016-07-18,151.84503173828125
2016-07-19,152.12396240234375
2016-07-20,152.41932678222656
2016-07-21,151.76287841796875
2016-07-22,152.19775390625
2016-07-25,151.62356567382812
2016-07-26,151.4511260986328
2016-07-27,151.4348907470703
2016-07-28,151.27064514160156
2016-07-29,151.06556701660156
2016-08-01,150.85235595703125
2016-08-02,150.11392211914062
2016-08-03,150.43382263183594
2016-08-04,150.50772094726562
2016-08-05,151.99266052246094
2016-08-08,152.0091094970703
2016-08-09,152.06651306152344
2016-08-10,151.8777618408203
2016-08-11,152.8459930419922
2016-08-12,152.51768493652344
2016-08-15,153.02645874023438
2016-08-16,152.40292358398438
2016-08-17,152.6818084716797
2016-08-18,152.8787384033203
2016-08-19,152.57904052734375
2016-08-22,152.4143524169922
2016-08-23,152.56251525878906
2016-08-24,152.03573608398438
2016-08-25,151.79690551757812
2016-08-26,151.3440399169922
2016-08-29,152.17556762695312
2016-08-30,151.9121551513672
2016-08-31,151.4428253173828
2016-09-01,151.57455444335938
2016-09-02,152.2003173828125
2016-09-06,152.57904052734375
2016-09-07,152.57904052734375
2016-09-08,152.16732788085938
2016-09-09,148.94808959960938
2016-09-12,150.9158477783203
2016-09-13,148.85763549804688
2016-09-14,148.55291748046875
2016-09-15,150.05966186523438
2016-09-16,149.2875518798828
2016-09-19,149.29571533203125
2016-09-20,149.353515625
2016-09-21,150.681640625
2016-09-22,151.50657653808594
2016-09-23,150.4836883544922
2016-09-26,149.10601806640625
2016-09-27,150.13722229003906
2016-09-28,151.04469299316406
2016-09-29,149.4937744140625
2016-09-30,150.7806396484375
2016-10-03,150.4011993408203
2016-10-04,149.70822143554688
2016-10-05,150.681640625
2016-10-06,150.56614685058594
2016-10-07,150.31861877441406
2016-10-10,151.0611114501953
2016-10-11,149.47723388671875
2016-10-12,149.6174774169922
2016-10-13,149.1802978515625
2016-10-14,149.55142211914062
2016-10-17,149.08128356933594
2016-10-18,149.6174774169922
2016-10-19,150.13722229003906
2016-10-20,149.75767517089844
2016-10-21,149.64212036132812
2016-10-24,150.253173828125
2016-10-25,149.85693359375
2016-10-26,150.0962677001953
2016-10-27,149.8980712890625
2016-10-28,149.75765991210938
2016-10-31,149.6007843017578
2016-11-01,148.73390197753906
2016-11-02,148.09791564941406
2016-11-03,147.89979553222656
2016-11-04,147.56947326660156
2016-11-07,150.58346557617188
2016-11-08,151.42567443847656
2016-11-09,153.55618286132812
2016-11-10,155.3480224609375
2016-11-11,155.6287384033203
2016-11-14,155.87648010253906
2016-11-15,156.34719848632812
2016-11-16,156.0498504638672
2016-11-17,156.31423950195312
2016-11-18,156.0599365234375
2016-11-21,156.7886505126953
2016-11-22,157.35166931152344
2016-11-23,157.8236846923828
2016-11-25,158.4117889404297
2016-11-28,157.9811553955078
2016-11-29,158.3206329345703
2016-11-30,158.49449157714844
2016-12-01,158.90855407714844
2016-12-02,158.77609252929688
2016-12-05,159.173583984375
2016-12-06,159.3971710205078
2016-12-07,161.87306213378906
2016-12-08,162.53561401367188
2016-12-09,163.7032012939453
2016-12-12,164.02609252929688
2016-12-13,164.97840881347656
2016-12-14,164.07574462890625
2016-12-15,164.50634765625
2016-12-16,164.47474670410156
2016-12-19,164.81503295898438
2016-12-20,165.49562072753906
2016-12-21,165.27980041503906
2016-12-22,165.1220703125
2016-12-23,165.1885528564453
2016-12-27,165.32135009765625
2016-12-28,164.383544921875
2016-12-29,164.30882263183594
2016-12-30,163.91046142578125
2017-01-03,164.66566467285156
2017-01-04,165.2715301513672
2017-01-05,164.9395294189453
2017-01-06,165.57025146484375
2017-01-09,164.94781494140625
2017-01-10,164.6491241455078
2017-01-11,165.42092895507812
2017-01-12,164.9395294189453
2017-01-13,164.89805603027344
2017-01-17,164.39186096191406
2017-01-18,164.27561950683594
2017-01-19,163.71961975097656
2017-01-20,164.44491577148438
2017-01-23,164.2952423095703
2017-01-24,165.17584228515625
2017-01-25,166.48841857910156
2017-01-26,166.73751831054688
2017-01-27,166.66278076171875
2017-01-30,165.62442016601562
2017-01-31,164.77708435058594
2017-02-01,165.0013885498047
2017-02-02,164.9847869873047
2017-02-03,166.45509338378906
2017-02-06,166.37210083007812
2017-02-07,166.62123107910156
2017-02-08,166.56300354003906
2017-02-09,167.56834411621094
2017-02-10,168.41554260253906
2017-02-13,169.62841796875
2017-02-14,170.4341583251953
2017-02-15,171.43934631347656
2017-02-16,171.5223388671875
2017-02-17,171.4899444580078
2017-02-21,172.48110961914062
2017-02-22,172.79759216308594
2017-02-23,173.10585021972656
2017-02-24,173.19749450683594
2017-02-27,173.49740600585938
2017-02-28,173.23904418945312
2017-03-01,175.7713623046875
2017-03-02,174.8301239013672
2017-03-03,174.84669494628906
2017-03-06,174.48855590820312
2017-03-07,174.2302703857422
2017-03-08,173.76388549804688
2017-03-09,173.8138885498047
2017-03-10,174.2136993408203
2017-03-13,174.03872680664062
2017-03-14,173.7055206298828
2017-03-15,174.5718994140625
2017-03-16,174.45516967773438
2017-03-17,174.31166076660156
2017-03-20,174.26995849609375
2017-03-21,172.21688842773438
2017-03-22,172.2669677734375
2017-03-23,172.18350219726562
2017-03-24,171.7161865234375
2017-03-27,171.28219604492188
2017-03-28,172.5507049560547
2017-03-29,172.18350219726562
2017-03-30,172.7258758544922
2017-03-31,172.20849609375
2017-04-03,172.1333770751953
2017-04-04,172.46722412109375
2017-04-05,172.1417694091797
2017-04-06,172.30035400390625
2017-04-07,172.2418975830078
2017-04-10,172.25022888183594
2017-04-11,172.2001190185547
2017-04-12,171.6493377685547
2017-04-13,170.56430053710938
2017-04-17,172.06666564941406
2017-04-18,171.15687561035156
2017-04-19,170.13040161132812
2017-04-20,171.67437744140625
2017-04-21,171.45050048828125
2017-04-24,173.22979736328125
2017-04-25,175.15103149414062
2017-04-26,174.9755401611328
2017-04-27,175.0507354736328
2017-04-28,174.6498260498047
2017-05-01,174.51611328125
2017-05-02,174.6915740966797
2017-05-03,174.76678466796875
2017-05-04,174.74172973632812
2017-05-05,175.22621154785156
2017-05-08,175.35157775878906
2017-05-09,175.10086059570312
2017-05-10,174.9839324951172
2017-05-11,174.81690979003906
2017-05-12,174.59141540527344
2017-05-15,175.35983276367188
2017-05-16,175.37648010253906
2017-05-17,172.46961975097656
2017-05-18,172.8788604736328
2017-05-19,174.0669403076172
2017-05-22,174.80419921875
2017-05-23,175.1979217529297
2017-05-24,175.7843780517578
2017-05-25,176.42111206054688
2017-05-26,176.38755798339844
2017-05-30,176.11117553710938
2017-05-31,175.93511962890625
2017-06-01,177.10804748535156
2017-06-02,177.5353546142578
2017-06-05,177.49346923828125
2017-06-06,177.0829620361328
2017-06-07,177.3761749267578
2017-06-08,177.49346923828125
2017-06-09,178.1720733642578
2017-06-12,177.94583129882812
2017-06-13,178.75860595703125
2017-06-14,179.1522979736328
2017-06-15,179.0265350341797
2017-06-16,179.24819946289062
2017-06-19,180.38967895507812
2017-06-20,179.95323181152344
2017-06-21,179.5251007080078
2017-06-22,179.39083862304688
2017-06-23,179.39927673339844
2017-06-26,179.5083770751953
2017-06-27,178.71939086914062
2017-06-28,179.8189697265625
2017-06-29,178.45082092285156
2017-06-30,178.97955322265625
2017-07-03,180.0287628173828
2017-07-05,180.10426330566406
2017-07-06,178.89569091796875
2017-07-07,179.6594696044922
2017-07-10,179.6090850830078
2017-07-11,179.60072326660156
2017-07-12,180.64984130859375
2017-07-13,180.8429718017578
2017-07-14,181.51437377929688
2017-07-17,181.48074340820312
2017-07-18,181.04437255859375
2017-07-19,181.56471252441406
2017-07-20,181.45567321777344
2017-07-21,181.09939575195312
2017-07-24,180.72967529296875
2017-07-25,181.37667846679688
2017-07-26,182.17486572265625
2017-07-27,182.93948364257812
2017-07-28,183.191650390625
2017-07-31,183.7630157470703
2017-08-01,184.32595825195312
2017-08-02,184.76284790039062
2017-08-03,184.9056854248047
2017-08-04,185.33425903320312
2017-08-07,185.5694580078125
2017-08-08,185.4351043701172
2017-08-09,185.275390625
2017-08-10,183.6789093017578
2017-08-11,183.7630157470703
2017-08-14,184.83010864257812
2017-08-15,184.98977661132812
2017-08-16,185.25021362304688
2017-08-17,183.0151824951172
2017-08-18,182.38255310058594
2017-08-21,182.5594482421875
2017-08-22,184.20191955566406
2017-08-23,183.55340576171875
2017-08-24,183.3343048095703
2017-08-25,183.6543731689453
2017-08-28,183.57028198242188
2017-08-29,184.1177215576172
2017-08-30,184.40402221679688
2017-08-31,184.9010467529297
2017-09-01,185.2379913330078
2017-09-05,183.34280395507812
2017-09-06,183.83139038085938
2017-09-07,183.71339416503906
2017-09-08,183.82278442382812
2017-09-11,185.94552612304688
2017-09-12,186.5014190673828
2017-09-13,186.78778076171875
2017-09-14,187.259521484375
2017-09-15,187.7557830810547
2017-09-18,188.35504150390625
2017-09-19,188.70953369140625
2017-09-20,188.97958374023438
2017-09-21,188.61663818359375
2017-09-22,188.3887939453125
2017-09-25,188.0680389404297
2017-09-26,187.95838928222656
2017-09-27,188.32122802734375
2017-09-28,188.7263946533203
2017-09-29,188.912109375
2017-10-02,190.11068725585938
2017-10-03,190.9546661376953
2017-10-04,191.09811401367188
2017-10-05,192.13632202148438
2017-10-06,192.060302734375
2017-10-09,192.04354858398438
2017-10-10,192.65963745117188
2017-10-11,192.955078125
2017-10-12,192.71865844726562
2017-10-13,193.05638122558594
2017-10-16,193.66403198242188
2017-10-17,194.00167846679688
2017-10-18,195.360595703125
2017-10-19,195.5207977294922
2017-10-20,196.9256591796875
2017-10-23,196.52017211914062
2017-10-24,197.90548706054688
2017-10-25,196.95103454589844
2017-10-26,197.53384399414062
2017-10-27,197.80413818359375
2017-10-30,197.09457397460938
2017-10-31,197.34805297851562
2017-11-01,197.821044921875
2017-11-02,198.471435546875
2017-11-03,198.6573028564453
2017-11-06,198.85159301757812
2017-11-07,198.86001586914062
2017-11-08,198.8937530517578
2017-11-09,198.2687225341797
2017-11-10,198.02378845214844
2017-11-13,198.2180633544922
2017-11-14,197.8970489501953
2017-11-15,196.7821044921875
2017-11-16,198.4292449951172
2017-11-17,197.61807250976562
2017-11-20,198.26153564453125
2017-11-21,199.59938049316406
2017-11-22,199.125244140625
2017-11-24,199.3792266845703
2017-11-27,199.59938049316406
2017-11-28,201.80938720703125
2017-11-29,202.72373962402344
2017-11-30,205.61965942382812
2017-12-01,205.28936767578125
2017-12-04,205.8482208251953
2017-12-05,204.91688537597656
2017-12-06,204.586669921875
2017-12-07,205.2132110595703
2017-12-08,206.28001403808594
2017-12-11,206.74575805664062
2017-12-12,207.82119750976562
2017-12-13,208.54931640625
2017-12-14,207.9311981201172
2017-12-15,208.984375
2017-12-18,210.29135131835938
2017-12-19,209.96038818359375
2017-12-20,209.68028259277344
2017-12-21,210.18101501464844
2017-12-22,209.96038818359375
2017-12-26,209.83309936523438
2017-12-27,210.0282440185547
2017-12-28,210.57981872558594
2017-12-29,209.94338989257812
2018-01-02,210.48654174804688
2018-01-03,211.27584838867188
2018-01-04,212.6761474609375
2018-01-05,214.4752960205078
2018-01-08,214.3649139404297
2018-01-09,215.4088592529297
2018-01-10,215.23912048339844
2018-01-11,216.9279022216797
2018-01-12,218.87986755371094
2018-01-16,218.7949981689453
2018-01-17,221.5701446533203
2018-01-18,220.78933715820312
2018-01-19,221.23439025878906
2018-01-22,222.45709228515625
2018-01-23,222.3636474609375
2018-01-24,222.95811462402344
2018-01-25,223.96009826660156
2018-01-26,225.79420471191406
2018-01-29,224.30821228027344
2018-01-30,221.3022918701172
2018-01-31,221.99855041503906
2018-02-01,222.15139770507812
2018-02-02,216.4706268310547
2018-02-05,206.5697784423828
2018-02-06,211.4013214111328
2018-02-07,211.23150634765625
2018-02-08,202.6637420654297
2018-02-09,205.51683044433594
2018-02-12,209.0321807861328
2018-02-13,209.3718719482422
2018-02-14,211.69004821777344
2018-02-15,214.4072265625
2018-02-16,214.4967041015625
2018-02-20,212.27479553222656
2018-02-21,210.88717651367188
2018-02-22,212.39390563964844
2018-02-23,215.30538940429688
2018-02-26,218.71910095214844
2018-02-27,216.19935607910156
2018-02-28,212.998291015625
2018-03-01,209.40577697753906
2018-03-02,208.86947631835938
2018-03-05,211.8405303955078
2018-03-06,211.8405303955078
2018-03-07,211.2191619873047
2018-03-08,212.09596252441406
2018-03-09,215.85879516601562
2018-03-12,214.4967041015625
2018-03-13,213.0153045654297
2018-03-14,211.023193359375
2018-03-15,211.97677612304688
2018-03-16,212.44927978515625
2018-03-19,209.72862243652344
2018-03-20,210.74346923828125
2018-03-21,210.33413696289062
2018-03-22,204.14239501953125
2018-03-23,200.5347137451172
2018-03-26,206.2403564453125
2018-03-27,203.22975158691406
2018-03-28,203.22125244140625
2018-03-29,205.88217163085938
2018-04-02,201.4046173095703
2018-04-03,204.81605529785156
2018-04-04,206.78619384765625
2018-04-05,208.87579345703125
2018-04-06,203.9462127685547
2018-04-09,204.45790100097656
2018-04-10,208.108154296875
2018-04-11,206.2915802001953
2018-04-12,208.79049682617188
2018-04-13,207.74148559570312
2018-04-16,209.4813232421875
2018-04-17,211.3404541015625
2018-04-18,210.98233032226562
2018-04-19,210.29151916503906
2018-04-20,208.62071228027344
2018-04-23,208.50978088378906
2018-04-24,204.87464904785156
2018-04-25,205.39517211914062
2018-04-26,207.4601593017578
2018-04-27,207.3151092529297
2018-04-30,206.11190795898438
2018-05-01,205.44638061523438
2018-05-02,204.03829956054688
2018-05-03,204.02978515625
2018-05-04,206.94818115234375
2018-05-07,207.71612548828125
2018-05-08,207.71612548828125
2018-05-09,209.40576171875
2018-05-10,211.1636505126953
2018-05-11,212.085205078125
2018-05-14,212.70809936523438
2018-05-15,211.03553771972656
2018-05-16,211.59878540039062
2018-05-17,211.40257263183594
2018-05-18,211.36578369140625
2018-05-21,213.88165283203125
2018-05-22,212.37547302246094
2018-05-23,212.76055908203125
2018-05-24,212.14447021484375
2018-05-25,211.68228149414062
2018-05-29,208.32785034179688
2018-05-30,211.10903930664062
2018-05-31,208.9525604248047
2018-06-01,210.8180694580078
2018-06-04,212.3926239013672
2018-06-05,212.34983825683594
2018-06-06,215.23367309570312
2018-06-07,216.09793090820312
2018-06-08,216.7311553955078
2018-06-11,216.83392333984375
2018-06-12,216.7568817138672
2018-06-13,215.79835510253906
2018-06-14,215.63584899902344
2018-06-15,214.88677978515625
2018-06-18,214.02125549316406
2018-06-19,211.57876586914062
2018-06-20,211.21884155273438
2018-06-21,209.53912353515625
2018-06-22,210.55885314941406
2018-06-25,207.66220092773438
2018-06-26,207.9707489013672
2018-06-27,206.6423797607422
2018-06-28,207.46507263183594
2018-06-29,208.02215576171875
2018-07-02,208.02215576171875
2018-07-03,207.10519409179688
2018-07-05,208.72500610351562
2018-07-06,209.62478637695312
2018-07-09,212.40151977539062
2018-07-10,213.59271240234375
2018-07-11,211.750244140625
2018-07-12,213.65267944335938
2018-07-13,214.42401123046875
2018-07-16,214.8267822265625
2018-07-17,215.34962463378906
2018-07-18,215.9923095703125
2018-07-19,214.92962646484375
2018-07-20,214.9022216796875
2018-07-23,214.747802734375
2018-07-24,216.4209747314453
2018-07-25,217.9741668701172
2018-07-26,218.91799926757812
2018-07-27,218.18016052246094
2018-07-30,216.9873504638672
2018-07-31,218.1029052734375
2018-08-01,217.1933135986328
2018-08-02,217.1847381591797
2018-08-03,218.2917022705078
2018-08-06,218.68637084960938
2018-08-07,219.776123046875
2018-08-08,219.34716796875
2018-08-09,218.95237731933594
2018-08-10,217.35638427734375
2018-08-13,216.275146484375
2018-08-14,217.27915954589844
2018-08-15,216.0348358154297
2018-08-16,219.62181091308594
2018-08-17,220.57456970214844
2018-08-20,221.3656463623047
2018-08-21,221.91603088378906
2018-08-22,221.150634765625
2018-08-23,220.55728149414062
2018-08-24,221.7268829345703
2018-08-27,224.07440185546875
2018-08-28,224.12591552734375
2018-08-29,224.71925354003906
2018-08-30,223.58424377441406
2018-08-31,223.44651794433594
2018-09-04,223.34349060058594
2018-09-05,223.50685119628906
2018-09-06,223.82493591308594
2018-09-07,223.18008422851562
2018-09-10,222.66409301757812
2018-09-11,223.60142517089844
2018-09-12,223.79058837890625
2018-09-13,225.10623168945312
2018-09-14,225.2007598876953
2018-09-17,224.41827392578125
2018-09-18,226.0778045654297
2018-09-19,227.37646484375
2018-09-20,229.6293182373047
2018-09-21,230.16868591308594
2018-09-24,228.70382690429688
2018-09-25,228.10940551757812
2018-09-26,227.29071044921875
2018-09-27,227.69580078125
2018-09-28,227.82498168945312
2018-10-01,229.83267211914062
2018-10-02,230.55648803710938
2018-10-03,230.88394165039062
2018-10-04,229.41903686523438
2018-10-05,227.75604248046875
2018-10-08,228.19544982910156
2018-10-09,227.6785125732422
2018-10-10,220.63876342773438
2018-10-11,215.64962768554688
2018-10-12,218.26052856445312
2018-10-15,217.4333038330078
2018-10-16,222.24139404296875
2018-10-17,221.42279052734375
2018-10-18,218.587890625
2018-10-19,219.27342224121094
2018-10-22,218.1697998046875
2018-10-23,216.98858642578125
2018-10-24,211.78952026367188
2018-10-25,215.35037231445312
2018-10-26,212.55686950683594
2018-10-29,210.78082275390625
2018-10-30,214.42787170410156
2018-10-31,216.57473754882812
2018-11-01,218.76461791992188
2018-11-02,217.66970825195312
2018-11-05,219.41128540039062
2018-11-06,220.92015075683594
2018-11-07,225.70530700683594
2018-11-08,225.98126220703125
2018-11-09,224.2482452392578
2018-11-12,219.18716430664062
2018-11-13,218.18702697753906
2018-11-14,216.333251953125
2018-11-15,218.3249969482422
2018-11-16,219.56166076660156
2018-11-19,215.94052124023438
2018-11-20,211.30813598632812
2018-11-21,211.43777465820312
2018-11-23,209.84759521484375
2018-11-26,212.94151306152344
2018-11-27,213.90089416503906
2018-11-28,219.38018798828125
2018-11-29,219.1641387939453
2018-11-30,220.82345581054688
2018-12-03,223.6063690185547
2018-12-04,216.69236755371094
2018-12-06,215.81944274902344
2018-12-07,211.14398193359375
2018-12-10,211.48963928222656
2018-12-11,211.07484436035156
2018-12-12,212.50082397460938
2018-12-13,212.83786010742188
2018-12-14,208.64627075195312
2018-12-17,204.33364868164062
2018-12-18,205.13743591308594
2018-12-19,201.7322998046875
2018-12-20,197.81716918945312
2018-12-21,194.1914825439453
2018-12-24,189.0008087158203
2018-12-26,198.19509887695312
2018-12-27,200.40492248535156
2018-12-28,199.7289276123047
2018-12-31,202.08604431152344
2019-01-02,202.2246856689453
2019-01-03,196.47064208984375
2019-01-04,203.02186584472656
2019-01-07,203.9578857421875
2019-01-08,206.17625427246094
2019-01-09,207.0428009033203
2019-01-10,207.97882080078125
2019-01-11,207.87478637695312
2019-01-14,207.06019592285156
2019-01-15,208.5334014892578
2019-01-16,209.59059143066406
2019-01-17,211.27175903320312
2019-01-18,214.24102783203125
2019-01-22,211.59617614746094
2019-01-23,213.08766174316406
2019-01-24,212.8708953857422
2019-01-25,214.53590393066406
2019-01-28,212.5500030517578
2019-01-29,213.07904052734375
2019-01-30,216.95535278320312
2019-01-31,216.9032745361328
2019-02-01,217.2155303955078
2019-02-04,218.81121826171875
2019-02-05,220.23336791992188
2019-02-06,220.15530395507812
2019-02-07,218.4469757080078
2019-02-08,217.9439239501953
2019-02-11,217.61448669433594
2019-02-12,220.72772216796875
2019-02-13,221.8290252685547
2019-02-14,221.27398681640625
2019-02-15,224.915771484375
2019-02-19,225.05490112304688
2019-02-20,225.65496826171875
2019-02-21,224.8114471435547
2019-02-22,226.23756408691406
2019-02-25,226.86361694335938
2019-02-26,226.55929565429688
2019-02-27,225.9766387939453
2019-02-28,225.46360778808594
2019-03-01,226.45497131347656
2019-03-04,224.5939483642578
2019-03-05,224.51588439941406
2019-03-06,223.3679962158203
2019-03-07,221.5766143798828
2019-03-08,221.48968505859375
2019-03-11,223.27227783203125
2019-03-12,222.4896240234375
2019-03-13,223.7853546142578
2019-03-14,223.95057678222656
2019-03-15,225.12257385253906
2019-03-18,225.68902587890625
2019-03-19,225.59326171875
2019-03-20,224.20765686035156
2019-03-21,226.20327758789062
2019-03-22,222.17733764648438
2019-03-25,222.2731170654297
2019-03-26,223.48434448242188
2019-03-27,223.17930603027344
2019-03-28,224.024658203125
2019-03-29,225.8110809326172
2019-04-01,228.65194702148438
2019-04-02,228.0419464111328
2019-04-03,228.31207275390625
2019-04-04,229.8631591796875
2019-04-05,230.19430541992188
2019-04-08,229.3751678466797
2019-04-09,227.8850860595703
2019-04-10,227.9634552001953
2019-04-11,227.78916931152344
2019-04-12,230.11595153808594
2019-04-15,229.88919067382812
2019-04-16,230.51675415039062
2019-04-17,230.51675415039062
2019-04-18,231.5526123046875
2019-04-22,231.12535095214844
2019-04-23,232.3547821044922
2019-04-24,231.86659240722656
2019-04-25,230.65451049804688
2019-04-26,231.36080932617188
2019-04-29,231.447998046875
2019-04-30,231.75308227539062
2019-05-01,230.32321166992188
2019-05-02,229.2158203125
2019-05-03,231.03823852539062
2019-05-06,230.42774963378906
2019-05-07,226.2861328125
2019-05-08,226.40818786621094
2019-05-09,225.3444061279297
2019-05-10,226.63487243652344
2019-05-13,221.01084899902344
2019-05-14,223.0511932373047
2019-05-15,224.01904296875
2019-05-16,225.97206115722656
2019-05-17,225.03158569335938
2019-05-20,224.3585205078125
2019-05-21,226.1942901611328
2019-05-22,225.17149353027344
2019-05-23,222.6890106201172
2019-05-24,223.8778839111328
2019-05-28,221.56138610839844
2019-05-29,219.63833618164062
2019-05-30,220.1627960205078
2019-05-31,216.97232055664062
2019-06-03,217.217041015625
2019-06-04,221.71875
2019-06-05,223.53695678710938
2019-06-06,225.27630615234375
2019-06-07,227.48794555664062
2019-06-10,228.13467407226562
2019-06-11,228.0386199951172
2019-06-12,227.66275024414062
2019-06-13,228.6329345703125
2019-06-14,228.58926391601562
2019-06-17,228.73788452148438
2019-06-18,231.9284210205078
2019-06-19,232.12945556640625
2019-06-20,234.33212280273438
2019-06-21,234.03173828125
2019-06-24,234.09298706054688
2019-06-25,232.4195098876953
2019-06-26,232.3843231201172
2019-06-27,232.3230438232422
2019-06-28,232.9364013671875
2019-07-01,233.91770935058594
2019-07-02,234.5223388671875
2019-07-03,236.18704223632812
2019-07-05,235.9329833984375
2019-07-08,234.87289428710938
2019-07-09,234.69757080078125
2019-07-10,235.42477416992188
2019-07-11,237.37872314453125
2019-07-12,239.54298400878906
2019-07-15,239.72702026367188
2019-07-16,239.5692901611328
2019-07-17,238.57034301757812
2019-07-18,238.5615997314453
2019-07-19,238.03819274902344
2019-07-22,238.2134552001953
2019-07-23,239.7042999267578
2019-07-24,239.0552215576172
2019-07-25,237.9854736328125
2019-07-26,238.39755249023438
2019-07-29,238.63436889648438
2019-07-30,238.44149780273438
2019-07-31,235.46865844726562
2019-08-01,233.04843139648438
2019-08-02,232.21533203125
2019-08-05,225.454345703125
2019-08-06,228.25167846679688
2019-08-07,228.2079620361328
2019-08-08,231.61898803710938
2019-08-09,230.78604125976562
2019-08-12,227.47122192382812
2019-08-13,230.7772674560547
2019-08-14,223.6829833984375
2019-08-15,224.80540466308594
2019-08-16,227.6136932373047
2019-08-19,229.77650451660156
2019-08-20,228.3258514404297
2019-08-21,230.38327026367188
2019-08-22,230.8492431640625
2019-08-23,225.33648681640625
2019-08-26,227.80712890625
2019-08-27,226.66409301757812
2019-08-28,228.9413604736328
2019-08-29,232.02745056152344
2019-08-30,232.22958374023438
2019-09-03,229.84681701660156
2019-09-04,232.05372619628906
2019-09-05,235.3509063720703
2019-09-06,235.91357421875
2019-09-09,236.33567810058594
2019-09-10,236.85433959960938
2019-09-11,238.87661743164062
2019-09-12,239.43051147460938
2019-09-13,239.6767120361328
2019-09-16,238.41943359375
2019-09-17,238.7623291015625
2019-09-18,239.12286376953125
2019-09-19,238.63919067382812
2019-09-20,237.2969207763672
2019-09-23,237.39393615722656
2019-09-24,236.16879272460938
2019-09-25,237.5878143310547
2019-09-26,236.97084045410156
2019-09-27,236.18643188476562
2019-09-30,237.23519897460938
2019-10-01,233.9919891357422
2019-10-02,229.779296875
2019-10-03,230.9160614013672
2019-10-04,234.1329803466797
2019-10-07,233.3220672607422
2019-10-08,230.53712463378906
2019-10-09,232.1676483154297
2019-10-10,233.56008911132812
2019-10-11,236.33628845214844
2019-10-14,236.07186889648438
2019-10-15,238.1517333984375
2019-10-16,238.02845764160156
2019-10-17,238.2928009033203
2019-10-18,236.02894592285156
2019-10-21,236.53173828125
2019-10-22,236.18783569335938
2019-10-23,236.55812072753906
2019-10-24,236.3288116455078
2019-10-25,237.75755310058594
2019-10-28,238.8245849609375
2019-10-29,238.87744140625
2019-10-30,239.64476013183594
2019-10-31,238.53370666503906
2019-11-01,241.0558624267578
2019-11-04,242.1229705810547
2019-11-05,242.35218811035156
2019-11-06,242.3433074951172
2019-11-07,244.32757568359375
2019-11-08,244.34523010253906
2019-11-11,244.42465209960938
2019-11-12,244.53916931152344
2019-11-13,245.20948791503906
2019-11-14,245.36822509765625
2019-11-15,247.33302307128906
2019-11-18,247.6245574951172
2019-11-19,246.79432678222656
2019-11-20,245.7957305908203
2019-11-21,245.37184143066406
2019-11-22,246.37905883789062
2019-11-25,248.09307861328125
2019-11-26,248.58766174316406
2019-11-27,249.07369995117188
2019-11-29,248.22543334960938
2019-12-02,245.7957305908203
2019-12-03,243.41909790039062
2019-12-04,244.77978515625
2019-12-05,245.0535888671875
2019-12-06,248.00466918945312
2019-12-09,247.17410278320312
2019-12-10,246.90908813476562
2019-12-11,247.1388397216797
2019-12-12,249.10911560058594
2019-12-13,249.25045776367188
2019-12-16,250.09864807128906
2019-12-17,250.3900604248047
2019-12-18,250.22225952148438
2019-12-19,251.32669067382812
2019-12-20,252.09413146972656
2019-12-23,252.86521911621094
2019-12-24,252.58160400390625
2019-12-26,253.5121307373047
2019-12-27,253.7512969970703
2019-12-30,252.15615844726562
2019-12-31,252.66140747070312
2020-01-02,255.7807159423828
2020-01-03,253.7426300048828
2020-01-06,254.3274688720703
2020-01-07,253.22845458984375
2020-01-08,254.6996307373047
2020-01-09,256.61395263671875
2020-01-10,255.44406127929688
2020-01-13,256.13525390625
2020-01-14,256.3125915527344
2020-01-15,257.3139953613281
2020-01-16,259.6004638671875
2020-01-17,260.0242004394531
2020-01-21,258.7475280761719
2020-01-22,258.7298583984375
2020-01-23,258.4903564453125
2020-01-24,256.94757080078125
2020-01-27,253.0109100341797
2020-01-28,254.72218322753906
2020-01-29,254.72218322753906
2020-01-30,255.83053588867188
2020-01-31,250.40411376953125
2020-02-03,251.78749084472656
2020-02-04,255.38706970214844
2020-02-05,259.6607360839844
2020-02-06,260.44097900390625
2020-02-07,258.17999267578125
2020-02-10,259.7405700683594
2020-02-11,259.73162841796875
2020-02-12,262.19659423828125
2020-02-13,261.3985290527344
2020-02-14,261.1502990722656
2020-02-18,259.7405700683594
2020-02-19,260.7601623535156
2020-02-20,259.58978271484375
2020-02-21,257.6017150878906
2020-02-24,248.5510711669922
2020-02-25,240.67376708984375
2020-02-26,239.82032775878906
2020-02-27,228.93789672851562
2020-02-28,226.32403564453125
2020-03-02,237.41087341308594
2020-03-03,230.53822326660156
2020-03-04,240.84271240234375
2020-03-05,232.458740234375
2020-03-06,230.13827514648438
2020-03-09,212.24105834960938
2020-03-10,222.6876220703125
2020-03-11,209.68045043945312
2020-03-12,188.58261108398438
2020-03-13,206.3642120361328
2020-03-16,180.02963256835938
2020-03-17,189.79171752929688
2020-03-18,177.27345275878906
2020-03-19,178.9805145263672
2020-03-20,171.12608337402344
2020-03-23,165.98065185546875
2020-03-24,184.27037048339844
2020-03-25,189.10366821289062
2020-03-26,200.70529174804688
2020-03-27,192.92929077148438
2020-03-30,198.948486328125
2020-03-31,195.49752807617188
2020-04-01,186.71372985839844
2020-04-02,190.79806518554688
2020-04-03,187.8017578125
2020-04-06,202.00718688964844
2020-04-07,202.06959533691406
2020-04-08,208.9628143310547
2020-04-09,211.4687042236328
2020-04-13,208.6328582763672
2020-04-14,213.73370361328125
2020-04-15,209.6316680908203
2020-04-16,209.86349487304688
2020-04-17,216.30551147460938
2020-04-20,211.13931274414062
2020-04-21,205.41122436523438
2020-04-22,209.4709014892578
2020-04-23,209.7386474609375
2020-04-24,212.20118713378906
2020-04-27,215.31507873535156
2020-04-28,215.10980224609375
2020-04-29,219.8922576904297
2020-04-30,217.0104217529297
2020-05-01,211.71041870117188
2020-05-04,211.8353729248047
2020-05-05,213.0666046142578
2020-05-06,211.33572387695312
2020-05-07,213.16482543945312
2020-05-08,217.36721801757812
2020-05-11,216.4215087890625
2020-05-12,212.42422485351562
2020-05-13,207.7310333251953
2020-05-14,211.237548828125
2020-05-15,211.79360961914062
2020-05-18,219.8573760986328
2020-05-19,216.54058837890625
2020-05-20,219.67855834960938
2020-05-21,219.0438232421875
2020-05-22,218.91871643066406
2020-05-26,223.71932983398438
2020-05-27,228.6541290283203
2020-05-28,227.3846435546875
2020-05-29,227.3310546875
2020-06-01,228.2071533203125
2020-06-02,230.51368713378906
2020-06-03,235.26966857910156
2020-06-04,235.41262817382812
2020-06-05,242.75222778320312
2020-06-08,246.98965454101562
2020-06-09,244.39720153808594
2020-06-10,241.78671264648438
2020-06-11,225.3106231689453
2020-06-12,229.5213165283203
2020-06-15,230.96054077148438
2020-06-16,235.85072326660156
2020-06-17,234.06268310546875
2020-06-18,233.73196411132812
2020-06-19,232.03111267089844
2020-06-22,233.39395141601562
2020-06-23,234.45184326171875
2020-06-24,228.29254150390625
2020-06-25,230.811767578125
2020-06-26,224.48208618164062
2020-06-29,229.4401092529297
2020-06-30,231.19737243652344
2020-07-01,230.69525146484375
2020-07-02,231.69036865234375
2020-07-06,235.79672241210938
2020-07-07,232.2463836669922
2020-07-08,233.75267028808594
2020-07-09,230.6324920654297
2020-07-10,233.8423309326172
2020-07-13,234.03948974609375
2020-07-14,239.015380859375
2020-07-15,241.09542846679688
2020-07-16,239.80445861816406
2020-07-17,239.3386688232422
2020-07-20,239.4104766845703
2020-07-21,240.77427673339844
2020-07-22,242.24581909179688
2020-07-23,239.29383850097656
2020-07-24,237.49929809570312
2020-07-27,238.62985229492188
2020-07-28,236.81736755371094
2020-07-29,238.22604370117188
2020-07-30,236.234130859375
2020-07-31,237.19418334960938
2020-08-03,239.3207244873047
2020-08-04,240.83712768554688
2020-08-05,244.0583953857422
2020-08-06,245.76319885253906
2020-08-07,246.4092559814453
2020-08-10,249.56764221191406
2020-08-11,248.71534729003906
2020-08-12,251.2725067138672
2020-08-13,250.716064453125
2020-08-14,251.05714416503906
2020-08-17,250.29440307617188
2020-08-18,249.6212921142578
2020-08-19,248.93060302734375
2020-08-20,249.32528686523438
2020-08-21,251.1453857421875
2020-08-24,254.64337158203125
2020-08-25,254.1398468017578
2020-08-26,254.86822509765625
2020-08-27,256.31591796875
2020-08-28,257.8087463378906
2020-08-31,255.6324920654297
2020-09-01,257.8895568847656
2020-09-02,261.86419677734375
2020-09-03,254.78721618652344
2020-09-04,253.37525939941406
2020-09-08,247.6654052734375
2020-09-09,251.64894104003906
2020-09-10,247.9980010986328
2020-09-11,249.16712951660156
2020-09-14,252.2605438232422
2020-09-15,252.30528259277344
2020-09-16,252.70999145507812
2020-09-17,251.3971710205078
2020-09-18,249.24917602539062
2020-09-21,244.67015075683594
2020-09-22,245.905029296875
2020-09-23,241.19088745117188
2020-09-24,241.65960693359375
2020-09-25,244.90464782714844
2020-09-28,248.69041442871094
2020-09-29,247.35633850097656
2020-09-30,250.13255310058594
2020-10-01,250.70944213867188
2020-10-02,249.50155639648438
2020-10-05,253.7470703125
2020-10-06,250.33090209960938
2020-10-07,255.01800537109375
2020-10-08,256.25299072265625
2020-10-09,257.73095703125
2020-10-12,260.01165771484375
2020-10-13,258.46124267578125
2020-10-14,257.0101318359375
2020-10-15,256.9288635253906
2020-10-16,257.8731689453125
2020-10-19,254.32020568847656
2020-10-20,255.14976501464844
2020-10-21,254.26596069335938
2020-10-22,255.7810821533203
2020-10-23,255.50149536132812
2020-10-26,249.78439331054688
2020-10-27,247.67428588867188
2020-10-28,239.39633178710938
2020-10-29,240.3971710205078
2020-10-30,239.0175018310547
2020-11-02,242.75074768066406
2020-11-03,247.6654052734375
2020-11-04,251.14599609375
2020-11-05,256.0154724121094
2020-11-06,255.39315795898438
2020-11-09,263.05804443359375
2020-11-10,265.5738830566406
2020-11-11,265.21337890625
2020-11-12,262.4539794921875
2020-11-13,266.151123046875
2020-11-16,270.506591796875
2020-11-17,269.000732421875
2020-11-18,265.7995910644531
2020-11-19,266.3133850097656
2020-11-20,264.37213134765625
2020-11-23,267.4087829589844
2020-11-24,271.5117492675781
2020-11-25,269.9844970703125
2020-11-27,270.436279296875
2020-11-30,268.06842041015625
2020-12-01,269.7132568359375
2020-12-02,270.38201904296875
2020-12-03,271.17755126953125
2020-12-04,273.4637756347656
2020-12-07,272.11724853515625
2020-12-08,273.1114196777344
2020-12-09,271.91851806640625
2020-12-10,271.6111145019531
2020-12-11,271.963623046875
2020-12-14,270.30987548828125
2020-12-15,273.49102783203125
2020-12-16,273.0662841796875
2020-12-17,274.2771911621094
2020-12-18,273.36993408203125
2020-12-21,273.5873107910156
2020-12-22,271.7129821777344
2020-12-23,272.8086242675781
2020-12-24,273.4786376953125
2020-12-28,275.27154541015625
2020-12-29,274.78240966796875
2020-12-30,275.3891906738281
2020-12-31,276.8923034667969
2021-01-04,273.7502746582031
2021-01-05,275.12652587890625
2021-01-06,279.0835266113281
2021-01-07,281.15704345703125
2021-01-08,281.6461486816406
2021-01-11,280.8583679199219
2021-01-12,281.3743896484375
2021-01-13,281.2749328613281
2021-01-14,280.7498474121094
2021-01-15,279.11724853515625
2021-01-19,280.20428466796875
2021-01-20,282.4236755371094
2021-01-21,282.51434326171875
2021-01-22,280.7933044433594
2021-01-25,280.5032653808594
2021-01-26,280.2677917480469
2021-01-27,274.71478271484375
2021-01-28,277.26031494140625
2021-01-29,271.5895690917969
2021-02-01,273.5915222167969
2021-02-02,277.939697265625
2021-02-03,278.3382873535156
2021-02-04,281.4273681640625
2021-02-05,282.2153625488281
2021-02-08,284.3442077636719
2021-02-09,284.371337890625
2021-02-10,284.8970031738281
2021-02-11,285.05987548828125
2021-02-12,285.3860168457031
2021-02-16,285.8750915527344
2021-02-17,286.7991027832031
2021-02-18,285.8570556640625
2021-02-19,285.8216857910156
2021-02-22,286.0849609375
2021-02-23,286.248291015625
2021-02-24,290.00567626953125
2021-02-25,284.9685974121094
2021-02-26,280.85699462890625
2021-03-01,286.42974853515625
2021-03-02,285.1590270996094
2021-03-03,284.0699768066406
2021-03-04,280.9749755859375
2021-03-05,286.1120300292969
2021-03-08,288.8439025878906
2021-03-09,289.1707458496094
2021-03-10,293.4544982910156
2021-03-11,295.2696533203125
2021-03-12,297.97442626953125
2021-03-15,299.5899963378906
2021-03-16,298.47357177734375
2021-03-17,300.2070617675781
2021-03-18,298.9274597167969
2021-03-19,296.490966796875
2021-03-22,297.609619140625
2021-03-23,294.71759033203125
2021-03-24,294.7357482910156
2021-03-25,296.65460205078125
2021-03-26,300.67437744140625
2021-03-29,301.62933349609375
2021-03-30,300.865478515625
2021-03-31,300.28338623046875
2021-04-01,301.4383544921875
2021-04-05,304.848876953125
2021-04-06,304.0940856933594
2021-04-07,304.0940856933594
2021-04-08,304.7852783203125
2021-04-09,307.26800537109375
2021-04-12,306.98614501953125
2021-04-13,306.29486083984375
2021-04-14,306.96783447265625
2021-04-15,309.61444091796875
2021-04-16,311.0081787109375
2021-04-19,309.9983825683594
2021-04-20,307.6057434082031
2021-04-21,310.49859619140625
2021-04-22,307.6057434082031
2021-04-23,309.7071838378906
2021-04-26,309.1976623535156
2021-04-27,309.161376953125
2021-04-28,307.8329772949219
2021-04-29,309.83447265625
2021-04-30,308.3515625
2021-05-03,310.3257141113281
2021-05-04,310.6713562011719
2021-05-05,311.3902893066406
2021-05-06,314.3287048339844
2021-05-07,316.48480224609375
2021-05-10,316.3575134277344
2021-05-11,311.96337890625
2021-05-12,305.67694091796875
2021-05-13,309.7254638671875
2021-05-14,313.1914978027344
2021-05-17,312.63665771484375
2021-05-18,310.3257141113281
2021-05-19,308.80657958984375
2021-05-20,310.6987609863281
2021-05-21,311.813720703125
2021-05-24,313.5638732910156
2021-05-25,312.8529052734375
2021-05-26,312.93499755859375
2021-05-27,314.1476135253906
2021-05-28,315.09564208984375
2021-06-01,315.3051452636719
2021-06-02,315.7519836425781
2021-06-03,315.44195556640625
2021-06-04,317.1559143066406
2021-06-07,315.961669921875
2021-06-08,315.7337646484375
2021-06-09,314.32073974609375
2021-06-10,314.493896484375
2021-06-11,314.6214904785156
2021-06-14,313.8741149902344
2021-06-15,313.0625305175781
2021-06-16,310.646728515625
2021-06-17,308.7232360839844
2021-06-18,303.9786682128906
2021-06-21,309.2920227050781
2021-06-22,309.90386962890625
2021-06-23,309.2920227050781
2021-06-24,312.2134704589844
2021-06-25,314.468505859375
2021-06-28,312.9620361328125
2021-06-29,313.0169372558594
2021-06-30,314.9249572753906
2021-07-01,316.2122497558594
2021-07-02,317.6547546386719
2021-07-06,315.7192077636719
2021-07-07,316.72357177734375
2021-07-08,314.4046630859375
2021-07-09,318.3760070800781
2021-07-12,319.56280517578125
2021-07-13,318.6224670410156
2021-07-14,318.996826171875
2021-07-15,319.48065185546875
2021-07-16,316.74658203125
2021-07-19,310.47998046875
2021-07-20,315.23016357421875
2021-07-21,317.8883972167969
2021-07-22,318.13507080078125
2021-07-23,320.2453918457031
2021-07-26,321.0126037597656
2021-07-27,320.2908630371094
2021-07-28,319.1400146484375
2021-07-29,320.4736633300781
2021-07-30,319.2494812011719
2021-08-02,318.21722412109375
2021-08-03,320.72027587890625
2021-08-04,317.8883972167969
2021-08-05,320.28173828125
2021-08-06,321.6336669921875
2021-08-09,320.7751159667969
2021-08-10,322.2184753417969
2021-08-11,324.23712158203125
2021-08-12,324.5021667480469
2021-08-13,324.6483459472656
2021-08-16,325.726318359375
2021-08-17,323.22332763671875
2021-08-18,319.8341064453125
2021-08-19,319.2494812011719
2021-08-20,321.3460998535156
2021-08-23,323.44171142578125
2021-08-24,323.7068786621094
2021-08-25,324.109619140625
2021-08-26,322.2610778808594
2021-08-27,324.4664001464844
2021-08-30,324.0181579589844
2021-08-31,323.8716735839844
2021-09-01,323.53314208984375
2021-09-02,324.74102783203125
2021-09-03,324.07293701171875
2021-09-07,321.6022644042969
2021-09-08,320.95257568359375
2021-09-09,319.65301513671875
2021-09-10,317.2647399902344
2021-09-13,319.6439208984375
2021-09-14,317.0542907714844
2021-09-15,319.2048645019531
2021-09-16,318.6190490722656
2021-09-17,316.9647521972656
2021-09-20,311.2424011230469
2021-09-21,310.97650146484375
2021-09-22,314.08526611328125
2021-09-23,318.7253112792969
2021-09-24,319.009765625
2021-09-27,319.6883239746094
2021-09-28,314.47039794921875
2021-09-29,315.2498474121094
2021-09-30,310.2245788574219
2021-10-01,314.7088317871094
2021-10-04,311.80181884765625
2021-10-05,314.6629638671875
2021-10-06,315.5707702636719
2021-10-07,318.78961181640625
2021-10-08,318.69793701171875
2021-10-11,316.35943603515625
2021-10-12,315.25909423828125
2021-10-13,315.35986328125
2021-10-14,320.165283203125
2021-10-15,323.6850891113281
2021-10-18,323.3639221191406
2021-10-19,325.16204833984375
2021-10-20,326.6020812988281
2021-10-21,326.53802490234375
2021-10-22,327.2534484863281
2021-10-25,327.99658203125
2021-10-26,327.9507751464844
2021-10-27,325.6390686035156
2021-10-28,327.7672424316406
2021-10-29,328.6203308105469
2021-11-01,329.446044921875
2021-11-02,330.7669372558594
2021-11-03,331.675048828125
2021-11-04,331.4825134277344
2021-11-05,333.2713623046875
2021-11-08,334.2069091796875
2021-11-09,333.2530212402344
2021-11-10,331.2256774902344
2021-11-11,329.7486572265625
2021-11-12,331.41827392578125
2021-11-15,331.3815612792969
2021-11-16,332.0145263671875
2021-11-17,330.1064453125
2021-11-18,329.6478271484375
2021-11-19,327.13031005859375
2021-11-22,327.39691162109375
2021-11-23,329.06951904296875
2021-11-24,329.0788879394531
2021-11-26,320.79736328125
2021-11-29,322.7919006347656
2021-11-30,317.0105895996094
2021-12-01,312.9295654296875
2021-12-02,318.5822448730469
2021-12-03,318.24200439453125
2021-12-06,324.2901306152344
2021-12-07,328.8122863769531
2021-12-08,329.0421142578125
2021-12-09,329.1524353027344
2021-12-10,331.1009826660156
2021-12-13,328.1687927246094
2021-12-14,327.36920166015625
2021-12-15,330.7149658203125
2021-12-16,330.3748474121094
2021-12-17,325.6343994140625
2021-12-20,321.6195373535156
2021-12-21,326.8130187988281
2021-12-22,329.0968322753906
2021-12-23,330.9107666015625
2021-12-27,334.18890380859375
2021-12-28,335.17425537109375
2021-12-29,335.9568176269531
2021-12-30,335.2479248046875
2021-12-31,334.5572509765625
2022-01-03,336.7303771972656
2022-01-04,338.7469787597656
2022-01-05,335.2663269042969
2022-01-06,333.70086669921875
2022-01-07,333.6273193359375
2022-01-10,332.22747802734375
2022-01-11,333.83892822265625
2022-01-12,334.21649169921875
2022-01-13,332.60504150390625
2022-01-14,330.7081604003906
2022-01-18,325.8370361328125
2022-01-19,322.61407470703125
2022-01-20,319.8330078125
2022-01-21,315.481689453125
2022-01-24,316.8271484375
2022-01-25,316.0437316894531
2022-01-26,314.6615295410156
2022-01-27,314.74444580078125
2022-01-28,319.8680419921875
2022-01-31,323.526611328125
2022-02-01,326.162109375
2022-02-02,328.08807373046875
2022-02-03,323.4344177246094
2022-02-04,323.33306884765625
2022-02-07,323.3606262207031
2022-02-08,326.71502685546875
2022-02-09,329.599365234375
2022-02-10,324.8811340332031
2022-02-11,320.0340270996094
2022-02-14,318.7438659667969
2022-02-15,322.7341003417969
2022-02-16,322.2272644042969
2022-02-17,316.7073974609375
2022-02-18,314.6945495605469
2022-02-22,310.10760498046875
2022-02-23,305.9636535644531
2022-02-24,306.72052001953125
2022-02-25,314.2883605957031
2022-02-28,313.18096923828125
2022-03-01,307.4771728515625
2022-03-02,312.8670959472656
2022-03-03,312.0641784667969
2022-03-04,310.5320129394531
2022-03-07,303.14874267578125
2022-03-08,301.3583679199219
2022-03-09,307.6986999511719
2022-03-10,306.50823974609375
2022-03-11,304.5793762207031
2022-03-14,304.6255187988281
2022-03-15,310.2737731933594
2022-03-16,315.0451354980469
2022-03-17,318.8199462890625
2022-03-18,321.1434326171875
2022-03-21,319.52484130859375
2022-03-22,322.022216796875
2022-03-23,317.6469421386719
2022-03-24,321.0230712890625
2022-03-25,322.39215087890625
2022-03-28,323.2708740234375
2022-03-29,326.4897766113281
2022-03-30,325.70355224609375
2022-03-31,320.81048583984375
2022-04-01,321.9019470214844
2022-04-04,323.03961181640625
2022-04-05,320.35711669921875
2022-04-06,318.88641357421875
2022-04-07,320.0149841308594
2022-04-08,321.3098449707031
2022-04-11,317.4527587890625
2022-04-12,316.5462341308594
2022-04-13,319.8207702636719
2022-04-14,318.57708740234375
2022-04-18,318.4012145996094
2022-04-19,323.04644775390625
2022-04-20,325.27630615234375
2022-04-21,321.7416687011719
2022-04-22,313.0066833496094
2022-04-25,315.1257019042969
2022-04-26,307.62139892578125
2022-04-27,308.1579895019531
2022-04-28,313.950439453125
2022-04-29,305.06744384765625
2022-05-02,306.0390319824219
2022-05-03,306.5108947753906
2022-05-04,315.1534423828125
2022-05-05,305.57635498046875
2022-05-06,304.4937438964844
2022-05-09,298.5069885253906
2022-05-10,297.7944641113281
2022-05-11,294.6761169433594
2022-05-12,293.91741943359375
2022-05-13,298.16461181640625
2022-05-16,298.673583984375
2022-05-17,302.6708679199219
2022-05-18,291.9833984375
2022-05-19,289.7904968261719
2022-05-20,289.7765808105469
2022-05-23,295.7313232421875
2022-05-24,296.24139404296875
2022-05-25,297.9944152832031
2022-05-26,302.78985595703125
2022-05-27,308.0024719238281
2022-05-31,306.2679138183594
2022-06-01,304.5614318847656
2022-06-02,308.65167236328125
2022-06-03,305.47955322265625
2022-06-06,305.572265625
2022-06-07,308.09515380859375
2022-06-08,305.5073547363281
2022-06-09,299.58984375
2022-06-10,291.58526611328125
2022-06-13,283.4322814941406
2022-06-14,282.2451171875
2022-06-15,284.96270751953125
2022-06-16,278.16400146484375
2022-06-17,277.7103271484375
2022-06-21,283.8183288574219
2022-06-22,283.18609619140625
2022-06-23,285.16632080078125
2022-06-24,292.8639221191406
2022-06-27,292.2502746582031
2022-06-28,287.5834655761719
2022-06-29,288.2434997558594
2022-06-30,286.17034912109375
2022-07-01,288.9870910644531
2022-07-05,287.92742919921875
2022-07-06,288.5781555175781
2022-07-07,291.8690490722656
2022-07-08,291.4136657714844
2022-07-11,289.77734375
2022-07-12,288.1691589355469
2022-07-13,286.10516357421875
2022-07-14,284.8502197265625
2022-07-15,290.7913818359375
2022-07-18,288.9219055175781
2022-07-19,295.860107421875
2022-07-20,296.4461669921875
2022-07-21,297.9994201660156
2022-07-22,296.7436828613281
2022-07-25,297.5806579589844
2022-07-26,295.330078125
2022-07-27,299.48736572265625
2022-07-28,302.48211669921875
2022-07-29,305.6722412109375
2022-08-01,305.095703125
2022-08-02,301.3753967285156
2022-08-03,305.207275390625
2022-08-04,304.4632263183594
2022-08-05,305.0303955078125
2022-08-08,305.44891357421875
2022-08-09,304.97467041015625
2022-08-10,309.894775390625
2022-08-11,310.3689270019531
2022-08-12,314.20086669921875
2022-08-15,315.6331481933594
2022-08-16,317.8373718261719
2022-08-17,316.40509033203125
2022-08-18,316.7585754394531
2022-08-19,314.0710754394531
2022-08-22,308.21905517578125
2022-08-23,306.6816711425781
2022-08-24,307.38043212890625
2022-08-25,310.4462585449219
2022-08-26,300.92266845703125
2022-08-29,299.2173767089844
2022-08-30,296.36590576171875
2022-08-31,294.13873291015625
2022-09-01,295.4527893066406
2022-09-02,292.377685546875
2022-09-06,290.9239501953125
2022-09-07,294.77239990234375
2022-09-08,296.5523681640625
2022-09-09,300.3169250488281
2022-09-12,302.4509582519531
2022-09-13,290.48590087890625
2022-09-14,290.7933654785156
2022-09-15,289.2093811035156
2022-09-16,287.82000732421875
2022-09-19,289.7820129394531
2022-09-20,286.85760498046875
2022-09-21,281.9897766113281
2022-09-22,280.7843017578125
2022-09-23,276.430419921875
2022-09-26,273.4967346191406
2022-09-27,272.169921875
2022-09-28,277.2432556152344
2022-09-29,273.0201721191406
2022-09-30,268.4325256347656
2022-10-03,275.43060302734375
2022-10-04,283.232421875
2022-10-05,282.9052734375
2022-10-06,279.5792541503906
2022-10-07,273.730224609375
2022-10-10,272.78662109375
2022-10-11,273.0950012207031
2022-10-12,272.97344970703125
2022-10-13,280.822021484375
2022-10-14,277.3274230957031
2022-10-17,282.2232971191406
2022-10-18,285.4093322753906
2022-10-19,284.3629455566406
2022-10-20,283.3913269042969
2022-10-21,290.6384582519531
2022-10-24,294.53692626953125
2022-10-25,297.7529296875
2022-10-26,297.650146484375
2022-10-27,299.5947265625
2022-10-28,307.1860656738281
2022-10-31,306.1015319824219
2022-11-01,305.15728759765625
2022-11-02,300.4362487792969
2022-11-03,299.04327392578125
2022-11-04,303.0350646972656
2022-11-07,307.0364990234375
2022-11-08,310.1122741699219
2022-11-09,304.1570129394531
2022-11-10,315.30084228515625
2022-11-11,315.7963562011719
2022-11-14,313.907958984375
2022-11-15,314.3193359375
2022-11-16,314.1883544921875
2022-11-17,314.21649169921875
2022-11-18,316.0440673828125
2022-11-21,315.7443542480469
2022-11-22,319.40728759765625
2022-11-23,320.3345947265625
2022-11-25,321.8052673339844
2022-11-28,317.0932922363281
2022-11-29,317.0838623046875
2022-11-30,324.2690124511719
2022-12-01,322.6390686035156
2022-12-02,322.9482421875
2022-12-05,318.535888671875
2022-12-06,315.1916809082031
2022-12-07,315.17291259765625
2022-12-08,317.06512451171875
2022-12-09,314.17059326171875
2022-12-12,319.08856201171875
2022-12-13,320.20343017578125
2022-12-14,318.71392822265625
2022-12-15,311.762939453125
2022-12-16,308.87109375
2022-12-19,307.3782653808594
2022-12-20,308.31719970703125
2022-12-21,313.21826171875
2022-12-22,310.0823059082031
2022-12-23,311.6502685546875
2022-12-27,312.0633544921875
2022-12-28,308.4955139160156
2022-12-29,311.7723693847656
2022-12-30,311.0869445800781
2023-01-03,310.983642578125
2023-01-04,312.24176025390625
2023-01-05,309.1058349609375
2023-01-06,315.73443603515625
2023-01-09,314.804931640625
2023-01-10,316.62646484375
2023-01-11,319.00189208984375
2023-01-12,321.1051330566406
2023-01-13,322.08160400390625
2023-01-17,318.4385681152344
2023-01-18,312.62677001953125
2023-01-19,310.4297180175781
2023-01-20,313.549560546875
2023-01-23,315.8987121582031
2023-01-24,316.7727355957031
2023-01-25,316.97955322265625
2023-01-26,318.8963623046875
2023-01-27,319.13140869140625
2023-01-30,316.7349853515625
2023-01-31,320.2778015136719
2023-02-01,320.3152770996094
2023-02-02,319.9018859863281
2023-02-03,318.539306640625
2023-02-06,318.0695495605469
2023-02-07,320.92608642578125
2023-02-08,318.9527587890625
2023-02-09,316.75384521484375
2023-02-10,318.3044128417969
2023-02-13,321.8939514160156
2023-02-14,320.5690612792969
2023-02-15,321.0577392578125
2023-02-16,317.0451965332031
2023-02-17,318.4118347167969
2023-02-21,311.7855224609375
2023-02-22,311.0983581542969
2023-02-23,312.18096923828125
2023-02-24,308.8394470214844
2023-02-27,309.72430419921875
2023-02-28,307.38055419921875
2023-03-01,307.78521728515625
2023-03-02,311.023193359375
2023-03-03,314.5716552734375
2023-03-06,315.0139465332031
2023-03-07,309.54547119140625
2023-03-08,309.1877136230469
2023-03-09,304.0955810546875
2023-03-10,300.9425048828125
2023-03-13,300.0859680175781
2023-03-14,303.2579345703125
2023-03-15,300.763671875
2023-03-16,304.2555847167969
2023-03-17,300.5825500488281
2023-03-20,304.16888427734375
2023-03-21,307.3020935058594
2023-03-22,302.1680603027344
2023-03-23,302.7909240722656
2023-03-24,304.1877136230469
2023-03-27,306.0658264160156
2023-03-28,305.59381103515625
2023-03-29,308.6799621582031
2023-03-30,310.0011291503906
2023-03-31,313.90826416015625
2023-04-03,317.01324462890625
2023-04-04,315.154052734375
2023-04-05,315.9845886230469
2023-04-06,316.05999755859375
2023-04-10,317.0604248046875
2023-04-11,317.9474182128906
2023-04-12,317.6737365722656
2023-04-13,321.2222595214844
2023-04-14,319.7783508300781
2023-04-17,320.7975769042969
2023-04-18,320.6842956542969
2023-04-19,319.9199523925781
2023-04-20,318.9383544921875
2023-04-21,319.2633361816406
2023-04-24,319.8675537109375
2023-04-25,316.63818359375
2023-04-26,314.3908996582031
2023-04-27,319.34820556640625
2023-04-28,322.02056884765625
2023-05-01,321.3878479003906
2023-05-02,318.09228515625
2023-05-03,315.4861755371094
2023-05-04,312.86114501953125
2023-05-05,317.9602355957031
2023-05-08,317.4785461425781
2023-05-09,317.05364990234375
2023-05-10,316.7892761230469
2023-05-11,314.7496643066406
2023-05-12,314.6269226074219
2023-05-15,315.1651306152344
2023-05-16,311.935791015625
2023-05-17,315.95831298828125
2023-05-18,317.32745361328125
2023-05-19,316.2449645996094
2023-05-22,315.024169921875
2023-05-23,312.857177734375
2023-05-24,310.3968505859375
2023-05-25,310.1508483886719
2023-05-26,313.074951171875
2023-05-30,312.77203369140625
2023-05-31,311.8257751464844
2023-06-01,313.16949462890625
2023-06-02,319.9166259765625
2023-06-05,318.0807189941406
2023-06-06,318.1186218261719
2023-06-07,319.0649108886719
2023-06-08,320.6168518066406
2023-06-09,321.0521240234375
2023-06-12,322.8501281738281
2023-06-13,324.22216796875
2023-06-14,322.1405029296875
2023-06-15,326.2568054199219
2023-06-16,325.2666320800781
2023-06-20,322.9051208496094
2023-06-21,321.92822265625
2023-06-22,321.84283447265625
2023-06-23,319.7753601074219
2023-06-26,319.7562561035156
2023-06-27,321.7385559082031
2023-06-28,321.1694641113281
2023-06-29,323.56890869140625
2023-06-30,326.1202392578125
2023-07-03,326.32891845703125
2023-07-05,325.13385009765625
2023-07-06,321.7385559082031
2023-07-07,320.0312805175781
2023-07-10,322.0704040527344
2023-07-11,324.9726867675781
2023-07-12,325.9116516113281
2023-07-13,326.1865539550781
2023-07-14,327.3721618652344
2023-07-17,328.0171813964844
2023-07-18,331.5548400878906
2023-07-19,332.607666015625
2023-07-20,334.2579040527344
2023-07-21,334.23712158203125
2023-07-24,336.0688781738281
2023-07-25,336.30615234375
2023-07-26,337.18890380859375
2023-07-27,334.8349304199219
2023-07-28,336.4579162597656
2023-07-31,337.49267578125
2023-08-01,338.0905456542969
2023-08-02,334.8065185546875
2023-08-03,334.0946350097656
2023-08-04,332.8227233886719
2023-08-07,336.5909729003906
2023-08-08,335.072265625
2023-08-09,333.4206848144531
2023-08-10,333.999755859375
2023-08-11,335.05328369140625
2023-08-14,335.2525634765625
2023-08-15,331.83563232421875
2023-08-16,330.0890808105469
2023-08-17,327.51690673828125
2023-08-18,328.05877685546875
2023-08-21,327.63104248046875
2023-08-22,326.0054931640625
2023-08-23,327.7830505371094
2023-08-24,324.1708984375
2023-08-25,326.518798828125
2023-08-28,328.6195983886719
2023-08-29,331.3856506347656
2023-08-30,332.1271667480469
2023-08-31,330.6157531738281
2023-09-01,331.7279968261719
2023-09-05,329.8268127441406
2023-09-06,327.9446716308594
2023-09-07,328.60052490234375
2023-09-08,329.3799743652344
2023-09-11,330.19757080078125
2023-09-12,330.0453796386719
2023-09-13,329.41802978515625
2023-09-14,332.6405334472656
2023-09-15,329.89849853515625
2023-09-18,329.90802001953125
2023-09-19,328.87872314453125
2023-09-20,328.16387939453125
2023-09-21,324.5993347167969
2023-09-22,323.6463623046875
2023-09-25,324.0274963378906
2023-09-26,320.27239990234375
2023-09-27,319.69097900390625
2023-09-28,320.8252258300781
2023-09-29,319.2335205078125
2023-10-02,318.4138488769531
2023-10-03,314.49676513671875
2023-10-04,315.4593505859375
2023-10-05,315.6309814453125
2023-10-06,318.4234619140625
2023-10-09,320.3200378417969
2023-10-10,321.61627197265625
2023-10-11,322.16900634765625
2023-10-12,320.4916076660156
2023-10-13,320.88232421875
2023-10-16,323.9417419433594
2023-10-17,324.03692626953125
2023-10-18,320.8347473144531
2023-10-19,318.4424133300781
2023-10-20,315.8267517089844
2023-10-23,314.0435485839844
2023-10-24,316.06524658203125
2023-10-25,315.02569580078125
2023-10-26,312.613037109375
2023-10-27,309.1513977050781
2023-10-30,313.9576416015625
2023-10-31,315.1496276855469
2023-11-01,317.2475280761719
2023-11-02,322.6927795410156
2023-11-03,324.8097839355469
2023-11-06,325.2198486328125
2023-11-07,325.6966247558594
2023-11-08,325.2961120605469
2023-11-09,323.3793640136719
2023-11-10,327.0985107421875
2023-11-13,327.63238525390625
2023-11-14,332.25738525390625
2023-11-15,334.0216064453125
2023-11-16,333.78326416015625
2023-11-17,333.8949279785156
2023-11-20,335.89208984375
2023-11-21,335.2232971191406
2023-11-22,336.8858947753906
2023-11-24,338.0707092285156
2023-11-27,337.6119689941406
2023-11-28,338.36688232421875
2023-11-29,338.8829650878906
2023-11-30,343.99517822265625
2023-12-01,346.9096374511719
2023-12-04,346.5176696777344
2023-12-05,345.8201599121094
2023-12-06,345.1608581542969
2023-12-07,345.7436828613281
2023-12-08,346.9764099121094
2023-12-11,348.4765319824219
2023-12-12,350.1201171875
2023-12-13,355.2132568359375
2023-12-14,356.7324523925781
2023-12-15,356.85992431640625
2023-12-18,357.1950378417969
2023-12-19,359.6084289550781
2023-12-20,355.1072692871094
2023-12-21,358.056884765625
2023-12-22,357.9802551269531
2023-12-26,359.4647521972656
2023-12-27,360.62353515625
2023-12-28,361.0736389160156
2023-12-29,360.9204406738281
2024-01-02,361.13104248046875
2024-01-03,358.373046875
2024-01-04,358.6889953613281
2024-01-05,358.7847900390625
2024-01-08,360.89166259765625
2024-01-09,359.302001953125
2024-01-10,360.9970703125
2024-01-11,361.20770263671875
2024-01-12,360.00103759765625
2024-01-16,357.8462829589844
2024-01-17,356.94610595703125
2024-01-18,358.9475402832031
2024-01-19,362.783447265625
2024-01-22,364.1919250488281
2024-01-23,363.2049255371094
2024-01-24,362.294677734375
2024-01-25,364.5848388671875
2024-01-26,365.1693420410156
2024-01-29,367.2966003417969
2024-01-30,368.4272766113281
2024-01-31,365.4376220703125
2024-02-01,369.0118713378906
2024-02-02,370.2767028808594
2024-02-05,367.55535888671875
2024-02-06,368.99261474609375
2024-02-07,370.5162658691406
2024-02-08,371.1678771972656
2024-02-09,370.56402587890625
2024-02-12,371.8960266113281
2024-02-13,366.82696533203125
2024-02-14,368.23565673828125
2024-02-15,372.0301818847656
2024-02-16,370.6404113769531
2024-02-20,370.16058349609375
2024-02-21,370.5061340332031
2024-02-22,374.8153991699219
2024-02-23,375.5255432128906
2024-02-26,374.9785461425781
2024-02-27,373.97076416015625
2024-02-28,373.9131774902344
2024-02-29,374.2491455078125
2024-03-01,375.554443359375
2024-03-04,374.51788330078125
2024-03-05,370.6404113769531
2024-03-06,371.5906982421875
2024-03-07,372.8095397949219
2024-03-08,372.36798095703125
2024-03-11,372.7807312011719
2024-03-12,375.0552673339844
2024-03-13,375.4679260253906
2024-03-14,374.3643798828125
2024-03-15,372.3083801269531
2024-03-18,373.0107727050781
2024-03-19,376.0603942871094
2024-03-20,379.99505615234375
2024-03-21,382.6502990722656
2024-03-22,379.5525817871094
2024-03-25,378.0325012207031
2024-03-26,377.93621826171875
2024-03-27,382.4675598144531
2024-03-28,382.65997314453125
2024-04-01,380.3221130371094
2024-04-02,376.7626953125
2024-04-03,376.4067687988281
2024-04-04,371.3655090332031
2024-04-05,374.0977783203125
2024-04-08,374.3286437988281
2024-04-09,374.0784606933594
2024-04-10,369.9128723144531
2024-04-11,369.9418640136719
2024-04-12,365.4490966796875
2024-04-15,362.98626708984375
2024-04-16,363.6307678222656
2024-04-17,363.12091064453125
2024-04-18,363.49615478515625
2024-04-19,365.57330322265625
2024-04-22,368.04693603515625
2024-04-23,370.5977783203125
2024-04-24,370.03955078125
2024-04-25,366.6513366699219
2024-04-26,367.9892883300781
2024-04-29,369.4234313964844
2024-04-30,363.96588134765625
2024-05-01,364.69732666015625
2024-05-02,367.91229248046875
2024-05-03,372.2823181152344
2024-05-06,373.8992919921875
2024-05-07,374.1784973144531
2024-05-08,375.85321044921875
2024-05-09,379.24151611328125
2024-05-10,380.377197265625
2024-05-13,379.6842041015625
2024-05-14,380.7622985839844
2024-05-15,384.32354736328125
2024-05-16,384.2562255859375
2024-05-17,385.5422058105469
2024-05-20,383.7588806152344
2024-05-21,384.4144287109375
2024-05-22,382.3706970214844
2024-05-23,376.5868835449219
2024-05-24,376.56756591796875
2024-05-28,374.6011047363281
2024-05-29,370.725830078125
2024-05-30,367.73760986328125
2024-05-31,373.569580078125
2024-06-03,372.3261413574219
2024-06-04,373.55029296875
2024-06-05,374.5335693359375
2024-06-06,375.3047180175781
2024-06-07,374.4949951171875
2024-06-10,375.2662353515625
2024-06-11,373.99371337890625
2024-06-12,373.7238464355469
2024-06-13,372.9429931640625
2024-06-14,372.5380554199219
2024-06-17,374.58172607421875
2024-06-18,375.1216735839844
2024-06-20,377.946044921875
2024-06-21,378.0851745605469
2024-06-24,380.63580322265625
2024-06-25,377.7759704589844
2024-06-26,377.9886474609375
2024-06-27,378.29766845703125
2024-06-28,377.88232421875
2024-07-01,378.20111083984375
2024-07-02,379.9691467285156
2024-07-03,379.52459716796875
2024-07-05,380.3651428222656
2024-07-08,380.13336181640625
2024-07-09,379.63104248046875
2024-07-10,383.8046569824219
2024-07-11,384.1620788574219
2024-07-12,386.7610168457031
2024-07-15,388.7319641113281
2024-07-16,395.7846984863281
2024-07-17,397.9776916503906
2024-07-18,392.9443054199219
2024-07-19,389.48773193359375
2024-07-22,390.64764404296875
2024-07-23,390.0096130371094
2024-07-24,385.35076904296875
2024-07-25,386.14337158203125
2024-07-26,392.4068298339844
2024-07-29,391.9622802734375
2024-07-30,393.7987060546875
2024-07-31,394.8426208496094
2024-08-01,389.7583923339844
2024-08-02,383.86224365234375
2024-08-05,373.88702392578125
2024-08-06,376.9317321777344
2024-08-07,374.81494140625
2024-08-08,381.33929443359375
2024-08-09,381.9483337402344
2024-08-12,380.61444091796875
2024-08-13,384.5001525878906
2024-08-14,386.7232360839844
2024-08-15,392.3198547363281
2024-08-16,393.4680480957031
2024-08-19,395.7608337402344
2024-08-20,395.22869873046875
2024-08-21,395.6446838378906
2024-08-22,394.1839904785156
2024-08-23,398.39202880859375
2024-08-26,399.2530212402344
2024-08-27,399.4174499511719
2024-08-28,397.91802978515625
2024-08-29,400.4042053222656
2024-08-30,402.62908935546875
2024-09-03,396.8636474609375
2024-09-04,397.028076171875
2024-09-05,395.1319274902344
2024-09-06,391.2721862792969
2024-09-09,395.7027587890625
2024-09-10,394.9385681152344
2024-09-11,395.9155578613281
2024-09-12,398.5274963378906
2024-09-13,401.40057373046875
2024-09-16,403.7608947753906
2024-09-17,403.6448974609375
2024-09-18,402.6097412109375
2024-09-19,407.6593933105469
2024-09-20,408.0552978515625
2024-09-23,408.5792541503906
2024-09-24,409.56890869140625
2024-09-25,406.6484069824219
2024-09-26,409.0740051269531
2024-09-27,410.364501953125
2024-09-30,410.5293884277344
2024-10-01,408.9576110839844
2024-10-02,409.3554382324219
2024-10-03,407.48291015625
2024-10-04,410.8107604980469
2024-10-07,407.1239013671875
2024-10-08,408.27850341796875
2024-10-09,412.40203857421875
2024-10-10,412.0235595703125
2024-10-11,415.9725646972656
2024-10-14,418.068359375
2024-10-15,414.8179016113281
2024-10-16,417.9033508300781
2024-10-17,419.5818176269531
2024-10-18,419.9108581542969
2024-10-21,416.7370300292969
2024-10-22,416.6788024902344
2024-10-23,412.6509094238281
2024-10-24,411.31146240234375
2024-10-25,408.7491760253906
2024-10-28,411.59295654296875
2024-10-29,410.0691833496094
2024-10-30,409.3412780761719
2024-10-31,405.38134765625
2024-11-01,408.0504455566406
2024-11-04,405.7501220703125
2024-11-05,409.87506103515625
2024-11-06,424.3658447265625
2024-11-07,424.5212097167969
2024-11-08,427.16107177734375
2024-11-11,429.9757080078125
2024-11-12,426.4621276855469
2024-11-13,426.8699645996094
2024-11-14,424.8219909667969
2024-11-15,421.98223876953125
2024-11-18,421.67144775390625
2024-11-19,420.36041259765625
2024-11-20,421.7686462402344
2024-11-21,426.313720703125
2024-11-22,430.3829040527344
2024-11-25,434.656005859375
2024-11-26,435.93798828125
2024-11-27,434.8307800292969
2024-11-29,437.11309814453125
2024-12-02,435.80206298828125
2024-12-03,434.9765930175781
2024-12-04,437.9385681152344
2024-12-05,435.73394775390625
2024-12-06,434.2578125
2024-12-09,432.2474670410156
2024-12-10,430.89752197265625
2024-12-11,429.7515869140625
2024-12-12,427.576171875
2024-12-13,426.7021179199219
2024-12-16,425.7310485839844
2024-12-17,423.0116882324219
2024-12-18,411.98895263671875
2024-12-19,412.28997802734375
2024-12-20,417.3867492675781
2024-12-23,417.7276916503906
2024-12-24,421.2437744140625
2024-12-26,421.9352722167969
2024-12-27,418.8088684082031
2024-12-30,414.68896484375
2024-12-31,414.4259033203125
2025-01-02,412.7701721191406
2025-01-03,416.0426940917969
2025-01-06,416.01348876953125
2025-01-07,414.2603454589844
2025-01-08,415.0396423339844
2025-01-10,408.41650390625
2025-01-13,411.9520568847656
2025-01-14,414.08502197265625
2025-01-15,420.990478515625
2025-01-16,420.3282470703125
2025-01-17,423.56494140625
2025-01-21,428.80694580078125
2025-01-22,429.9566650390625
2025-01-23,433.9513854980469
2025-01-24,432.7237243652344
2025-01-27,435.6467590332031
2025-01-28,436.90362548828125
2025-01-29,435.7052307128906
2025-01-30,437.30316162109375
2025-01-31,433.9612121582031
2025-02-03,432.8699035644531
2025-02-04,434.09759521484375
2025-02-05,437.156982421875
2025-02-06,435.8806457519531
2025-02-07,431.7494201660156
2025-02-10,433.3668518066406
2025-02-11,434.6626892089844
2025-02-12,432.24639892578125
2025-02-13,435.783203125
2025-02-14,434.3509216308594
2025-02-18,434.4776306152344
2025-02-19,435.20831298828125
2025-02-20,431.0381774902344
2025-02-21,423.6407165527344
2025-02-24,424.011474609375
2025-02-25,425.57275390625
2025-02-26,423.8260803222656
2025-02-27,421.8841857910156
2025-02-28,427.75848388671875
2025-03-03,421.6305847167969
2025-03-04,415.268310546875
2025-03-05,420.0496826171875
2025-03-06,415.59033203125
2025-03-07,417.89324951171875
2025-03-10,409.3356018066406
2025-03-11,404.7004699707031
2025-03-12,403.92962646484375
2025-03-13,398.88482666015625
2025-03-14,405.305419921875
2025-03-17,409.06231689453125
2025-03-18,406.4471740722656
2025-03-19,410.2430419921875
2025-03-20,409.9503173828125
2025-03-21,410.24456787109375
2025-03-24,415.9833679199219
2025-03-25,416.3060302734375
2025-03-26,414.7515563964844
2025-03-27,413.4903869628906
2025-03-28,406.3339538574219
2025-03-31,410.49871826171875
2025-04-01,410.2152404785156
2025-04-02,412.6007080078125
2025-04-03,396.16632080078125
2025-04-04,374.6578369140625
2025-04-07,371.08935546875
2025-04-08,368.0683898925781
2025-04-09,397.00701904296875
2025-04-10,386.8393859863281
2025-04-11,392.93023681640625
2025-04-14,396.36181640625
2025-04-15,394.6900634765625
2025-04-16,387.90509033203125
2025-04-17,382.8060302734375
2025-04-21,373.2789306640625
2025-04-22,383.304931640625
2025-04-23,387.256591796875
2025-04-24,392.2158203125
2025-04-25,392.2548522949219
2025-04-28,393.4775695800781
2025-04-29,396.35333251953125
2025-04-30,397.45867919921875
2025-05-01,398.5150451660156
2025-05-02,404.01220703125
2025-05-05,403.2492980957031
2025-05-06,399.3171081542969
2025-05-07,402.0656433105469
2025-05-08,404.8338317871094
2025-05-09,403.40576171875
2025-05-12,414.95758056640625
2025-05-13,412.2970886230469
2025-05-14,411.3580017089844
2025-05-15,414.2239685058594
2025-05-16,417.54437255859375
2025-05-19,419.00286865234375
2025-05-20,417.9555358886719
2025-05-21,409.9090270996094
2025-05-22,409.9775695800781
2025-05-23,407.5400695800781
2025-05-27,414.9013977050781
2025-05-28,412.5226745605469
2025-05-29,413.5407409667969
2025-05-30,413.92254638671875
2025-06-02,414.7643127441406
2025-06-03,417.01580810546875
2025-06-04,415.9684143066406
2025-06-05,415.0188903808594
2025-06-06,419.3357238769531
2025-06-09,419.3161315917969
2025-06-10,420.5397033691406
2025-06-11,420.530029296875
2025-06-12,421.4011535644531
2025-06-13,413.88336181640625
2025-06-16,417.2800598144531
2025-06-17,414.177001953125
2025-06-18,413.91265869140625
2025-06-20,414.029541015625
2025-06-23,417.9168701171875
2025-06-24,422.8940124511719
2025-06-25,421.9809875488281
2025-06-26,425.9764099121094
2025-06-27,429.97186279296875
2025-06-30,432.5732727050781
2025-07-01,436.735595703125
2025-07-02,436.558837890625
2025-07-03,439.8768615722656
2025-07-07,435.86187744140625
2025-07-08,434.27154541015625
2025-07-09,436.3722839355469
2025-07-10,438.31610107421875
2025-07-11,435.43975830078125
2025-07-14,436.4312438964844
2025-07-15,432.0823974609375
2025-07-16,434.2519836425781
2025-07-17,437.0595397949219
2025-07-18,435.31243896484375
2025-07-21,435.4891662597656
2025-07-22,436.98187255859375
2025-07-23,442.1378173828125
2025-07-24,439.0933837890625
2025-07-25,440.9691467285156
2025-07-28,440.3013916015625
2025-07-29,438.4747009277344
2025-07-30,436.7855224609375
2025-07-31,433.4169921875
2025-08-01,427.9075927734375
2025-08-04,433.8883972167969
2025-08-05,433.23046875
2025-08-06,434.04547119140625
2025-08-07,431.8359069824219
2025-08-08,433.9964904785156
2025-08-11,432.1207275390625
2025-08-12,436.7069396972656
2025-08-13,441.36199951171875
2025-08-14,441.1066589355469
2025-08-15,441.7315673828125
2025-08-18,441.2599792480469
2025-08-19,441.4958190917969
2025-08-20,441.5645446777344
2025-08-21,440.1790771484375
2025-08-22,448.71826171875
2025-08-25,445.21026611328125
2025-08-26,446.6055603027344
2025-08-27,448.1188659667969
2025-08-28,448.86566162109375
2025-08-29,448.1777648925781
2025-09-02,445.74078369140625
2025-09-03,445.3968811035156
2025-09-04,449.12115478515625
2025-09-05,447.0968933105469
2025-09-08,448.2859191894531
2025-09-09,450.06451416015625
2025-09-10,448.0206298828125
2025-09-11,453.9067077636719
2025-09-12,451.3517761230469
2025-09-15,452.0887756347656
2025-09-16,450.8211364746094
2025-09-17,453.2580871582031
2025-09-18,454.6043701171875
2025-09-19,456.2086486816406
2025-09-22,456.9280700683594
2025-09-23,456.1396789550781
2025-09-24,454.31658935546875
2025-09-25,452.7497253417969
2025-09-26,455.558349609375
2025-09-29,456.3072204589844
2025-09-30,456.9969787597656
2025-10-01,457.509521484375
2025-10-02,458.3470764160156
2025-10-03,460.71221923828125
2025-10-06,460.0520324707031
2025-10-07,459.1946105957031
2025-10-08,459.2931823730469
2025-10-09,456.760498046875
2025-10-10,448.2559814453125
2025-10-13,453.9814758300781
2025-10-14,455.98199462890625
2025-10-15,455.98199462890625
2025-10-16,452.87786865234375
2025-10-17,455.2191162109375
2025-10-20,460.3846740722656
2025-10-21,462.55340576171875
2025-10-22,459.1622314453125
2025-10-23,460.65081787109375
2025-10-24,465.5008850097656
2025-10-27,468.5963134765625
2025-10-28,470.3706970214844
2025-10-29,469.601806640625
2025-10-30,468.26116943359375
2025-10-31,468.9117431640625
2025-11-03,466.7430114746094
2025-11-04,464.2095642089844
2025-11-05,466.3880920410156
2025-11-06,462.6125183105469
2025-11-07,463.1842956542969
2025-11-10,467.0880126953125
2025-11-11,472.5986328125
2025-11-12,475.9010314941406
2025-11-13,467.9949645996094
2025-11-14,465.09674072265625
2025-11-17,459.6946105957031
2025-11-18,454.7458801269531
2025-11-19,455.1993408203125
2025-11-20,451.5914306640625
2025-11-21,456.5718994140625
2025-11-24,458.4176940917969
2025-11-25,465.0703125
2025-11-26,468.1991882324219
2025-11-28,470.99249267578125
2025-12-01,467.18255615234375
2025-12-02,469.097412109375
2025-12-03,473.1935729980469
2025-12-04,472.85797119140625
2025-12-05,473.8055419921875
2025-12-08,471.9499206542969
2025-12-09,470.24237060546875
2025-12-10,475.1084289550781
2025-12-11,481.54388427734375
2025-12-12,479.10589599609375
2025-12-15,478.8789367675781
2025-12-16,475.7302551269531
2025-12-17,473.5785217285156
2025-12-18,474.27935791015625
2025-12-19,475.945068359375
2025-12-22,478.2301330566406
2025-12-23,478.99176025390625
2025-12-24,481.74169921875
2025-12-26,481.7615051269531
2025-12-29,479.3478698730469
2025-12-30,478.35870361328125
2025-12-31,475.3714294433594
2026-01-02,478.3983459472656
2026-01-05,484.47186279296875
2026-01-06,489.25946044921875
2026-01-07,484.6597900390625
2026-01-08,487.2019958496094
2026-01-09,489.6650390625
2026-01-12,490.5354919433594
2026-01-13,486.618408203125
2026-01-14,486.2622985839844
2026-01-15,489.1309509277344
2026-01-16,488.25909423828125
2026-01-20,479.8084411621094
2026-01-21,485.66650390625
2026-01-22,488.5262451171875
2026-01-23,485.7951354980469
2026-01-26,488.8923645019531
2026-01-27,484.9342346191406
2026-01-28,485.0035095214844
2026-01-29,485.0826721191406
2026-01-30,483.9150695800781
2026-02-02,488.8627624511719
2026-02-03,487.16070556640625
2026-02-04,489.5752258300781
2026-02-05,483.7962646484375
2026-02-06,495.78948974609375
2026-02-09,495.9775085449219
2026-02-10,496.6504211425781
2026-02-11,496.0863952636719
2026-02-12,489.4960632324219
2026-02-13,490.0996398925781
2026-02-17,490.6636962890625
2026-02-18,491.8017578125
2026-02-19,489.2090759277344
2026-02-20,491.500732421875
2026-02-23,483.5052490234375
2026-02-24,487.2503356933594
2026-02-25,490.25244140625
2026-02-26,490.2919921875
2026-02-27,485.1400146484375
2026-03-02,484.6644287109375
2026-03-03,481.0382080078125
2026-03-04,483.2377014160156
2026-03-05,475.4106750488281
2026-03-06,470.84320068359375
2026-03-09,473.4687194824219
2026-03-10,473.2904052734375
2026-03-11,470.4270935058594
2026-03-12,463.1647033691406
2026-03-13,462.1046447753906
2026-03-16,465.95867919921875
2026-03-17,466.55316162109375
2026-03-18,458.7261047363281
2026-03-19,456.80401611328125
2026-03-20,452.6576232910156
2026-03-23,458.6944885253906
2026-03-24,457.9001770019531
2026-03-25,460.84912109375
2026-03-26,456.0533447265625
2026-03-27,448.1895446777344
2026-03-30,448.8547668457031
2026-03-31,459.9058532714844
2026-04-01,462.17962646484375
2026-04-02,461.7626037597656
2026-04-06,463.46044921875
2026-04-07,462.5767517089844
2026-04-08,475.7626647949219
2026-04-09,478.4831848144531
2026-04-10,475.85198974609375
2026-04-13,478.7115783691406
2026-04-14,482.0476989746094
2026-04-15,481.283203125
2026-04-16,482.1867370605469
2026-04-17,490.924072265625
2026-04-20,491.0333251953125
2026-04-21,488.0831298828125
2026-04-22,491.4604797363281
2026-04-23,489.71221923828125
2026-04-24,488.9274597167969
2026-04-27,488.5500183105469
2026-04-28,488.1427917480469
2026-04-29,485.4111022949219
2026-04-30,493.337890625
2026-05-01,491.71875
2026-05-04,486.2951354980469
2026-05-05,489.6724548339844
2026-05-06,495.7218322753906
2026-05-07,492.6028137207031
2026-05-08,492.8213806152344
2026-05-11,493.7947998046875
2026-05-12,494.56964111328125
2026-05-13,493.82464599609375
2026-05-14,497.4601745605469
2026-05-15,492.3377380371094
2026-05-18,493.9676818847656
2026-05-19,490.95623779296875
2026-05-20,497.17791748046875
2026-05-21,500.03033447265625
2026-05-22,503.0219421386719
2026-05-26,502.1572570800781
2026-05-27,503.77728271484375
2026-05-28,503.94622802734375
2026-05-29,507.6534118652344
2026-06-01,508.30938720703125
2026-06-02,510.9034118652344
2026-06-03,505.14886474609375
2026-06-04,513.5372314453125
2026-06-05,506.58001708984375
2026-06-08,505.79486083984375
2026-06-09,506.29180908203125
2026-06-10,497.1878662109375
2026-06-11,506.2420959472656
2026-06-12,509.9194641113281
2026-06-15,515.2665405273438
2026-06-16,518.2482299804688
2026-06-17,513.1395874023438
2026-06-18,513.7625122070312
2026-06-22,515.3172607421875
2026-06-23,514.8587646484375
2026-06-24,516.7523193359375
2026-06-25,517.4898071289062
2026-06-26,515.9849243164062
2026-06-29,519.9014892578125
2026-06-30,520.6090698242188
2026-07-01,520.6190795898438
2026-07-02,526.0803833007812
2026-07-06,528.2828369140625
2026-07-07,526.6484375
2026-07-08,520.98779296875
2026-07-09,522.4029541015625
2026-07-10,523.9874877929688
2026-07-13,522.6819458007812
2026-07-14,522.9011840820312
2026-07-15,524.156982421875
2026-07-16,523.040771484375
2026-07-17,519.181884765625
2026-07-20,516.3208618164062
2026-07-21,519.879638671875
2026-07-22,519.8397827148438
2026-07-23,514.6461181640625
2026-07-24,517.1383056640625
2026-07-27,519.6304931640625
2026-07-28,525.2428588867188
2026-07-29,513.7987060546875
2026-07-30,519.879638671875
2026-07-31,522.680908203125
2026-08-03,529.559326171875
2026-08-04,538.7405395507812
2026-08-05,541.1130981445312
2026-08-06,536.507568359375
2026-08-07,537.93310546875
2026-08-10,537.3049926757812
2026-08-11,535.6004028320312
2026-08-12,535.4708251953125
2026-08-13,536.2283935546875
2026-08-14,535.1218872070312
2026-08-17,532.52001953125
2026-08-18,531.2440185546875
2026-08-19,532.5997924804688
2026-08-20,525.8609619140625
2026-08-21,530.99609375
2026-08-24,532.4228515625
2026-08-25,534.0091552734375
2026-08-26,533.00146484375
2026-08-27,533.9891967773438
2026-08-28,533.82958984375
2026-08-31,530.3475952148438
2026-09-01,526.536376953125
2026-09-02,529.3997802734375
2026-09-03,535.6952514648438
2026-09-04,532.8518676757812
2026-09-08,526.8157958984375
2026-09-09,522.8648681640625
2026-09-10,519.552490234375
2026-09-11,524.5808715820312
2026-09-14,523.2838745117188
2026-09-15,520.0313720703125
2026-09-16,514.03515625
2026-09-17,517.157958984375
2026-09-18,515.8800048828125
