date,close
2000-05-26,32.5057373046875
2000-05-30,33.70554733276367
2000-05-31,33.82773208618164
2000-06-01,34.59429931640625
2000-06-02,36.393985748291016
2000-06-05,36.260677337646484
2000-06-06,36.61618423461914
2000-06-07,36.66060256958008
2000-06-08,36.57172775268555
2000-06-09,37.21608352661133
2000-06-12,36.110694885253906
2000-06-13,36.57172775268555
2000-06-14,36.393985748291016
2000-06-15,36.43844223022461
2000-06-16,36.23846435546875
2000-06-19,37.1494255065918
2000-06-20,37.39383316040039
2000-06-21,37.5930061340332
2000-06-22,36.459224700927734
2000-06-23,36.214656829833984
2000-06-26,36.65928649902344
2000-06-27,36.08128356933594
2000-06-28,36.992774963378906
2000-06-29,36.41475296020508
2000-06-30,36.76491928100586
2000-07-03,37.28178787231445
2000-07-05,36.859375
2000-07-06,37.29288864135742
2000-07-07,37.52631378173828
2000-07-10,37.77085876464844
2000-07-11,37.72639846801758
2000-07-12,38.482261657714844
2000-07-13,38.60456085205078
2000-07-14,38.63788986206055
2000-07-17,38.77126693725586
2000-07-18,38.10432434082031
2000-07-19,37.43739318847656
2000-07-20,38.05987548828125
2000-07-21,37.01499557495117
2000-07-24,36.475921630859375
2000-07-25,36.54813766479492
2000-07-26,36.48146438598633
2000-07-27,35.481048583984375
2000-07-28,34.858585357666016
2000-07-31,35.7478141784668
2000-08-01,35.514400482177734
2000-08-02,35.569969177246094
2000-08-03,35.54773712158203
2000-08-04,35.72559356689453
2000-08-07,36.38697052001953
2000-08-08,36.214656829833984
2000-08-09,35.95347595214844
2000-08-10,35.7478141784668
2000-08-11,36.37028884887695
2000-08-14,36.748226165771484
2000-08-15,36.214656829833984
2000-08-16,36.392520904541016
2000-08-17,36.72599411010742
2000-08-18,36.670413970947266
2000-08-21,36.80379867553711
2000-08-22,36.748226165771484
2000-08-23,36.69265365600586
2000-08-24,37.2373046875
2000-08-25,37.3929328918457
2000-08-28,37.45962905883789
2000-08-29,37.815311431884766
2000-08-30,37.859771728515625
2000-08-31,38.23772048950195
2000-09-01,38.5489501953125
2000-09-05,38.28218460083008
2000-09-06,38.115455627441406
2000-09-07,38.682342529296875
2000-09-08,38.01539611816406
2000-09-11,38.05987548828125
2000-09-12,37.93759536743164
2000-09-13,38.12657928466797
2000-09-14,38.348873138427734
2000-09-15,37.637454986572266
2000-09-18,36.748226165771484
2000-09-19,37.34846496582031
2000-09-20,37.05170440673828
2000-09-21,36.36018753051758
2000-09-22,36.82862091064453
2000-09-25,36.87323760986328
2000-09-26,36.34904479980469
2000-09-27,36.18173599243164
2000-09-28,37.16324234008789
2000-09-29,36.98478317260742
2000-10-02,36.38248825073242
2000-10-03,35.85270690917969
2000-10-04,36.103675842285156
2000-10-05,35.735595703125
2000-10-06,34.865638732910156
2000-10-09,34.78754806518555
2000-10-10,33.9510383605957
2000-10-11,33.83950424194336
2000-10-12,32.81339645385742
2000-10-13,34.08488464355469
2000-10-16,34.35254669189453
2000-10-17,33.48817825317383
2000-10-18,33.21493911743164
2000-10-19,34.24103927612305
2000-10-20,34.67603302001953
2000-10-23,35.02177429199219
2000-10-24,34.50869369506836
2000-10-25,33.739131927490234
2000-10-26,34.263336181640625
2000-10-27,34.28564453125
2000-10-30,34.44178009033203
2000-10-31,35.33408737182617
2000-11-01,35.356380462646484
2000-11-02,36.20404815673828
2000-11-03,36.159423828125
2000-11-06,35.88058853149414
2000-11-07,36.18173599243164
2000-11-08,35.534812927246094
2000-11-09,35.15562438964844
2000-11-10,34.263336181640625
2000-11-13,33.9175910949707
2000-11-14,34.73178482055664
2000-11-15,35.17790222167969
2000-11-16,34.15737533569336
2000-11-17,34.374855041503906
2000-11-20,33.48258972167969
2000-11-21,33.287418365478516
2000-11-22,32.59032440185547
2000-11-24,33.504920959472656
2000-11-27,33.599700927734375
2000-11-28,32.59032440185547
2000-11-29,32.5011100769043
2000-11-30,31.809589385986328
2000-12-01,32.52342224121094
2000-12-04,32.16649627685547
2000-12-05,33.72797393798828
2000-12-06,32.94724655151367
2000-12-07,32.85802459716797
2000-12-08,33.30414962768555
2000-12-11,34.82101058959961
2000-12-12,34.06259536743164
2000-12-13,33.42829513549805
2000-12-14,32.896060943603516
2000-12-15,32.716793060302734
2000-12-18,33.20978546142578
2000-12-19,32.62716293334961
2000-12-20,31.59636878967285
2000-12-21,31.842880249023438
2000-12-22,33.16496658325195
2000-12-26,33.355445861816406
2000-12-27,34.2405891418457
2000-12-28,35.33863067626953
2000-12-29,34.33022689819336
2001-01-02,33.131378173828125
2001-01-03,34.50389099121094
2001-01-04,34.06131362915039
2001-01-05,33.00812911987305
2001-01-08,33.120155334472656
2001-01-09,33.06976318359375
2001-01-10,34.1285514831543
2001-01-11,34.59354019165039
2001-01-12,34.68879318237305
2001-01-16,35.383445739746094
2001-01-17,35.36103057861328
2001-01-18,35.49549102783203
2001-01-19,34.8680419921875
2001-01-22,35.11454391479492
2001-01-23,35.98846435546875
2001-01-24,35.85403060913086
2001-01-25,35.71956253051758
2001-01-26,35.71956253051758
2001-01-29,36.44562530517578
2001-01-30,36.68225860595703
2001-01-31,36.176719665527344
2001-02-01,36.44203567504883
2001-02-02,35.628135681152344
2001-02-05,35.69985580444336
2001-02-06,36.26634216308594
2001-02-07,36.355987548828125
2001-02-08,35.811004638671875
2001-02-09,35.35205841064453
2001-02-12,36.140869140625
2001-02-13,35.80026626586914
2001-02-14,36.176719665527344
2001-02-15,36.355987548828125
2001-02-16,35.57076644897461
2001-02-20,35.158447265625
2001-02-21,34.54536056518555
2001-02-22,34.06131362915039
2001-02-23,34.13304138183594
2001-02-26,34.88597869873047
2001-02-27,34.258514404296875
2001-02-28,33.75656509399414
2001-03-01,33.989601135253906
2001-03-02,34.07925033569336
2001-03-05,33.95376205444336
2001-03-06,34.45572280883789
2001-03-07,34.63496780395508
2001-03-08,34.34815979003906
2001-03-09,33.73884963989258
2001-03-12,32.783172607421875
2001-03-13,33.12449264526367
2001-03-14,32.33409881591797
2001-03-15,32.20835876464844
2001-03-16,31.615564346313477
2001-03-19,32.44187545776367
2001-03-20,31.687421798706055
2001-03-21,31.202421188354492
2001-03-22,30.897045135498047
2001-03-23,31.705368041992188
2001-03-26,32.13650131225586
2001-03-27,32.39517593383789
2001-03-28,31.525745391845703
2001-03-29,31.579635620117188
2001-03-30,32.190399169921875
2001-04-02,31.435937881469727
2001-04-03,30.368900299072266
2001-04-04,30.465898513793945
2001-04-05,31.938913345336914
2001-04-06,31.040739059448242
2001-04-09,31.72335433959961
2001-04-10,32.477806091308594
2001-04-11,32.26227569580078
2001-04-12,32.65743637084961
2001-04-16,32.06825256347656
2001-04-17,32.5855827331543
2001-04-18,33.537654876708984
2001-04-19,33.911293029785156
2001-04-20,33.516090393066406
2001-04-23,32.90892028808594
2001-04-24,33.16043472290039
2001-04-25,33.878963470458984
2001-04-26,34.363956451416016
2001-04-27,34.81306076049805
2001-04-30,34.84897232055664
2001-05-01,35.28007888793945
2001-05-02,35.19028091430664
2001-05-03,34.75557327270508
2001-05-04,35.244163513183594
2001-05-07,35.028594970703125
2001-05-08,35.2082405090332
2001-05-09,34.99268341064453
2001-05-10,35.028594970703125
2001-05-11,34.82024002075195
2001-05-14,34.81306076049805
2001-05-15,35.15436553955078
2001-05-16,35.82978439331055
2001-05-17,36.1998291015625
2001-05-18,36.33991622924805
2001-05-21,36.96865463256836
2001-05-22,37.14830780029297
2001-05-23,36.286048889160156
2001-05-24,36.663291931152344
2001-05-25,36.39382553100586
2001-05-29,35.926780700683594
2001-05-30,35.45973587036133
2001-05-31,35.60344314575195
2001-06-01,36.023780822753906
2001-06-04,36.49442672729492
2001-06-05,37.00459671020508
2001-06-06,36.771053314208984
2001-06-07,36.92555618286133
2001-06-08,36.7108154296875
2001-06-11,36.2244987487793
2001-06-12,36.31454086303711
2001-06-13,36.26411056518555
2001-06-14,35.359859466552734
2001-06-15,35.57600784301758
2001-06-18,35.30580139160156
2001-06-19,35.19770812988281
2001-06-20,35.61201858520508
2001-06-21,35.66245651245117
2001-06-22,35.01759719848633
2001-06-25,34.772621154785156
2001-06-26,35.30580139160156
2001-06-27,35.64804458618164
2001-06-28,36.09839630126953
2001-06-29,36.7108154296875
2001-07-02,35.88224411010742
2001-07-03,35.666072845458984
2001-07-05,35.19770812988281
2001-07-06,34.54926300048828
2001-07-09,34.87348175048828
2001-07-10,34.22502136230469
2001-07-11,34.22502136230469
2001-07-12,35.06443786621094
2001-07-13,35.23374938964844
2001-07-16,34.63931655883789
2001-07-17,35.32380294799805
2001-07-18,34.65732192993164
2001-07-19,34.945526123046875
2001-07-20,34.945526123046875
2001-07-23,34.69333267211914
2001-07-24,34.116939544677734
2001-07-25,34.3150749206543
2001-07-26,34.819427490234375
2001-07-27,34.7653923034668
2001-07-30,34.71136474609375
2001-07-31,34.66811752319336
2001-08-01,35.19770812988281
2001-08-02,35.08964157104492
2001-08-03,34.999568939208984
2001-08-06,34.513206481933594
2001-08-07,34.54926300048828
2001-08-08,33.774681091308594
2001-08-09,34.116939544677734
2001-08-10,34.080909729003906
2001-08-13,34.36912155151367
2001-08-14,34.47718811035156
2001-08-15,34.4339714050293
2001-08-16,34.65732192993164
2001-08-17,34.116939544677734
2001-08-20,34.49522399902344
2001-08-21,33.90078353881836
2001-08-22,34.35110855102539
2001-08-23,33.90078353881836
2001-08-24,34.62131118774414
2001-08-27,34.49522399902344
2001-08-28,34.116939544677734
2001-08-29,33.97283935546875
2001-08-30,33.54412078857422
2001-08-31,33.82513427734375
2001-09-04,33.50446701049805
2001-09-05,33.270320892333984
2001-09-06,32.495750427246094
2001-09-07,31.89410972595215
2001-09-10,31.649126052856445
2001-09-17,30.081981658935547
2001-09-18,29.595632553100586
2001-09-19,28.87869644165039
2001-09-20,27.779888153076172
2001-09-21,27.257522583007812
2001-09-24,28.100526809692383
2001-09-25,28.442790985107422
2001-09-26,28.02128028869629
2001-09-27,28.47162437438965
2001-09-28,28.89311981201172
2001-10-01,28.74630355834961
2001-10-02,29.060897827148438
2001-10-03,29.72260093688965
2001-10-04,30.01911735534668
2001-10-05,29.86723518371582
2001-10-08,29.59605598449707
2001-10-09,29.35016441345215
2001-10-10,30.373470306396484
2001-10-11,30.861604690551758
2001-10-12,30.76397132873535
2001-10-15,30.87969207763672
2001-10-16,31.295509338378906
2001-10-17,30.40963363647461
2001-10-18,30.214351654052734
2001-10-19,30.590402603149414
2001-10-22,30.865222930908203
2001-10-23,30.66272735595703
2001-10-24,30.861604690551758
2001-10-25,31.54862403869629
2001-10-26,31.54862403869629
2001-10-29,30.91584587097168
2001-10-30,30.264991760253906
2001-10-31,30.77120590209961
2001-11-01,31.313596725463867
2001-11-02,31.09664535522461
2001-11-05,31.54862403869629
2001-11-06,32.0006217956543
2001-11-07,31.783649444580078
2001-11-08,31.711353302001953
2001-11-09,31.602882385253906
2001-11-12,31.729406356811523
2001-11-13,32.307952880859375
2001-11-14,32.62977600097656
2001-11-15,32.5068244934082
2001-11-16,32.53938293457031
2001-11-19,32.904579162597656
2001-11-20,32.71656036376953
2001-11-21,32.60446548461914
2001-11-23,33.078147888183594
2001-11-26,33.24809646606445
2001-11-27,33.139625549316406
2001-11-28,32.561073303222656
2001-11-29,33.519290924072266
2001-11-30,33.12152862548828
2001-12-03,32.904579162597656
2001-12-04,33.66391372680664
2001-12-05,34.40517807006836
2001-12-06,34.893306732177734
2001-12-07,34.629364013671875
2001-12-10,34.02911376953125
2001-12-11,34.2243766784668
2001-12-12,34.27861022949219
2001-12-13,33.66754150390625
2001-12-14,34.051937103271484
2001-12-17,34.704681396484375
2001-12-18,35.01293182373047
2001-12-19,34.740962982177734
2001-12-20,34.19700622558594
2001-12-21,34.88600158691406
2001-12-24,35.04918670654297
2001-12-26,35.357460021972656
2001-12-27,35.50250244140625
2001-12-28,35.53876495361328
2001-12-31,34.94040298461914
2002-01-02,35.2631721496582
2002-01-03,35.75270462036133
2002-01-04,36.06460189819336
2002-01-07,35.484378814697266
2002-01-08,35.90138626098633
2002-01-09,35.53876495361328
2002-01-10,35.756343841552734
2002-01-11,35.32117462158203
2002-01-14,34.79533767700195
2002-01-15,35.03105163574219
2002-01-16,34.32030487060547
2002-01-17,34.48711013793945
2002-01-18,34.051937103271484
2002-01-22,33.834354400634766
2002-01-23,34.30577087402344
2002-01-24,34.577781677246094
2002-01-25,34.552364349365234
2002-01-28,34.77721405029297
2002-01-29,34.16434097290039
2002-01-30,34.592262268066406
2002-01-31,34.88600158691406
2002-02-01,34.68656921386719
2002-02-04,33.870609283447266
2002-02-05,33.74006271362305
2002-02-06,33.362918853759766
2002-02-07,32.92775344848633
2002-02-08,33.798095703125
2002-02-11,33.94677734375
2002-02-12,34.01930236816406
2002-02-13,34.34204864501953
2002-02-14,33.90686798095703
2002-02-15,33.85612106323242
2002-02-19,33.19973373413086
2002-02-20,33.76180648803711
2002-02-21,33.040164947509766
2002-02-22,33.63489532470703
2002-02-25,33.84524917602539
2002-02-26,34.004791259765625
2002-02-27,34.160728454589844
2002-02-28,33.798095703125
2002-03-01,34.632164001464844
2002-03-04,35.17611312866211
2002-03-05,35.25590515136719
2002-03-06,35.68381881713867
2002-03-07,35.72007751464844
2002-03-08,36.081336975097656
2002-03-11,36.08858871459961
2002-03-12,36.03049087524414
2002-03-13,35.72553634643555
2002-03-14,35.88890838623047
2002-03-15,36.03413009643555
2002-03-18,36.237449645996094
2002-03-19,36.469818115234375
2002-03-20,35.89617156982422
2002-03-21,36.49885940551758
2002-03-22,36.23383712768555
2002-03-25,35.794498443603516
2002-03-26,36.19751739501953
2002-03-27,36.535160064697266
2002-03-28,36.342742919921875
2002-04-01,36.37904357910156
2002-04-02,36.14667510986328
2002-04-03,35.88890838623047
2002-04-04,36.03049087524414
2002-04-05,35.97967529296875
2002-04-08,36.42987823486328
2002-04-09,36.29554748535156
2002-04-10,36.99624252319336
2002-04-11,36.404457092285156
2002-04-12,37.214111328125
2002-04-15,36.94179153442383
2002-04-16,37.86760330200195
2002-04-17,37.548118591308594
2002-04-18,37.38835906982422
2002-04-19,37.359317779541016
2002-04-22,36.86555099487305
2002-04-23,36.99624252319336
2002-04-24,36.684024810791016
2002-04-25,36.78205108642578
2002-04-26,36.07769775390625
2002-04-29,36.186607360839844
2002-04-30,36.77840042114258
2002-05-01,37.032562255859375
2002-05-02,37.15961456298828
2002-05-03,36.99624252319336
2002-05-06,36.28828048706055
2002-05-07,36.02687072753906
2002-05-08,36.88732147216797
2002-05-09,36.215667724609375
2002-05-10,35.627498626708984
2002-05-13,36.08858871459961
2002-05-14,37.17778396606445
2002-05-15,37.14148712158203
2002-05-16,36.70216369628906
2002-05-17,36.81470489501953
2002-05-20,36.35000228881836
2002-05-21,35.79813766479492
2002-05-22,35.58029556274414
2002-05-23,36.28828048706055
2002-05-24,35.71464157104492
2002-05-28,35.623878479003906
2002-05-29,35.170040130615234
2002-05-30,35.29711151123047
2002-05-31,35.03571701049805
2002-06-03,34.21879196166992
2002-06-04,34.22606658935547
2002-06-05,34.34587860107422
2002-06-06,33.6778450012207
2002-06-07,33.98282241821289
2002-06-10,33.94648361206055
2002-06-11,33.40191650390625
2002-06-12,33.510826110839844
2002-06-13,33.038841247558594
2002-06-14,33.308589935302734
2002-06-17,34.08397674560547
2002-06-18,34.178627014160156
2002-06-19,33.4906120300293
2002-06-20,33.41780471801758
2002-06-21,33.3449821472168
2002-06-24,33.23943328857422
2002-06-25,32.769832611083984
2002-06-26,32.75163269042969
2002-06-27,33.38139724731445
2002-06-28,32.99916458129883
2002-07-01,32.32573699951172
2002-07-02,31.353736877441406
2002-07-03,30.978809356689453
2002-07-05,32.005374908447266
2002-07-08,31.342838287353516
2002-07-09,31.22269058227539
2002-07-10,30.363605499267578
2002-07-11,30.126977920532227
2002-07-12,29.8685359954834
2002-07-15,29.68287467956543
2002-07-16,29.48631477355957
2002-07-17,29.759349822998047
2002-07-18,28.721851348876953
2002-07-19,28.12120246887207
2002-07-22,27.56059455871582
2002-07-23,26.11904525756836
2002-07-24,27.666147232055664
2002-07-25,27.447736740112305
2002-07-26,27.88457489013672
2002-07-29,28.958452224731445
2002-07-30,29.045822143554688
2002-07-31,28.59442138671875
2002-08-01,28.175806045532227
2002-08-02,27.291202545166016
2002-08-05,26.56314468383789
2002-08-06,27.72076416015625
2002-08-07,27.826324462890625
2002-08-08,28.274089813232422
2002-08-09,28.03382682800293
2002-08-12,28.102998733520508
2002-08-13,27.302127838134766
2002-08-14,28.27773094177246
2002-08-15,28.306848526000977
2002-08-16,28.74004364013672
2002-08-19,29.140474319458008
2002-08-20,28.9948673248291
2002-08-21,29.588224411010742
2002-08-22,29.77751350402832
2002-08-23,28.9948673248291
2002-08-26,29.522706985473633
2002-08-27,28.958452224731445
2002-08-28,28.394208908081055
2002-08-29,28.6053524017334
2002-08-30,28.41242790222168
2002-09-03,27.575153350830078
2002-09-04,28.15760040283203
2002-09-05,27.593351364135742
2002-09-06,28.503442764282227
2002-09-09,28.416051864624023
2002-09-10,28.59442138671875
2002-09-11,28.503442764282227
2002-09-12,28.03018569946289
2002-09-13,28.379352569580078
2002-09-16,28.050622940063477
2002-09-17,27.66713523864746
2002-09-18,27.594087600708008
2002-09-19,26.586013793945312
2002-09-20,26.699241638183594
2002-09-23,26.041799545288086
2002-09-24,25.840911865234375
2002-09-25,26.626184463500977
2002-09-26,26.976825714111328
2002-09-27,26.31574058532715
2002-09-30,26.133115768432617
2002-10-01,26.97317123413086
2002-10-02,26.31574058532715
2002-10-03,26.03084373474121
2002-10-04,25.311321258544922
2002-10-07,24.631969451904297
2002-10-08,24.818241119384766
2002-10-09,23.77730369567871
2002-10-10,24.47125244140625
2002-10-11,25.092182159423828
2002-10-14,25.260181427001953
2002-10-15,26.279212951660156
2002-10-16,25.621776580810547
2002-10-17,26.388792037963867
2002-10-18,26.443578720092773
2002-10-21,26.79055404663086
2002-10-22,26.447223663330078
2002-10-23,26.867265701293945
2002-10-24,26.607934951782227
2002-10-25,27.188676834106445
2002-10-28,26.881860733032227
2002-10-29,26.805152893066406
2002-10-30,27.265371322631836
2002-10-31,27.210590362548828
2002-11-01,27.849754333496094
2002-11-04,28.09081268310547
2002-11-05,28.138301849365234
2002-11-06,28.61678123474121
2002-11-07,27.937408447265625
2002-11-08,27.55756187438965
2002-11-11,26.889175415039062
2002-11-12,27.32016372680664
2002-11-13,27.46623992919922
2002-11-14,28.061588287353516
2002-11-15,28.050622940063477
2002-11-18,27.835155487060547
2002-11-19,27.736528396606445
2002-11-20,28.47067642211914
2002-11-21,29.02583122253418
2002-11-22,29.226720809936523
2002-11-25,29.420303344726562
2002-11-26,29.091575622558594
2002-11-27,29.8841495513916
2002-11-29,29.515270233154297
2002-12-02,29.74171257019043
2002-12-03,29.219419479370117
2002-12-04,28.930875778198242
2002-12-05,28.795740127563477
2002-12-06,28.912601470947266
2002-12-09,28.14560317993164
2002-12-10,28.693471908569336
2002-12-11,28.726333618164062
2002-12-12,28.843219757080078
2002-12-13,28.278011322021484
2002-12-16,28.78449249267578
2002-12-17,28.479881286621094
2002-12-18,28.024795532226562
2002-12-19,27.955045700073242
2002-12-20,28.27066993713379
2002-12-23,28.461538314819336
2002-12-24,28.406471252441406
2002-12-26,28.406471252441406
2002-12-27,27.944053649902344
2002-12-30,27.855972290039062
2002-12-31,27.822927474975586
2003-01-02,28.58997344970703
2003-01-03,28.542264938354492
2003-01-06,28.87624740600586
2003-01-07,28.725786209106445
2003-01-08,28.439496994018555
2003-01-09,28.857891082763672
2003-01-10,28.920286178588867
2003-01-13,28.986347198486328
2003-01-14,29.00469207763672
2003-01-15,28.93863296508789
2003-01-16,28.89826774597168
2003-01-17,28.3551082611084
2003-01-21,27.944053649902344
2003-01-22,27.70182228088379
2003-01-23,27.87430763244629
2003-01-24,27.298118591308594
2003-01-27,26.88338279724121
2003-01-28,27.103586196899414
2003-01-29,27.309114456176758
2003-01-30,26.86504554748535
2003-01-31,27.24673080444336
2003-02-03,27.01183319091797
2003-02-04,27.01183319091797
2003-02-05,26.80998992919922
2003-02-06,26.66318130493164
2003-02-07,26.175071716308594
2003-02-10,26.446651458740234
2003-02-11,26.373249053955078
2003-02-12,26.00257110595703
2003-02-13,25.932838439941406
2003-02-14,26.1677303314209
2003-02-18,26.69255256652832
2003-02-19,26.369585037231445
2003-02-20,26.314531326293945
2003-02-21,26.542078018188477
2003-02-24,26.134687423706055
2003-02-25,26.373249053955078
2003-02-26,26.241127014160156
2003-02-27,26.384258270263672
2003-02-28,26.428293228149414
2003-03-03,26.34756088256836
2003-03-04,26.006244659423828
2003-03-05,26.057615280151367
2003-03-06,25.844757080078125
2003-03-07,25.914636611938477
2003-03-10,25.46954917907715
2003-03-11,25.289304733276367
2003-03-12,25.344486236572266
2003-03-13,26.028682708740234
2003-03-14,26.061786651611328
2003-03-17,26.6650447845459
2003-03-18,27.01450538635254
2003-03-19,26.948287963867188
2003-03-20,27.124849319458008
2003-03-21,27.503726959228516
2003-03-24,26.915180206298828
2003-03-25,27.202106475830078
2003-03-26,26.867372512817383
2003-03-27,27.047603607177734
2003-03-28,27.036563873291016
2003-03-31,26.48481559753418
2003-04-01,26.94460105895996
2003-04-02,27.48166847229004
2003-04-03,27.49638557434082
2003-04-04,27.415451049804688
2003-04-07,27.433847427368164
2003-04-08,27.455909729003906
2003-04-09,27.30510711669922
2003-04-10,27.31245231628418
2003-04-11,27.161624908447266
2003-04-14,27.65455436706543
2003-04-15,27.952505111694336
2003-04-16,27.661895751953125
2003-04-17,28.08492660522461
2003-04-21,28.276206970214844
2003-04-22,28.666126251220703
2003-04-23,28.967741012573242
2003-04-24,28.82061767578125
2003-04-25,28.41598892211914
2003-04-28,28.919923782348633
2003-04-29,29.114900588989258
2003-04-30,29.20684242248535
2003-05-01,29.170076370239258
2003-05-02,29.905742645263672
2003-05-05,30.0418758392334
2003-05-06,30.32878303527832
2003-05-07,30.144853591918945
2003-05-08,29.894729614257812
2003-05-09,30.325115203857422
2003-05-12,30.65615463256836
2003-05-13,30.83641242980957
2003-05-14,30.81801986694336
2003-05-15,30.939390182495117
2003-05-16,30.556838989257812
2003-05-19,30.027137756347656
2003-05-20,30.01978874206543
2003-05-21,30.13381004333496
2003-05-22,30.43914031982422
2003-05-23,30.678247451782227
2003-05-27,31.39921760559082
2003-05-28,31.612560272216797
2003-05-29,31.814865112304688
2003-05-30,32.381351470947266
2003-06-02,32.550559997558594
2003-06-03,32.653560638427734
2003-06-04,33.09864044189453
2003-06-05,33.63938903808594
2003-06-06,33.253143310546875
2003-06-09,32.635169982910156
2003-06-10,33.12440490722656
2003-06-11,33.43707275390625
2003-06-12,33.62464904785156
2003-06-13,33.027767181396484
2003-06-16,33.58413314819336
2003-06-17,33.65415573120117
2003-06-18,33.632022857666016
2003-06-19,33.17515563964844
2003-06-20,32.891448974609375
2003-06-23,32.30562973022461
2003-06-24,32.29457092285156
2003-06-25,32.51194381713867
2003-06-26,33.068321228027344
2003-06-27,32.8582763671875
2003-06-30,32.75513458251953
2003-07-01,32.97986602783203
2003-07-02,33.805213928222656
2003-07-03,33.514129638671875
2003-07-07,34.21049499511719
2003-07-08,34.81845474243164
2003-07-09,35.076358795166016
2003-07-10,34.391048431396484
2003-07-11,34.8663330078125
2003-07-14,35.153724670410156
2003-07-15,35.057918548583984
2003-07-16,34.8663330078125
2003-07-17,33.76099395751953
2003-07-18,33.98943328857422
2003-07-21,33.69467544555664
2003-07-22,34.08891296386719
2003-07-23,34.3210334777832
2003-07-24,34.254703521728516
2003-07-25,34.50526809692383
2003-07-28,34.928958892822266
2003-07-29,34.9473991394043
2003-07-30,34.81476593017578
2003-07-31,34.884761810302734
2003-08-01,34.39472961425781
2003-08-04,34.04838180541992
2003-08-05,33.45885467529297
2003-08-06,33.30780792236328
2003-08-07,33.4183349609375
2003-08-08,33.344635009765625
2003-08-11,33.805213928222656
2003-08-12,34.37262725830078
2003-08-13,34.48684310913086
2003-08-14,34.71158981323242
2003-08-15,34.72263717651367
2003-08-18,35.411659240722656
2003-08-19,36.07484817504883
2003-08-20,36.056427001953125
2003-08-21,36.351200103759766
2003-08-22,35.710086822509766
2003-08-25,35.67693328857422
2003-08-26,35.81325912475586
2003-08-27,36.163291931152344
2003-08-28,36.40277099609375
2003-08-29,36.5538444519043
2003-09-02,37.39757537841797
2003-09-03,37.55601119995117
2003-09-04,37.71076583862305
2003-09-05,37.47128677368164
2003-09-08,37.99079132080078
2003-09-09,37.71076583862305
2003-09-10,36.966495513916016
2003-09-11,37.28705596923828
2003-09-12,37.45214080810547
2003-09-15,37.35982131958008
2003-09-16,37.917457580566406
2003-09-17,37.90637969970703
2003-09-18,38.301551818847656
2003-09-19,38.26093292236328
2003-09-22,37.73651123046875
2003-09-23,38.249855041503906
2003-09-24,37.30442428588867
2003-09-25,36.296180725097656
2003-09-26,35.675716400146484
2003-09-29,36.31464385986328
2003-09-30,35.84192657470703
2003-10-01,36.80952835083008
2003-10-02,37.1640625
2003-10-03,37.75128173828125
2003-10-06,38.076271057128906
2003-10-07,38.29047775268555
2003-10-08,37.991336822509766
2003-10-09,38.390193939208984
2003-10-10,38.34218215942383
2003-10-13,38.944156646728516
2003-10-14,39.1989860534668
2003-10-15,38.70781326293945
2003-10-16,39.05494689941406
2003-10-17,38.29785919189453
2003-10-20,38.48990249633789
2003-10-21,38.66349411010742
2003-10-22,37.81776428222656
2003-10-23,37.48537826538086
2003-10-24,37.393043518066406
2003-10-27,37.93962097167969
2003-10-28,38.85183334350586
2003-10-29,39.11035919189453
2003-10-30,39.22115707397461
2003-10-31,38.962623596191406
2003-11-03,39.62370300292969
2003-11-04,39.67909240722656
2003-11-05,39.874839782714844
2003-11-06,40.188758850097656
2003-11-07,39.88221740722656
2003-11-10,39.2396240234375
2003-11-11,38.97001647949219
2003-11-12,39.87112808227539
2003-11-13,39.978248596191406
2003-11-14,39.22115707397461
2003-11-17,38.74473571777344
2003-11-18,38.32002639770508
2003-11-19,38.72256851196289
2003-11-20,38.460357666015625
2003-11-21,38.88507080078125
2003-11-24,39.775123596191406
2003-11-25,40.01519012451172
2003-11-26,40.229366302490234
2003-11-28,40.42142105102539
2003-12-01,40.942142486572266
2003-12-02,40.879356384277344
2003-12-03,40.144439697265625
2003-12-04,40.236759185791016
2003-12-05,39.73820877075195
2003-12-08,40.03363037109375
2003-12-09,39.3577880859375
2003-12-10,39.00325012207031
2003-12-11,40.09274673461914
2003-12-12,40.37992858886719
2003-12-15,39.4349365234375
2003-12-16,39.78403854370117
2003-12-17,39.776607513427734
2003-12-18,40.38941192626953
2003-12-19,40.259422302246094
2003-12-22,40.70882034301758
2003-12-23,40.931644439697266
2003-12-24,40.883384704589844
2003-12-26,41.028228759765625
2003-12-29,41.65217971801758
2003-12-30,41.75987243652344
2003-12-31,41.15079116821289
2004-01-02,41.5927619934082
2004-01-05,42.07925796508789
2004-01-06,42.023563385009766
2004-01-07,42.4692268371582
2004-01-08,42.7923469543457
2004-01-09,42.450660705566406
2004-01-12,43.24543762207031
2004-01-13,43.0634880065918
2004-01-14,43.28632736206055
2004-01-15,43.397727966308594
2004-01-16,43.639129638671875
2004-01-20,44.162803649902344
2004-01-21,44.10338592529297
2004-01-22,43.85456466674805
2004-01-23,44.09224319458008
2004-01-26,44.5305061340332
2004-01-27,43.97340393066406
2004-01-28,43.28632736206055
2004-01-29,42.87776565551758
2004-01-30,42.9334831237793
2004-02-02,43.0449104309082
2004-02-03,42.80349349975586
2004-02-04,41.74501419067383
2004-02-05,42.134986877441406
2004-02-06,43.20090103149414
2004-02-09,43.28632736206055
2004-02-10,43.8062629699707
2004-02-11,44.07367706298828
2004-02-12,43.77284622192383
2004-02-13,43.323463439941406
2004-02-17,44.084815979003906
2004-02-18,43.7617073059082
2004-02-19,42.98920822143555
2004-02-20,42.91490936279297
2004-02-23,42.26868438720703
2004-02-24,42.26497268676758
2004-02-25,42.85920715332031
2004-02-26,43.119171142578125
2004-02-27,43.342037200927734
2004-03-01,44.02910614013672
2004-03-02,43.680015563964844
2004-03-03,43.724578857421875
2004-03-04,44.27793884277344
2004-03-05,44.37823486328125
2004-03-08,43.750545501708984
2004-03-09,43.37916564941406
2004-03-10,42.4692268371582
2004-03-11,42.042118072509766
2004-03-12,43.174888610839844
2004-03-15,42.06070327758789
2004-03-16,42.07925796508789
2004-03-17,42.85920715332031
2004-03-18,42.59922790527344
2004-03-19,42.22783279418945
2004-03-22,41.41447448730469
2004-03-23,41.485042572021484
2004-03-24,41.42933654785156
2004-03-25,42.38382339477539
2004-03-26,42.49134063720703
2004-03-29,43.306209564208984
2004-03-30,43.6596565246582
2004-03-31,43.756412506103516
2004-04-01,44.23638153076172
2004-04-02,44.79823684692383
2004-04-05,44.928470611572266
2004-04-06,44.381500244140625
2004-04-07,44.71636962890625
2004-04-08,44.31826400756836
2004-04-12,44.43359375
2004-04-13,43.39921188354492
2004-04-14,43.265254974365234
2004-04-15,42.930419921875
2004-04-16,43.257816314697266
2004-04-19,43.577823638916016
2004-04-20,42.614131927490234
2004-04-21,43.30990982055664
2004-04-22,43.90523910522461
2004-04-23,43.81220626831055
2004-04-26,43.90523910522461
2004-04-27,43.79362487792969
2004-04-28,42.87831115722656
2004-04-29,42.02625274658203
2004-04-30,41.34164047241211
2004-05-03,41.884864807128906
2004-05-04,42.119266510009766
2004-05-05,42.3053092956543
2004-05-06,41.687652587890625
2004-05-07,40.50072479248047
2004-05-10,39.782623291015625
2004-05-11,40.64957046508789
2004-05-12,40.9583854675293
2004-05-13,40.396549224853516
2004-05-14,40.24027633666992
2004-05-17,39.85702896118164
2004-05-18,40.30725860595703
2004-05-19,40.02074432373047
2004-05-20,40.10259246826172
2004-05-21,40.4784049987793
2004-05-24,41.0030403137207
2004-05-25,41.85881423950195
2004-05-26,42.14533233642578
2004-05-27,42.156463623046875
2004-05-28,42.23088836669922
2004-06-01,42.63274383544922
2004-06-02,42.49134063720703
2004-06-03,41.67277145385742
2004-06-04,42.193687438964844
2004-06-07,42.9564323425293
2004-06-08,42.91552734375
2004-06-09,42.13787841796875
2004-06-10,42.3053092956543
2004-06-14,41.4755744934082
2004-06-15,42.23088836669922
2004-06-16,42.31277084350586
2004-06-17,42.2048454284668
2004-06-18,42.34996795654297
2004-06-21,42.18252182006836
2004-06-22,42.50996398925781
2004-06-23,43.14992141723633
2004-06-24,42.99365234375
2004-06-25,43.49916076660156
2004-06-28,43.40960693359375
2004-06-29,43.771488189697266
2004-06-30,44.017704010009766
2004-07-01,43.215633392333984
2004-07-02,43.34992218017578
2004-07-06,42.57395935058594
2004-07-07,42.521724700927734
2004-07-08,41.749488830566406
2004-07-09,42.02555847167969
2004-07-12,41.78306579589844
2004-07-13,41.83903121948242
2004-07-14,41.59654235839844
2004-07-15,41.68980026245117
2004-07-16,41.22346496582031
2004-07-19,41.17124557495117
2004-07-20,41.98824691772461
2004-07-21,40.67133712768555
2004-07-22,40.73849868774414
2004-07-23,40.156517028808594
2004-07-26,39.6304931640625
2004-07-27,40.3691520690918
2004-07-28,40.33556365966797
2004-07-29,40.8130989074707
2004-07-30,41.036949157714844
2004-08-02,40.887733459472656
2004-08-03,40.302001953125
2004-08-04,40.26844024658203
2004-08-05,39.52601623535156
2004-08-06,38.69784164428711
2004-08-09,38.57470703125
2004-08-10,39.179080963134766
2004-08-11,39.126853942871094
2004-08-12,38.56353759765625
2004-08-13,38.55607223510742
2004-08-16,39.21639633178711
2004-08-17,39.46260070800781
2004-08-18,40.30574035644531
2004-08-19,39.962520599365234
2004-08-20,40.67133712768555
2004-08-23,40.52211380004883
2004-08-24,40.634033203125
2004-08-25,40.865318298339844
2004-08-26,40.626564025878906
2004-08-27,40.94740295410156
2004-08-30,40.48107147216797
2004-08-31,40.41764450073242
2004-09-01,41.13020706176758
2004-09-02,41.85395431518555
2004-09-03,41.39136505126953
2004-09-07,41.91360855102539
2004-09-08,41.68980026245117
2004-09-09,42.03675842285156
2004-09-10,42.42472839355469
2004-09-13,42.65230178833008
2004-09-14,42.56650161743164
2004-09-15,42.30908966064453
2004-09-16,42.76421356201172
2004-09-17,42.68962097167969
2004-09-20,42.49934005737305
2004-09-21,42.82017517089844
2004-09-22,42.09644317626953
2004-09-23,42.05537414550781
2004-09-24,42.132041931152344
2004-09-27,41.683319091796875
2004-09-28,42.1806755065918
2004-09-29,42.573299407958984
2004-09-30,42.573299407958984
2004-10-01,43.64651870727539
2004-10-04,43.89332962036133
2004-10-05,43.852195739746094
2004-10-06,44.13637924194336
2004-10-07,43.39973831176758
2004-10-08,42.853763580322266
2004-10-11,43.055686950683594
2004-10-12,42.954742431640625
2004-10-13,42.33024597167969
2004-10-14,42.05353927612305
2004-10-15,42.48731231689453
2004-10-18,42.66680908203125
2004-10-19,42.22552490234375
2004-10-20,42.44617462158203
2004-10-21,42.98465347290039
2004-10-22,42.25173568725586
2004-10-25,42.704200744628906
2004-10-26,43.265106201171875
2004-10-27,43.687660217285156
2004-10-28,43.52685546875
2004-10-29,43.448341369628906
2004-11-01,43.792362213134766
2004-11-02,43.6203498840332
2004-11-03,44.323360443115234
2004-11-04,44.8655891418457
2004-11-05,45.06748962402344
2004-11-08,44.91044998168945
2004-11-09,45.07124328613281
2004-11-10,45.39657974243164
2004-11-11,45.84529495239258
2004-11-12,46.312721252441406
2004-11-15,46.57448959350586
2004-11-16,46.163150787353516
2004-11-17,46.40995788574219
2004-11-18,46.338905334472656
2004-11-19,45.84529495239258
2004-11-22,46.331424713134766
2004-11-23,46.61936950683594
2004-11-24,46.89983367919922
2004-11-26,46.92974090576172
2004-11-29,47.097984313964844
2004-11-30,47.44578170776367
2004-12-01,47.88702392578125
2004-12-02,47.819725036621094
2004-12-03,47.72997283935547
2004-12-06,47.50559616088867
2004-12-07,46.671730041503906
2004-12-08,47.19149398803711
2004-12-09,46.83251190185547
2004-12-10,47.19149398803711
2004-12-13,47.70753860473633
2004-12-14,47.965538024902344
2004-12-15,48.36569595336914
2004-12-16,47.98799133300781
2004-12-17,47.793548583984375
2004-12-20,47.737449645996094
2004-12-21,48.24227523803711
2004-12-22,48.33574295043945
2004-12-23,48.45991897583008
2004-12-27,48.14856719970703
2004-12-28,48.78630828857422
2004-12-29,48.78252029418945
2004-12-30,48.609989166259766
2004-12-31,48.57997512817383
2005-01-03,47.949737548828125
2005-01-04,46.921871185302734
2005-01-05,45.98404312133789
2005-01-06,46.22789001464844
2005-01-07,45.71392822265625
2005-01-10,46.17909240722656
2005-01-11,45.61640548706055
2005-01-12,45.803977966308594
2005-01-13,45.665164947509766
2005-01-14,46.10032653808594
2005-01-18,46.64802169799805
2005-01-19,45.98027420043945
2005-01-20,45.706424713134766
2005-01-21,45.60139846801758
2005-01-24,45.25252151489258
2005-01-25,45.36882019042969
2005-01-26,45.972782135009766
2005-01-27,46.104095458984375
2005-01-28,46.06655502319336
2005-01-31,46.60676193237305
2005-02-01,46.869346618652344
2005-02-02,47.22572708129883
2005-02-03,46.96686935424805
2005-02-04,47.55961608886719
2005-02-07,47.548343658447266
2005-02-08,47.66462707519531
2005-02-09,46.64802169799805
2005-02-10,46.730552673339844
2005-02-11,47.49205780029297
2005-02-14,47.4508056640625
2005-02-15,47.49205780029297
2005-02-16,47.63461685180664
2005-02-17,47.214473724365234
2005-02-18,47.09817123413086
2005-02-22,46.17909240722656
2005-02-23,46.45295715332031
2005-02-24,46.88810348510742
2005-02-25,47.668392181396484
2005-02-28,47.372032165527344
2005-03-01,47.73591995239258
2005-03-02,47.64964294433594
2005-03-03,47.69091796875
2005-03-04,48.276123046875
2005-03-07,48.15605926513672
2005-03-08,47.698402404785156
2005-03-09,47.15818786621094
2005-03-10,46.95564651489258
2005-03-11,46.921871185302734
2005-03-14,47.27449417114258
2005-03-15,46.95564651489258
2005-03-16,46.69304275512695
2005-03-17,46.69304275512695
2005-03-18,46.441715240478516
2005-03-21,46.49797058105469
2005-03-22,46.17909240722656
2005-03-23,45.84146499633789
2005-03-24,46.01030731201172
2005-03-28,46.029136657714844
2005-03-29,45.36970138549805
2005-03-30,46.03667449951172
2005-03-31,46.029136657714844
2005-04-01,45.83696365356445
2005-04-04,46.006534576416016
2005-04-05,46.089439392089844
2005-04-06,46.23263168334961
2005-04-07,46.41351318359375
2005-04-08,45.70884323120117
2005-04-11,45.48274612426758
2005-04-12,45.9085693359375
2005-04-13,45.08707046508789
2005-04-14,44.18269729614258
2005-04-15,43.576019287109375
2005-04-18,43.854854583740234
2005-04-19,44.578369140625
2005-04-20,43.88124084472656
2005-04-21,44.95519256591797
2005-04-22,44.22791290283203
2005-04-25,44.634891510009766
2005-04-26,44.005592346191406
2005-04-27,43.98674774169922
2005-04-28,42.863834381103516
2005-04-29,43.425296783447266
2005-05-02,43.86993408203125
2005-05-03,44.088504791259766
2005-05-04,44.578369140625
2005-05-05,44.57083511352539
2005-05-06,44.72910690307617
2005-05-09,45.15866470336914
2005-05-10,44.61982345581055
2005-05-11,44.64244842529297
2005-05-12,43.93776321411133
2005-05-13,43.779483795166016
2005-05-16,44.454017639160156
2005-05-17,44.71779251098633
2005-05-18,45.6146354675293
2005-05-19,45.727684020996094
2005-05-20,45.67115783691406
2005-05-23,45.972625732421875
2005-05-24,45.78420639038086
2005-05-25,45.44127655029297
2005-05-26,46.074344635009766
2005-05-27,46.33061981201172
2005-05-31,46.23263168334961
2005-06-01,46.756404876708984
2005-06-02,46.88454055786133
2005-06-03,46.5416259765625
2005-06-06,46.71495819091797
2005-06-07,46.809181213378906
2005-06-08,46.511474609375
2005-06-09,46.96743392944336
2005-06-10,47.06541061401367
2005-06-13,47.27642059326172
2005-06-14,47.68339920043945
2005-06-15,47.8115234375
2005-06-16,48.27879333496094
2005-06-17,48.248634338378906
2005-06-20,48.10209274291992
2005-06-21,48.238059997558594
2005-06-22,48.35138702392578
2005-06-23,47.497806549072266
2005-06-24,46.9917106628418
2005-06-27,47.1125602722168
2005-06-28,47.845279693603516
2005-06-29,48.222965240478516
2005-06-30,48.11720275878906
2005-07-01,48.32871627807617
2005-07-05,49.09164810180664
2005-07-06,48.64598083496094
2005-07-07,48.78194808959961
2005-07-08,49.8319091796875
2005-07-11,50.44374465942383
2005-07-12,50.28511428833008
2005-07-13,50.17182159423828
2005-07-14,49.80925750732422
2005-07-15,49.85456466674805
2005-07-18,49.56751251220703
2005-07-19,50.262454986572266
2005-07-20,50.87431335449219
2005-07-21,50.08115768432617
2005-07-22,50.85163879394531
2005-07-25,50.519290924072266
2005-07-26,50.67036056518555
2005-07-27,50.813873291015625
2005-07-28,51.33509063720703
2005-07-29,51.28220748901367
2005-08-01,51.25952911376953
2005-08-02,51.64479446411133
2005-08-03,51.387962341308594
2005-08-04,50.52685546875
2005-08-05,49.8319091796875
2005-08-08,49.658180236816406
2005-08-09,49.73368835449219
2005-08-10,49.665706634521484
2005-08-11,50.09627914428711
2005-08-12,49.49196243286133
2005-08-15,50.020748138427734
2005-08-16,49.144535064697266
2005-08-17,49.08409118652344
2005-08-18,48.92545700073242
2005-08-19,49.18229293823242
2005-08-22,49.4617805480957
2005-08-23,49.45420455932617
2005-08-24,49.25782775878906
2005-08-25,49.529754638671875
2005-08-26,48.72151565551758
2005-08-29,49.37867736816406
2005-08-30,49.159610748291016
2005-08-31,50.25490188598633
2005-09-01,50.25490188598633
2005-09-02,49.98296356201172
2005-09-06,50.730804443359375
2005-09-07,50.881866455078125
2005-09-08,50.59482955932617
2005-09-09,50.90453338623047
2005-09-12,51.13115310668945
2005-09-13,50.73833465576172
2005-09-14,50.15671157836914
2005-09-15,49.98296356201172
2005-09-16,50.56460952758789
2005-09-19,50.322872161865234
2005-09-20,49.59772872924805
2005-09-21,48.797054290771484
2005-09-22,49.046329498291016
2005-09-23,49.385746002197266
2005-09-26,49.71915817260742
2005-09-27,49.552467346191406
2005-09-28,49.4842529296875
2005-09-29,50.02979278564453
2005-09-30,50.30254364013672
2005-10-03,50.60561752319336
2005-10-04,49.84038162231445
2005-10-05,48.56747055053711
2005-10-06,48.13558578491211
2005-10-07,48.56747055053711
2005-10-10,48.021942138671875
2005-10-11,47.35517501831055
2005-10-12,46.68842315673828
2005-10-13,46.877838134765625
2005-10-14,47.66581726074219
2005-10-17,47.74917221069336
2005-10-18,47.10511779785156
2005-10-19,48.120426177978516
2005-10-20,47.22636413574219
2005-10-21,47.74917221069336
2005-10-24,48.79475784301758
2005-10-25,48.378021240234375
2005-10-26,48.12799835205078
2005-10-27,47.120296478271484
2005-10-28,47.77947998046875
2005-10-31,48.32500457763672
2005-11-01,48.56747055053711
2005-11-02,49.54486083984375
2005-11-03,49.71915817260742
2005-11-04,49.6130485534668
2005-11-07,49.79489517211914
2005-11-08,49.6130485534668
2005-11-09,49.77975082397461
2005-11-10,50.044921875
2005-11-11,50.332855224609375
2005-11-14,50.15101623535156
2005-11-15,49.42364501953125
2005-11-16,49.438785552978516
2005-11-17,50.294979095458984
2005-11-18,50.681392669677734
2005-11-21,51.19660568237305
2005-11-22,51.469390869140625
2005-11-23,51.529998779296875
2005-11-25,51.492103576660156
2005-11-28,50.810211181640625
2005-11-29,50.885963439941406
2005-11-30,51.105690002441406
2005-12-01,51.93913269042969
2005-12-02,52.14372253417969
2005-12-05,51.7724494934082
2005-12-06,51.931575775146484
2005-12-07,51.61335372924805
2005-12-08,51.749725341796875
2005-12-09,52.007320404052734
2005-12-12,52.16645431518555
2005-12-13,52.174034118652344
2005-12-14,52.1134147644043
2005-12-15,51.58304977416992
2005-12-16,51.40117645263672
2005-12-19,50.76475524902344
2005-12-20,50.749595642089844
2005-12-21,51.36330032348633
2005-12-22,51.69874572753906
2005-12-23,51.8204231262207
2005-12-27,51.044620513916016
2005-12-28,51.348876953125
2005-12-29,51.075042724609375
2005-12-30,50.74797439575195
2006-01-03,51.75957489013672
2006-01-04,52.04100036621094
2006-01-05,52.322425842285156
2006-01-06,52.94611740112305
2006-01-09,53.295997619628906
2006-01-10,53.77521514892578
2006-01-11,53.68393325805664
2006-01-12,53.493797302246094
2006-01-13,53.51662063598633
2006-01-17,53.26559829711914
2006-01-18,53.15150451660156
2006-01-19,54.00338363647461
2006-01-20,53.387306213378906
2006-01-23,53.55463409423828
2006-01-24,54.155487060546875
2006-01-25,54.292415618896484
2006-01-26,55.075862884521484
2006-01-27,55.34968566894531
2006-01-30,55.18993377685547
2006-01-31,55.03019714355469
2006-02-01,55.600677490234375
2006-02-02,54.76399612426758
2006-02-03,54.59666061401367
2006-02-06,55.08347702026367
2006-02-07,54.19352722167969
2006-02-08,54.53581619262695
2006-02-09,54.25440216064453
2006-02-10,54.140289306640625
2006-02-13,53.78279113769531
2006-02-14,54.40648651123047
2006-02-15,54.885711669921875
2006-02-16,55.372493743896484
2006-02-17,55.25840759277344
2006-02-21,55.01500701904297
2006-02-22,55.38770294189453
2006-02-23,55.34968566894531
2006-02-24,55.79084777832031
2006-02-27,55.94295120239258
2006-02-28,55.20515441894531
2006-03-01,56.209136962890625
2006-03-02,55.97336196899414
2006-03-03,55.69192886352539
2006-03-06,55.25840759277344
2006-03-07,54.459754943847656
2006-03-08,54.64987564086914
2006-03-09,54.17070388793945
2006-03-10,55.007389068603516
2006-03-13,55.121490478515625
2006-03-14,55.7299690246582
2006-03-15,56.23958206176758
2006-03-16,56.110260009765625
2006-03-17,56.33845138549805
2006-03-20,56.30803680419922
2006-03-21,55.524620056152344
2006-03-22,56.384098052978516
2006-03-23,56.62749099731445
2006-03-24,57.09938430786133
2006-03-27,57.10700607299805
2006-03-28,56.8096923828125
2006-03-29,57.86174392700195
2006-03-30,57.70925521850586
2006-03-31,57.91508102416992
2006-04-03,57.4348030090332
2006-04-04,57.694007873535156
2006-04-05,57.99130630493164
2006-04-06,58.11330795288086
2006-04-07,57.18326187133789
2006-04-10,57.12224578857422
2006-04-11,56.10834884643555
2006-04-12,56.69532775878906
2006-04-13,56.84019088745117
2006-04-17,56.87830352783203
2006-04-18,58.47159194946289
2006-04-19,58.89851760864258
2006-04-20,58.58595275878906
2006-04-21,58.45635223388672
2006-04-24,57.99130630493164
2006-04-25,58.02946853637695
2006-04-26,57.983699798583984
2006-04-27,57.503421783447266
2006-04-28,58.090423583984375
2006-05-01,57.37382507324219
2006-05-02,58.159019470214844
2006-05-03,58.0599250793457
2006-05-04,58.7689094543457
2006-05-05,59.09672164916992
2006-05-08,59.18054962158203
2006-05-09,59.09672164916992
2006-05-10,58.738433837890625
2006-05-11,57.411949157714844
2006-05-12,56.0321044921875
2006-05-15,55.78053665161133
2006-05-16,55.87202835083008
2006-05-17,54.85047912597656
2006-05-18,54.33208084106445
2006-05-19,54.81234359741211
2006-05-22,54.20250701904297
2006-05-23,53.50111389160156
2006-05-24,53.912784576416016
2006-05-25,55.04867172241211
2006-05-26,55.37648391723633
2006-05-30,53.85178756713867
2006-05-31,54.789485931396484
2006-06-01,55.856773376464844
2006-06-02,55.81865310668945
2006-06-05,54.19486618041992
2006-06-06,53.96617889404297
2006-06-07,53.44015121459961
2006-06-08,53.48589324951172
2006-06-09,53.01325225830078
2006-06-12,51.793495178222656
2006-06-13,50.81007766723633
2006-06-14,51.4199333190918
2006-06-15,53.18096160888672
2006-06-16,52.48723220825195
2006-06-19,51.45806121826172
2006-06-20,51.397071838378906
2006-06-21,52.296630859375
2006-06-22,52.1019287109375
2006-06-23,52.41497802734375
2006-06-26,53.06396484375
2006-06-27,52.147743225097656
2006-06-28,52.37677764892578
2006-06-29,54.40010070800781
2006-06-30,54.7666015625
2006-07-03,55.453739166259766
2006-07-05,54.64440155029297
2006-07-06,54.6291389465332
2006-07-07,53.819820404052734
2006-07-10,53.827476501464844
2006-07-11,54.30083465576172
2006-07-12,53.178504943847656
2006-07-13,51.97212600708008
2006-07-14,51.55983352661133
2006-07-17,51.491119384765625
2006-07-18,51.84233474731445
2006-07-19,53.06396484375
2006-07-20,51.704917907714844
2006-07-21,50.96430587768555
2006-07-24,52.59056854248047
2006-07-25,52.72036361694336
2006-07-26,52.6058464050293
2006-07-27,52.1019287109375
2006-07-28,53.19374084472656
2006-07-31,53.20142364501953
2006-08-01,52.36916732788086
2006-08-02,53.06396484375
2006-08-03,53.70529556274414
2006-08-04,53.155582427978516
2006-08-07,52.949432373046875
2006-08-08,52.21648025512695
2006-08-09,51.68965148925781
2006-08-10,52.147743225097656
2006-08-11,51.613285064697266
2006-08-14,51.9186897277832
2006-08-15,53.00288009643555
2006-08-16,53.766361236572266
2006-08-17,53.850372314453125
2006-08-18,54.163414001464844
2006-08-21,53.58313751220703
2006-08-22,53.758766174316406
2006-08-23,53.140316009521484
2006-08-24,53.04869079589844
2006-08-25,53.140316009521484
2006-08-28,53.70529556274414
2006-08-29,54.40010070800781
2006-08-30,54.820045471191406
2006-08-31,54.79714584350586
2006-09-01,54.83531951904297
2006-09-05,55.33159255981445
2006-09-06,54.15577697753906
2006-09-07,53.67477035522461
2006-09-08,53.88090896606445
2006-09-11,53.81220626831055
2006-09-12,55.07960891723633
2006-09-13,55.545387268066406
2006-09-14,55.34687042236328
2006-09-15,55.476646423339844
2006-09-18,55.46137619018555
2006-09-19,55.217041015625
2006-09-20,55.95768356323242
2006-09-21,55.35449981689453
2006-09-22,54.62152099609375
2006-09-25,55.270484924316406
2006-09-26,55.44742202758789
2006-09-27,55.85340881347656
2006-09-28,55.63126754760742
2006-09-29,55.14871597290039
2006-10-02,54.62787628173828
2006-10-03,54.5512580871582
2006-10-04,55.87637710571289
2006-10-05,56.58871078491211
2006-10-06,56.29764938354492
2006-10-09,56.72657775878906
2006-10-10,56.75724792480469
2006-10-11,56.535091400146484
2006-10-12,57.676353454589844
2006-10-13,58.13597106933594
2006-10-16,58.480594635009766
2006-10-17,58.18955612182617
2006-10-18,58.197200775146484
2006-10-19,58.480594635009766
2006-10-20,57.906150817871094
2006-10-23,58.02103042602539
2006-10-24,58.13597106933594
2006-10-25,58.5189208984375
2006-10-26,59.00913619995117
2006-10-27,58.319759368896484
2006-10-30,58.572513580322266
2006-10-31,58.388694763183594
2006-11-01,57.12489700317383
2006-11-02,57.0406379699707
2006-11-03,57.31637954711914
2006-11-06,57.98274230957031
2006-11-07,58.3657112121582
2006-11-08,58.66445541381836
2006-11-09,58.128273010253906
2006-11-10,58.61082458496094
2006-11-13,58.695064544677734
2006-11-14,59.828697204589844
2006-11-15,60.28060531616211
2006-11-16,60.234657287597656
2006-11-17,60.196327209472656
2006-11-20,60.28060531616211
2006-11-21,60.38019943237305
2006-11-22,60.44913864135742
2006-11-24,60.17336654663086
2006-11-27,58.82530212402344
2006-11-28,59.024436950683594
2006-11-29,59.7904052734375
2006-11-30,59.79804229736328
2006-12-01,59.5759162902832
2006-12-04,60.75551986694336
2006-12-05,60.801448822021484
2006-12-06,60.59467315673828
2006-12-07,60.3342170715332
2006-12-08,60.3419075012207
2006-12-11,60.495094299316406
2006-12-12,60.16569900512695
2006-12-13,60.2423095703125
2006-12-14,60.48743438720703
2006-12-15,60.43381881713867
2006-12-18,59.675498962402344
2006-12-19,59.63722610473633
2006-12-20,59.982574462890625
2006-12-21,59.705657958984375
2006-12-22,59.31338119506836
2006-12-26,60.159542083740234
2006-12-27,60.8748664855957
2006-12-28,60.59794998168945
2006-12-29,60.021018981933594
2007-01-03,60.121036529541016
2007-01-04,60.28256607055664
2007-01-05,59.02108383178711
2007-01-08,58.79030990600586
2007-01-09,59.34414291381836
2007-01-10,59.805660247802734
2007-01-11,60.17491912841797
2007-01-12,60.75178909301758
2007-01-16,60.34410095214844
2007-01-17,60.08258819580078
2007-01-18,59.58259963989258
2007-01-19,59.8133659362793
2007-01-22,59.374916076660156
2007-01-23,59.93644714355469
2007-01-24,60.59024429321289
2007-01-25,59.8287353515625
2007-01-26,60.05180358886719
2007-01-29,60.57487487792969
2007-01-30,60.905616760253906
2007-01-31,61.036376953125
2007-02-01,61.690216064453125
2007-02-02,61.72868347167969
2007-02-05,61.7209587097168
2007-02-06,61.874820709228516
2007-02-07,62.444007873535156
2007-02-08,62.344024658203125
2007-02-09,61.77481460571289
2007-02-12,61.60561752319336
2007-02-13,62.059425354003906
2007-02-14,62.151771545410156
2007-02-15,62.197898864746094
2007-02-16,62.43634033203125
2007-02-20,63.03628921508789
2007-02-21,63.15170669555664
2007-02-22,63.374778747558594
2007-02-23,63.03628921508789
2007-02-26,62.99016571044922
2007-02-27,60.036441802978516
2007-02-28,60.636417388916016
2007-03-01,60.3210334777832
2007-03-02,59.12107467651367
2007-03-05,57.821109771728516
2007-03-06,59.39800262451172
2007-03-07,59.205692291259766
2007-03-08,59.65184020996094
2007-03-09,60.13642883300781
2007-03-12,60.305667877197266
2007-03-13,58.75956344604492
2007-03-14,59.382598876953125
2007-03-15,59.84413146972656
2007-03-16,59.436466217041016
2007-03-19,60.17491912841797
2007-03-20,60.651832580566406
2007-03-21,61.74407196044922
2007-03-22,61.74407196044922
2007-03-23,61.839637756347656
2007-03-26,61.70859909057617
2007-03-27,61.42343521118164
2007-03-28,60.999576568603516
2007-03-29,61.076637268066406
2007-03-30,61.23080062866211
2007-04-02,61.38491439819336
2007-04-03,62.040008544921875
2007-04-04,62.03229904174805
2007-04-05,61.99378967285156
2007-04-09,62.07855224609375
2007-04-10,62.27121353149414
2007-04-11,61.885902404785156
2007-04-12,62.30199432373047
2007-04-13,62.70276641845703
2007-04-16,63.56599426269531
2007-04-17,63.373313903808594
2007-04-18,63.00336837768555
2007-04-19,62.70276641845703
2007-04-20,63.43495178222656
2007-04-23,63.36557388305664
2007-04-24,63.33475875854492
2007-04-25,63.51204299926758
2007-04-26,63.86651611328125
2007-04-27,63.59678268432617
2007-04-30,62.22498321533203
2007-05-01,62.47926712036133
2007-05-02,63.3116569519043
2007-05-03,63.42720413208008
2007-05-04,63.82801818847656
2007-05-07,63.643043518066406
2007-05-08,63.419517517089844
2007-05-09,63.67385482788086
2007-05-10,62.88776779174805
2007-05-11,63.45807647705078
2007-05-14,62.9031867980957
2007-05-15,62.40223693847656
2007-05-16,62.74131393432617
2007-05-17,62.255794525146484
2007-05-18,62.987953186035156
2007-05-21,63.781768798828125
2007-05-22,64.1748046875
2007-05-23,64.00526428222656
2007-05-24,63.16520690917969
2007-05-25,63.57368087768555
2007-05-29,64.15938568115234
2007-05-30,64.59098052978516
2007-05-31,64.94548797607422
2007-06-01,65.27686309814453
2007-06-04,65.34626007080078
2007-06-05,65.08421325683594
2007-06-06,64.35975646972656
2007-06-07,63.02647018432617
2007-06-08,63.85112762451172
2007-06-11,63.86651611328125
2007-06-12,62.81069564819336
2007-06-13,63.65071105957031
2007-06-14,64.22876739501953
2007-06-15,64.99176788330078
2007-06-18,64.868408203125
2007-06-19,65.03797149658203
2007-06-20,63.912742614746094
2007-06-21,64.41372680664062
2007-06-22,63.905029296875
2007-06-25,63.57368087768555
2007-06-26,63.10353469848633
2007-06-27,64.42142486572266
2007-06-28,64.41292572021484
2007-06-29,64.01142883300781
2007-07-02,64.83757781982422
2007-07-03,65.14645385742188
2007-07-05,65.25459289550781
2007-07-06,65.4784927368164
2007-07-09,65.41670989990234
2007-07-10,64.34341430664062
2007-07-11,64.72953033447266
2007-07-12,65.49395751953125
2007-07-13,65.55570983886719
2007-07-16,65.23139190673828
2007-07-17,65.27774047851562
2007-07-18,65.06925201416016
2007-07-19,65.25459289550781
2007-07-20,64.28166198730469
2007-07-23,64.04230499267578
2007-07-24,62.54433822631836
2007-07-25,62.312705993652344
2007-07-26,60.64481735229492
2007-07-27,59.170021057128906
2007-07-30,60.196983337402344
2007-07-31,59.53290939331055
2007-08-01,59.85721969604492
2007-08-02,60.3282470703125
2007-08-03,58.18165969848633
2007-08-06,58.70670700073242
2007-08-07,59.61015319824219
2007-08-08,61.401546478271484
2007-08-09,59.98847579956055
2007-08-10,60.27418518066406
2007-08-13,59.94988250732422
2007-08-14,58.92290496826172
2007-08-15,58.065834045410156
2007-08-16,59.3553466796875
2007-08-17,60.54446029663086
2007-08-20,60.590782165527344
2007-08-21,60.76068115234375
2007-08-22,61.48648452758789
2007-08-23,60.69890213012695
2007-08-24,61.48648452758789
2007-08-27,60.6370735168457
2007-08-28,59.108272552490234
2007-08-29,60.66026306152344
2007-08-30,60.251007080078125
2007-08-31,60.799259185791016
2007-09-04,61.57913589477539
2007-09-05,61.00773239135742
2007-09-06,61.023189544677734
2007-09-07,60.01936340332031
2007-09-10,59.18547058105469
2007-09-11,60.22013473510742
2007-09-12,59.841773986816406
2007-09-13,59.98847579956055
2007-09-14,60.29732894897461
2007-09-17,59.63330078125
2007-09-18,62.173683166503906
2007-09-19,63.007572174072266
2007-09-20,62.382144927978516
2007-09-21,62.51345443725586
2007-09-24,62.03471755981445
2007-09-25,61.783119201660156
2007-09-26,62.3249626159668
2007-09-27,62.69648361206055
2007-09-28,61.95339584350586
2007-10-01,63.49372863769531
2007-10-02,63.90397644042969
2007-10-03,63.72597122192383
2007-10-04,63.826576232910156
2007-10-05,65.11921691894531
2007-10-08,64.63158416748047
2007-10-09,65.15789031982422
2007-10-10,65.10372924804688
2007-10-11,64.368408203125
2007-10-12,64.87928771972656
2007-10-15,64.12844848632812
2007-10-16,63.39312744140625
2007-10-17,63.64082336425781
2007-10-18,63.486019134521484
2007-10-19,61.218074798583984
2007-10-22,62.51071548461914
2007-10-23,62.99063491821289
2007-10-24,62.5881233215332
2007-10-25,62.433387756347656
2007-10-26,63.47826385498047
2007-10-29,63.408607482910156
2007-10-30,62.905479431152344
2007-10-31,63.71819305419922
2007-11-01,61.25680160522461
2007-11-02,61.55866622924805
2007-11-05,60.74591827392578
2007-11-06,61.891475677490234
2007-11-07,59.97189712524414
2007-11-08,60.14992904663086
2007-11-09,59.48426818847656
2007-11-12,58.911468505859375
2007-11-13,60.76142120361328
2007-11-14,60.4130973815918
2007-11-15,59.55393600463867
2007-11-16,59.05083084106445
2007-11-19,57.773643493652344
2007-11-20,58.10648727416992
2007-11-21,56.89126968383789
2007-11-23,58.098758697509766
2007-11-26,56.581626892089844
2007-11-27,57.239566802978516
2007-11-28,59.49978256225586
2007-11-29,58.9888916015625
2007-11-30,59.329463958740234
2007-12-03,58.63284683227539
2007-12-04,58.01359939575195
2007-12-05,59.16690444946289
2007-12-06,60.56791305541992
2007-12-07,60.753662109375
2007-12-10,61.233577728271484
2007-12-11,59.09726333618164
2007-12-12,59.53071594238281
2007-12-13,59.20561599731445
2007-12-14,58.05231857299805
2007-12-17,57.16217803955078
2007-12-18,58.18391036987305
2007-12-19,58.59412384033203
2007-12-20,59.47650909423828
2007-12-21,60.838809967041016
2007-12-24,61.28000259399414
2007-12-26,61.566402435302734
2007-12-27,60.104000091552734
2007-12-28,59.459388732910156
2007-12-31,58.94682693481445
2008-01-02,58.37211608886719
2008-01-03,57.72747039794922
2008-01-04,55.98780822753906
2008-01-07,56.11210250854492
2008-01-08,54.38017654418945
2008-01-09,54.931602478027344
2008-01-10,55.68495178222656
2008-01-11,54.535499572753906
2008-01-14,54.98595428466797
2008-01-15,53.976322174072266
2008-01-16,54.03069305419922
2008-01-17,52.71817398071289
2008-01-18,52.20560073852539
2008-01-22,51.83282470703125
2008-01-23,53.60356140136719
2008-01-24,53.564720153808594
2008-01-25,53.17640686035156
2008-01-28,54.30251693725586
2008-01-29,54.44231414794922
2008-01-30,53.75885772705078
2008-01-31,55.094696044921875
2008-02-01,56.391666412353516
2008-02-04,55.754817962646484
2008-02-05,54.32583236694336
2008-02-06,53.60356140136719
2008-02-07,54.4500846862793
2008-02-08,54.10834884643555
2008-02-11,54.13163375854492
2008-02-12,54.55881118774414
2008-02-13,55.79365539550781
2008-02-14,54.50443649291992
2008-02-15,54.26368713378906
2008-02-19,54.931602478027344
2008-02-20,54.96266174316406
2008-02-21,53.91419219970703
2008-02-22,53.91419219970703
2008-02-25,54.96266174316406
2008-02-26,55.47523498535156
2008-02-27,55.45195770263672
2008-02-28,54.6131706237793
2008-02-29,53.47929763793945
2008-03-03,52.966705322265625
2008-03-04,52.65606689453125
2008-03-05,53.160858154296875
2008-03-06,51.390113830566406
2008-03-07,51.22701644897461
2008-03-10,50.0931396484375
2008-03-11,52.26771926879883
2008-03-12,51.66193771362305
2008-03-13,52.694881439208984
2008-03-14,51.36684036254883
2008-03-17,50.52804183959961
2008-03-18,52.85020446777344
2008-03-19,51.529911041259766
2008-03-20,52.40751266479492
2008-03-24,54.44563674926758
2008-03-25,54.624549865722656
2008-03-26,54.17337417602539
2008-03-27,53.67551803588867
2008-03-28,53.045413970947266
2008-03-31,53.12319564819336
2008-04-01,55.06795120239258
2008-04-02,55.200199127197266
2008-04-03,55.371337890625
2008-04-04,55.35578536987305
2008-04-07,55.26243591308594
2008-04-08,55.20799255371094
2008-04-09,54.30560302734375
2008-04-10,54.88125991821289
2008-04-11,53.47324752807617
2008-04-14,53.309898376464844
2008-04-15,53.65216827392578
2008-04-16,55.386898040771484
2008-04-17,55.16907501220703
2008-04-18,55.75251388549805
2008-04-21,55.760284423828125
2008-04-22,54.741233825683594
2008-04-23,54.88125991821289
2008-04-24,55.41023635864258
2008-04-25,55.93143844604492
2008-04-28,56.30481719970703
2008-04-29,55.80695343017578
2008-04-30,55.542484283447266
2008-05-01,56.49930191040039
2008-05-02,56.43705368041992
2008-05-05,56.21925735473633
2008-05-06,56.67824172973633
2008-05-07,55.66692352294922
2008-05-08,55.78362274169922
2008-05-09,55.62026596069336
2008-05-12,56.84157943725586
2008-05-13,57.16830062866211
2008-05-14,57.098289489746094
2008-05-15,57.21498107910156
2008-05-16,57.52613830566406
2008-05-19,57.54169464111328
2008-05-20,57.33168029785156
2008-05-21,56.51483154296875
2008-05-22,56.91938018798828
2008-05-23,56.172603607177734
2008-05-27,57.036067962646484
2008-05-28,57.30055618286133
2008-05-29,57.88396072387695
2008-05-30,58.08625411987305
2008-06-02,57.55725860595703
2008-06-03,57.44055938720703
2008-06-04,57.798397064208984
2008-06-05,59.27640914916992
2008-06-06,57.502803802490234
2008-06-09,57.31611633300781
2008-06-10,56.896053314208984
2008-06-11,55.908103942871094
2008-06-12,56.024776458740234
2008-06-13,57.036067962646484
2008-06-16,57.393890380859375
2008-06-17,57.34723663330078
2008-06-18,56.88825607299805
2008-06-19,57.362789154052734
2008-06-20,56.45263671875
2008-06-23,55.92363739013672
2008-06-24,54.99795150756836
2008-06-25,55.62026596069336
2008-06-26,54.18893814086914
2008-06-27,54.243377685546875
2008-06-30,53.714412689208984
2008-07-01,53.753299713134766
2008-07-02,52.2283821105957
2008-07-03,51.947288513183594
2008-07-07,51.29139709472656
2008-07-08,53.14973449707031
2008-07-09,51.72866439819336
2008-07-10,52.236183166503906
2008-07-11,52.52507400512695
2008-07-14,51.65837860107422
2008-07-15,51.43974685668945
2008-07-16,53.329307556152344
2008-07-17,53.40739822387695
2008-07-18,53.78217697143555
2008-07-21,54.43807601928711
2008-07-22,55.80449295043945
2008-07-23,56.163658142089844
2008-07-24,54.74259567260742
2008-07-25,55.18764877319336
2008-07-28,54.25067138671875
2008-07-29,55.57804489135742
2008-07-30,55.91379165649414
2008-07-31,55.68735122680664
2008-08-01,55.75764846801758
2008-08-04,55.242305755615234
2008-08-05,56.18708419799805
2008-08-06,56.46819305419922
2008-08-07,55.624916076660156
2008-08-08,57.09283447265625
2008-08-11,58.45923614501953
2008-08-12,58.021995544433594
2008-08-13,58.232810974121094
2008-08-14,58.79500198364258
2008-08-15,58.638797760009766
2008-08-18,57.881431579589844
2008-08-19,56.921051025390625
2008-08-20,56.99913024902344
2008-08-21,56.343238830566406
2008-08-22,57.53007125854492
2008-08-25,56.26516342163086
2008-08-26,56.35105895996094
2008-08-27,57.022552490234375
2008-08-28,58.17818832397461
2008-08-29,57.678428649902344
2008-09-02,57.66281509399414
2008-09-03,57.89705276489258
2008-09-04,56.07779312133789
2008-09-05,55.93722152709961
2008-09-08,56.593101501464844
2008-09-09,55.28913497924805
2008-09-10,55.80449295043945
2008-09-11,56.15585708618164
2008-09-12,56.41352844238281
2008-09-15,53.88370132446289
2008-09-16,55.43750762939453
2008-09-17,52.93891525268555
2008-09-18,56.06216049194336
2008-09-19,58.560733795166016
2008-09-22,56.17927169799805
2008-09-23,55.4296989440918
2008-09-24,54.7254753112793
2008-09-25,55.007179260253906
2008-09-26,55.265377044677734
2008-09-29,50.89924240112305
2008-09-30,53.207496643066406
2008-10-01,52.44068908691406
2008-10-02,49.74900817871094
2008-10-03,49.06044006347656
2008-10-06,46.72871398925781
2008-10-07,43.66144561767578
2008-10-08,42.61293411254883
2008-10-09,39.115333557128906
2008-10-10,41.04018783569336
2008-10-13,44.584754943847656
2008-10-14,43.332820892333984
2008-10-15,39.4439697265625
2008-10-16,42.02610778808594
2008-10-17,40.8445930480957
2008-10-20,42.79289627075195
2008-10-21,41.611392974853516
2008-10-22,39.506568908691406
2008-10-23,38.332889556884766
2008-10-24,36.90879440307617
2008-10-27,35.10130310058594
2008-10-28,37.91034698486328
2008-10-29,38.1059684753418
2008-10-30,40.24209976196289
2008-10-31,42.057395935058594
2008-11-03,42.112159729003906
2008-11-04,42.5973014831543
2008-11-05,40.36728286743164
2008-11-06,38.80236053466797
2008-11-07,39.60828399658203
2008-11-10,38.69280242919922
2008-11-11,37.8555793762207
2008-11-12,35.64902114868164
2008-11-13,38.58325958251953
2008-11-14,35.71162033081055
2008-11-17,35.40647888183594
2008-11-18,35.23432540893555
2008-11-19,32.36268615722656
2008-11-20,30.148311614990234
2008-11-21,31.799314498901367
2008-11-24,34.037147521972656
2008-11-25,34.60051727294922
2008-11-26,36.67404556274414
2008-11-28,37.04182434082031
2008-12-01,32.87910461425781
2008-12-02,34.60835266113281
2008-12-03,35.65685272216797
2008-12-04,34.475337982177734
2008-12-05,36.071571350097656
2008-12-08,37.667781829833984
2008-12-09,36.50191116333008
2008-12-10,37.36263656616211
2008-12-11,35.46907043457031
2008-12-12,36.689720153808594
2008-12-15,35.508182525634766
2008-12-16,37.816444396972656
2008-12-17,38.16072463989258
2008-12-18,37.91817092895508
2008-12-19,38.1059684753418
2008-12-22,37.370460510253906
2008-12-23,36.82722473144531
2008-12-24,36.96125411987305
2008-12-26,37.489501953125
2008-12-29,36.9139518737793
2008-12-30,37.93891143798828
2008-12-31,38.82194137573242
2009-01-02,39.59459686279297
2009-01-05,39.73650360107422
2009-01-06,40.40666198730469
2009-01-07,39.21614074707031
2009-01-08,39.405372619628906
2009-01-09,37.946773529052734
2009-01-12,36.81935501098633
2009-01-13,37.308170318603516
2009-01-14,35.66824722290039
2009-01-15,36.24378967285156
2009-01-16,36.645877838134766
2009-01-20,34.1623649597168
2009-01-21,35.86533737182617
2009-01-22,34.82463455200195
2009-01-23,34.998077392578125
2009-01-26,35.39231491088867
2009-01-27,35.778602600097656
2009-01-28,37.25297927856445
2009-01-29,35.794403076171875
2009-01-30,35.06904220581055
2009-02-02,35.35285949707031
2009-02-03,35.60517501831055
2009-02-04,35.344993591308594
2009-02-05,35.754966735839844
2009-02-06,37.02432632446289
2009-02-09,36.858768463134766
2009-02-10,35.15577697753906
2009-02-11,35.2898063659668
2009-02-12,35.58940124511719
2009-02-13,35.218849182128906
2009-02-17,33.82332992553711
2009-02-18,33.34239959716797
2009-02-19,32.87724685668945
2009-02-20,32.435707092285156
2009-02-23,31.190017700195312
2009-02-24,32.34109115600586
2009-02-25,31.67095184326172
2009-02-26,31.079622268676758
2009-02-27,30.86675262451172
2009-03-02,29.12434196472168
2009-03-03,28.572450637817383
2009-03-04,29.16375732421875
2009-03-05,27.610570907592773
2009-03-06,27.752483367919922
2009-03-09,27.11385726928711
2009-03-10,28.87993049621582
2009-03-11,28.919343948364258
2009-03-12,30.716955184936523
2009-03-13,31.040205001831055
2009-03-16,30.48041343688965
2009-03-17,31.89170265197754
2009-03-18,32.995487213134766
2009-03-19,32.648590087890625
2009-03-20,31.521133422851562
2009-03-23,34.20177459716797
2009-03-24,32.87369918823242
2009-03-25,33.79916000366211
2009-03-26,35.10430145263672
2009-03-27,33.925716400146484
2009-03-30,32.95280075073242
2009-03-31,33.26126480102539
2009-04-01,33.83871841430664
2009-04-02,35.531436920166016
2009-04-03,36.09305191040039
2009-04-06,35.47607421875
2009-04-07,34.218379974365234
2009-04-08,34.85118865966797
2009-04-09,36.89195251464844
2009-04-13,36.90776443481445
2009-04-14,35.83992004394531
2009-04-15,36.385704040527344
2009-04-16,37.437744140625
2009-04-17,37.76995849609375
2009-04-20,35.83202362060547
2009-04-21,37.07387924194336
2009-04-22,37.06596755981445
2009-04-23,36.97896957397461
2009-04-24,37.6671257019043
2009-04-27,37.26370620727539
2009-04-28,37.3190803527832
2009-04-29,38.73495864868164
2009-04-30,38.37900924682617
2009-05-01,38.6163215637207
2009-05-04,40.024288177490234
2009-05-05,39.826534271240234
2009-05-06,39.93727493286133
2009-05-07,38.99599838256836
2009-05-08,40.348594665527344
2009-05-11,39.75535202026367
2009-05-12,39.193729400634766
2009-05-13,37.39816665649414
2009-05-14,37.92023468017578
2009-05-15,37.777862548828125
2009-05-18,39.043453216552734
2009-05-19,39.05926513671875
2009-05-20,38.695411682128906
2009-05-21,38.19710159301758
2009-05-22,37.80158615112305
2009-05-26,39.60504913330078
2009-05-27,38.8377799987793
2009-05-28,38.88523864746094
2009-05-29,39.68415451049805
2009-06-01,41.234493255615234
2009-06-02,41.74863815307617
2009-06-03,41.4718017578125
2009-06-04,42.06502914428711
2009-06-05,42.08086013793945
2009-06-08,41.5825309753418
2009-06-09,41.772361755371094
2009-06-10,41.60626983642578
2009-06-11,41.62207794189453
2009-06-12,41.74863815307617
2009-06-15,40.62544250488281
2009-06-16,39.94518280029297
2009-06-17,40.15876007080078
2009-06-18,40.340675354003906
2009-06-19,40.58589172363281
2009-06-22,39.14628982543945
2009-06-23,38.82989501953125
2009-06-24,39.24911117553711
2009-06-25,40.38021469116211
2009-06-26,40.52259826660156
2009-06-29,40.52259826660156
2009-06-30,40.403953552246094
2009-07-01,41.028839111328125
2009-07-02,39.61674118041992
2009-07-06,39.2674674987793
2009-07-07,38.41816711425781
2009-07-08,38.156219482421875
2009-07-09,37.997459411621094
2009-07-10,38.180023193359375
2009-07-13,39.10078430175781
2009-07-14,39.33098220825195
2009-07-15,40.847076416015625
2009-07-16,41.355079650878906
2009-07-17,41.19632339477539
2009-07-20,41.70432662963867
2009-07-21,41.63288879394531
2009-07-22,41.958351135253906
2009-07-23,43.28392791748047
2009-07-24,43.50618362426758
2009-07-27,43.728424072265625
2009-07-28,43.75225830078125
2009-07-29,43.529991149902344
2009-07-30,44.29199981689453
2009-07-31,44.10942840576172
2009-08-03,44.87937927246094
2009-08-04,45.331825256347656
2009-08-05,44.87937927246094
2009-08-06,44.25230026245117
2009-08-07,45.31597137451172
2009-08-10,45.39535140991211
2009-08-11,44.66508102416992
2009-08-12,45.33976364135742
2009-08-13,45.71284866333008
2009-08-14,44.77621078491211
2009-08-17,43.514102935791016
2009-08-18,44.09357452392578
2009-08-19,44.63332748413086
2009-08-20,45.11751937866211
2009-08-21,46.1573600769043
2009-08-24,46.14147186279297
2009-08-25,46.339927673339844
2009-08-26,46.443111419677734
2009-08-27,46.371681213378906
2009-08-28,46.07797622680664
2009-08-31,45.403282165527344
2009-09-01,44.38727569580078
2009-09-02,44.16500473022461
2009-09-03,44.65714645385742
2009-09-04,45.28421401977539
2009-09-08,45.784271240234375
2009-09-09,46.570098876953125
2009-09-10,47.1495475769043
2009-09-11,47.165428161621094
2009-09-14,47.665504455566406
2009-09-15,48.0544548034668
2009-09-16,49.04664611816406
2009-09-17,48.943458557128906
2009-09-18,49.14189529418945
2009-09-21,49.006961822509766
2009-09-22,49.345115661621094
2009-09-23,48.87568283081055
2009-09-24,47.89705276489258
2009-09-25,47.602664947509766
2009-09-28,48.74042510986328
2009-09-29,48.52560806274414
2009-09-30,47.92888259887695
2009-10-01,46.496726989746094
2009-10-02,46.14665603637695
2009-10-05,46.97411346435547
2009-10-06,47.84931182861328
2009-10-07,47.865238189697266
2009-10-08,48.302833557128906
2009-10-09,48.86771011352539
2009-10-12,48.87568283081055
2009-10-13,48.6688346862793
2009-10-14,49.59970474243164
2009-10-15,49.56788635253906
2009-10-16,49.0745964050293
2009-10-19,49.48038101196289
2009-10-20,48.79610824584961
2009-10-21,48.13574981689453
2009-10-22,48.8040771484375
2009-10-23,47.785667419433594
2009-10-26,47.35601043701172
2009-10-27,46.775230407714844
2009-10-28,45.21577453613281
2009-10-29,46.075042724609375
2009-10-30,44.81795120239258
2009-11-02,44.73043441772461
2009-11-03,45.40671920776367
2009-11-04,44.754302978515625
2009-11-05,46.17848205566406
2009-11-06,46.21031188964844
2009-11-09,47.11732482910156
2009-11-10,46.82296371459961
2009-11-11,47.14915084838867
2009-11-12,46.28191375732422
2009-11-13,46.72746658325195
2009-11-16,47.9607048034668
2009-11-17,47.9607048034668
2009-11-18,47.865238189697266
2009-11-19,46.671791076660156
2009-11-20,46.616092681884766
2009-11-23,47.42763137817383
2009-11-24,47.21281051635742
2009-11-25,47.204864501953125
2009-11-27,45.812496185302734
2009-11-30,46.218265533447266
2009-12-01,46.934329986572266
2009-12-02,47.491275787353516
2009-12-03,46.91047286987305
2009-12-04,48.07209396362305
2009-12-07,48.143707275390625
2009-12-08,47.769752502441406
2009-12-09,47.61856460571289
2009-12-10,47.42763137817383
2009-12-11,47.873165130615234
2009-12-14,48.59720993041992
2009-12-15,48.461944580078125
2009-12-16,48.77227020263672
2009-12-17,48.23123550415039
2009-12-18,48.67676544189453
2009-12-21,49.32123565673828
2009-12-22,49.78269958496094
2009-12-23,50.42417907714844
2009-12-24,50.615909576416016
2009-12-28,50.53602981567383
2009-12-29,50.51205825805664
2009-12-30,50.4800910949707
2009-12-31,49.88096237182617
2010-01-04,51.11122131347656
2010-01-05,50.93545913696289
2010-01-06,50.88751983642578
2010-01-07,51.263004302978516
2010-01-08,51.54258728027344
2010-01-11,51.33488464355469
2010-01-12,50.77569580078125
2010-01-13,51.43074417114258
2010-01-14,51.62248229980469
2010-01-15,50.87154769897461
2010-01-19,51.806209564208984
2010-01-20,51.05530548095703
2010-01-21,50.216487884521484
2010-01-22,49.31377029418945
2010-01-25,49.36970520019531
2010-01-26,48.88237380981445
2010-01-27,49.401649475097656
2010-01-28,48.55485153198242
2010-01-29,48.01961898803711
2010-02-01,48.58678436279297
2010-02-02,49.122032165527344
2010-02-03,48.79450225830078
2010-02-04,47.16482925415039
2010-02-05,47.34856414794922
2010-02-08,46.877254486083984
2010-02-09,47.524322509765625
2010-02-10,47.63615417480469
2010-02-11,48.39506530761719
2010-02-12,48.74657440185547
2010-02-16,49.56939697265625
2010-02-17,49.904930114746094
2010-02-18,50.31233215332031
2010-02-19,50.376258850097656
2010-02-22,50.52802276611328
2010-02-23,49.9368896484375
2010-02-24,50.36027908325195
2010-02-25,50.376258850097656
2010-02-26,50.168556213378906
2010-03-01,51.33488464355469
2010-03-02,51.72633361816406
2010-03-03,52.02189636230469
2010-03-04,52.157737731933594
2010-03-05,53.22019577026367
2010-03-08,53.31606674194336
2010-03-09,53.507781982421875
2010-03-10,53.96314239501953
2010-03-11,54.122928619384766
2010-03-12,54.09896469116211
2010-03-15,53.91522216796875
2010-03-16,54.37854766845703
2010-03-17,54.6981201171875
2010-03-18,54.53034591674805
2010-03-19,53.8513069152832
2010-03-22,54.61022186279297
2010-03-23,55.30524826049805
2010-03-24,54.67414093017578
2010-03-25,54.32978820800781
2010-03-26,54.305747985839844
2010-03-29,54.60207748413086
2010-03-30,54.77029037475586
2010-03-31,54.29777526855469
2010-04-01,54.80230712890625
2010-04-05,55.827369689941406
2010-04-06,56.15576171875
2010-04-07,55.97953414916992
2010-04-08,55.92348098754883
2010-04-09,56.25985336303711
2010-04-12,56.49209976196289
2010-04-13,56.620216369628906
2010-04-14,57.829524993896484
2010-04-15,58.00572204589844
2010-04-16,57.22887420654297
2010-04-19,56.94856643676758
2010-04-20,57.72544860839844
2010-04-21,58.12586975097656
2010-04-22,58.742488861083984
2010-04-23,59.3671875
2010-04-26,59.142906188964844
2010-04-27,57.78947448730469
2010-04-28,57.88556671142578
2010-04-29,59.11088943481445
2010-04-30,57.381038665771484
2010-05-03,58.6704216003418
2010-05-04,56.82844161987305
2010-05-05,55.995582580566406
2010-05-06,53.8973503112793
2010-05-07,52.343692779541016
2010-05-10,55.28281021118164
2010-05-11,55.65119934082031
2010-05-12,57.357032775878906
2010-05-13,56.80442428588867
2010-05-14,55.7072639465332
2010-05-17,55.811370849609375
2010-05-18,54.73821258544922
2010-05-19,54.089569091796875
2010-05-20,51.35063934326172
2010-05-21,52.11143493652344
2010-05-24,51.41468811035156
2010-05-25,51.40669250488281
2010-05-26,51.534828186035156
2010-05-27,53.74517059326172
2010-05-28,53.05643844604492
2010-06-01,51.44673156738281
2010-06-02,52.912288665771484
2010-06-03,53.593013763427734
2010-06-04,50.902156829833984
2010-06-07,49.588748931884766
2010-06-08,49.564727783203125
2010-06-09,49.596763610839844
2010-06-10,51.31058120727539
2010-06-11,52.00734329223633
2010-06-14,52.335655212402344
2010-06-15,53.649070739746094
2010-06-16,53.400814056396484
2010-06-17,53.46488952636719
2010-06-18,53.496925354003906
2010-06-21,52.94431686401367
2010-06-22,51.85517883300781
2010-06-23,51.711021423339844
2010-06-24,50.88613510131836
2010-06-25,51.75906753540039
2010-06-28,51.4627571105957
2010-06-29,49.51667785644531
2010-06-30,48.94807815551758
2010-07-01,48.595699310302734
2010-07-02,48.064598083496094
2010-07-06,47.43788528442383
2010-07-07,49.093055725097656
2010-07-08,49.80012130737305
2010-07-09,50.57146453857422
2010-07-12,50.0009880065918
2010-07-13,51.58386993408203
2010-07-14,51.39907455444336
2010-07-15,50.925010681152344
2010-07-16,49.06896209716797
2010-07-19,49.27784729003906
2010-07-20,50.105438232421875
2010-07-21,49.205543518066406
2010-07-22,50.957149505615234
2010-07-23,52.21057891845703
2010-07-26,53.3997688293457
2010-07-27,53.206912994384766
2010-07-28,52.34717559814453
2010-07-29,52.21057891845703
2010-07-30,52.242733001708984
2010-08-02,53.15068435668945
2010-08-03,52.724822998046875
2010-08-04,53.27922058105469
2010-08-05,52.65248489379883
2010-08-06,52.33913803100586
2010-08-09,52.91765594482422
2010-08-10,51.92134475708008
2010-08-11,49.880470275878906
2010-08-12,49.63138961791992
2010-08-13,49.06896209716797
2010-08-16,49.46265411376953
2010-08-17,50.31435775756836
2010-08-18,50.467018127441406
2010-08-19,49.08501434326172
2010-08-20,49.13322448730469
2010-08-23,48.46634292602539
2010-08-24,47.91193389892578
2010-08-25,48.63507843017578
2010-08-26,48.273494720458984
2010-08-27,49.53498840332031
2010-08-30,48.450286865234375
2010-08-31,48.353858947753906
2010-09-01,50.225990295410156
2010-09-02,50.780391693115234
2010-09-03,51.68832015991211
2010-09-07,50.70806884765625
2010-09-08,51.0053596496582
2010-09-09,51.037498474121094
2010-09-10,51.19819259643555
2010-09-13,52.4435920715332
2010-09-14,52.2186164855957
2010-09-15,52.51591110229492
2010-09-16,52.17844772338867
2010-09-17,52.395389556884766
2010-09-20,53.849693298339844
2010-09-21,53.53634262084961
2010-09-22,52.90158462524414
2010-09-23,52.26121139526367
2010-09-24,53.960845947265625
2010-09-27,53.82389450073242
2010-09-28,54.35551834106445
2010-09-29,54.50856018066406
2010-09-30,54.37162780761719
2010-10-01,54.661617279052734
2010-10-04,53.920562744140625
2010-10-05,55.45100784301758
2010-10-06,55.26575469970703
2010-10-07,55.10466766357422
2010-10-08,55.80544662475586
2010-10-11,55.85377502441406
2010-10-12,55.998748779296875
2010-10-13,56.85258865356445
2010-10-14,56.81231689453125
2010-10-15,56.618988037109375
2010-10-18,57.094242095947266
2010-10-19,55.98264694213867
2010-10-20,56.55454635620117
2010-10-21,56.28067398071289
2010-10-22,56.64316177368164
2010-10-25,56.981468200683594
2010-10-26,56.941192626953125
2010-10-27,56.79621505737305
2010-10-28,56.44982147216797
2010-10-29,56.62704849243164
2010-11-01,56.24040603637695
2010-11-02,57.40839767456055
2010-11-03,57.633941650390625
2010-11-04,59.09191131591797
2010-11-05,59.422157287597656
2010-11-08,59.37382125854492
2010-11-09,58.58444595336914
2010-11-10,59.236900329589844
2010-11-11,59.00327682495117
2010-11-12,58.02055740356445
2010-11-15,58.02862548828125
2010-11-16,56.900917053222656
2010-11-17,57.05397415161133
2010-11-18,58.165565490722656
2010-11-19,58.358882904052734
2010-11-22,58.64081573486328
2010-11-23,58.08502960205078
2010-11-24,59.38991165161133
2010-11-26,58.97911834716797
2010-11-29,59.067726135253906
2010-11-30,58.60051727294922
2010-12-01,59.91351318359375
2010-12-02,60.517662048339844
2010-12-03,60.952606201171875
2010-12-06,61.331207275390625
2010-12-07,61.68564987182617
2010-12-08,61.645347595214844
2010-12-09,61.85478591918945
2010-12-10,62.62805938720703
2010-12-13,62.30586624145508
2010-12-14,62.27360916137695
2010-12-15,62.08031463623047
2010-12-16,62.652225494384766
2010-12-17,62.845550537109375
2010-12-20,63.095252990722656
2010-12-21,63.796051025390625
2010-12-22,63.77744674682617
2010-12-23,63.6965446472168
2010-12-27,63.8907356262207
2010-12-28,63.712711334228516
2010-12-29,63.850276947021484
2010-12-30,63.7288932800293
2010-12-31,63.308162689208984
2011-01-03,64.40858459472656
2011-01-04,63.45377731323242
2011-01-05,64.19818878173828
2011-01-06,63.89878845214844
2011-01-07,63.534698486328125
2011-01-10,63.89878845214844
2011-01-11,64.1577377319336
2011-01-12,64.70797729492188
2011-01-13,64.68370056152344
2011-01-14,65.16918182373047
2011-01-18,65.21772003173828
2011-01-19,63.54279708862305
2011-01-20,62.879310607910156
2011-01-21,62.458534240722656
2011-01-24,62.91973114013672
2011-01-25,63.01685333251953
2011-01-26,64.02021026611328
2011-01-27,64.20632934570312
2011-01-28,62.63652420043945
2011-01-31,63.07346725463867
2011-02-01,64.52995300292969
2011-02-02,64.28721618652344
2011-02-03,64.51378631591797
2011-02-04,64.62704467773438
2011-02-07,65.26624298095703
2011-02-08,65.72750091552734
2011-02-09,65.43621826171875
2011-02-10,65.69515228271484
2011-02-11,66.40716552734375
2011-02-14,66.74703216552734
2011-02-15,66.36675262451172
2011-02-16,66.90074920654297
2011-02-17,67.37007904052734
2011-02-18,67.44290924072266
2011-02-22,65.71131134033203
2011-02-23,64.57847595214844
2011-02-24,64.99117279052734
2011-02-25,66.49622344970703
2011-02-28,66.56903076171875
2011-03-01,65.23390197753906
2011-03-02,65.50904846191406
2011-03-03,66.99785614013672
2011-03-04,66.7065658569336
2011-03-07,65.61418151855469
2011-03-08,66.68232727050781
2011-03-09,66.41529846191406
2011-03-10,64.70797729492188
2011-03-11,64.87786865234375
2011-03-14,64.52995300292969
2011-03-15,63.95543670654297
2011-03-16,63.31623458862305
2011-03-17,63.45377731323242
2011-03-18,64.2952880859375
2011-03-21,65.78412628173828
2011-03-22,65.43621826171875
2011-03-23,65.63851928710938
2011-03-24,66.09176635742188
2011-03-25,66.66744232177734
2011-03-28,66.52152252197266
2011-03-29,67.14585876464844
2011-03-30,68.01341247558594
2011-03-31,68.24860382080078
2011-04-01,68.54859161376953
2011-04-04,68.70266723632812
2011-04-05,69.07568359375
2011-04-06,69.2297134399414
2011-04-07,68.81620025634766
2011-04-08,68.09455108642578
2011-04-11,67.48641967773438
2011-04-12,66.60260772705078
2011-04-13,66.6917495727539
2011-04-14,66.99989318847656
2011-04-15,67.71344757080078
2011-04-18,66.594482421875
2011-04-19,66.6107177734375
2011-04-20,67.97293090820312
2011-04-21,68.47563171386719
2011-04-25,68.38643646240234
2011-04-26,69.06756591796875
2011-04-27,69.4811019897461
2011-04-28,69.79731750488281
2011-04-29,70.04867553710938
2011-05-02,69.2297134399414
2011-05-03,68.35400390625
2011-05-04,67.47016906738281
2011-05-05,67.16205596923828
2011-05-06,67.51885223388672
2011-05-09,68.30538177490234
2011-05-10,69.35130310058594
2011-05-11,68.0701904296875
2011-05-12,68.67022705078125
2011-05-13,67.71344757080078
2011-05-16,66.72419738769531
2011-05-17,66.5134048461914
2011-05-18,67.5350570678711
2011-05-19,67.68097686767578
2011-05-20,67.1864013671875
2011-05-23,65.97821807861328
2011-05-24,65.6620101928711
2011-05-25,66.48909759521484
2011-05-26,67.36482238769531
2011-05-27,67.82694244384766
2011-05-31,68.79185485839844
2011-06-01,66.57825469970703
2011-06-02,66.55390930175781
2011-06-03,65.5809097290039
2011-06-06,64.50247955322266
2011-06-07,64.65655517578125
2011-06-08,63.93491744995117
2011-06-09,64.27546691894531
2011-06-10,63.24571228027344
2011-06-13,63.06731414794922
2011-06-14,64.42141723632812
2011-06-15,63.2700080871582
2011-06-16,63.415992736816406
2011-06-17,63.43223571777344
2011-06-20,64.01597595214844
2011-06-21,65.40254211425781
2011-06-22,64.89983367919922
2011-06-23,65.15119934082031
2011-06-24,64.81875610351562
2011-06-27,65.32144165039062
2011-06-28,66.33499145507812
2011-06-29,66.65125274658203
2011-06-30,67.13773345947266
2011-07-01,68.18373107910156
2011-07-05,68.3480224609375
2011-07-06,68.62454223632812
2011-07-07,69.65740203857422
2011-07-08,69.23448944091797
2011-07-11,67.762451171875
2011-07-12,67.3802261352539
2011-07-13,67.98204040527344
2011-07-14,66.90038299560547
2011-07-15,67.34767150878906
2011-07-18,66.2660140991211
2011-07-19,67.762451171875
2011-07-20,67.64862060546875
2011-07-21,68.26668548583984
2011-07-22,68.35616302490234
2011-07-25,67.55095672607422
2011-07-26,67.03863525390625
2011-07-27,65.03797149658203
2011-07-28,64.93224334716797
2011-07-29,64.85087585449219
2011-08-01,64.42801666259766
2011-08-02,62.41920852661133
2011-08-03,62.8339958190918
2011-08-04,59.044090270996094
2011-08-05,58.0112419128418
2011-08-08,52.960758209228516
2011-08-09,56.490394592285156
2011-08-10,53.7252311706543
2011-08-11,56.40906524658203
2011-08-12,56.758785247802734
2011-08-15,58.360958099365234
2011-08-16,57.28742599487305
2011-08-17,57.30367660522461
2011-08-18,54.04241943359375
2011-08-19,53.090885162353516
2011-08-22,52.903831481933594
2011-08-23,55.45753479003906
2011-08-24,56.27894973754883
2011-08-25,54.89638900756836
2011-08-26,56.20576477050781
2011-08-29,58.86515808105469
2011-08-30,59.20675277709961
2011-08-31,59.08474349975586
2011-09-01,57.81605529785156
2011-09-02,55.67711639404297
2011-09-06,55.5225944519043
2011-09-07,57.62086868286133
2011-09-08,56.563594818115234
2011-09-09,54.89638900756836
2011-09-12,55.36806869506836
2011-09-13,56.26268005371094
2011-09-14,57.271148681640625
2011-09-15,58.07630157470703
2011-09-16,58.1657600402832
2011-09-19,57.12476348876953
2011-09-20,56.23828887939453
2011-09-21,54.156272888183594
2011-09-22,52.64359664916992
2011-09-23,53.18242263793945
2011-09-26,54.18663024902344
2011-09-27,55.35415267944336
2011-09-28,53.231414794921875
2011-09-29,54.15398025512695
2011-09-30,52.49663543701172
2011-10-03,49.79423522949219
2011-10-04,52.89668655395508
2011-10-05,53.623287200927734
2011-10-06,54.8152961730957
2011-10-07,53.476341247558594
2011-10-10,55.81951141357422
2011-10-11,56.20322799682617
2011-10-12,57.00331497192383
2011-10-13,56.95436477661133
2011-10-14,58.081016540527344
2011-10-17,56.31753158569336
2011-10-18,57.811588287353516
2011-10-19,56.684940338134766
2011-10-20,56.84006118774414
2011-10-21,58.07285690307617
2011-10-24,59.9424934387207
2011-10-25,58.26063919067383
2011-10-26,59.264854431152344
2011-10-27,62.39179229736328
2011-10-28,62.073387145996094
2011-10-31,60.42420959472656
2011-11-01,58.28515625
2011-11-02,59.72206115722656
2011-11-03,61.207977294921875
2011-11-04,60.905887603759766
2011-11-07,60.78342819213867
2011-11-08,61.67335510253906
2011-11-09,58.73418426513672
2011-11-10,59.16689682006836
2011-11-11,60.726261138916016
2011-11-14,59.8526725769043
2011-11-15,60.61195755004883
2011-11-16,59.632259368896484
2011-11-17,58.78314971923828
2011-11-18,58.766822814941406
2011-11-21,57.36254119873047
2011-11-22,56.88087463378906
2011-11-23,55.0928840637207
2011-11-25,54.39076614379883
2011-11-28,56.978851318359375
2011-11-29,56.872703552246094
2011-11-30,60.19559097290039
2011-12-01,59.76287078857422
2011-12-02,60.00780487060547
2011-12-05,61.03651428222656
2011-12-06,61.09367370605469
2011-12-07,60.97121047973633
2011-12-08,59.077083587646484
2011-12-09,60.85689163208008
2011-12-12,59.98332977294922
2011-12-13,58.73418426513672
2011-12-14,57.999385833740234
2011-12-15,58.53821563720703
2011-12-16,58.99544143676758
2011-12-19,57.97489547729492
2011-12-20,60.30171585083008
2011-12-21,60.54668045043945
2011-12-22,60.93227005004883
2011-12-23,61.1619873046875
2011-12-27,61.34247589111328
2011-12-28,60.226722717285156
2011-12-29,60.83380126953125
2011-12-30,60.50564956665039
2012-01-03,61.506561279296875
2012-01-04,61.17018127441406
2012-01-05,61.5147590637207
2012-01-06,61.35887145996094
2012-01-09,61.67061233520508
2012-01-10,62.573062896728516
2012-01-11,62.81922912597656
2012-01-12,63.00789260864258
2012-01-13,62.671546936035156
2012-01-17,62.646915435791016
2012-01-18,63.762664794921875
2012-01-19,64.1564712524414
2012-01-20,64.19751739501953
2012-01-23,64.1154556274414
2012-01-24,64.48465728759766
2012-01-25,65.03431701660156
2012-01-26,64.96046447753906
2012-01-27,65.4035415649414
2012-01-30,64.89483642578125
2012-01-31,64.82919311523438
2012-02-01,66.22393798828125
2012-02-02,66.601318359375
2012-02-03,68.0534439086914
2012-02-06,67.83191680908203
2012-02-07,67.79090881347656
2012-02-08,67.93860626220703
2012-02-09,67.60223388671875
2012-02-10,66.67517852783203
2012-02-13,67.53660583496094
2012-02-14,67.23307037353516
2012-02-15,66.67517852783203
2012-02-16,67.93038177490234
2012-02-17,67.92221069335938
2012-02-21,67.4627456665039
2012-02-22,66.92947387695312
2012-02-23,67.93038177490234
2012-02-24,67.79913330078125
2012-02-27,67.68426513671875
2012-02-28,67.50377655029297
2012-02-29,66.49465942382812
2012-03-01,66.8392333984375
2012-03-02,65.83831787109375
2012-03-05,65.91215515136719
2012-03-06,64.59952545166016
2012-03-07,65.20664978027344
2012-03-08,66.05165100097656
2012-03-09,66.94591522216797
2012-03-12,66.81463623046875
2012-03-13,68.14366912841797
2012-03-14,67.58583068847656
2012-03-15,68.15190887451172
2012-03-16,68.09449768066406
2012-03-19,68.66876220703125
2012-03-20,68.0534439086914
2012-03-21,68.03702545166016
2012-03-22,67.38072967529297
2012-03-23,68.03984069824219
2012-03-26,69.455322265625
2012-03-27,68.96977996826172
2012-03-28,68.5665512084961
2012-03-29,68.36904907226562
2012-03-30,68.14682006835938
2012-04-02,68.98625183105469
2012-04-03,68.5254135131836
2012-04-04,67.43091583251953
2012-04-05,67.13465118408203
2012-04-09,66.03193664550781
2012-04-10,64.47655487060547
2012-04-11,65.39002990722656
2012-04-12,66.32816314697266
2012-04-13,65.45588684082031
2012-04-16,65.56283569335938
2012-04-17,66.50923919677734
2012-04-18,66.00724029541016
2012-04-19,65.62870788574219
2012-04-20,66.00724029541016
2012-04-23,65.09378051757812
2012-04-24,65.58757019042969
2012-04-25,66.60797119140625
2012-04-26,67.26632690429688
2012-04-27,67.7929916381836
2012-04-30,67.04412841796875
2012-05-01,67.11000061035156
2012-05-02,67.2910385131836
2012-05-03,66.34463500976562
2012-05-04,65.08555603027344
2012-05-07,65.25839233398438
2012-05-08,65.21720886230469
2012-05-09,64.8469009399414
2012-05-10,65.09378051757812
2012-05-11,64.92923736572266
2012-05-14,64.06511688232422
2012-05-15,63.94992446899414
2012-05-16,63.48905563354492
2012-05-17,62.04896545410156
2012-05-18,61.46464538574219
2012-05-21,62.913047790527344
2012-05-22,62.53444290161133
2012-05-23,62.937705993652344
2012-05-24,63.06938552856445
2012-05-25,63.02820587158203
2012-05-29,63.94168472290039
2012-05-30,62.71553039550781
2012-05-31,62.63321304321289
2012-06-01,60.748722076416016
2012-06-04,60.608802795410156
2012-06-05,61.39060592651367
2012-06-06,62.9047966003418
2012-06-07,62.493343353271484
2012-06-08,63.340946197509766
2012-06-11,61.94196701049805
2012-06-12,62.7237663269043
2012-06-13,61.999568939208984
2012-06-14,62.707298278808594
2012-06-15,63.546695709228516
2012-06-18,63.6207275390625
2012-06-19,64.72346496582031
2012-06-20,64.62472534179688
2012-06-21,63.05290985107422
2012-06-22,63.76889419555664
2012-06-25,62.77314376831055
2012-06-26,63.01873016357422
2012-06-27,64.04425811767578
2012-06-28,63.936729431152344
2012-06-29,65.79754638671875
2012-07-02,66.55838775634766
2012-07-03,67.4267349243164
2012-07-05,67.35234832763672
2012-07-06,66.59974670410156
2012-07-09,66.3433609008789
2012-07-10,65.6073226928711
2012-07-11,65.38401794433594
2012-07-12,65.16073608398438
2012-07-13,65.97122192382812
2012-07-16,65.70653533935547
2012-07-17,65.93817138671875
2012-07-18,66.3433609008789
2012-07-19,66.12007141113281
2012-07-20,65.27650451660156
2012-07-23,64.23446655273438
2012-07-24,63.39087677001953
2012-07-25,63.531532287597656
2012-07-26,64.07735443115234
2012-07-27,65.59908294677734
2012-07-30,65.3757553100586
2012-07-31,64.79681396484375
2012-08-01,63.72999954223633
2012-08-02,63.49840545654297
2012-08-03,65.01184844970703
2012-08-06,65.51634979248047
2012-08-07,66.11180877685547
2012-08-08,66.01255798339844
2012-08-09,66.32683563232422
2012-08-10,66.09526824951172
2012-08-13,65.98774719238281
2012-08-14,65.83059692382812
2012-08-15,66.4095230102539
2012-08-16,67.10421752929688
2012-08-17,67.57559967041016
2012-08-20,67.4267349243164
2012-08-21,67.3853988647461
2012-08-22,67.06285095214844
2012-08-23,66.59149169921875
2012-08-24,66.77339935302734
2012-08-27,66.97187042236328
2012-08-28,67.27790069580078
2012-08-29,67.48465728759766
2012-08-30,66.81473541259766
2012-08-31,67.08770751953125
2012-09-04,67.90641784667969
2012-09-05,67.92295837402344
2012-09-06,69.17173767089844
2012-09-07,69.68451690673828
2012-09-10,69.37023162841797
2012-09-11,69.51911163330078
2012-09-12,69.87471771240234
2012-09-13,70.79273986816406
2012-09-14,71.45431518554688
2012-09-17,71.12351989746094
2012-09-18,70.89196014404297
2012-09-19,70.76789855957031
2012-09-20,70.45367431640625
2012-09-21,70.71002960205078
2012-09-24,70.47921752929688
2012-09-25,69.4663314819336
2012-09-26,69.02629852294922
2012-09-27,69.77352142333984
2012-09-28,69.2753677368164
2012-10-01,69.50782012939453
2012-10-02,69.64064025878906
2012-10-03,69.44141387939453
2012-10-04,69.91464233398438
2012-10-05,69.8316421508789
2012-10-08,69.39159393310547
2012-10-09,68.57796478271484
2012-10-10,68.4700698852539
2012-10-11,68.7191162109375
2012-10-12,68.16282653808594
2012-10-15,68.61117553710938
2012-10-16,69.11761474609375
2012-10-17,69.74028778076172
2012-10-18,69.3583984375
2012-10-19,67.95528411865234
2012-10-22,67.93869018554688
2012-10-23,67.5982666015625
2012-10-24,67.41561126708984
2012-10-25,67.6895751953125
2012-10-26,67.36582946777344
2012-10-31,67.77265930175781
2012-11-01,68.48664093017578
2012-11-02,67.4073257446289
2012-11-05,67.85563659667969
2012-11-06,68.3620834350586
2012-11-07,66.70157623291016
2012-11-08,65.76341247558594
2012-11-09,65.9045639038086
2012-11-12,65.71361541748047
2012-11-13,65.34003448486328
2012-11-14,64.12783813476562
2012-11-15,63.79576873779297
2012-11-16,64.32715606689453
2012-11-19,65.68872833251953
2012-11-20,65.8049545288086
2012-11-21,66.1536865234375
2012-11-23,66.8095474243164
2012-11-26,67.02539825439453
2012-11-27,66.9423599243164
2012-11-28,67.5069351196289
2012-11-29,68.27906799316406
2012-11-30,68.14623260498047
2012-12-03,68.07151794433594
2012-12-04,68.15454864501953
2012-12-05,68.07151794433594
2012-12-06,68.17945861816406
2012-12-07,68.22927856445312
2012-12-10,68.52814483642578
2012-12-11,69.25045013427734
2012-12-12,68.86023712158203
2012-12-13,68.42024230957031
2012-12-14,68.37873840332031
2012-12-17,69.34175872802734
2012-12-18,70.28827667236328
2012-12-19,70.44486999511719
2012-12-20,70.79657745361328
2012-12-21,70.50349426269531
2012-12-24,70.16015625
2012-12-26,69.65768432617188
2012-12-27,69.60743713378906
2012-12-28,69.11333465576172
2012-12-31,70.61233520507812
2013-01-02,72.68915557861328
2013-01-03,72.52167510986328
2013-01-04,73.05762481689453
2013-01-07,72.78129577636719
2013-01-08,72.73104858398438
2013-01-09,73.08277893066406
2013-01-10,73.25025939941406
2013-01-11,73.14138793945312
2013-01-14,73.1832275390625
2013-01-15,73.50149536132812
2013-01-16,73.28376770019531
2013-01-17,73.96206665039062
2013-01-18,74.1714096069336
2013-01-22,74.7073745727539
2013-01-23,74.53153228759766
2013-01-24,74.7743911743164
2013-01-25,75.31873321533203
2013-01-28,75.36894989013672
2013-01-29,75.41080474853516
2013-01-30,74.50639343261719
2013-01-31,75.01725006103516
2013-02-01,75.67879486083984
2013-02-04,74.76599884033203
2013-02-05,75.43597412109375
2013-02-06,75.75418853759766
2013-02-07,75.50296020507812
2013-02-08,76.03890991210938
2013-02-11,75.95516967773438
2013-02-12,76.29009246826172
2013-02-13,76.60836791992188
2013-02-14,76.80097198486328
2013-02-15,76.8260726928711
2013-02-19,77.50443267822266
2013-02-20,76.06404113769531
2013-02-21,75.32709503173828
2013-02-22,76.23152160644531
2013-02-25,74.54827117919922
2013-02-26,74.8414077758789
2013-02-27,75.6285400390625
2013-02-28,75.77091217041016
2013-03-01,76.11426544189453
2013-03-04,76.31527709960938
2013-03-05,77.20294189453125
2013-03-06,77.40392303466797
2013-03-07,77.77240753173828
2013-03-08,78.49256896972656
2013-03-11,78.46745300292969
2013-03-12,78.30836486816406
2013-03-13,78.6014633178711
2013-03-14,79.38863372802734
2013-03-15,79.34676361083984
2013-03-18,78.91131591796875
2013-03-19,78.57633209228516
2013-03-20,79.30489349365234
2013-03-21,78.60984802246094
2013-03-22,78.8526840209961
2013-03-25,78.89803314208984
2013-03-26,79.14994812011719
2013-03-27,79.20033264160156
2013-03-28,79.30111694335938
2013-04-01,78.23458099365234
2013-04-02,77.74752044677734
2013-04-03,76.52981567382812
2013-04-04,77.18487548828125
2013-04-05,77.03372955322266
2013-04-08,77.67192840576172
2013-04-09,77.44519805908203
2013-04-10,78.84762573242188
2013-04-11,78.95684814453125
2013-04-12,78.63768768310547
2013-04-15,75.67326354980469
2013-04-16,76.98331451416016
2013-04-17,75.64806365966797
2013-04-18,75.22816467285156
2013-04-19,76.0931396484375
2013-04-22,76.31148529052734
2013-04-23,77.52075958251953
2013-04-24,77.92385864257812
2013-04-25,78.4361343383789
2013-04-26,78.01626586914062
2013-04-29,78.57890319824219
2013-04-30,79.02398681640625
2013-05-01,77.10930633544922
2013-05-02,78.33536529541016
2013-05-03,79.57823944091797
2013-05-06,80.09053039550781
2013-05-07,80.74557495117188
2013-05-08,80.980712890625
2013-05-09,80.70359802246094
2013-05-10,81.31661224365234
2013-05-13,81.2578353881836
2013-05-14,82.29915618896484
2013-05-15,82.4671401977539
2013-05-16,82.25714874267578
2013-05-17,83.18095397949219
2013-05-20,83.31534576416016
2013-05-21,83.33211517333984
2013-05-22,82.11439514160156
2013-05-23,82.2151870727539
2013-05-24,82.19841766357422
2013-05-28,83.26492309570312
2013-05-29,82.49231719970703
2013-05-30,83.04657745361328
2013-05-31,82.1312255859375
2013-06-03,82.91222381591797
2013-06-04,82.03044128417969
2013-06-05,80.980712890625
2013-06-06,81.83728790283203
2013-06-07,82.4671401977539
2013-06-10,82.97100067138672
2013-06-11,82.07242584228516
2013-06-12,81.2578353881836
2013-06-13,82.69385528564453
2013-06-14,82.05561828613281
2013-06-17,82.59308624267578
2013-06-18,83.56724548339844
2013-06-19,82.54269409179688
2013-06-20,80.3592529296875
2013-06-21,80.59443664550781
2013-06-24,79.5362777709961
2013-06-25,80.30047607421875
2013-06-26,80.67839050292969
2013-06-27,81.92967224121094
2013-06-28,81.45939636230469
2013-07-01,82.78627014160156
2013-07-02,82.72718811035156
2013-07-03,82.89590454101562
2013-07-05,84.06830596923828
2013-07-08,84.40570068359375
2013-07-09,85.19012451171875
2013-07-10,85.42628479003906
2013-07-11,86.43001556396484
2013-07-12,86.60716247558594
2013-07-15,87.36627197265625
2013-07-16,86.92768096923828
2013-07-17,87.26504516601562
2013-07-18,87.8470458984375
2013-07-19,87.98198699951172
2013-07-22,88.16755676269531
2013-07-23,88.10851287841797
2013-07-24,87.37470245361328
2013-07-25,88.17601013183594
2013-07-26,87.82173919677734
2013-07-29,87.20600891113281
2013-07-30,87.28192138671875
2013-07-31,87.43376159667969
2013-08-01,88.6230239868164
2013-08-02,88.69895935058594
2013-08-05,89.00259399414062
2013-08-06,88.10851287841797
2013-08-07,87.4843521118164
2013-08-08,87.8470458984375
2013-08-09,87.75425720214844
2013-08-12,88.2181396484375
2013-08-13,88.10009002685547
2013-08-14,87.75425720214844
2013-08-15,86.12638854980469
2013-08-16,85.76366424560547
2013-08-19,84.89491271972656
2013-08-20,86.11793518066406
2013-08-21,85.59500122070312
2013-08-22,86.8011703491211
2013-08-23,87.02044677734375
2013-08-26,87.02886962890625
2013-08-27,84.98765563964844
2013-08-28,85.1563949584961
2013-08-29,86.00828552246094
2013-08-30,84.66717529296875
2013-09-03,85.24073791503906
2013-09-04,85.99140167236328
2013-09-05,86.12638854980469
2013-09-06,86.36251068115234
2013-09-09,87.6698989868164
2013-09-10,88.5302505493164
2013-09-11,88.57242584228516
2013-09-12,87.92295837402344
2013-09-13,88.40372467041016
2013-09-16,88.59773254394531
2013-09-17,89.47492980957031
2013-09-18,90.32684326171875
2013-09-19,90.23408508300781
2013-09-20,89.90508270263672
2013-09-23,89.91352844238281
2013-09-24,90.21206665039062
2013-09-25,90.04291534423828
2013-09-26,90.5418930053711
2013-09-27,90.1359634399414
2013-09-30,90.16133117675781
2013-10-01,91.21001434326172
2013-10-02,90.83789825439453
2013-10-03,89.9075927734375
2013-10-04,90.50808715820312
2013-10-07,89.45092010498047
2013-10-08,88.00475311279297
2013-10-09,87.64957427978516
2013-10-10,89.76383209228516
2013-10-11,91.06624603271484
2013-10-14,91.52291870117188
2013-10-15,90.62644958496094
2013-10-16,91.75128173828125
2013-10-17,92.5547103881836
2013-10-18,93.61183166503906
2013-10-21,93.42578125
2013-10-22,93.6710205078125
2013-10-23,93.35810852050781
2013-10-24,93.85708618164062
2013-10-25,93.94164276123047
2013-10-28,93.89938354492188
2013-10-29,94.17000579833984
2013-10-30,92.88452911376953
2013-10-31,92.3432388305664
2013-11-01,91.9457778930664
2013-11-04,93.0029296875
2013-11-05,92.68155670166016
2013-11-06,92.28407287597656
2013-11-07,90.72797393798828
2013-11-08,92.37710571289062
2013-11-11,92.50393676757812
2013-11-12,92.5800552368164
2013-11-13,93.46807861328125
2013-11-14,93.37504577636719
2013-11-15,93.73025512695312
2013-11-18,93.0705795288086
2013-11-19,92.49549865722656
2013-11-20,92.461669921875
2013-11-21,94.12770080566406
2013-11-22,94.59282684326172
2013-11-25,94.71125030517578
2013-11-26,95.41319274902344
2013-11-27,95.9460220336914
2013-11-29,95.99674224853516
2013-12-02,95.03262329101562
2013-12-03,94.57595825195312
2013-12-04,94.32221221923828
2013-12-05,94.389892578125
2013-12-06,95.12565612792969
2013-12-09,95.10029602050781
2013-12-10,94.23765563964844
2013-12-11,92.69001007080078
2013-12-12,92.89295959472656
2013-12-13,93.19743347167969
2013-12-16,94.30532836914062
2013-12-17,94.17000579833984
2013-12-18,95.46392822265625
2013-12-19,94.75353240966797
2013-12-20,96.3519287109375
2013-12-23,97.4445571899414
2013-12-24,97.81807708740234
2013-12-26,97.82657623291016
2013-12-27,97.76718139648438
2013-12-30,97.70777130126953
2013-12-31,97.93698120117188
2014-01-02,96.87578582763672
2014-01-03,97.3681640625
2014-01-06,96.57860565185547
2014-01-07,97.3851547241211
2014-01-08,97.51249694824219
2014-01-09,97.53793334960938
2014-01-10,98.0727767944336
2014-01-13,96.73141479492188
2014-01-14,97.91998291015625
2014-01-15,98.65007019042969
2014-01-16,98.76898193359375
2014-01-17,98.4208755493164
2014-01-21,99.00668334960938
2014-01-22,99.50753784179688
2014-01-23,98.83684539794922
2014-01-24,96.31544494628906
2014-01-27,94.90615844726562
2014-01-28,95.90792846679688
2014-01-29,94.52412414550781
2014-01-30,95.93338012695312
2014-01-31,95.22029876708984
2014-02-03,92.24040985107422
2014-02-04,92.9365234375
2014-02-05,92.24040985107422
2014-02-06,92.97048950195312
2014-02-07,94.02320861816406
2014-02-10,94.2694091796875
2014-02-11,95.10990905761719
2014-02-12,95.48345947265625
2014-02-13,96.69746398925781
2014-02-14,96.83333587646484
2014-02-18,97.84359741210938
2014-02-19,96.84178924560547
2014-02-20,97.88601684570312
2014-02-21,98.1916732788086
2014-02-24,98.91331481933594
2014-02-25,99.0151596069336
2014-02-26,99.62639617919922
2014-02-27,100.16973114013672
2014-02-28,99.77073669433594
2014-03-03,99.2358627319336
2014-03-04,101.73184967041016
2014-03-05,101.67242431640625
2014-03-06,101.65544128417969
2014-03-07,101.62146759033203
2014-03-10,101.28190612792969
2014-03-11,100.22917175292969
2014-03-12,100.53482055664062
2014-03-13,99.37171936035156
2014-03-14,99.78768920898438
2014-03-17,100.22917175292969
2014-03-18,101.68939971923828
2014-03-19,101.02720642089844
2014-03-20,101.16304016113281
2014-03-21,100.69612121582031
2014-03-24,99.55001068115234
2014-03-25,99.52616119384766
2014-03-26,97.61957550048828
2014-03-27,97.37274169921875
2014-03-28,97.27910614013672
2014-03-31,99.02401733398438
2014-04-01,100.32625579833984
2014-04-02,100.77738952636719
2014-04-03,99.7559814453125
2014-04-04,97.44935607910156
2014-04-07,96.02790832519531
2014-04-08,96.70030975341797
2014-04-09,98.09623718261719
2014-04-10,95.29590606689453
2014-04-11,93.97661590576172
2014-04-14,94.24046325683594
2014-04-15,94.6064453125
2014-04-16,95.63639831542969
2014-04-17,96.113037109375
2014-04-21,96.56414031982422
2014-04-22,97.55998229980469
2014-04-23,96.9471435546875
2014-04-24,96.70030975341797
2014-04-25,94.99799346923828
2014-04-28,94.44474792480469
2014-04-29,94.68307495117188
2014-04-30,95.31291198730469
2014-05-01,95.27886962890625
2014-05-02,95.3554916381836
2014-05-05,95.23632049560547
2014-05-06,93.68722534179688
2014-05-07,93.74678802490234
2014-05-08,92.80199432373047
2014-05-09,93.65316772460938
2014-05-12,95.78108215332031
2014-05-13,94.84477233886719
2014-05-14,93.3041763305664
2014-05-15,92.67433166503906
2014-05-16,93.26161193847656
2014-05-19,94.26598358154297
2014-05-20,92.82754516601562
2014-05-21,93.3041763305664
2014-05-22,94.27449798583984
2014-05-23,95.30439758300781
2014-05-27,96.6747817993164
2014-05-28,96.17261505126953
2014-05-29,96.49600982666016
2014-05-30,96.06196594238281
2014-06-02,95.54276275634766
2014-06-03,95.31291198730469
2014-06-04,95.68743896484375
2014-06-05,97.6961669921875
2014-06-06,98.63247680664062
2014-06-09,99.5006103515625
2014-06-10,99.30487060546875
2014-06-11,98.8197021484375
2014-06-12,98.21537780761719
2014-06-13,98.38560485839844
2014-06-16,98.86227416992188
2014-06-17,99.5602035522461
2014-06-18,100.2326431274414
2014-06-19,100.3177490234375
2014-06-20,100.64968872070312
2014-06-23,100.45393371582031
2014-06-24,99.38148498535156
2014-06-25,100.22411346435547
2014-06-26,100.05390930175781
2014-06-27,100.72631072998047
2014-06-30,101.12635040283203
2014-07-01,102.15623474121094
2014-07-02,101.76236724853516
2014-07-03,102.37755584716797
2014-07-07,100.62598419189453
2014-07-08,99.4041519165039
2014-07-09,99.5323257446289
2014-07-10,98.47283935546875
2014-07-11,98.34464263916016
2014-07-14,98.84877014160156
2014-07-15,97.87471008300781
2014-07-16,97.60984802246094
2014-07-17,96.10603332519531
2014-07-18,97.60128784179688
2014-07-21,97.20825958251953
2014-07-22,98.02849578857422
2014-07-23,98.14813232421875
2014-07-24,97.95161437988281
2014-07-25,97.06300354003906
2014-07-28,96.57596588134766
2014-07-29,96.84085083007812
2014-07-30,97.225341796875
2014-07-31,95.00385284423828
2014-08-01,94.56806945800781
2014-08-04,95.40541076660156
2014-08-05,95.16615295410156
2014-08-06,95.46522521972656
2014-08-07,95.00385284423828
2014-08-08,95.9266128540039
2014-08-11,96.84085083007812
2014-08-12,96.17440032958984
2014-08-13,96.92632293701172
2014-08-14,97.07156372070312
2014-08-15,96.88361358642578
2014-08-18,98.29340362548828
2014-08-19,98.63516235351562
2014-08-20,98.21647644042969
2014-08-21,98.43008422851562
2014-08-22,98.43862915039062
2014-08-25,98.9000473022461
2014-08-26,99.79717254638672
2014-08-27,99.5494155883789
2014-08-28,99.0367431640625
2014-08-29,99.59210968017578
2014-09-02,100.13892364501953
2014-09-03,99.50665283203125
2014-09-04,99.12218475341797
2014-09-05,99.43834686279297
2014-09-08,99.59210968017578
2014-09-09,98.41299438476562
2014-09-10,98.9940185546875
2014-09-11,99.6348648071289
2014-09-12,98.57536315917969
2014-09-15,97.49876403808594
2014-09-16,97.77218627929688
2014-09-17,98.02849578857422
2014-09-18,98.62660217285156
2014-09-19,97.3791732788086
2014-09-22,96.01204681396484
2014-09-23,95.11492156982422
2014-09-24,95.9759750366211
2014-09-25,94.35667419433594
2014-09-26,95.20487976074219
2014-09-29,95.12775421142578
2014-09-30,93.68836975097656
2014-10-01,92.36039733886719
2014-10-02,93.24286651611328
2014-10-03,93.9454116821289
2014-10-06,93.14006805419922
2014-10-07,91.60640716552734
2014-10-08,93.36278533935547
2014-10-09,90.8438720703125
2014-10-10,89.73866271972656
2014-10-13,89.37882995605469
2014-10-14,90.42406463623047
2014-10-15,91.33223724365234
2014-10-16,92.36039733886719
2014-10-17,92.0862045288086
2014-10-20,93.16574096679688
2014-10-21,94.69937896728516
2014-10-22,93.34567260742188
2014-10-23,94.9992446899414
2014-10-24,95.16204071044922
2014-10-27,95.11063385009766
2014-10-28,97.81803894042969
2014-10-29,97.58670806884766
2014-10-30,98.41780090332031
2014-10-31,99.8657455444336
2014-11-03,99.69440460205078
2014-11-04,99.2317123413086
2014-11-05,99.41160583496094
2014-11-06,99.84003448486328
2014-11-07,99.99424743652344
2014-11-10,100.4911880493164
2014-11-11,100.55972290039062
2014-11-12,101.0138168334961
2014-11-13,100.15703582763672
2014-11-14,99.97711181640625
2014-11-17,99.14602661132812
2014-11-18,99.72006225585938
2014-11-19,98.65767669677734
2014-11-20,99.76290130615234
2014-11-21,99.88287353515625
2014-11-24,101.07381439208984
2014-11-25,101.15089416503906
2014-11-26,101.48503875732422
2014-11-28,99.97711181640625
2014-12-01,98.41780090332031
2014-12-02,99.60012817382812
2014-12-03,100.55972290039062
2014-12-04,100.0799331665039
2014-12-05,100.83386993408203
2014-12-08,99.57440948486328
2014-12-09,101.24514770507812
2014-12-10,99.09463500976562
2014-12-11,99.4887466430664
2014-12-12,98.2807388305664
2014-12-15,97.28683471679688
2014-12-16,97.14976501464844
2014-12-17,100.14844512939453
2014-12-18,101.63926696777344
2014-12-19,101.87057495117188
2014-12-22,102.56455993652344
2014-12-23,102.69310760498047
2014-12-24,102.98977661132812
2014-12-26,103.66056060791016
2014-12-29,104.09915161132812
2014-12-30,103.4885482788086
2014-12-31,102.86940002441406
2015-01-02,102.27599334716797
2015-01-05,100.90867614746094
2015-01-06,99.1629409790039
2015-01-07,100.38406372070312
2015-01-08,102.08679962158203
2015-01-09,101.10647583007812
2015-01-12,100.77108001708984
2015-01-13,100.84847259521484
2015-01-14,100.44425201416016
2015-01-15,98.75010681152344
2015-01-16,100.3582992553711
2015-01-20,99.93689727783203
2015-01-21,99.61871337890625
2015-01-22,101.64820861816406
2015-01-23,101.57945251464844
2015-01-26,102.5597915649414
2015-01-27,102.0696029663086
2015-01-28,100.34967803955078
2015-01-29,101.7342300415039
2015-01-30,99.49833679199219
2015-02-02,100.40985870361328
2015-02-03,102.20721435546875
2015-02-04,101.82881927490234
2015-02-05,103.14456176757812
2015-02-06,103.03277587890625
2015-02-09,102.21581268310547
2015-02-10,102.86940002441406
2015-02-11,102.72319030761719
2015-02-12,103.89275360107422
2015-02-13,104.51192474365234
2015-02-17,104.83869934082031
2015-02-18,104.95049285888672
2015-02-19,104.95909881591797
2015-02-20,105.24288940429688
2015-02-23,105.34610748291016
2015-02-24,105.48368835449219
2015-02-25,105.60407257080078
2015-02-26,105.99107360839844
2015-02-27,105.4148941040039
2015-03-02,106.18026733398438
2015-03-03,105.55249786376953
2015-03-04,105.2256851196289
2015-03-05,105.53528594970703
2015-03-06,104.20233154296875
2015-03-09,104.6581039428711
2015-03-10,103.45417022705078
2015-03-11,104.0905532836914
2015-03-12,105.8191146850586
2015-03-13,105.44066619873047
2015-03-16,106.05987548828125
2015-03-17,106.34366607666016
2015-03-18,107.19503784179688
2015-03-19,107.40141296386719
2015-03-20,108.34737396240234
2015-03-23,108.25277709960938
2015-03-24,108.22700500488281
2015-03-25,105.64178466796875
2015-03-26,105.51242065429688
2015-03-27,106.18521118164062
2015-03-30,107.62574768066406
2015-03-31,107.28072357177734
2015-04-01,107.32384490966797
2015-04-02,107.52225494384766
2015-04-06,107.99668884277344
2015-04-07,107.30660247802734
2015-04-08,108.22958374023438
2015-04-09,107.84141540527344
2015-04-10,108.35894775390625
2015-04-13,108.4279556274414
2015-04-14,108.4020767211914
2015-04-15,109.16116333007812
2015-04-16,109.1008071899414
2015-04-17,107.33248138427734
2015-04-20,108.38483428955078
2015-04-21,108.27268981933594
2015-04-22,108.43659973144531
2015-04-23,108.92826843261719
2015-04-24,108.56597900390625
2015-04-27,107.36697387695312
2015-04-28,107.962158203125
2015-04-29,106.78902435302734
2015-04-30,104.52906036376953
2015-05-01,105.21049499511719
2015-05-04,105.59002685546875
2015-05-05,104.24440002441406
2015-05-06,104.60667419433594
2015-05-07,105.00346374511719
2015-05-08,105.78842163085938
2015-05-11,105.84880065917969
2015-05-12,105.6590576171875
2015-05-13,105.6590576171875
2015-05-14,106.78041076660156
2015-05-15,106.6596450805664
2015-05-18,107.86727905273438
2015-05-19,107.72064208984375
2015-05-20,107.91905212402344
2015-05-21,107.79828643798828
2015-05-22,107.33248138427734
2015-05-26,106.30599212646484
2015-05-27,107.6084976196289
2015-05-28,107.51362609863281
2015-05-29,106.86668395996094
2015-06-01,107.2031021118164
2015-06-02,107.41009521484375
2015-06-03,108.4797134399414
2015-06-04,107.39287567138672
2015-06-05,108.16920471191406
2015-06-08,107.66888427734375
2015-06-09,107.3410873413086
2015-06-10,108.67811584472656
2015-06-11,108.95414733886719
2015-06-12,108.62638092041016
2015-06-15,108.2813491821289
2015-06-16,109.04904174804688
2015-06-17,108.8851318359375
2015-06-18,110.34288787841797
2015-06-19,110.29117584228516
2015-06-22,111.05024719238281
2015-06-23,111.28314971923828
2015-06-24,110.34288787841797
2015-06-25,110.28254699707031
2015-06-26,109.98064422607422
2015-06-29,107.2031021118164
2015-06-30,107.7033920288086
2015-07-01,108.02253723144531
2015-07-02,107.2247543334961
2015-07-06,107.19007873535156
2015-07-07,107.31135559082031
2015-07-08,105.67414855957031
2015-07-09,106.05531311035156
2015-07-10,107.52792358398438
2015-07-13,108.74069213867188
2015-07-14,109.3470458984375
2015-07-15,108.76663970947266
2015-07-16,109.41634368896484
2015-07-17,108.93990325927734
2015-07-20,108.3508529663086
2015-07-21,107.83975219726562
2015-07-22,108.23824310302734
2015-07-23,107.04280853271484
2015-07-24,105.3189468383789
2015-07-27,104.44405364990234
2015-07-28,105.33631134033203
2015-07-29,105.63079833984375
2015-07-30,105.93400573730469
2015-07-31,106.51441955566406
2015-08-03,105.9859848022461
2015-08-04,105.73479461669922
2015-08-05,105.97734069824219
2015-08-06,104.54802703857422
2015-08-07,103.84634399414062
2015-08-10,105.04177856445312
2015-08-11,104.14087677001953
2015-08-12,103.94163513183594
2015-08-13,103.59513854980469
2015-08-14,104.26214599609375
2015-08-17,105.36228942871094
2015-08-18,104.52200317382812
2015-08-19,103.43921661376953
2015-08-20,100.8230972290039
2015-08-21,99.64503479003906
2015-08-24,95.75556182861328
2015-08-25,95.01922607421875
2015-08-26,97.43607330322266
2015-08-27,99.17726135253906
2015-08-28,100.15608978271484
2015-08-31,99.79226684570312
2015-09-01,96.93365478515625
2015-09-02,98.67481231689453
2015-09-03,98.51889038085938
2015-09-04,97.77391052246094
2015-09-08,100.00883483886719
2015-09-09,98.85671997070312
2015-09-10,99.30717468261719
2015-09-11,99.77497863769531
2015-09-14,99.31588745117188
2015-09-15,100.43331146240234
2015-09-16,101.29956817626953
2015-09-17,101.64608001708984
2015-09-18,100.24273681640625
2015-09-21,100.06084442138672
2015-09-22,98.54488372802734
2015-09-23,98.25035858154297
2015-09-24,98.08576202392578
2015-09-25,96.79483795166016
2015-09-28,94.0843505859375
2015-09-29,93.41541290283203
2015-09-30,94.8662338256836
2015-10-01,94.7011489868164
2015-10-02,96.1085205078125
2015-10-05,98.40198516845703
2015-10-06,97.7243881225586
2015-10-07,99.45317840576172
2015-10-08,100.34796142578125
2015-10-09,100.54778289794922
2015-10-12,100.4001235961914
2015-10-13,99.02748107910156
2015-10-14,98.05451965332031
2015-10-15,100.4001235961914
2015-10-16,100.26979064941406
2015-10-19,100.46089172363281
2015-10-20,100.3218994140625
2015-10-21,98.79291534423828
2015-10-22,99.66165924072266
2015-10-23,100.64331817626953
2015-10-26,99.95703125
2015-10-27,98.86241149902344
2015-10-28,101.74662780761719
2015-10-29,100.66072082519531
2015-10-30,100.20030212402344
2015-11-02,102.2852783203125
2015-11-03,102.815185546875
2015-11-04,102.76306915283203
2015-11-05,102.84123992919922
2015-11-06,103.57096862792969
2015-11-09,102.35474395751953
2015-11-10,102.65879821777344
2015-11-11,101.7640151977539
2015-11-12,99.81803894042969
2015-11-13,99.09699249267578
2015-11-16,99.94835662841797
2015-11-17,99.56610107421875
2015-11-18,101.25143432617188
2015-11-19,100.82575988769531
2015-11-20,101.4773178100586
2015-11-23,101.9812240600586
2015-11-24,102.7282943725586
2015-11-25,103.52754211425781
2015-11-27,103.91848754882812
2015-11-30,103.46673583984375
2015-12-01,104.15303802490234
2015-12-02,103.03238677978516
2015-12-03,101.29486083984375
2015-12-04,102.31998443603516
2015-12-07,100.78233337402344
2015-12-08,100.22633361816406
2015-12-09,99.10570526123047
2015-12-10,99.43577575683594
2015-12-11,97.22049713134766
2015-12-14,96.52552032470703
2015-12-15,97.91548919677734
2015-12-16,99.40973663330078
2015-12-17,98.34986114501953
2015-12-18,96.84693908691406
2015-12-21,97.57666778564453
2015-12-22,98.47148895263672
2015-12-23,99.71379852294922
2015-12-24,99.9022445678711
2015-12-28,99.4398193359375
2015-12-29,100.51297760009766
2015-12-30,99.50090789794922
2015-12-31,98.26194763183594
2016-01-04,95.98467254638672
2016-01-05,96.19406127929688
2016-01-06,94.728271484375
2016-01-07,92.19798278808594
2016-01-08,90.61003875732422
2016-01-11,90.21739959716797
2016-01-12,90.48789978027344
2016-01-13,87.58243560791016
2016-01-14,88.79519653320312
2016-01-15,87.3555679321289
2016-01-19,86.17768096923828
2016-01-20,86.53540802001953
2016-01-21,86.33470916748047
2016-01-22,88.44618225097656
2016-01-25,86.48307037353516
2016-01-26,88.21063995361328
2016-01-27,86.9978256225586
2016-01-28,86.98039245605469
2016-01-29,89.83348083496094
2016-02-01,89.42342376708984
2016-02-02,87.49519348144531
2016-02-03,87.60862731933594
2016-02-04,87.9488754272461
2016-02-05,85.540771484375
2016-02-08,84.1360092163086
2016-02-09,83.56890106201172
2016-02-10,83.6125259399414
2016-02-11,82.70509338378906
2016-02-12,84.275634765625
2016-02-16,86.2736587524414
2016-02-17,87.62606048583984
2016-02-18,87.2072525024414
2016-02-19,87.64348602294922
2016-02-22,88.62071228027344
2016-02-23,87.8093032836914
2016-02-24,88.65560913085938
2016-02-25,89.46704864501953
2016-02-26,90.03416442871094
2016-02-29,89.6328125
2016-03-01,91.56106567382812
2016-03-02,92.50340270996094
2016-03-03,93.47183990478516
2016-03-04,93.98665618896484
2016-03-07,95.0074691772461
2016-03-08,92.7127914428711
2016-03-09,93.18394470214844
2016-03-10,92.42488098144531
2016-03-11,94.40543365478516
2016-03-14,94.16114807128906
2016-03-15,92.69532012939453
2016-03-16,93.34970092773438
2016-03-17,94.78062438964844
2016-03-18,95.63568878173828
2016-03-21,95.40882873535156
2016-03-22,95.29539489746094
2016-03-23,93.53376007080078
2016-03-24,93.81381225585938
2016-03-28,93.9275894165039
2016-03-29,96.53545379638672
2016-03-30,96.54423522949219
2016-03-31,96.81546783447266
2016-04-01,97.24432373046875
2016-04-04,96.43045043945312
2016-04-05,95.3365478515625
2016-04-06,96.4129409790039
2016-04-07,95.1089859008789
2016-04-08,95.48529052734375
2016-04-11,95.18777465820312
2016-04-12,96.21166229248047
2016-04-13,98.28572845458984
2016-04-14,98.16320037841797
2016-04-15,98.40823364257812
2016-04-18,99.15209197998047
2016-04-19,99.23087310791016
2016-04-20,99.37962341308594
2016-04-21,98.88082885742188
2016-04-22,99.8609619140625
2016-04-25,99.15209197998047
2016-04-26,100.12347412109375
2016-04-27,100.47354888916016
2016-04-28,99.3271255493164
2016-04-29,98.43448638916016
2016-05-02,99.30962371826172
2016-05-03,97.681884765625
2016-05-04,96.87677001953125
2016-05-05,96.49170684814453
2016-05-06,97.06053161621094
2016-05-09,97.34059143066406
2016-05-10,98.32072448730469
2016-05-11,97.10430145263672
2016-05-12,96.58797454833984
2016-05-13,95.94912719726562
2016-05-16,97.1655502319336
2016-05-17,95.62531280517578
2016-05-18,96.1241683959961
2016-05-19,95.35404205322266
2016-05-20,96.95552825927734
2016-05-23,96.84175872802734
2016-05-24,98.83704376220703
2016-05-25,99.41463470458984
2016-05-26,99.30085754394531
2016-05-27,100.2897720336914
2016-05-31,100.63980865478516
2016-06-01,101.3224105834961
2016-06-02,102.10128021240234
2016-06-03,101.48870086669922
2016-06-06,102.58260345458984
2016-06-07,102.88014221191406
2016-06-08,103.64148712158203
2016-06-09,102.97637176513672
2016-06-10,101.57620239257812
2016-06-13,100.47354888916016
2016-06-14,100.18476867675781
2016-06-15,100.25475311279297
2016-06-16,100.24597930908203
2016-06-17,99.81719970703125
2016-06-20,100.90235137939453
2016-06-21,100.70980834960938
2016-06-22,100.31602478027344
2016-06-23,102.23253631591797
2016-06-24,98.34698486328125
2016-06-27,95.11776733398438
2016-06-28,96.58797454833984
2016-06-29,98.78453063964844
2016-06-30,100.62229919433594
2016-07-01,100.98110961914062
2016-07-05,99.493408203125
2016-07-06,100.21582794189453
2016-07-07,100.4269790649414
2016-07-08,102.76763153076172
2016-07-11,103.95555114746094
2016-07-12,105.34584045410156
2016-07-13,104.93226623535156
2016-07-14,105.03787231445312
2016-07-15,105.3282470703125
2016-07-18,105.5042495727539
2016-07-19,104.97627258300781
2016-07-20,105.66264343261719
2016-07-21,105.1610336303711
2016-07-22,105.94419860839844
2016-07-25,105.78583526611328
2016-07-26,106.29617309570312
2016-07-27,106.59535217285156
2016-07-28,106.32256317138672
2016-07-29,106.53376007080078
2016-08-01,106.62174987792969
2016-08-02,105.1346664428711
2016-08-03,105.9881820678711
2016-08-04,106.08499908447266
2016-08-05,107.6160888671875
2016-08-08,107.56329345703125
2016-08-09,107.67766571044922
2016-08-10,106.9033203125
2016-08-11,107.4136962890625
2016-08-12,107.5192642211914
2016-08-15,108.5840072631836
2016-08-16,107.70408630371094
2016-08-17,107.38729858398438
2016-08-18,108.17925262451172
2016-08-19,108.17925262451172
2016-08-22,108.42562103271484
2016-08-23,109.182373046875
2016-08-24,108.29364776611328
2016-08-25,108.50481414794922
2016-08-26,108.28482055664062
2016-08-29,108.84796905517578
2016-08-30,109.05036926269531
2016-08-31,108.4344253540039
2016-09-01,108.51360321044922
2016-09-02,109.56073760986328
2016-09-06,109.66632080078125
2016-09-07,110.35267639160156
2016-09-08,110.1326904296875
2016-09-09,106.69217681884766
2016-09-12,108.17925262451172
2016-09-13,106.10258483886719
2016-09-14,106.12020874023438
2016-09-15,107.38729858398438
2016-09-16,107.22892761230469
2016-09-19,107.94164276123047
2016-09-20,107.48408508300781
2016-09-21,109.04156494140625
2016-09-22,110.60784149169922
2016-09-23,109.82470703125
2016-09-26,108.7341079711914
2016-09-27,109.17529296875
2016-09-28,110.01351928710938
2016-09-29,108.40762329101562
2016-09-30,109.59883117675781
2016-10-03,109.25471496582031
2016-10-04,108.71647644042969
2016-10-05,109.36942291259766
2016-10-06,109.25471496582031
2016-10-07,108.38115692138672
2016-10-10,109.6782455444336
2016-10-11,107.67524719238281
2016-10-12,107.58700561523438
2016-10-13,106.69584655761719
2016-10-14,106.26349639892578
2016-10-17,106.13993835449219
2016-10-18,106.74879455566406
2016-10-19,107.19878387451172
2016-10-20,106.88114166259766
2016-10-21,106.82819366455078
2016-10-24,107.50759887695312
2016-10-25,106.70464324951172
2016-10-26,105.64581298828125
2016-10-27,104.43700408935547
2016-10-28,104.145751953125
2016-10-31,104.56049346923828
2016-11-01,103.28107452392578
2016-11-02,101.96630859375
2016-11-03,101.47222900390625
2016-11-04,102.12517547607422
2016-11-07,104.62227630615234
2016-11-08,104.89581298828125
2016-11-09,108.1252670288086
2016-11-10,109.85472869873047
2016-11-11,112.37825012207031
2016-11-14,113.9577407836914
2016-11-15,114.31069946289062
2016-11-16,114.30184936523438
2016-11-17,114.97245025634766
2016-11-18,115.58126068115234
2016-11-21,116.1195068359375
2016-11-22,117.1783676147461
2016-11-23,117.91072082519531
2016-11-25,118.29898071289062
2016-11-28,116.7636489868164
2016-11-29,116.70185852050781
2016-11-30,116.12834167480469
2016-12-01,115.56363677978516
2016-12-02,115.50187683105469
2016-12-05,117.48719024658203
2016-12-06,118.75779724121094
2016-12-07,119.91370391845703
2016-12-08,121.80195617675781
2016-12-09,122.04021453857422
2016-12-12,120.75193786621094
2016-12-13,120.76075744628906
2016-12-14,119.25191497802734
2016-12-15,120.14311218261719
2016-12-16,119.92253875732422
2016-12-19,120.70783233642578
2016-12-20,121.73139953613281
2016-12-21,120.93724060058594
2016-12-22,119.8943862915039
2016-12-23,120.53233337402344
2016-12-27,121.07278442382812
2016-12-28,119.8324203491211
2016-12-29,119.938720703125
2016-12-30,119.47799682617188
2017-01-03,120.0716552734375
2017-01-04,122.07404327392578
2017-01-05,120.66527557373047
2017-01-06,120.22227478027344
2017-01-09,119.43367767333984
2017-01-10,120.57660675048828
2017-01-11,120.78931427001953
2017-01-12,119.85895538330078
2017-01-13,120.72726440429688
2017-01-17,119.0881576538086
2017-01-18,119.47799682617188
2017-01-19,118.50337982177734
2017-01-20,119.11474609375
2017-01-23,118.61858367919922
2017-01-24,120.43489074707031
2017-01-25,121.56898498535156
2017-01-26,121.08171844482422
2017-01-27,120.66527557373047
2017-01-30,118.98181915283203
2017-01-31,119.81462860107422
2017-02-01,119.74378204345703
2017-02-02,119.44255828857422
2017-02-03,121.2677001953125
2017-02-06,120.35513305664062
2017-02-07,119.82353210449219
2017-02-08,119.61087799072266
2017-02-09,121.2942886352539
2017-02-10,122.21578979492188
2017-02-13,122.53473663330078
2017-02-14,122.94226837158203
2017-02-15,123.67766571044922
2017-02-16,123.33212280273438
2017-02-17,123.25235748291016
2017-02-21,124.21808624267578
2017-02-22,123.66880798339844
2017-02-23,122.93341064453125
2017-02-24,122.84481811523438
2017-02-27,124.04092407226562
2017-02-28,122.12715911865234
2017-03-01,124.35991668701172
2017-03-02,122.93341064453125
2017-03-03,122.84481811523438
2017-03-06,122.00311279296875
2017-03-07,121.20572662353516
2017-03-08,120.40829467773438
2017-03-09,119.92988586425781
2017-03-10,120.46147918701172
2017-03-13,120.74496459960938
2017-03-14,120.1690902709961
2017-03-15,122.02964782714844
2017-03-16,122.18917846679688
2017-03-17,122.67648315429688
2017-03-20,122.14484405517578
2017-03-21,118.69832611083984
2017-03-22,118.72489929199219
2017-03-23,119.41600036621094
2017-03-24,119.5021743774414
2017-03-27,119.72433471679688
2017-03-28,120.65730285644531
2017-03-29,121.04826354980469
2017-03-30,121.96349334716797
2017-03-31,122.15896606445312
2017-04-03,120.87055969238281
2017-04-04,120.72834777832031
2017-04-05,119.3599624633789
2017-04-06,120.47065734863281
2017-04-07,120.4173812866211
2017-04-10,120.68394470214844
2017-04-11,121.64356994628906
2017-04-12,119.99085998535156
2017-04-13,118.8179702758789
2017-04-17,120.2129898071289
2017-04-18,120.23965454101562
2017-04-19,120.65730285644531
2017-04-20,122.19447326660156
2017-04-21,121.91905975341797
2017-04-24,123.43846130371094
2017-04-25,124.63806915283203
2017-04-26,125.27779388427734
2017-04-27,125.24224853515625
2017-04-28,123.56288146972656
2017-05-01,124.2737045288086
2017-05-02,123.642822265625
2017-05-03,122.87867736816406
2017-05-04,122.70985412597656
2017-05-05,123.50064849853516
2017-05-08,122.98526000976562
2017-05-09,122.9320297241211
2017-05-10,123.6961669921875
2017-05-11,122.83426666259766
2017-05-12,122.18560791015625
2017-05-15,123.13632202148438
2017-05-16,123.1808090209961
2017-05-17,119.85760498046875
2017-05-18,120.29296875
2017-05-19,120.87055969238281
2017-05-22,121.68802642822266
2017-05-23,122.08784484863281
2017-05-24,122.1678466796875
2017-05-25,122.2478256225586
2017-05-26,122.21226501464844
2017-05-30,121.25260925292969
2017-05-31,121.12824249267578
2017-06-01,123.46510314941406
2017-06-02,124.26484680175781
2017-06-05,123.49179077148438
2017-06-06,123.37625885009766
2017-06-07,123.49179077148438
2017-06-08,125.1800537109375
2017-06-09,125.82872009277344
2017-06-12,125.62431335449219
2017-06-13,126.26407623291016
2017-06-14,125.51773071289062
2017-06-15,124.87792205810547
2017-06-16,124.56694793701172
2017-06-19,125.49102020263672
2017-06-20,124.220458984375
2017-06-21,123.9094009399414
2017-06-22,124.38034057617188
2017-06-23,125.20671844482422
2017-06-26,125.3577880859375
2017-06-27,124.2559585571289
2017-06-28,126.15748596191406
2017-06-29,125.41106414794922
2017-06-30,125.21558380126953
2017-07-03,126.26407623291016
2017-07-05,125.81086730957031
2017-07-06,124.1679916381836
2017-07-07,125.37273406982422
2017-07-10,124.82837677001953
2017-07-11,125.19426727294922
2017-07-12,126.15803527832031
2017-07-13,126.26516723632812
2017-07-14,126.47929382324219
2017-07-17,126.77381134033203
2017-07-18,126.44357299804688
2017-07-19,127.70189666748047
2017-07-20,127.79116821289062
2017-07-21,127.21112823486328
2017-07-24,127.38954162597656
2017-07-25,128.5497283935547
2017-07-26,127.83574676513672
2017-07-27,127.02367401123047
2017-07-28,126.6845703125
2017-07-31,126.28301239013672
2017-08-01,126.52392578125
2017-08-02,125.14071655273438
2017-08-03,124.51605987548828
2017-08-04,125.12290954589844
2017-08-07,125.32816314697266
2017-08-08,124.93550109863281
2017-08-09,123.85569763183594
2017-08-10,121.60684204101562
2017-08-11,121.78533172607422
2017-08-14,123.63257598876953
2017-08-15,122.61522674560547
2017-08-16,122.65095520019531
2017-08-17,120.41106414794922
2017-08-18,120.40209197998047
2017-08-21,120.32177734375
2017-08-22,121.62471771240234
2017-08-23,121.42835998535156
2017-08-24,121.80317687988281
2017-08-25,122.1512222290039
2017-08-28,122.66880798339844
2017-08-29,122.69557189941406
2017-08-30,123.48086547851562
2017-08-31,124.69454193115234
2017-09-01,125.39954376220703
2017-09-05,124.19477081298828
2017-09-06,124.45362091064453
2017-09-07,124.14125061035156
2017-09-08,124.23943328857422
2017-09-11,125.54234313964844
2017-09-12,126.30976867675781
2017-09-13,126.6845703125
2017-09-14,126.56854248046875
2017-09-15,127.086181640625
2017-09-18,127.95181274414062
2017-09-19,127.95181274414062
2017-09-20,128.3623504638672
2017-09-21,128.22840881347656
2017-09-22,128.77276611328125
2017-09-25,128.95126342773438
2017-09-26,129.36190795898438
2017-09-27,131.8934783935547
2017-09-28,132.2423553466797
2017-09-29,132.55543518066406
2017-10-02,134.1835479736328
2017-10-03,134.47874450683594
2017-10-04,134.04930114746094
2017-10-05,134.4160919189453
2017-10-06,134.2282257080078
2017-10-09,133.67367553710938
2017-10-10,134.0583038330078
2017-10-11,133.9599151611328
2017-10-12,133.86148071289062
2017-10-13,133.61996459960938
2017-10-16,133.50372314453125
2017-10-17,133.11900329589844
2017-10-18,133.7541961669922
2017-10-19,133.54837036132812
2017-10-20,134.16563415527344
2017-10-23,133.16372680664062
2017-10-24,133.4410400390625
2017-10-25,132.79693603515625
2017-10-26,133.07427978515625
2017-10-27,133.99571228027344
2017-10-30,132.58229064941406
2017-10-31,133.5215301513672
2017-11-01,132.63595581054688
2017-11-02,133.02957153320312
2017-11-03,132.9400634765625
2017-11-06,133.09213256835938
2017-11-07,131.49989318847656
2017-11-08,131.6787872314453
2017-11-09,131.2135772705078
2017-11-10,131.11521911621094
2017-11-13,131.15098571777344
2017-11-14,130.79319763183594
2017-11-15,130.27432250976562
2017-11-16,132.1886444091797
2017-11-17,132.79693603515625
2017-11-20,133.7630615234375
2017-11-21,135.15859985351562
2017-11-22,134.97967529296875
2017-11-24,135.03335571289062
2017-11-27,134.621826171875
2017-11-28,136.74191284179688
2017-11-29,137.1981964111328
2017-11-30,137.44866943359375
2017-12-01,136.88511657714844
2017-12-04,136.37521362304688
2017-12-05,135.01548767089844
2017-12-06,134.3803253173828
2017-12-07,135.31961059570312
2017-12-08,135.4448699951172
2017-12-11,135.3911895751953
2017-12-12,134.970703125
2017-12-13,135.77584838867188
2017-12-14,134.27301025390625
2017-12-15,136.18734741210938
2017-12-18,138.0301055908203
2017-12-19,136.93878173828125
2017-12-20,137.20712280273438
2017-12-21,137.80789184570312
2017-12-22,137.55645751953125
2017-12-26,137.63726806640625
2017-12-27,137.5025634765625
2017-12-28,138.0413055419922
2017-12-29,136.90090942382812
2018-01-02,138.1939697265625
2018-01-03,138.33763122558594
2018-01-04,138.70574951171875
2018-01-05,138.99317932128906
2018-01-08,139.2086639404297
2018-01-09,139.0200958251953
2018-01-10,139.0380401611328
2018-01-11,141.42657470703125
2018-01-12,142.0192108154297
2018-01-16,140.20538330078125
2018-01-17,141.53428649902344
2018-01-18,140.56451416015625
2018-01-19,142.4143524169922
2018-01-22,143.17758178710938
2018-01-23,143.63555908203125
2018-01-24,142.74659729003906
2018-01-25,142.80043029785156
2018-01-26,143.3123016357422
2018-01-29,142.50413513183594
2018-01-30,141.13919067382812
2018-01-31,140.4029083251953
2018-02-01,140.84295654296875
2018-02-02,138.13113403320312
2018-02-05,132.82424926757812
2018-02-06,134.4136199951172
2018-02-07,134.54830932617188
2018-02-08,130.5973358154297
2018-02-09,131.79164123535156
2018-02-12,133.039794921875
2018-02-13,133.32711791992188
2018-02-14,135.72462463378906
2018-02-15,137.20620727539062
2018-02-16,137.6911163330078
2018-02-20,136.55970764160156
2018-02-21,136.70339965820312
2018-02-22,136.48789978027344
2018-02-23,138.26580810546875
2018-02-26,139.1727294921875
2018-02-27,137.1703338623047
2018-02-28,135.00619506835938
2018-03-01,134.6470489501953
2018-03-02,136.80215454101562
2018-03-05,138.02337646484375
2018-03-06,139.51394653320312
2018-03-07,140.74411010742188
2018-03-08,140.45680236816406
2018-03-09,142.70172119140625
2018-03-12,142.95309448242188
2018-03-13,142.28863525390625
2018-03-14,141.61512756347656
2018-03-15,140.90579223632812
2018-03-16,141.6959686279297
2018-03-19,140.33111572265625
2018-03-20,140.295166015625
2018-03-21,141.11228942871094
2018-03-22,138.01805114746094
2018-03-23,135.0479278564453
2018-03-26,138.0000762939453
2018-03-27,135.32696533203125
2018-03-28,135.28195190429688
2018-03-29,136.6500244140625
2018-04-02,133.31996154785156
2018-04-03,135.22799682617188
2018-04-04,136.947021484375
2018-04-05,138.0810546875
2018-04-06,135.32696533203125
2018-04-09,135.48895263671875
2018-04-10,138.04501342773438
2018-04-11,138.342041015625
2018-04-12,139.2870635986328
2018-04-13,138.55804443359375
2018-04-16,139.83609008789062
2018-04-17,141.3571014404297
2018-04-18,141.73507690429688
2018-04-19,140.75408935546875
2018-04-20,139.9980926513672
2018-04-23,139.79107666015625
2018-04-24,138.99005126953125
2018-04-25,138.7830810546875
2018-04-26,139.42208862304688
2018-04-27,139.22409057617188
2018-04-30,137.9910430908203
2018-05-01,138.6660614013672
2018-05-02,139.1880645751953
2018-05-03,138.43206787109375
2018-05-04,140.16004943847656
2018-05-07,141.34811401367188
2018-05-08,142.05014038085938
2018-05-09,142.81517028808594
2018-05-10,143.58016967773438
2018-05-11,143.8591766357422
2018-05-14,143.31019592285156
2018-05-15,143.337158203125
2018-05-16,144.83120727539062
2018-05-17,145.4971466064453
2018-05-18,145.6862335205078
2018-05-21,146.6492156982422
2018-05-22,145.5872039794922
2018-05-23,145.7761993408203
2018-05-24,145.83021545410156
2018-05-25,145.56918334960938
2018-05-29,145.3712158203125
2018-05-30,147.67523193359375
2018-05-31,146.49620056152344
2018-06-01,147.4592742919922
2018-06-04,148.24224853515625
2018-06-05,149.1602783203125
2018-06-06,150.2403106689453
2018-06-07,149.42127990722656
2018-06-08,149.87132263183594
2018-06-11,150.09632873535156
2018-06-12,150.7803192138672
2018-06-13,150.18626403808594
2018-06-14,150.98731994628906
2018-06-15,151.03233337402344
2018-06-18,151.74334716796875
2018-06-19,151.7523651123047
2018-06-20,152.97637939453125
2018-06-21,151.5453338623047
2018-06-22,151.04127502441406
2018-06-25,148.57528686523438
2018-06-26,149.43930053710938
2018-06-27,147.04525756835938
2018-06-28,147.49525451660156
2018-06-29,147.39630126953125
2018-07-02,148.4132537841797
2018-07-03,149.00491333007812
2018-07-05,150.70306396484375
2018-07-06,151.97665405273438
2018-07-09,152.9341583251953
2018-07-10,152.2386474609375
2018-07-11,150.94691467285156
2018-07-12,151.67860412597656
2018-07-13,151.2269744873047
2018-07-16,150.63986206054688
2018-07-17,151.30825805664062
2018-07-18,151.73280334472656
2018-07-19,152.8076934814453
2018-07-20,152.1844482421875
2018-07-23,152.37413024902344
2018-07-24,150.74822998046875
2018-07-25,151.2992401123047
2018-07-26,152.11216735839844
2018-07-27,149.27584838867188
2018-07-30,148.3184051513672
2018-07-31,149.82688903808594
2018-08-01,149.7275390625
2018-08-02,150.8204803466797
2018-08-03,150.29656982421875
2018-08-06,151.13662719726562
2018-08-07,151.4979248046875
2018-08-08,151.36244201660156
2018-08-09,151.75088500976562
2018-08-10,151.32632446289062
2018-08-13,150.44113159179688
2018-08-14,151.9315185546875
2018-08-15,150.02560424804688
2018-08-16,151.4166717529297
2018-08-17,152.06698608398438
2018-08-20,152.49159240722656
2018-08-21,154.2439422607422
2018-08-22,154.62332153320312
2018-08-23,154.1536102294922
2018-08-24,154.99365234375
2018-08-27,155.21946716308594
2018-08-28,155.36402893066406
2018-08-29,155.81561279296875
2018-08-30,155.68917846679688
2018-08-31,156.28533935546875
2018-09-04,155.58981323242188
2018-09-05,155.1742706298828
2018-09-06,154.1265106201172
2018-09-07,154.04518127441406
2018-09-10,154.23489379882812
2018-09-11,154.48780822753906
2018-09-12,154.117431640625
2018-09-13,154.1536102294922
2018-09-14,154.80397033691406
2018-09-17,153.16001892089844
2018-09-18,153.80133056640625
2018-09-19,153.24124145507812
2018-09-20,154.65943908691406
2018-09-21,153.91871643066406
2018-09-24,153.34970092773438
2018-09-25,153.5845184326172
2018-09-26,152.18072509765625
2018-09-27,152.18975830078125
2018-09-28,152.6516571044922
2018-10-01,150.64105224609375
2018-10-02,149.01089477539062
2018-10-03,150.31504821777344
2018-10-04,148.204833984375
2018-10-05,146.86439514160156
2018-10-08,146.5564727783203
2018-10-09,145.9859161376953
2018-10-10,141.7926483154297
2018-10-11,139.08465576171875
2018-10-12,139.11181640625
2018-10-15,139.62808227539062
2018-10-16,143.67642211914062
2018-10-17,143.06057739257812
2018-10-18,140.37979125976562
2018-10-19,138.8944854736328
2018-10-22,138.5955810546875
2018-10-23,137.3548126220703
2018-10-24,132.1834259033203
2018-10-25,135.04530334472656
2018-10-26,133.569091796875
2018-10-29,132.8355255126953
2018-10-30,135.60690307617188
2018-10-31,135.87857055664062
2018-11-01,139.01223754882812
2018-11-02,139.47410583496094
2018-11-05,139.36541748046875
2018-11-06,140.05377197265625
2018-11-07,142.56248474121094
2018-11-08,142.1820526123047
2018-11-09,139.54652404785156
2018-11-12,136.78424072265625
2018-11-13,136.34951782226562
2018-11-14,135.353271484375
2018-11-15,137.28237915039062
2018-11-16,137.60842895507812
2018-11-19,134.8189239501953
2018-11-20,132.21966552734375
2018-11-21,134.0671844482422
2018-11-23,133.9404296875
2018-11-26,135.6793212890625
2018-11-27,134.55625915527344
2018-11-28,137.88011169433594
2018-11-29,137.50880432128906
2018-11-30,138.22425842285156
2018-12-03,139.54652404785156
2018-12-04,133.60533142089844
2018-12-06,133.3155059814453
2018-12-07,130.4354705810547
2018-12-10,130.05508422851562
2018-12-11,129.919189453125
2018-12-12,131.15992736816406
2018-12-13,129.3033905029297
2018-12-14,127.34709167480469
2018-12-17,124.51101684570312
2018-12-18,124.35657501220703
2018-12-19,121.76670837402344
2018-12-20,119.7584457397461
2018-12-21,116.65069580078125
2018-12-24,114.38802337646484
2018-12-26,119.88567352294922
2018-12-27,120.38549041748047
2018-12-28,120.73079681396484
2018-12-31,121.67584228515625
2019-01-02,122.3664779663086
2019-01-03,120.17648315429688
2019-01-04,124.66548156738281
2019-01-07,126.84638977050781
2019-01-08,128.79104614257812
2019-01-09,129.85421752929688
2019-01-10,130.5266571044922
2019-01-11,130.56301879882812
2019-01-14,129.2635955810547
2019-01-15,130.35401916503906
2019-01-16,131.3263702392578
2019-01-17,132.5167236328125
2019-01-18,133.87977600097656
2019-01-22,131.76251220703125
2019-01-23,131.39901733398438
2019-01-24,132.18959045410156
2019-01-25,133.88885498046875
2019-01-28,133.17100524902344
2019-01-29,132.85296630859375
2019-01-30,134.3069305419922
2019-01-31,135.45184326171875
2019-02-01,135.56089782714844
2019-02-04,137.17840576171875
2019-02-05,137.32376098632812
2019-02-06,137.15109252929688
2019-02-07,136.0243682861328
2019-02-08,136.16970825195312
2019-02-11,137.3056182861328
2019-02-12,139.02310180664062
2019-02-13,139.413818359375
2019-02-14,139.73184204101562
2019-02-15,141.9582061767578
2019-02-19,142.3489227294922
2019-02-20,143.0213623046875
2019-02-21,142.4761505126953
2019-02-22,143.7120361328125
2019-02-25,143.74838256835938
2019-02-26,142.7578582763672
2019-02-27,142.95777893066406
2019-02-28,142.467041015625
2019-03-01,143.7937774658203
2019-03-04,142.4943389892578
2019-03-05,141.83094787597656
2019-03-06,139.05032348632812
2019-03-07,137.83265686035156
2019-03-08,137.79637145996094
2019-03-11,140.20436096191406
2019-03-12,140.2770538330078
2019-03-13,140.8313446044922
2019-03-14,140.25894165039062
2019-03-15,140.63148498535156
2019-03-18,141.53111267089844
2019-03-19,140.81321716308594
2019-03-20,139.6396942138672
2019-03-21,141.4710693359375
2019-03-22,136.3231658935547
2019-03-25,136.92453002929688
2019-03-26,138.36412048339844
2019-03-27,137.82655334472656
2019-03-28,139.05653381347656
2019-03-29,139.48480224609375
2019-04-01,141.0063934326172
2019-04-02,140.6419219970703
2019-04-03,141.37088012695312
2019-04-04,142.06329345703125
2019-04-05,143.3935546875
2019-04-08,143.1566162109375
2019-04-09,141.4072265625
2019-04-10,143.3297576904297
2019-04-11,143.14755249023438
2019-04-12,143.66685485839844
2019-04-15,143.2021942138672
2019-04-16,143.53932189941406
2019-04-17,142.2273406982422
2019-04-18,141.8081817626953
2019-04-22,141.4346466064453
2019-04-23,143.56668090820312
2019-04-24,144.0131072998047
2019-04-25,142.8195343017578
2019-04-26,144.20443725585938
2019-04-29,144.8968963623047
2019-04-30,144.2227020263672
2019-05-01,142.85595703125
2019-05-02,143.52110290527344
2019-05-03,146.26358032226562
2019-05-06,146.42759704589844
2019-05-07,143.53024291992188
2019-05-08,142.8286590576172
2019-05-09,142.30931091308594
2019-05-10,142.7010498046875
2019-05-13,138.15457153320312
2019-05-14,139.89479064941406
2019-05-15,140.35035705566406
2019-05-16,141.22503662109375
2019-05-17,139.25701904296875
2019-05-20,138.29119873046875
2019-05-21,140.14990234375
2019-05-22,138.9745635986328
2019-05-23,136.1136474609375
2019-05-24,137.38919067382812
2019-05-28,136.2958526611328
2019-05-29,135.15695190429688
2019-05-30,134.78338623046875
2019-05-31,132.8973388671875
2019-06-03,133.3619842529297
2019-06-04,136.81521606445312
2019-06-05,136.84249877929688
2019-06-06,136.48715209960938
2019-06-07,137.4530029296875
2019-06-10,138.2638702392578
2019-06-11,137.85386657714844
2019-06-12,138.0087432861328
2019-06-13,139.46661376953125
2019-06-14,138.24566650390625
2019-06-17,139.19931030273438
2019-06-18,140.81771850585938
2019-06-19,141.320556640625
2019-06-20,141.98805236816406
2019-06-21,140.76283264160156
2019-06-24,139.0530242919922
2019-06-25,138.2027130126953
2019-06-26,137.88262939453125
2019-06-27,140.4702606201172
2019-06-28,142.18006896972656
2019-07-01,142.7287139892578
2019-07-02,141.86007690429688
2019-07-03,142.8749542236328
2019-07-05,143.2589569091797
2019-07-08,141.8966522216797
2019-07-09,142.088623046875
2019-07-10,142.3354949951172
2019-07-11,141.64060974121094
2019-07-12,142.73780822753906
2019-07-15,141.98805236816406
2019-07-16,141.94235229492188
2019-07-17,140.9274139404297
2019-07-18,141.45779418945312
2019-07-19,140.64395141601562
2019-07-22,140.51597595214844
2019-07-23,141.4486083984375
2019-07-24,143.789306640625
2019-07-25,142.0520477294922
2019-07-26,143.73446655273438
2019-07-29,142.77438354492188
2019-07-30,144.3196563720703
2019-07-31,143.1492462158203
2019-08-01,141.07369995117188
2019-08-02,139.51019287109375
2019-08-05,135.322509765625
2019-08-06,136.5659942626953
2019-08-07,136.52943420410156
2019-08-08,139.47364807128906
2019-08-09,137.71807861328125
2019-08-12,135.9351043701172
2019-08-13,137.39808654785156
2019-08-14,133.557861328125
2019-08-15,133.0275421142578
2019-08-16,135.8985137939453
2019-08-19,137.2700958251953
2019-08-20,136.3740234375
2019-08-21,137.4986572265625
2019-08-22,137.17861938476562
2019-08-23,132.97259521484375
2019-08-26,134.43563842773438
2019-08-27,132.44235229492188
2019-08-28,133.98756408691406
2019-08-29,136.3374481201172
2019-08-30,136.0905303955078
2019-09-03,134.09730529785156
2019-09-04,135.1762237548828
2019-09-05,137.69064331054688
2019-09-06,137.05970764160156
2019-09-09,138.8975372314453
2019-09-10,140.67141723632812
2019-09-11,143.5515899658203
2019-09-12,143.58810424804688
2019-09-13,143.83502197265625
2019-09-16,144.37449645996094
2019-09-17,143.9996337890625
2019-09-18,143.11273193359375
2019-09-19,142.4178009033203
2019-09-20,142.11605834960938
2019-09-23,142.00634765625
2019-09-24,139.86297607421875
2019-09-25,141.395263671875
2019-09-26,139.81710815429688
2019-09-27,138.69764709472656
2019-09-30,138.86276245117188
2019-10-01,136.13766479492188
2019-10-02,135.11001586914062
2019-10-03,135.55960083007812
2019-10-04,136.84414672851562
2019-10-07,136.60562133789062
2019-10-08,134.3851318359375
2019-10-09,134.9998779296875
2019-10-10,135.54119873046875
2019-10-11,137.8351287841797
2019-10-14,137.33045959472656
2019-10-15,138.90869140625
2019-10-16,139.05548095703125
2019-10-17,140.69790649414062
2019-10-18,140.02810668945312
2019-10-21,141.34019470214844
2019-10-22,141.49620056152344
2019-10-23,141.67051696777344
2019-10-24,141.46865844726562
2019-10-25,142.22103881835938
2019-10-28,143.45057678222656
2019-10-29,143.91856384277344
2019-10-30,143.44143676757812
2019-10-31,142.6339569091797
2019-11-01,145.06544494628906
2019-11-04,145.8454132080078
2019-11-05,146.02891540527344
2019-11-06,145.1847686767578
2019-11-07,145.57012939453125
2019-11-08,145.9646759033203
2019-11-11,145.689453125
2019-11-12,145.7352752685547
2019-11-13,145.11134338378906
2019-11-14,145.06544494628906
2019-11-15,145.81790161132812
2019-11-18,145.45083618164062
2019-11-19,145.99220275878906
2019-11-20,145.44166564941406
2019-11-21,144.72598266601562
2019-11-22,145.17556762695312
2019-11-25,148.25857543945312
2019-11-26,148.35946655273438
2019-11-27,149.40550231933594
2019-11-29,148.4329071044922
2019-12-02,146.98316955566406
2019-12-03,146.51519775390625
2019-12-04,147.5244903564453
2019-12-05,147.6713409423828
2019-12-06,149.39634704589844
2019-12-09,149.11192321777344
2019-12-10,149.20362854003906
2019-12-11,149.15777587890625
2019-12-12,150.44232177734375
2019-12-13,149.8643341064453
2019-12-16,150.9205780029297
2019-12-17,151.67576599121094
2019-12-18,151.97044372558594
2019-12-19,152.62429809570312
2019-12-20,152.84530639648438
2019-12-23,153.14918518066406
2019-12-24,153.4991455078125
2019-12-26,153.4991455078125
2019-12-27,152.74398803710938
2019-12-30,152.3572235107422
2019-12-31,152.56906127929688
2020-01-02,152.67034912109375
2020-01-03,152.0717315673828
2020-01-06,152.2743377685547
2020-01-07,151.76783752441406
2020-01-08,152.2374725341797
2020-01-09,152.4216766357422
2020-01-10,151.85072326660156
2020-01-13,152.83609008789062
2020-01-14,153.3978271484375
2020-01-15,154.1345977783203
2020-01-16,156.12380981445312
2020-01-17,155.7001953125
2020-01-21,154.4108428955078
2020-01-22,154.30958557128906
2020-01-23,154.20826721191406
2020-01-24,152.3111572265625
2020-01-27,150.57981872558594
2020-01-28,151.832275390625
2020-01-29,150.9665985107422
2020-01-30,150.9665985107422
2020-01-31,147.83546447753906
2020-02-03,149.4839324951172
2020-02-04,151.740234375
2020-02-05,154.07937622070312
2020-02-06,153.72940063476562
2020-02-07,151.841552734375
2020-02-10,152.69796752929688
2020-02-11,153.75701904296875
2020-02-12,154.81605529785156
2020-02-13,155.22132873535156
2020-02-14,154.6226806640625
2020-02-18,154.29116821289062
2020-02-19,155.08311462402344
2020-02-20,155.46072387695312
2020-02-21,153.88595581054688
2020-02-24,149.25372314453125
2020-02-25,143.94923400878906
2020-02-26,142.28233337402344
2020-02-27,137.27252197265625
2020-02-28,134.75848388671875
2020-03-02,139.08673095703125
2020-03-03,136.25033569335938
2020-03-04,140.12741088867188
2020-03-05,135.67013549804688
2020-03-06,132.98101806640625
2020-03-09,120.05128479003906
2020-03-10,123.7994384765625
2020-03-11,115.92558288574219
2020-03-12,103.11555480957031
2020-03-13,110.02246856689453
2020-03-16,95.42586517333984
2020-03-17,99.80023956298828
2020-03-18,92.06449890136719
2020-03-19,95.6561050415039
2020-03-20,93.38143157958984
2020-03-23,92.00004577636719
2020-03-24,100.417236328125
2020-03-25,101.66532135009766
2020-03-26,107.98876190185547
2020-03-27,104.05970764160156
2020-03-30,106.3524398803711
2020-03-31,105.81620788574219
2020-04-01,98.60527038574219
2020-04-02,99.53898620605469
2020-04-03,96.71934509277344
2020-04-06,104.1244125366211
2020-04-07,104.39253234863281
2020-04-08,109.15361785888672
2020-04-09,114.376953125
2020-04-13,111.27991485595703
2020-04-14,113.53564453125
2020-04-15,108.90399932861328
2020-04-16,108.08119201660156
2020-04-17,112.84228515625
2020-04-20,111.51103973388672
2020-04-21,108.8485107421875
2020-04-22,110.1705551147461
2020-04-23,111.2521743774414
2020-04-24,113.16586303710938
2020-04-27,117.64962005615234
2020-04-28,119.35990142822266
2020-04-29,125.23036193847656
2020-04-30,120.46928405761719
2020-05-01,115.68971252441406
2020-05-04,116.18890380859375
2020-05-05,117.08567810058594
2020-05-06,116.22590637207031
2020-05-07,117.81603240966797
2020-05-08,122.36448669433594
2020-05-11,121.75430297851562
2020-05-12,117.38150787353516
2020-05-13,113.45246124267578
2020-05-14,113.82225799560547
2020-05-15,115.63422393798828
2020-05-18,122.6602783203125
2020-05-19,120.23815155029297
2020-05-20,123.88063049316406
2020-05-21,124.1025161743164
2020-05-22,124.70343017578125
2020-05-26,128.29965209960938
2020-05-27,132.28414916992188
2020-05-28,129.15017700195312
2020-05-29,128.41058349609375
2020-06-01,129.6401824951172
2020-06-02,130.7125244140625
2020-06-03,133.864990234375
2020-06-04,133.67088317871094
2020-06-05,138.83872985839844
2020-06-08,141.5290069580078
2020-06-09,138.91265869140625
2020-06-10,135.14083862304688
2020-06-11,124.83281707763672
2020-06-12,127.82817840576172
2020-06-15,130.78350830078125
2020-06-16,133.92813110351562
2020-06-17,131.5070343017578
2020-06-18,131.4606475830078
2020-06-19,130.78350830078125
2020-06-22,132.09144592285156
2020-06-23,132.64797973632812
2020-06-24,128.34393310546875
2020-06-25,130.2826385498047
2020-06-26,126.77626037597656
2020-06-29,130.9226531982422
2020-06-30,132.81495666503906
2020-07-01,131.55340576171875
2020-07-02,132.09144592285156
2020-07-06,133.046875
2020-07-07,130.69073486328125
2020-07-08,131.6647491455078
2020-07-09,129.00254821777344
2020-07-10,131.0803680419922
2020-07-13,129.41995239257812
2020-07-14,131.56272888183594
2020-07-15,136.38624572753906
2020-07-16,135.5792694091797
2020-07-17,135.97808837890625
2020-07-20,135.393798828125
2020-07-21,137.3138427734375
2020-07-22,137.38812255859375
2020-07-23,137.52720642089844
2020-07-24,135.5050506591797
2020-07-27,136.91500854492188
2020-07-28,135.55142211914062
2020-07-29,138.53831481933594
2020-07-30,137.99099731445312
2020-07-31,136.6923370361328
2020-08-03,138.9186553955078
2020-08-04,139.8740692138672
2020-08-05,142.6569061279297
2020-08-06,142.60125732421875
2020-08-07,144.86459350585938
2020-08-10,146.36732482910156
2020-08-11,145.52325439453125
2020-08-12,146.1168975830078
2020-08-13,145.810791015625
2020-08-14,145.7179718017578
2020-08-17,146.46937561035156
2020-08-18,145.06866455078125
2020-08-19,145.07794189453125
2020-08-20,144.48431396484375
2020-08-21,143.4176025390625
2020-08-24,144.92027282714844
2020-08-25,145.07794189453125
2020-08-26,144.16888427734375
2020-08-27,144.52142333984375
2020-08-28,145.74581909179688
2020-08-31,144.1781463623047
2020-09-01,145.82933044433594
2020-09-02,146.98883056640625
2020-09-03,142.64761352539062
2020-09-04,141.73858642578125
2020-09-08,139.0114288330078
2020-09-09,141.11712646484375
2020-09-10,139.28041076660156
2020-09-11,138.352783203125
2020-09-14,141.998291015625
2020-09-15,142.26727294921875
2020-09-16,143.61233520507812
2020-09-17,142.5641326904297
2020-09-18,142.19308471679688
2020-09-21,137.21185302734375
2020-09-22,138.2693328857422
2020-09-23,134.1499481201172
2020-09-24,134.1499481201172
2020-09-25,136.32879638671875
2020-09-28,139.69021606445312
2020-09-29,139.05706787109375
2020-09-30,139.47607421875
2020-10-01,141.7015380859375
2020-10-02,142.32542419433594
2020-10-05,146.25482177734375
2020-10-06,145.83578491210938
2020-10-07,149.02027893066406
2020-10-08,150.71499633789062
2020-10-09,151.49713134765625
2020-10-12,152.51210021972656
2020-10-13,151.49713134765625
2020-10-14,149.9979705810547
2020-10-15,151.543701171875
2020-10-16,151.17123413085938
2020-10-19,149.3648223876953
2020-10-20,149.6907196044922
2020-10-21,148.40576171875
2020-10-22,150.96640014648438
2020-10-23,151.84164428710938
2020-10-26,148.56407165527344
2020-10-27,147.28834533691406
2020-10-28,142.7537078857422
2020-10-29,144.4576873779297
2020-10-30,142.54885864257812
2020-11-02,145.09088134765625
2020-11-03,149.2064971923828
2020-11-04,149.37416076660156
2020-11-05,153.55499267578125
2020-11-06,152.35379028320312
2020-11-09,157.87547302246094
2020-11-10,160.80859375
2020-11-11,160.74342346191406
2020-11-12,158.27581787109375
2020-11-13,161.5535430908203
2020-11-16,165.39913940429688
2020-11-17,166.17196655273438
2020-11-18,163.84414672851562
2020-11-19,165.10113525390625
2020-11-20,165.27806091308594
2020-11-23,168.36947631835938
2020-11-24,171.535400390625
2020-11-25,170.94876098632812
2020-11-27,171.67507934570312
2020-11-30,168.5557098388672
2020-12-01,170.12001037597656
2020-12-02,170.2969512939453
2020-12-03,171.2560272216797
2020-12-04,175.2413330078125
2020-12-07,175.40890502929688
2020-12-08,177.6622772216797
2020-12-09,176.3679962158203
2020-12-10,178.07203674316406
2020-12-11,177.1967315673828
2020-12-14,177.40406799316406
2020-12-15,181.84083557128906
2020-12-16,181.18695068359375
2020-12-17,183.34461975097656
2020-12-18,182.45729064941406
2020-12-21,182.36386108398438
2020-12-22,184.43748474121094
2020-12-23,186.0066680908203
2020-12-24,185.88526916503906
2020-12-28,185.194091796875
2020-12-29,181.6072998046875
2020-12-30,183.45675659179688
2020-12-31,183.1298065185547
2021-01-04,180.7386474609375
2021-01-05,183.53143310546875
2021-01-06,191.04124450683594
2021-01-07,194.44119262695312
2021-01-08,194.02085876464844
2021-01-11,193.85267639160156
2021-01-12,197.3273468017578
2021-01-13,195.91697692871094
2021-01-14,199.83062744140625
2021-01-15,196.8509979248047
2021-01-19,199.37289428710938
2021-01-20,200.25096130371094
2021-01-21,198.51358032226562
2021-01-22,200.82070922851562
2021-01-25,200.6245880126953
2021-01-26,199.2328643798828
2021-01-27,195.5806884765625
2021-01-28,194.95486450195312
2021-01-29,192.00331115722656
2021-02-01,196.7202606201172
2021-02-02,199.5224151611328
2021-02-03,200.1201629638672
2021-02-04,204.20199584960938
2021-02-05,207.03211975097656
2021-02-08,212.3188934326172
2021-02-09,213.31829833984375
2021-02-10,211.917236328125
2021-02-11,211.6743927001953
2021-02-12,212.2721710205078
2021-02-16,210.9364471435547
2021-02-17,209.28323364257812
2021-02-18,206.04205322265625
2021-02-19,210.3386993408203
2021-02-22,208.97499084472656
2021-02-23,207.1348876953125
2021-02-24,212.029296875
2021-02-25,204.19265747070312
2021-02-26,203.91244506835938
2021-03-01,211.16064453125
2021-03-02,207.09751892089844
2021-03-03,204.85585021972656
2021-03-04,199.1300811767578
2021-03-05,203.3519744873047
2021-03-08,204.31402587890625
2021-03-09,208.61070251464844
2021-03-10,212.2348175048828
2021-03-11,216.90504455566406
2021-03-12,218.1846923828125
2021-03-15,218.9599609375
2021-03-16,215.2985076904297
2021-03-17,216.9890899658203
2021-03-18,210.38539123535156
2021-03-19,211.9732666015625
2021-03-22,210.3760528564453
2021-03-23,202.74484252929688
2021-03-24,198.055908203125
2021-03-25,202.7517852783203
2021-03-26,206.44827270507812
2021-03-29,200.6368408203125
2021-03-30,204.01516723632812
2021-03-31,206.7570343017578
2021-04-01,209.3773193359375
2021-04-05,210.52835083007812
2021-04-06,209.91073608398438
2021-04-07,206.5231170654297
2021-04-08,208.2730712890625
2021-04-09,208.30116271972656
2021-04-12,207.4869842529297
2021-04-13,206.9442138671875
2021-04-14,208.98426818847656
2021-04-15,209.89199829101562
2021-04-16,210.22885131835938
2021-04-19,207.49636840820312
2021-04-20,203.24783325195312
2021-04-21,208.21688842773438
2021-04-22,207.35594177246094
2021-04-23,211.26766967773438
2021-04-26,213.4668426513672
2021-04-27,213.78494262695312
2021-04-28,214.14990234375
2021-04-29,213.3544921875
2021-04-30,210.45350646972656
2021-05-03,211.4828643798828
2021-05-04,208.9562225341797
2021-05-05,208.12332153320312
2021-05-06,208.30116271972656
2021-05-07,210.92140197753906
2021-05-10,205.55923461914062
2021-05-11,204.90419006347656
2021-05-12,198.25057983398438
2021-05-13,201.9002227783203
2021-05-14,206.8319549560547
2021-05-17,207.1126708984375
2021-05-18,205.5404815673828
2021-05-19,203.95901489257812
2021-05-20,205.31588745117188
2021-05-21,205.84933471679688
2021-05-24,207.1875
2021-05-25,205.18487548828125
2021-05-26,209.0123291015625
2021-05-27,211.1647186279297
2021-05-28,211.02435302734375
2021-06-01,213.41998291015625
2021-06-02,213.67266845703125
2021-06-03,211.8852996826172
2021-06-04,212.8023223876953
2021-06-07,215.6565399169922
2021-06-08,217.93995666503906
2021-06-09,216.4894561767578
2021-06-10,214.884033203125
2021-06-11,217.1520233154297
2021-06-14,216.5147705078125
2021-06-15,215.89617919921875
2021-06-16,215.43698120117188
2021-06-17,213.01893615722656
2021-06-18,208.18299865722656
2021-06-21,212.63470458984375
2021-06-22,213.59999084472656
2021-06-23,214.30294799804688
2021-06-24,217.3301239013672
2021-06-25,217.6956329345703
2021-06-28,215.97116088867188
2021-06-29,214.94021606445312
2021-06-30,214.9683380126953
2021-07-01,216.86151123046875
2021-07-02,214.79965209960938
2021-07-06,211.67872619628906
2021-07-07,209.71055603027344
2021-07-08,207.7799072265625
2021-07-09,212.16612243652344
2021-07-12,212.34417724609375
2021-07-13,208.34225463867188
2021-07-14,205.1276397705078
2021-07-15,203.96548461914062
2021-07-16,201.45379638671875
2021-07-19,198.43592834472656
2021-07-20,204.5934295654297
2021-07-21,208.11732482910156
2021-07-22,204.8089599609375
2021-07-23,205.764892578125
2021-07-26,206.36471557617188
2021-07-27,203.95608520507812
2021-07-28,206.9552001953125
2021-07-29,208.54844665527344
2021-07-30,207.17074584960938
2021-08-02,206.1398162841797
2021-08-03,206.99267578125
2021-08-04,204.41534423828125
2021-08-05,208.08921813964844
2021-08-06,209.36383056640625
2021-08-09,208.21107482910156
2021-08-10,208.6234130859375
2021-08-11,209.64501953125
2021-08-12,209.14822387695312
2021-08-13,207.24575805664062
2021-08-16,205.3151092529297
2021-08-17,202.8126983642578
2021-08-18,201.04136657714844
2021-08-19,198.63272094726562
2021-08-20,201.98794555664062
2021-08-23,205.83053588867188
2021-08-24,207.8549346923828
2021-08-25,208.58592224121094
2021-08-26,206.37411499023438
2021-08-27,212.1942138671875
2021-08-30,211.3225860595703
2021-08-31,211.73497009277344
2021-09-01,213.15953063964844
2021-09-02,214.64031982421875
2021-09-03,213.64686584472656
2021-09-07,212.17543029785156
2021-09-08,209.8605499267578
2021-09-09,209.75746154785156
2021-09-10,207.7049560546875
2021-09-13,208.88583374023438
2021-09-14,206.22413635253906
2021-09-15,208.08921813964844
2021-09-16,208.23915100097656
2021-09-17,208.51095581054688
2021-09-20,203.55311584472656
2021-09-21,203.86239624023438
2021-09-22,207.03016662597656
2021-09-23,210.69464111328125
2021-09-24,209.67848205566406
2021-09-27,212.86526489257812
2021-09-28,208.02395629882812
2021-09-29,207.5821533203125
2021-09-30,205.63621520996094
2021-10-01,208.95462036132812
2021-10-04,207.05569458007812
2021-10-05,207.7701873779297
2021-10-06,206.68907165527344
2021-10-07,209.87586975097656
2021-10-08,208.2965545654297
2021-10-11,207.10269165039062
2021-10-12,208.24017333984375
2021-10-13,209.2272186279297
2021-10-14,212.32940673828125
2021-10-15,211.66195678710938
2021-10-18,211.5397491455078
2021-10-19,212.32940673828125
2021-10-20,213.73948669433594
2021-10-21,214.28472900390625
2021-10-22,213.77711486816406
2021-10-25,215.80760192871094
2021-10-26,214.1813201904297
2021-10-27,210.2424774169922
2021-10-28,214.43515014648438
2021-10-29,214.3787078857422
2021-11-01,219.9344024658203
2021-11-02,220.3950653076172
2021-11-03,224.33384704589844
2021-11-04,224.24925231933594
2021-11-05,227.3138427734375
2021-11-08,228.0188751220703
2021-11-09,226.6934051513672
2021-11-10,223.1212615966797
2021-11-11,224.91668701171875
2021-11-12,225.14230346679688
2021-11-15,224.24925231933594
2021-11-16,224.66287231445312
2021-11-17,221.72055053710938
2021-11-18,220.7804718017578
2021-11-19,218.7687225341797
2021-11-22,217.83810424804688
2021-11-23,217.4621124267578
2021-11-24,217.69708251953125
2021-11-26,209.490478515625
2021-11-29,209.3588409423828
2021-11-30,205.0909881591797
2021-12-01,200.47535705566406
2021-12-02,206.0686798095703
2021-12-03,201.8384552001953
2021-12-06,205.89007568359375
2021-12-07,210.66552734375
2021-12-08,212.1038055419922
2021-12-09,207.30014038085938
2021-12-10,206.72671508789062
2021-12-13,203.7056121826172
2021-12-14,201.9518280029297
2021-12-15,205.15771484375
2021-12-16,201.00894165039062
2021-12-17,202.85702514648438
2021-12-20,200.00941467285156
2021-12-21,205.72344970703125
2021-12-22,207.7035675048828
2021-12-23,209.36306762695312
2021-12-27,211.32427978515625
2021-12-28,210.0325469970703
2021-12-29,210.2588348388672
2021-12-30,210.20225524902344
2021-12-31,209.7496795654297
2022-01-03,212.45578002929688
2022-01-04,212.1352081298828
2022-01-05,204.9502716064453
2022-01-06,206.11947631835938
2022-01-07,203.73391723632812
2022-01-10,203.0267333984375
2022-01-11,205.18600463867188
2022-01-12,203.65847778320312
2022-01-13,201.79151916503906
2022-01-14,202.07440185546875
2022-01-18,195.9644012451172
2022-01-19,192.77734375
2022-01-20,189.28863525390625
2022-01-21,185.74327087402344
2022-01-24,190.02406311035156
2022-01-25,187.48760986328125
2022-01-26,184.78147888183594
2022-01-27,180.58555603027344
2022-01-28,184.10256958007812
2022-01-31,189.7506103515625
2022-02-01,191.74957275390625
2022-02-02,189.84487915039062
2022-02-03,186.25238037109375
2022-02-04,187.05389404296875
2022-02-07,187.9779510498047
2022-02-08,191.18382263183594
2022-02-09,194.8140411376953
2022-02-10,191.8250274658203
2022-02-11,189.88259887695312
2022-02-14,189.22254943847656
2022-02-15,194.29542541503906
2022-02-16,194.7008819580078
2022-02-17,189.7128448486328
2022-02-18,188.08168029785156
2022-02-22,185.4320831298828
2022-02-23,181.96218872070312
2022-02-24,186.73330688476562
2022-02-25,190.9386749267578
2022-02-28,191.71189880371094
2022-03-01,188.10052490234375
2022-03-02,192.57933044433594
2022-03-03,190.2974853515625
2022-03-04,187.31790161132812
2022-03-07,182.65994262695312
2022-03-08,183.66885375976562
2022-03-09,188.84539794921875
2022-03-10,188.5059814453125
2022-03-11,185.4980926513672
2022-03-14,181.7076416015625
2022-03-15,184.6023406982422
2022-03-16,190.41065979003906
2022-03-17,193.399658203125
2022-03-18,195.43634033203125
2022-03-21,193.71080017089844
2022-03-22,195.65318298339844
2022-03-23,192.2587432861328
2022-03-24,194.46945190429688
2022-03-25,194.7340087890625
2022-03-28,194.80014038085938
2022-03-29,200.01522827148438
2022-03-30,196.0000457763672
2022-03-31,193.9309539794922
2022-04-01,196.1039276123047
2022-04-04,196.42514038085938
2022-04-05,191.7769012451172
2022-04-06,189.0560302734375
2022-04-07,188.44192504882812
2022-04-08,186.9397430419922
2022-04-11,185.68324279785156
2022-04-12,186.26898193359375
2022-04-13,189.81178283691406
2022-04-14,187.9695587158203
2022-04-18,186.70355224609375
2022-04-19,190.4259033203125
2022-04-20,191.1533660888672
2022-04-21,186.8736114501953
2022-04-22,182.03643798828125
2022-04-25,183.141845703125
2022-04-26,177.36932373046875
2022-04-27,176.63241577148438
2022-04-28,179.92962646484375
2022-04-29,174.73345947265625
2022-05-02,176.56625366210938
2022-05-03,178.07791137695312
2022-05-04,182.83004760742188
2022-05-05,175.41368103027344
2022-05-06,172.49435424804688
2022-05-09,165.23861694335938
2022-05-10,165.28585815429688
2022-05-11,161.17611694335938
2022-05-12,163.065673828125
2022-05-13,168.2334747314453
2022-05-16,167.43043518066406
2022-05-17,172.55104064941406
2022-05-18,166.5045928955078
2022-05-19,166.77857971191406
2022-05-20,166.35342407226562
2022-05-23,168.36578369140625
2022-05-24,165.87161254882812
2022-05-25,168.85702514648438
2022-05-26,172.6266326904297
2022-05-27,177.2748565673828
2022-05-31,175.07357788085938
2022-06-01,174.0815887451172
2022-06-02,178.33294677734375
2022-06-03,176.7268829345703
2022-06-06,177.4921112060547
2022-06-07,180.35476684570312
2022-06-08,177.56773376464844
2022-06-09,173.88674926757812
2022-06-10,169.16940307617188
2022-06-13,161.2219696044922
2022-06-14,160.44522094726562
2022-06-15,162.79443359375
2022-06-16,155.25430297851562
2022-06-17,156.46678161621094
2022-06-21,159.27061462402344
2022-06-22,158.96754455566406
2022-06-23,160.87149047851562
2022-06-24,165.8540496826172
2022-06-27,166.46975708007812
2022-06-28,163.34381103515625
2022-06-29,161.68614196777344
2022-06-30,160.42626953125
2022-07-01,162.3681640625
2022-07-05,163.71324157714844
2022-07-06,162.5007781982422
2022-07-07,166.34661865234375
2022-07-08,166.32765197753906
2022-07-11,162.9838409423828
2022-07-12,162.42495727539062
2022-07-13,162.2829132080078
2022-07-14,160.61570739746094
2022-07-15,163.9595184326172
2022-07-18,163.495361328125
2022-07-19,169.2641143798828
2022-07-20,171.91644287109375
2022-07-21,172.79737854003906
2022-07-22,170.04086303710938
2022-07-25,170.9218292236328
2022-07-26,169.87039184570312
2022-07-27,173.73513793945312
2022-07-28,176.12220764160156
2022-07-29,177.3726043701172
2022-08-01,177.3063201904297
2022-08-02,177.13577270507812
2022-08-03,179.74072265625
2022-08-04,179.36178588867188
2022-08-05,180.7353515625
2022-08-08,182.64881896972656
2022-08-09,180.1575164794922
2022-08-10,185.3010711669922
2022-08-11,185.99256896972656
2022-08-12,189.7910919189453
2022-08-15,190.46360778808594
2022-08-16,190.38780212402344
2022-08-17,187.18612670898438
2022-08-18,188.42694091796875
2022-08-19,184.38223266601562
2022-08-22,180.58380126953125
2022-08-23,180.87745666503906
2022-08-24,182.2604217529297
2022-08-25,185.0926513671875
2022-08-26,179.0113525390625
2022-08-29,177.36312866210938
2022-08-30,174.88131713867188
2022-08-31,173.82041931152344
2022-09-01,171.92591857910156
2022-09-02,170.59030151367188
2022-09-06,168.90419006347656
2022-09-07,172.57949829101562
2022-09-08,174.0193328857422
2022-09-09,177.51467895507812
2022-09-12,179.66494750976562
2022-09-13,172.63636779785156
2022-09-14,173.3089141845703
2022-09-15,172.04904174804688
2022-09-16,169.5482940673828
2022-09-19,170.9976043701172
2022-09-20,168.66738891601562
2022-09-21,166.09085083007812
2022-09-22,162.34921264648438
2022-09-23,158.48439025878906
2022-09-26,156.31446838378906
2022-09-27,156.84764099121094
2022-09-28,161.80838012695312
2022-09-29,158.18067932128906
2022-09-30,157.02857971191406
2022-10-03,161.189453125
2022-10-04,167.5784149169922
2022-10-05,166.34060668945312
2022-10-06,165.4075164794922
2022-10-07,160.54202270507812
2022-10-10,159.64695739746094
2022-10-11,159.6946258544922
2022-10-12,159.25660705566406
2022-10-13,163.1985321044922
2022-10-14,158.82814025878906
2022-10-17,163.89353942871094
2022-10-18,165.83599853515625
2022-10-19,163.01759338378906
2022-10-20,160.94190979003906
2022-10-21,164.43629455566406
2022-10-24,165.14089965820312
2022-10-25,169.6445770263672
2022-10-26,170.4824676513672
2022-10-27,170.5205535888672
2022-10-28,174.39581298828125
2022-10-31,174.5576934814453
2022-11-01,174.7957000732422
2022-11-02,168.9971160888672
2022-11-03,167.86404418945312
2022-11-04,170.13018798828125
2022-11-07,170.90142822265625
2022-11-08,170.96804809570312
2022-11-09,166.27398681640625
2022-11-10,176.50958251953125
2022-11-11,177.9568328857422
2022-11-14,175.96682739257812
2022-11-15,178.57574462890625
2022-11-16,175.4336700439453
2022-11-17,173.8054656982422
2022-11-18,174.92898559570312
2022-11-21,174.0149688720703
2022-11-22,175.87164306640625
2022-11-23,176.3286895751953
2022-11-25,176.70001220703125
2022-11-28,173.13894653320312
2022-11-29,173.6436004638672
2022-11-30,178.40435791015625
2022-12-01,178.01397705078125
2022-12-02,179.05181884765625
2022-12-05,174.1196746826172
2022-12-06,171.45362854003906
2022-12-07,170.94900512695312
2022-12-08,172.1868133544922
2022-12-09,170.07308959960938
2022-12-12,172.0725555419922
2022-12-13,173.497802734375
2022-12-14,172.35955810546875
2022-12-15,168.04550170898438
2022-12-16,166.7924346923828
2022-12-19,164.5349884033203
2022-12-20,165.40542602539062
2022-12-21,168.2559356689453
2022-12-22,166.05589294433594
2022-12-23,166.8115692138672
2022-12-27,165.69241333007812
2022-12-28,163.1193084716797
2022-12-29,167.2515869140625
2022-12-30,166.78286743164062
2023-01-03,165.86456298828125
2023-01-04,167.9307403564453
2023-01-05,166.13243103027344
2023-01-06,169.8629150390625
2023-01-09,170.14990234375
2023-01-10,172.66561889648438
2023-01-11,174.81785583496094
2023-01-12,177.75440979003906
2023-01-13,178.92141723632812
2023-01-17,178.70140075683594
2023-01-18,175.8126220703125
2023-01-19,174.12911987304688
2023-01-20,176.99874877929688
2023-01-23,179.18923950195312
2023-01-24,178.806640625
2023-01-25,179.3040008544922
2023-01-26,180.3657989501953
2023-01-27,181.34144592285156
2023-01-30,178.81619262695312
2023-01-31,183.15890502929688
2023-02-01,186.03807067871094
2023-02-02,189.70166015625
2023-02-03,188.42945861816406
2023-02-06,185.7032928466797
2023-02-07,187.08074951171875
2023-02-08,184.34498596191406
2023-02-09,181.67628479003906
2023-02-10,182.0397186279297
2023-02-13,184.23020935058594
2023-02-14,184.1441192626953
2023-02-15,186.0093994140625
2023-02-16,184.23020935058594
2023-02-17,184.73721313476562
2023-02-21,179.28489685058594
2023-02-22,179.7727508544922
2023-02-23,181.0544891357422
2023-02-24,179.36138916015625
2023-02-27,179.9927215576172
2023-02-28,180.0022735595703
2023-03-01,180.23187255859375
2023-03-02,180.66233825683594
2023-03-03,183.1780242919922
2023-03-06,180.4997100830078
2023-03-07,178.4048614501953
2023-03-08,178.490966796875
2023-03-09,173.5265350341797
2023-03-10,168.52381896972656
2023-03-13,165.77850341796875
2023-03-14,168.84901428222656
2023-03-15,166.0654754638672
2023-03-16,168.33245849609375
2023-03-17,163.7888946533203
2023-03-20,165.9124298095703
2023-03-21,168.9733428955078
2023-03-22,164.18104553222656
2023-03-23,163.45237731933594
2023-03-24,164.93089294433594
2023-03-27,166.76461791992188
2023-03-28,166.5246124267578
2023-03-29,168.41598510742188
2023-03-30,168.18553161621094
2023-03-31,171.27699279785156
2023-04-03,171.35379028320312
2023-04-04,168.3487548828125
2023-04-05,166.69741821289062
2023-04-06,166.94703674316406
2023-04-10,168.73275756835938
2023-04-11,170.06727600097656
2023-04-12,168.8191680908203
2023-04-13,171.05615234375
2023-04-14,169.46238708496094
2023-04-17,171.64178466796875
2023-04-18,170.912109375
2023-04-19,171.13299560546875
2023-04-20,170.24969482421875
2023-04-21,170.47047424316406
2023-04-24,170.3553009033203
2023-04-25,166.15017700195312
2023-04-26,164.54685974121094
2023-04-27,166.74542236328125
2023-04-28,168.20474243164062
2023-05-01,168.30076599121094
2023-05-02,164.84449768066406
2023-05-03,165.4493408203125
2023-05-04,163.59637451171875
2023-05-05,167.48468017578125
2023-05-08,167.10064697265625
2023-05-09,166.6014404296875
2023-05-10,167.44627380371094
2023-05-11,166.15982055664062
2023-05-12,165.8237762451172
2023-05-15,167.84951782226562
2023-05-16,165.40133666992188
2023-05-17,169.08798217773438
2023-05-18,170.1152801513672
2023-05-19,169.07843017578125
2023-05-22,171.142578125
2023-05-23,170.33609008789062
2023-05-24,168.5311279296875
2023-05-25,167.21585083007812
2023-05-26,169.11680603027344
2023-05-30,168.49278259277344
2023-05-31,166.83184814453125
2023-06-01,168.6367950439453
2023-06-02,174.75245666503906
2023-06-05,172.40988159179688
2023-06-06,176.95098876953125
2023-06-07,180.26185607910156
2023-06-08,179.58792114257812
2023-06-09,178.1342010498047
2023-06-12,178.87551879882812
2023-06-13,180.92611694335938
2023-06-14,178.98141479492188
2023-06-15,180.45437622070312
2023-06-16,179.01028442382812
2023-06-20,178.23046875
2023-06-21,177.81646728515625
2023-06-22,176.49755859375
2023-06-23,173.84039306640625
2023-06-26,174.0137176513672
2023-06-27,176.5264129638672
2023-06-28,177.39291381835938
2023-06-29,179.4339141845703
2023-06-30,180.29074096679688
2023-07-03,180.65655517578125
2023-07-05,178.85623168945312
2023-07-06,175.9680633544922
2023-07-07,177.8261260986328
2023-07-10,180.8683624267578
2023-07-11,182.72642517089844
2023-07-12,184.7192840576172
2023-07-13,186.21151733398438
2023-07-14,184.39195251464844
2023-07-17,186.3655548095703
2023-07-18,188.66648864746094
2023-07-19,189.46556091308594
2023-07-20,187.80966186523438
2023-07-21,187.21275329589844
2023-07-24,187.67489624023438
2023-07-25,187.6555938720703
2023-07-26,189.13824462890625
2023-07-27,186.69288635253906
2023-07-28,189.1093292236328
2023-07-31,191.3043670654297
2023-08-01,190.4282989501953
2023-08-02,187.83856201171875
2023-08-03,187.3090057373047
2023-08-04,186.9335479736328
2023-08-07,187.0587158203125
2023-08-08,185.8842010498047
2023-08-09,184.43048095703125
2023-08-10,183.61215209960938
2023-08-11,183.87208557128906
2023-08-14,183.5543670654297
2023-08-15,181.12828063964844
2023-08-16,178.9140167236328
2023-08-17,176.80563354492188
2023-08-18,177.7683563232422
2023-08-21,177.50843811035156
2023-08-22,176.9789276123047
2023-08-23,178.8658447265625
2023-08-24,176.39166259765625
2023-08-25,177.1426239013672
2023-08-28,178.72146606445312
2023-08-29,181.21493530273438
2023-08-30,181.89846801757812
2023-08-31,181.5807647705078
2023-09-01,183.73728942871094
2023-09-05,179.86709594726562
2023-09-06,179.19320678710938
2023-09-07,177.46026611328125
2023-09-08,177.06556701660156
2023-09-11,177.48916625976562
2023-09-12,177.3158721923828
2023-09-13,176.15098571777344
2023-09-14,178.6348114013672
2023-09-15,176.76712036132812
2023-09-18,175.59259033203125
2023-09-19,174.90902709960938
2023-09-20,173.1568603515625
2023-09-21,170.47084045410156
2023-09-22,170.0857696533203
2023-09-25,170.84634399414062
2023-09-26,168.64968872070312
2023-09-27,170.226318359375
2023-09-28,171.76425170898438
2023-09-29,170.9517364501953
2023-10-02,168.3692169189453
2023-10-03,165.53514099121094
2023-10-04,165.612548828125
2023-10-05,165.73829650878906
2023-10-06,167.33421325683594
2023-10-09,168.30148315429688
2023-10-10,170.2069549560547
2023-10-11,169.91677856445312
2023-10-12,166.07681274414062
2023-10-13,164.6936798095703
2023-10-16,167.35357666015625
2023-10-17,169.22035217285156
2023-10-18,165.73829650878906
2023-10-19,163.09767150878906
2023-10-20,160.9890899658203
2023-10-23,159.62525939941406
2023-10-24,161.01808166503906
2023-10-25,158.35816955566406
2023-10-26,158.76443481445312
2023-10-27,156.89761352539062
2023-10-30,157.76812744140625
2023-10-31,159.13194274902344
2023-11-01,160.04116821289062
2023-11-02,164.30673217773438
2023-11-03,168.7754364013672
2023-11-06,166.66683959960938
2023-11-07,166.07681274414062
2023-11-08,164.30673217773438
2023-11-09,161.76287841796875
2023-11-10,163.5716094970703
2023-11-13,163.62965393066406
2023-11-14,172.61541748046875
2023-11-15,172.91529846191406
2023-11-16,170.1199188232422
2023-11-17,172.4509735107422
2023-11-20,173.45693969726562
2023-11-21,171.22256469726562
2023-11-22,172.2962188720703
2023-11-24,173.45693969726562
2023-11-27,172.87657165527344
2023-11-28,172.20916748046875
2023-11-29,173.11839294433594
2023-11-30,173.776123046875
2023-12-01,178.85418701171875
2023-12-04,180.7693328857422
2023-12-05,178.3511962890625
2023-12-06,178.03201293945312
2023-12-07,179.3184356689453
2023-12-08,180.6822967529297
2023-12-11,181.05950927734375
2023-12-12,180.87574768066406
2023-12-13,186.9984130859375
2023-12-14,192.2022247314453
2023-12-15,190.58689880371094
2023-12-18,190.65464782714844
2023-12-19,194.34951782226562
2023-12-20,190.54788208007812
2023-12-21,193.79029846191406
2023-12-22,195.59600830078125
2023-12-26,198.13949584960938
2023-12-27,198.83848571777344
2023-12-28,198.0812225341797
2023-12-29,194.8485107421875
2024-01-02,193.69326782226562
2024-01-03,188.52862548828125
2024-01-04,188.1597442626953
2024-01-05,187.6063690185547
2024-01-08,190.9847412109375
2024-01-09,189.276123046875
2024-01-10,189.38290405273438
2024-01-11,187.89761352539062
2024-01-12,187.58692932128906
2024-01-16,185.2667236328125
2024-01-17,183.9464569091797
2024-01-18,185.03378295898438
2024-01-19,186.810302734375
2024-01-22,190.80027770996094
2024-01-23,190.2469482421875
2024-01-24,188.6839599609375
2024-01-25,190.2469482421875
2024-01-26,190.2566375732422
2024-01-29,193.58648681640625
2024-01-30,191.9361114501953
2024-01-31,187.24717712402344
2024-02-01,189.732421875
2024-02-02,188.73251342773438
2024-02-05,186.3346405029297
2024-02-06,188.0141143798828
2024-02-07,187.57723999023438
2024-02-08,190.4216766357422
2024-02-09,193.51852416992188
2024-02-12,197.0327911376953
2024-02-13,188.92666625976562
2024-02-14,193.31468200683594
2024-02-15,198.46958923339844
2024-02-16,195.77076721191406
2024-02-20,193.07196044921875
2024-02-21,192.1593780517578
2024-02-22,193.61558532714844
2024-02-23,194.0524444580078
2024-02-26,195.275634765625
2024-02-27,198.0424346923828
2024-02-28,196.4114990234375
2024-02-29,197.78030395507812
2024-03-01,199.8772430419922
2024-03-04,199.69276428222656
2024-03-05,197.78030395507812
2024-03-06,199.2559356689453
2024-03-07,200.91598510742188
2024-03-08,200.789794921875
2024-03-11,199.1976776123047
2024-03-12,198.9258575439453
2024-03-13,199.70249938964844
2024-03-14,196.1299591064453
2024-03-15,196.4988555908203
2024-03-18,195.3727264404297
2024-03-19,196.1979217529297
2024-03-20,200.0811004638672
2024-03-21,202.37994384765625
2024-03-22,199.58670043945312
2024-03-25,200.0441131591797
2024-03-26,199.6840362548828
2024-03-27,204.03448486328125
2024-03-28,204.67686462402344
2024-04-01,202.74978637695312
2024-04-02,199.02218627929688
2024-04-03,200.3263702392578
2024-04-04,198.32147216796875
2024-04-05,198.98326110839844
2024-04-08,200.07330322265625
2024-04-09,200.86166381835938
2024-04-10,195.557373046875
2024-04-11,196.88101196289062
2024-04-12,193.3772735595703
2024-04-15,190.54510498046875
2024-04-16,189.84432983398438
2024-04-17,187.8394317626953
2024-04-18,187.68373107910156
2024-04-19,187.97569274902344
2024-04-22,190.0779266357422
2024-04-23,193.26048278808594
2024-04-24,192.394287109375
2024-04-25,191.22637939453125
2024-04-26,193.0561065673828
2024-04-29,194.6133270263672
2024-04-30,190.661865234375
2024-05-01,191.0609130859375
2024-05-02,194.57440185546875
2024-05-03,196.50144958496094
2024-05-06,199.04165649414062
2024-05-07,199.48934936523438
2024-05-08,198.3311767578125
2024-05-09,200.35557556152344
2024-05-10,198.8470001220703
2024-05-13,199.26551818847656
2024-05-14,201.3288116455078
2024-05-15,203.83982849121094
2024-05-16,202.37020874023438
2024-05-17,202.51617431640625
2024-05-20,202.96389770507812
2024-05-21,202.76925659179688
2024-05-22,201.05630493164062
2024-05-23,197.75694274902344
2024-05-24,199.94679260253906
2024-05-28,199.67428588867188
2024-05-29,196.72531127929688
2024-05-30,198.59396362304688
2024-05-31,200.2679901123047
2024-06-03,199.1389923095703
2024-06-04,196.569580078125
2024-06-05,199.57696533203125
2024-06-06,198.14627075195312
2024-06-07,195.8201446533203
2024-06-10,196.49172973632812
2024-06-11,195.8202362060547
2024-06-12,198.8262481689453
2024-06-13,197.08900451660156
2024-06-14,193.9561309814453
2024-06-17,195.58602905273438
2024-06-18,195.9276123046875
2024-06-20,195.09800720214844
2024-06-21,195.5372314453125
2024-06-24,196.38633728027344
2024-06-25,195.74217224121094
2024-06-26,195.22488403320312
2024-06-27,197.20616149902344
2024-06-28,198.0161895751953
2024-07-01,196.3570556640625
2024-07-02,197.03048706054688
2024-07-03,196.98165893554688
2024-07-05,196.0447235107422
2024-07-08,197.42086791992188
2024-07-09,196.56199645996094
2024-07-10,198.48468017578125
2024-07-11,205.61907958984375
2024-07-12,208.01995849609375
2024-07-15,211.9727020263672
2024-07-16,219.20472717285156
2024-07-17,216.9111328125
2024-07-18,212.7144317626953
2024-07-19,211.631103515625
2024-07-22,214.9982452392578
2024-07-23,217.2820281982422
2024-07-24,212.61685180664062
2024-07-25,215.27151489257812
2024-07-26,218.8338165283203
2024-07-29,216.40362548828125
2024-07-30,217.2234649658203
2024-07-31,218.4824676513672
2024-08-01,211.37734985351562
2024-08-02,203.9013671875
2024-08-05,197.34275817871094
2024-08-06,199.48989868164062
2024-08-07,197.12802124023438
2024-08-08,201.92010498046875
2024-08-09,201.50045776367188
2024-08-12,199.68511962890625
2024-08-13,202.97415161132812
2024-08-14,201.71514892578125
2024-08-15,206.9463653564453
2024-08-16,207.49295043945312
2024-08-19,210.0304718017578
2024-08-20,207.58079528808594
2024-08-21,210.2842559814453
2024-08-22,208.4298858642578
2024-08-23,215.0861053466797
2024-08-26,215.1543731689453
2024-08-27,213.48544311523438
2024-08-28,212.04098510742188
2024-08-29,213.5537872314453
2024-08-30,214.79327392578125
2024-09-03,208.2249298095703
2024-09-04,207.8735809326172
2024-09-05,206.83901977539062
2024-09-06,202.90585327148438
2024-09-09,203.471923828125
2024-09-10,203.30601501464844
2024-09-11,203.9013671875
2024-09-12,206.5267333984375
2024-09-13,211.62132263183594
2024-09-16,212.3826141357422
2024-09-17,214.1393585205078
2024-09-18,214.17837524414062
2024-09-19,218.58984375
2024-09-20,216.24746704101562
2024-09-23,215.45692443847656
2024-09-24,215.8180694580078
2024-09-25,213.1856689453125
2024-09-26,214.3216552734375
2024-09-27,215.7710418701172
2024-09-30,216.31947326660156
2024-10-01,213.3815155029297
2024-10-02,213.0877227783203
2024-10-03,211.657958984375
2024-10-04,214.61544799804688
2024-10-07,212.93106079101562
2024-10-08,213.07794189453125
2024-10-09,213.5480194091797
2024-10-10,212.36306762695312
2024-10-11,216.6818084716797
2024-10-14,218.278076171875
2024-10-15,218.45433044433594
2024-10-16,222.04840087890625
2024-10-17,221.4412384033203
2024-10-18,220.98095703125
2024-10-21,217.50440979003906
2024-10-22,216.6818084716797
2024-10-23,214.70359802246094
2024-10-24,215.17369079589844
2024-10-25,214.36083984375
2024-10-28,217.85696411132812
2024-10-29,217.15185546875
2024-10-30,216.85804748535156
2024-10-31,213.2542266845703
2024-11-01,214.448974609375
2024-11-04,215.53598022460938
2024-11-05,219.59034729003906
2024-11-06,232.31158447265625
2024-11-07,231.48895263671875
2024-11-08,233.19293212890625
2024-11-11,236.6988525390625
2024-11-12,232.54660034179688
2024-11-13,230.24522399902344
2024-11-14,227.14080810546875
2024-11-15,223.75241088867188
2024-11-18,224.19309997558594
2024-11-19,225.85794067382812
2024-11-20,226.15170288085938
2024-11-21,229.58908081054688
2024-11-22,233.82948303222656
2024-11-25,237.38438415527344
2024-11-26,235.64122009277344
2024-11-27,235.96437072753906
2024-11-29,236.86534118652344
2024-12-02,236.74783325195312
2024-12-03,235.06341552734375
2024-12-04,235.90562438964844
2024-12-05,233.1537628173828
2024-12-06,233.98617553710938
2024-12-09,232.81100463867188
2024-12-10,231.8023223876953
2024-12-11,232.85020446777344
2024-12-12,229.82411193847656
2024-12-13,228.2474365234375
2024-12-16,229.58908081054688
2024-12-17,226.96067810058594
2024-12-18,216.91259765625
2024-12-19,215.95004272460938
2024-12-20,217.97340393066406
2024-12-23,217.4724884033203
2024-12-24,219.41725158691406
2024-12-26,221.66653442382812
2024-12-27,218.43504333496094
2024-12-30,216.7554473876953
2024-12-31,217.0304718017578
2025-01-02,217.207275390625
2025-01-03,220.43875122070312
2025-01-06,220.52716064453125
2025-01-07,218.7591552734375
2025-01-08,217.76715087890625
2025-01-10,212.9739227294922
2025-01-13,213.38644409179688
2025-01-14,215.8125457763672
2025-01-15,220.05567932128906
2025-01-16,220.49771118164062
2025-01-17,221.45045471191406
2025-01-21,225.7034454345703
2025-01-22,224.2301025390625
2025-01-23,225.2516326904297
2025-01-24,224.62298583984375
2025-01-27,222.4719696044922
2025-01-28,222.71749877929688
2025-01-29,222.2067413330078
2025-01-30,224.46583557128906
2025-01-31,222.4523162841797
2025-02-03,219.84942626953125
2025-02-04,222.89430236816406
2025-02-05,225.3203582763672
2025-02-06,224.58370971679688
2025-02-07,221.98085021972656
2025-02-10,222.9827117919922
2025-02-11,221.6861572265625
2025-02-12,219.64315795898438
2025-02-13,222.11834716796875
2025-02-14,221.95135498046875
2025-02-18,223.1693115234375
2025-02-19,222.40318298339844
2025-02-20,220.2717742919922
2025-02-21,213.9266815185547
2025-02-24,212.38458251953125
2025-02-25,211.57916259765625
2025-02-26,211.84437561035156
2025-02-27,208.6128692626953
2025-02-28,210.83267211914062
2025-03-03,205.06707763671875
2025-03-04,202.74905395507812
2025-03-05,204.76260375976562
2025-03-06,201.6293182373047
2025-03-07,202.28741455078125
2025-03-10,197.19952392578125
2025-03-11,197.1798858642578
2025-03-12,197.523681640625
2025-03-13,194.5770263671875
2025-03-14,199.2818145751953
2025-03-17,201.79629516601562
2025-03-18,200.04403686523438
2025-03-19,203.15480041503906
2025-03-20,201.86521911621094
2025-03-21,200.61500549316406
2025-03-24,205.6060028076172
2025-03-25,204.4640655517578
2025-03-26,202.386962890625
2025-03-27,201.42221069335938
2025-03-28,197.3270263671875
2025-03-31,196.3820037841797
2025-04-01,196.40167236328125
2025-04-02,199.5026092529297
2025-04-03,186.69529724121094
2025-04-04,178.36709594726562
2025-04-07,176.75265502929688
2025-04-08,172.09634399414062
2025-04-09,186.7248077392578
2025-04-10,178.87901306152344
2025-04-11,181.4877166748047
2025-04-14,183.6239013671875
2025-04-15,183.85031127929688
2025-04-16,182.08822631835938
2025-04-17,183.57469177246094
2025-04-21,179.89297485351562
2025-04-22,184.54925537109375
2025-04-23,187.28594970703125
2025-04-24,191.0365753173828
2025-04-25,191.0956573486328
2025-04-28,191.9028778076172
2025-04-29,193.03494262695312
2025-04-30,191.82411193847656
2025-05-01,193.01527404785156
2025-05-02,197.3565673828125
2025-05-05,195.840576171875
2025-05-06,193.70436096191406
2025-05-07,194.34422302246094
2025-05-08,198.04566955566406
2025-05-09,197.68142700195312
2025-05-12,204.63140869140625
2025-05-13,205.3795928955078
2025-05-14,203.5583953857422
2025-05-15,204.8873748779297
2025-05-16,206.58059692382812
2025-05-19,205.7142791748047
2025-05-20,205.82257080078125
2025-05-21,200.04403686523438
2025-05-22,200.0341796875
2025-05-23,199.40414428710938
2025-05-27,204.4640655517578
2025-05-28,202.3081817626953
2025-05-29,202.90867614746094
2025-05-30,201.8750457763672
2025-06-02,202.50506591796875
2025-06-03,205.77334594726562
2025-06-04,205.1925506591797
2025-06-05,205.28114318847656
2025-06-06,208.59861755371094
2025-06-09,210.035888671875
2025-06-10,211.16798400878906
2025-06-11,210.3017120361328
2025-06-12,209.46493530273438
2025-06-13,205.63552856445312
2025-06-16,208.05995178222656
2025-06-17,205.86851501464844
2025-06-18,206.954345703125
2025-06-20,206.52001953125
2025-06-23,209.04710388183594
2025-06-24,211.71238708496094
2025-06-25,209.24452209472656
2025-06-26,212.6403045654297
2025-06-27,212.7093963623047
2025-06-30,213.01539611816406
2025-07-01,215.2068634033203
2025-07-02,218.1880340576172
2025-07-03,220.21170043945312
2025-07-07,216.90475463867188
2025-07-08,218.40521240234375
2025-07-09,220.77435302734375
2025-07-10,221.90957641601562
2025-07-11,218.84942626953125
2025-07-14,220.32028198242188
2025-07-15,216.0064697265625
2025-07-16,218.1781768798828
2025-07-17,221.0408935546875
2025-07-18,219.47132873535156
2025-07-21,218.5828857421875
2025-07-22,220.39923095703125
2025-07-23,223.765380859375
2025-07-24,220.67564392089844
2025-07-25,221.49497985839844
2025-07-28,221.23831176757812
2025-07-29,219.82669067382812
2025-07-30,218.7112274169922
2025-07-31,216.5691375732422
2025-08-01,212.15660095214844
2025-08-04,216.90475463867188
2025-08-05,218.01036071777344
2025-08-06,217.72409057617188
2025-08-07,217.01332092285156
2025-08-08,217.4871826171875
2025-08-11,217.43780517578125
2025-08-12,223.8937225341797
2025-08-13,228.24703979492188
2025-08-14,225.3053436279297
2025-08-15,224.20960998535156
2025-08-18,225.02894592285156
2025-08-19,223.30145263671875
2025-08-20,222.51171875
2025-08-21,223.06454467773438
2025-08-22,231.8105926513672
2025-08-25,229.3723602294922
2025-08-26,231.26766967773438
2025-08-27,232.9063262939453
2025-08-28,233.1827392578125
2025-08-29,232.146240234375
2025-09-02,230.89256286621094
2025-09-03,230.66551208496094
2025-09-04,233.5479736328125
2025-09-05,234.71279907226562
2025-09-08,235.18661499023438
2025-09-09,233.80465698242188
2025-09-10,233.39002990722656
2025-09-11,237.70384216308594
2025-09-12,235.2754669189453
2025-09-15,236.2725067138672
2025-09-16,235.88343811035156
2025-09-17,236.4873046875
2025-09-18,242.37745666503906
2025-09-19,240.53616333007812
2025-09-22,241.93197631835938
2025-09-23,241.3874969482422
2025-09-24,239.17005920410156
2025-09-25,236.88327026367188
2025-09-26,238.91265869140625
2025-09-29,239.18983459472656
2025-09-30,239.52642822265625
2025-10-01,240.05108642578125
2025-10-02,241.56570434570312
2025-10-03,243.35751342773438
2025-10-06,244.32763671875
2025-10-07,241.7042999267578
2025-10-08,244.23855590820312
2025-10-09,242.66453552246094
2025-10-10,235.3983612060547
2025-10-13,241.9517822265625
2025-10-14,245.4066619873047
2025-10-15,247.81224060058594
2025-10-16,242.59523010253906
2025-10-17,240.96185302734375
2025-10-20,245.6640625
2025-10-21,244.50584411621094
2025-10-22,240.89254760742188
2025-10-23,243.94155883789062
2025-10-24,246.92129516601562
2025-10-27,247.78253173828125
2025-10-28,246.4560089111328
2025-10-29,244.35733032226562
2025-10-30,242.38735961914062
2025-10-31,243.75347900390625
2025-11-03,242.97142028808594
2025-11-04,238.77406311035156
2025-11-05,242.21905517578125
2025-11-06,237.9326171875
2025-11-07,239.17994689941406
2025-11-10,241.5756072998047
2025-11-11,241.78350830078125
2025-11-12,241.18951416015625
2025-11-13,234.40843200683594
2025-11-14,235.09149169921875
2025-11-17,230.41893005371094
2025-11-18,231.121826171875
2025-11-19,231.08221435546875
2025-11-20,226.8056640625
2025-11-21,233.2303924560547
2025-11-24,237.4871368408203
2025-11-25,242.66453552246094
2025-11-26,244.81272888183594
2025-11-28,246.2481231689453
2025-12-01,243.14959716796875
2025-12-02,242.7041473388672
2025-12-03,247.11927795410156
2025-12-04,249.28726196289062
2025-12-05,248.24781799316406
2025-12-08,248.34681701660156
2025-12-09,248.86158752441406
2025-12-10,252.2471923828125
2025-12-11,255.20709228515625
2025-12-12,251.29684448242188
2025-12-15,249.39613342285156
2025-12-16,248.2161407470703
2025-12-17,245.57406616210938
2025-12-18,247.03416442871094
2025-12-19,249.1001434326172
2025-12-22,251.87136840820312
2025-12-23,250.3814697265625
2025-12-24,251.00721740722656
2025-12-26,249.72592163085938
2025-12-29,248.19630432128906
2025-12-30,246.35874938964844
2025-12-31,244.50135803222656
2026-01-02,247.10369873046875
2026-01-05,251.02708435058594
2026-01-06,254.35450744628906
2026-01-07,253.75856018066406
2026-01-08,256.5297546386719
2026-01-09,258.4765625
2026-01-12,259.73797607421875
2026-01-13,259.5890197753906
2026-01-14,261.4165954589844
2026-01-15,263.7209777832031
2026-01-16,263.96929931640625
2026-01-20,260.8106994628906
2026-01-21,265.985595703125
2026-01-22,267.9721374511719
2026-01-23,263.02569580078125
2026-01-26,262.2012939453125
2026-01-27,262.94622802734375
2026-01-28,261.5258483886719
2026-01-29,261.59539794921875
2026-01-30,257.90045166015625
2026-02-02,260.41339111328125
2026-02-03,261.0093688964844
2026-02-04,258.76458740234375
2026-02-05,254.106201171875
2026-02-06,263.2342834472656
2026-02-09,265.0817565917969
2026-02-10,264.3665771484375
2026-02-11,263.1647644042969
2026-02-12,257.7912292480469
2026-02-13,261.18817138671875
2026-02-17,261.26763916015625
2026-02-18,262.2112121582031
2026-02-19,262.8171081542969
2026-02-20,262.8270568847656
2026-02-23,258.7347717285156
2026-02-24,261.5556335449219
2026-02-25,262.7972106933594
2026-02-26,264.1977233886719
2026-02-27,259.64862060546875
2026-03-02,262.0324401855469
2026-03-03,257.4931945800781
2026-03-04,259.9962463378906
2026-03-05,255.02993774414062
2026-03-06,249.19949340820312
2026-03-09,251.9110870361328
2026-03-10,251.65283203125
2026-03-11,251.14630126953125
2026-03-12,245.74295043945312
2026-03-13,244.92845153808594
2026-03-16,247.24276733398438
2026-03-17,248.80694580078125
2026-03-18,244.79698181152344
2026-03-19,246.3989715576172
2026-03-20,241.01588439941406
2026-03-23,246.21986389160156
2026-03-24,247.5432586669922
2026-03-25,250.5681610107422
2026-03-26,246.20993041992188
2026-03-27,241.89151000976562
2026-03-30,238.41883850097656
2026-03-31,246.7671356201172
2026-04-01,248.3193817138672
2026-04-02,250.040771484375
2026-04-06,251.10546875
2026-04-07,251.65272521972656
2026-04-08,259.1751403808594
2026-04-09,260.65771484375
2026-04-10,260.0010070800781
2026-04-13,263.75225830078125
2026-04-14,267.3841552734375
2026-04-15,268.05084228515625
2026-04-16,268.6080322265625
2026-04-17,274.4090270996094
2026-04-20,275.97125244140625
2026-04-21,273.1453857421875
2026-04-22,275.1055603027344
2026-04-23,274.15032958984375
2026-04-24,275.2746887207031
2026-04-27,275.7622985839844
2026-04-28,272.54833984375
2026-04-29,270.7274169921875
2026-04-30,276.5881652832031
2026-05-01,277.8916320800781
2026-05-04,276.4986267089844
2026-05-05,281.15533447265625
2026-05-06,285.3742370605469
2026-05-07,280.8568420410156
2026-05-08,282.7573547363281
2026-05-11,283.9115295410156
2026-05-12,281.165283203125
2026-05-13,281.2648010253906
2026-05-14,283.03594970703125
2026-05-15,276.219970703125
2026-05-18,274.59808349609375
2026-05-19,271.6428527832031
2026-05-20,278.47869873046875
2026-05-21,281.0856628417969
2026-05-22,283.7026062011719
2026-05-26,289.0658264160156
2026-05-27,288.926513671875
2026-05-28,290.5782775878906
2026-05-29,288.9862060546875
2026-06-01,287.5434265136719
2026-06-02,290.2100830078125
2026-06-03,286.23992919921875
2026-06-04,290.558349609375
2026-06-05,280.2498474121094
2026-06-08,282.6976013183594
2026-06-09,283.60308837890625
2026-06-10,280.6478576660156
2026-06-11,288.96630859375
2026-06-12,291.4936828613281
2026-06-15,293.87249755859375
2026-06-16,291.3191223144531
2026-06-17,289.1248779296875
2026-06-18,294.82000732421875
2026-06-22,297.40325927734375
2026-06-23,294.55072021484375
2026-06-24,295.9171447753906
2026-06-25,298.13134765625
2026-06-26,299.0489501953125
2026-06-29,298.1911926269531
2026-06-30,299.6673583984375
2026-07-01,298.540283203125
2026-07-02,296.8048095703125
2026-07-06,298.1213684082031
2026-07-07,295.4184265136719
2026-07-08,292.71551513671875
2026-07-09,296.4656982421875
2026-07-10,295.21893310546875
2026-07-13,292.71551513671875
2026-07-14,293.7428283691406
2026-07-15,294.99951171875
2026-07-16,294.82000732421875
2026-07-17,293.2740478515625
2026-07-20,291.5485534667969
2026-07-21,295.7675476074219
2026-07-22,293.0246887207031
2026-07-23,291.3291015625
2026-07-24,290.4115295410156
2026-07-27,292.14697265625
2026-07-28,292.60577392578125
2026-07-29,287.81829833984375
2026-07-30,291.82781982421875
2026-07-31,290.4414367675781
2026-08-03,295.4483642578125
2026-08-04,300.9240417480469
2026-08-05,298.9891052246094
2026-08-06,297.47308349609375
2026-08-07,300.7744445800781
2026-08-10,299.1985778808594
2026-08-11,300.2059326171875
2026-08-12,301.92144775390625
2026-08-13,302.7093811035156
2026-08-14,304.2952575683594
2026-08-17,303.2679443359375
2026-08-18,299.44793701171875
2026-08-19,300.93402099609375
2026-08-20,296.89459228515625
2026-08-21,299.1786193847656
2026-08-24,297.19378662109375
2026-08-25,298.4505310058594
2026-08-26,298.15130615234375
2026-08-27,299.02899169921875
2026-08-28,294.9795837402344
2026-08-31,293.164306640625
2026-09-01,289.8130798339844
2026-09-02,293.2441101074219
2026-09-03,294.4210510253906
2026-09-04,295.2389221191406
2026-09-08,293.90240478515625
2026-09-09,289.8829040527344
2026-09-10,286.9505615234375
2026-09-11,288.1374816894531
2026-09-14,287.1600036621094
2026-09-15,285.1400146484375
2026-09-16,283.9200134277344
2026-09-17,285.42999267578125
2026-09-18,284.1000061035156
