date,close
1999-03-10,43.02707290649414
1999-03-11,43.23773193359375
1999-03-12,42.184425354003906
1999-03-15,43.39570236206055
1999-03-16,43.76435089111328
1999-03-17,43.448360443115234
1999-03-18,44.29100799560547
1999-03-19,43.15870666503906
1999-03-22,42.63206481933594
1999-03-23,41.13113021850586
1999-03-24,42.52674102783203
1999-03-25,44.080360412597656
1999-03-26,43.606361389160156
1999-03-29,45.18632125854492
1999-03-30,44.870323181152344
1999-03-31,44.212005615234375
1999-04-01,45.133628845214844
1999-04-05,46.76624298095703
1999-04-06,46.85841369628906
1999-04-07,46.37125015258789
1999-04-08,46.739925384521484
1999-04-09,47.029571533203125
1999-04-12,46.713592529296875
1999-04-13,46.08160400390625
1999-04-14,44.50166320800781
1999-04-15,45.1073112487793
1999-04-16,43.79068374633789
1999-04-19,41.73677062988281
1999-04-20,42.68474197387695
1999-04-21,44.79132843017578
1999-04-22,46.002620697021484
1999-04-23,46.60826110839844
1999-04-26,47.681297302246094
1999-04-27,46.950565338134766
1999-04-28,45.34431457519531
1999-04-29,44.97564697265625
1999-04-30,45.26530075073242
1999-05-03,45.028324127197266
1999-05-04,44.317325592041016
1999-05-05,45.6602897644043
1999-05-06,44.0013542175293
1999-05-07,44.6333122253418
1999-05-10,45.08099365234375
1999-05-11,45.791961669921875
1999-05-12,46.739925384521484
1999-05-13,45.87095642089844
1999-05-14,45.0019645690918
1999-05-17,45.811683654785156
1999-05-18,45.607627868652344
1999-05-19,46.23961639404297
1999-05-20,44.96905517578125
1999-05-21,44.55432891845703
1999-05-24,43.42204284667969
1999-05-25,42.00008773803711
1999-05-26,43.171878814697266
1999-05-27,43.132381439208984
1999-05-28,43.84334945678711
1999-06-01,42.86907196044922
1999-06-02,43.59320068359375
1999-06-03,42.97439193725586
1999-06-04,44.29100799560547
1999-06-07,45.21263122558594
1999-06-08,44.080360412597656
1999-06-09,44.81765365600586
1999-06-10,44.30417251586914
1999-06-11,43.63266372680664
1999-06-14,42.80980682373047
1999-06-15,43.448360443115234
1999-06-16,45.68003845214844
1999-06-17,46.186946868896484
1999-06-18,46.397613525390625
1999-06-21,47.78661346435547
1999-06-22,46.344932556152344
1999-06-23,47.075645446777344
1999-06-24,46.14085006713867
1999-06-25,46.08160400390625
1999-06-28,47.17439270019531
1999-06-29,47.81952667236328
1999-06-30,48.55685043334961
1999-07-01,48.886016845703125
1999-07-02,49.504798889160156
1999-07-06,49.18882751464844
1999-07-07,49.2678108215332
1999-07-08,49.92613220214844
1999-07-09,50.42646026611328
1999-07-12,50.16313171386719
1999-07-13,49.92613220214844
1999-07-14,50.77534866333008
1999-07-15,51.24275207519531
1999-07-16,51.71671676635742
1999-07-19,51.19008255004883
1999-07-20,49.21516418457031
1999-07-21,49.452152252197266
1999-07-22,48.194786071777344
1999-07-23,48.267189025878906
1999-07-26,47.08223342895508
1999-07-27,48.030216217041016
1999-07-28,48.97158432006836
1999-07-29,47.92488098144531
1999-07-30,47.6878776550293
1999-08-02,47.55621337890625
1999-08-03,47.24681091308594
1999-08-04,46.39099884033203
1999-08-05,47.12830352783203
1999-08-06,46.621429443359375
1999-08-09,46.02235794067383
1999-08-10,45.607627868652344
1999-08-11,47.10857391357422
1999-08-12,46.555599212646484
1999-08-13,48.58318328857422
1999-08-16,48.97158432006836
1999-08-17,49.21516418457031
1999-08-18,48.66218566894531
1999-08-19,48.08286666870117
1999-08-20,48.846500396728516
1999-08-23,50.40011978149414
1999-08-24,50.7424430847168
1999-08-25,51.822078704833984
1999-08-26,50.95967102050781
1999-08-27,50.45279312133789
1999-08-30,49.74180603027344
1999-08-31,50.29479217529297
1999-09-01,50.6568603515625
1999-09-02,50.479103088378906
1999-09-03,52.796356201171875
1999-09-07,52.55936050415039
1999-09-08,51.84837341308594
1999-09-09,52.58570861816406
1999-09-10,53.19134521484375
1999-09-13,52.55278015136719
1999-09-14,52.842430114746094
1999-09-15,51.822078704833984
1999-09-16,51.795719146728516
1999-09-17,53.349342346191406
1999-09-20,53.474422454833984
1999-09-21,52.19072723388672
1999-09-22,52.74369430541992
1999-09-23,50.55810546875
1999-09-24,50.623939514160156
1999-09-27,50.97942352294922
1999-09-28,51.2164192199707
1999-09-29,50.18946075439453
1999-09-30,50.71609878540039
1999-10-01,50.73585891723633
1999-10-04,51.874725341796875
1999-10-05,52.24338912963867
1999-10-06,53.29010009765625
1999-10-07,53.165008544921875
1999-10-08,53.724586486816406
1999-10-11,54.48161315917969
1999-10-12,53.243995666503906
1999-10-13,51.66407775878906
1999-10-14,51.98663330078125
1999-10-15,50.45279312133789
1999-10-18,49.814212799072266
1999-10-19,50.084136962890625
1999-10-20,51.61139678955078
1999-10-21,52.45402908325195
1999-10-22,52.21704864501953
1999-10-25,52.24338912963867
1999-10-26,51.822078704833984
1999-10-27,51.743064880371094
1999-10-28,53.53366470336914
1999-10-29,55.40325164794922
1999-11-01,55.113609313964844
1999-11-02,55.146522521972656
1999-11-03,56.24590301513672
1999-11-04,56.87788391113281
1999-11-05,57.45716857910156
1999-11-08,58.615821838378906
1999-11-09,58.2208251953125
1999-11-10,58.98445129394531
1999-11-11,60.03777313232422
1999-11-12,60.827728271484375
1999-11-15,60.7092399597168
1999-11-16,62.24966812133789
1999-11-17,61.40703582763672
1999-11-18,63.2898063659668
1999-11-19,63.85594177246094
1999-11-22,62.88162612915039
1999-11-23,63.171287536621094
1999-11-24,65.25154876708984
1999-11-26,65.46221160888672
1999-11-29,64.38260650634766
1999-11-30,61.93366241455078
1999-12-01,63.2766227722168
1999-12-02,65.28446960449219
1999-12-03,66.67350006103516
1999-12-06,67.2791519165039
1999-12-07,67.2791519165039
1999-12-08,66.46282958984375
1999-12-09,66.7788314819336
1999-12-10,67.33184051513672
1999-12-13,68.24685668945312
1999-12-14,67.01582336425781
1999-12-15,68.30609130859375
1999-12-16,69.99137115478516
1999-12-17,70.59700012207031
1999-12-20,71.5186538696289
1999-12-21,75.36320495605469
1999-12-22,75.1261978149414
1999-12-23,76.02151489257812
1999-12-27,75.57383728027344
1999-12-28,75.09986877441406
1999-12-29,77.9437484741211
1999-12-30,77.10113525390625
1999-12-31,76.99578857421875
2000-01-03,79.83966064453125
2000-01-04,74.36259460449219
2000-01-05,72.46662902832031
2000-01-06,67.48979187011719
2000-01-07,75.83711242675781
2000-01-10,77.9437484741211
2000-01-11,74.15190124511719
2000-01-12,72.519287109375
2000-01-13,76.89047241210938
2000-01-14,78.68106079101562
2000-01-18,79.10237121582031
2000-01-19,80.89295959472656
2000-01-20,80.10301208496094
2000-01-21,81.10365295410156
2000-01-24,77.20641326904297
2000-01-25,78.36505126953125
2000-01-26,75.20518493652344
2000-01-27,76.31114959716797
2000-01-28,72.46662902832031
2000-01-31,75.57383728027344
2000-02-01,77.60139465332031
2000-02-02,78.2597427368164
2000-02-03,81.31430053710938
2000-02-04,81.86725616455078
2000-02-07,82.99957275390625
2000-02-08,86.4754638671875
2000-02-09,83.42089080810547
2000-02-10,86.15943908691406
2000-02-11,84.15816497802734
2000-02-14,84.0528564453125
2000-02-15,84.65850830078125
2000-02-16,84.26351165771484
2000-02-17,86.05414581298828
2000-02-18,82.94686126708984
2000-02-22,83.2101821899414
2000-02-23,87.84473419189453
2000-02-24,89.74064636230469
2000-02-25,87.68669891357422
2000-02-28,87.63404083251953
2000-02-29,89.9512939453125
2000-03-01,90.68862915039062
2000-03-02,88.58859252929688
2000-03-03,93.58512878417969
2000-03-06,94.32246398925781
2000-03-07,92.90049743652344
2000-03-08,93.7431411743164
2000-03-09,96.90303039550781
2000-03-10,96.48169708251953
2000-03-13,93.95381927490234
2000-03-14,90.47795104980469
2000-03-15,86.68611145019531
2000-03-16,91.63652801513672
2000-03-17,93.37451171875
2000-03-20,90.74129486083984
2000-03-21,94.16446685791016
2000-03-22,96.06043243408203
2000-03-23,97.74567413330078
2000-03-24,99.06227111816406
2000-03-27,99.22029876708984
2000-03-28,96.69236755371094
2000-03-29,92.68986511230469
2000-03-30,90.37264251708984
2000-03-31,92.26850891113281
2000-04-03,86.73873901367188
2000-04-04,85.89611053466797
2000-04-05,84.36885070800781
2000-04-06,86.37007904052734
2000-04-07,89.84597778320312
2000-04-10,84.36885070800781
2000-04-11,82.3675765991211
2000-04-12,77.52239227294922
2000-04-13,74.15190124511719
2000-04-14,67.7267837524414
2000-04-17,75.52119445800781
2000-04-18,77.52239227294922
2000-04-19,75.15251159667969
2000-04-20,73.51992797851562
2000-04-24,71.41334533691406
2000-04-25,76.23214721679688
2000-04-26,73.62522888183594
2000-04-27,76.89047241210938
2000-04-28,79.83966064453125
2000-05-01,80.57698822021484
2000-05-02,75.9424819946289
2000-05-03,75.09986877441406
2000-05-04,75.25785827636719
2000-05-05,77.04844665527344
2000-05-08,74.04658508300781
2000-05-09,72.46662902832031
2000-05-10,67.20015716552734
2000-05-11,71.30799865722656
2000-05-12,71.30799865722656
2000-05-15,74.41522216796875
2000-05-16,76.52182006835938
2000-05-17,74.94187927246094
2000-05-18,72.25595092773438
2000-05-19,68.83277130126953
2000-05-22,68.78009796142578
2000-05-23,63.03966522216797
2000-05-24,66.98950958251953
2000-05-25,65.51488494873047
2000-05-26,65.51488494873047
2000-05-30,72.09797668457031
2000-05-31,70.04407501220703
2000-06-01,73.62522888183594
2000-06-02,78.89169311523438
2000-06-05,79.08921813964844
2000-06-06,76.89047241210938
2000-06-07,78.94438171386719
2000-06-08,78.5757064819336
2000-06-09,78.99703216552734
2000-06-12,76.46915435791016
2000-06-13,79.4183578491211
2000-06-14,77.62772369384766
2000-06-15,78.99703216552734
2000-06-16,79.4183578491211
2000-06-19,82.5782241821289
2000-06-20,82.26226043701172
2000-06-21,83.31555938720703
2000-06-22,80.2610092163086
2000-06-23,77.10113525390625
2000-06-26,79.2076644897461
2000-06-27,78.2597427368164
2000-06-28,79.2076644897461
2000-06-29,77.21961975097656
2000-06-30,78.7337417602539
2000-07-03,80.2610092163086
2000-07-05,77.15377807617188
2000-07-06,79.2076644897461
2000-07-07,80.84029388427734
2000-07-10,79.61587524414062
2000-07-11,80.05033874511719
2000-07-12,81.94624328613281
2000-07-13,82.99957275390625
2000-07-14,84.79017639160156
2000-07-17,85.73814392089844
2000-07-18,83.84223175048828
2000-07-19,81.94624328613281
2000-07-20,84.57949829101562
2000-07-21,81.73560333251953
2000-07-24,80.05033874511719
2000-07-25,80.6823501586914
2000-07-26,80.57698822021484
2000-07-27,77.41710662841797
2000-07-28,73.20394134521484
2000-07-31,75.36320495605469
2000-08-01,74.36259460449219
2000-08-02,73.04596710205078
2000-08-03,76.2058334350586
2000-08-04,75.9424819946289
2000-08-07,77.7330551147461
2000-08-08,79.3130111694336
2000-08-09,77.20641326904297
2000-08-10,75.6791763305664
2000-08-11,76.73242950439453
2000-08-14,78.36505126953125
2000-08-15,78.36505126953125
2000-08-16,79.15502166748047
2000-08-17,80.6823501586914
2000-08-18,80.2610092163086
2000-08-21,80.4716567993164
2000-08-22,80.4716567993164
2000-08-23,81.78824615478516
2000-08-24,83.05223846435547
2000-08-25,82.60456848144531
2000-08-28,82.99957275390625
2000-08-29,83.42089080810547
2000-08-30,83.31555938720703
2000-08-31,85.63277435302734
2000-09-01,86.4754638671875
2000-09-05,83.84223175048828
2000-09-06,80.89295959472656
2000-09-07,82.68360900878906
2000-09-08,80.15567779541016
2000-09-11,78.20706939697266
2000-09-12,76.99578857421875
2000-09-13,78.78638458251953
2000-09-14,78.36505126953125
2000-09-15,76.94313049316406
2000-09-18,75.73184204101562
2000-09-19,78.52305603027344
2000-09-20,79.73436737060547
2000-09-21,73.94126892089844
2000-09-22,78.31241607666016
2000-09-25,76.23214721679688
2000-09-26,75.36320495605469
2000-09-27,75.468505859375
2000-09-28,77.15377807617188
2000-09-29,74.78388977050781
2000-10-02,73.09858703613281
2000-10-03,70.78133392333984
2000-10-04,72.15065002441406
2000-10-05,72.3613052368164
2000-10-06,69.93871307373047
2000-10-09,69.62274932861328
2000-10-10,65.98886108398438
2000-10-11,64.935546875
2000-10-12,63.30295181274414
2000-10-13,68.4640884399414
2000-10-16,69.09607696533203
2000-10-17,65.93618774414062
2000-10-18,65.72553253173828
2000-10-19,71.67668151855469
2000-10-20,72.72994232177734
2000-10-23,72.62462615966797
2000-10-24,69.51736450195312
2000-10-25,65.62016296386719
2000-10-26,67.30548858642578
2000-10-27,67.17383575439453
2000-10-30,64.68543243408203
2000-10-31,68.8459243774414
2000-11-01,68.25346374511719
2000-11-02,69.09607696533203
2000-11-03,69.99137115478516
2000-11-06,69.46470642089844
2000-11-07,69.201416015625
2000-11-08,63.790103912353516
2000-11-09,63.776939392089844
2000-11-10,60.45905303955078
2000-11-13,60.55125045776367
2000-11-14,63.90859603881836
2000-11-15,65.19889831542969
2000-11-16,61.40703582763672
2000-11-17,61.36751174926758
2000-11-20,58.86595916748047
2000-11-21,58.77376937866211
2000-11-22,56.14059066772461
2000-11-24,59.35308837890625
2000-11-27,58.615821838378906
2000-11-28,55.153099060058594
2000-11-29,53.03335189819336
2000-11-30,53.072837829589844
2000-12-01,53.92863845825195
2000-12-04,54.77128982543945
2000-12-05,59.56373977661133
2000-12-06,57.299190521240234
2000-12-07,56.03522491455078
2000-12-08,57.299190521240234
2000-12-11,62.67097473144531
2000-12-12,60.38009262084961
2000-12-13,57.91798782348633
2000-12-14,55.08727264404297
2000-12-15,53.823307037353516
2000-12-18,53.92863845825195
2000-12-19,49.820796966552734
2000-12-20,46.96372604370117
2000-12-21,47.240230560302734
2000-12-22,50.97942352294922
2000-12-26,51.295406341552734
2000-12-27,51.874725341796875
2000-12-28,51.7693977355957
2000-12-29,49.18882751464844
2001-01-02,45.028324127197266
2001-01-03,52.61204147338867
2001-01-04,51.66407775878906
2001-01-05,47.714195251464844
2001-01-08,48.240848541259766
2001-01-09,48.240848541259766
2001-01-10,50.71609878540039
2001-01-11,52.19072723388672
2001-01-12,52.8621940612793
2001-01-16,52.23020935058594
2001-01-17,53.823307037353516
2001-01-18,56.087890625
2001-01-19,55.87724685668945
2001-01-22,55.929893493652344
2001-01-23,57.101688385009766
2001-01-24,56.56189727783203
2001-01-25,54.34996032714844
2001-01-26,55.23208236694336
2001-01-29,56.45654296875
2001-01-30,56.24590301513672
2001-01-31,54.181434631347656
2001-02-01,54.89767074584961
2001-02-02,51.86418533325195
2001-02-05,51.822078704833984
2001-02-06,51.906314849853516
2001-02-07,51.06367874145508
2001-02-08,49.53851318359375
2001-02-09,47.52460479736328
2001-02-12,48.09761047363281
2001-02-13,46.555599212646484
2001-02-14,48.40937423706055
2001-02-15,49.20989990234375
2001-02-16,46.45446014404297
2001-02-20,44.6512336730957
2001-02-21,43.39570236206055
2001-02-22,42.97439193725586
2001-02-23,43.12606430053711
2001-02-26,43.94343566894531
2001-02-27,41.28911209106445
2001-02-28,39.98303985595703
2001-03-01,41.1205940246582
2001-03-02,39.35104751586914
2001-03-05,40.067283630371094
2001-03-06,41.62618637084961
2001-03-07,41.64301681518555
2001-03-08,40.867801666259766
2001-03-09,38.00285720825195
2001-03-12,35.64346694946289
2001-03-13,37.45512771606445
2001-03-14,36.86528778076172
2001-03-15,35.51707077026367
2001-03-16,34.71656799316406
2001-03-19,36.452392578125
2001-03-20,34.00033187866211
2001-03-21,34.00033187866211
2001-03-22,36.06479263305664
2001-03-23,36.06479263305664
2001-03-26,35.230587005615234
2001-03-27,36.4439697265625
2001-03-28,33.452606201171875
2001-03-29,32.82063293457031
2001-03-30,32.989166259765625
2001-04-02,31.514549255371094
2001-04-03,29.205724716186523
2001-04-04,28.691728591918945
2001-04-05,31.438701629638672
2001-04-06,30.29273223876953
2001-04-09,31.219629287719727
2001-04-10,33.53688430786133
2001-04-11,34.548038482666016
2001-04-12,36.06479263305664
2001-04-16,33.91606140136719
2001-04-17,34.75868225097656
2001-04-18,38.38203048706055
2001-04-19,40.69927215576172
2001-04-20,40.78355407714844
2001-04-23,38.04496765136719
2001-04-24,37.3287239074707
2001-04-25,38.00285720825195
2001-04-26,37.03380584716797
2001-04-27,38.04496765136719
2001-04-30,38.8875846862793
2001-05-01,40.48861312866211
2001-05-02,41.272254943847656
2001-05-03,39.435325622558594
2001-05-04,40.615013122558594
2001-05-07,39.772377014160156
2001-05-08,40.615013122558594
2001-05-09,39.224647521972656
2001-05-10,38.56740188598633
2001-05-11,38.38203048706055
2001-05-14,37.76691436767578
2001-05-15,38.04496765136719
2001-05-16,39.730247497558594
2001-05-17,40.36222839355469
2001-05-18,40.48020935058594
2001-05-21,43.01653289794922
2001-05-22,42.89012908935547
2001-05-23,40.99420166015625
2001-05-24,42.04749298095703
2001-05-25,41.28068542480469
2001-05-29,38.86234664916992
2001-05-30,37.43827819824219
2001-05-31,37.69105529785156
2001-06-01,38.8033447265625
2001-06-04,38.61796951293945
2001-06-05,40.32009506225586
2001-06-06,40.0083122253418
2001-06-07,41.03632354736328
2001-06-08,39.898773193359375
2001-06-11,38.8033447265625
2001-06-12,38.59268569946289
2001-06-13,37.539390563964844
2001-06-14,35.60131072998047
2001-06-15,35.89624786376953
2001-06-18,35.41596603393555
2001-06-19,35.2390022277832
2001-06-20,36.03949737548828
2001-06-21,36.52824783325195
2001-06-22,36.4439697265625
2001-06-25,36.53664779663086
2001-06-26,36.66305160522461
2001-06-27,36.898990631103516
2001-06-28,37.37086486816406
2001-06-29,38.5084342956543
2001-07-02,38.297767639160156
2001-07-03,38.457862854003906
2001-07-05,36.61249542236328
2001-07-06,35.09576416015625
2001-07-09,35.39910125732422
2001-07-10,34.126731872558594
2001-07-11,34.548038482666016
2001-07-12,36.7389030456543
2001-07-13,36.35969924926758
2001-07-16,35.68558883666992
2001-07-17,36.486106872558594
2001-07-18,35.09576416015625
2001-07-19,35.929962158203125
2001-07-20,35.09576416015625
2001-07-23,34.21938705444336
2001-07-24,33.8317985534668
2001-07-25,34.126731872558594
2001-07-26,34.632293701171875
2001-07-27,35.348541259765625
2001-07-30,35.13787841796875
2001-07-31,35.188438415527344
2001-08-01,36.31758117675781
2001-08-02,37.000099182128906
2001-08-03,36.3849983215332
2001-08-06,35.812015533447266
2001-08-07,35.62659454345703
2001-08-08,34.126731872558594
2001-08-09,34.26997375488281
2001-08-10,33.941349029541016
2001-08-13,34.632293701171875
2001-08-14,34.21099090576172
2001-08-15,32.9470329284668
2001-08-16,33.33466720581055
2001-08-17,31.817895889282227
2001-08-20,32.256080627441406
2001-08-21,30.91629981994629
2001-08-22,31.7589111328125
2001-08-23,31.447132110595703
2001-08-24,33.115570068359375
2001-08-27,33.157691955566406
2001-08-28,32.12125015258789
2001-08-29,31.649377822875977
2001-08-30,30.47810173034668
2001-08-31,30.865711212158203
2001-09-04,29.88827133178711
2001-09-05,29.770299911499023
2001-09-06,28.565326690673828
2001-09-07,28.396808624267578
2001-09-10,28.733856201171875
2001-09-17,26.290218353271484
2001-09-18,25.70037078857422
2001-09-19,25.2537784576416
2001-09-20,24.4111385345459
2001-09-21,23.753889083862305
2001-09-24,24.950420379638672
2001-09-25,25.02625846862793
2001-09-26,24.158340454101562
2001-09-27,23.998254776000977
2001-09-28,24.419570922851562
2001-10-01,24.208900451660156
2001-10-02,24.284751892089844
2001-10-03,26.121694564819336
2001-10-04,26.37447738647461
2001-10-05,26.76209259033203
2001-10-08,26.846359252929688
2001-10-09,26.197521209716797
2001-10-10,27.385644912719727
2001-10-11,29.239431381225586
2001-10-12,29.113046646118164
2001-10-15,28.98664665222168
2001-10-16,29.458505630493164
2001-10-17,27.343515396118164
2001-10-18,28.085023880004883
2001-10-19,28.270401000976562
2001-10-22,29.028779983520508
2001-10-23,29.180456161499023
2001-10-24,29.81243896484375
2001-10-25,31.00896644592285
2001-10-26,30.343297958374023
2001-10-29,28.68330955505371
2001-10-30,28.127166748046875
2001-10-31,28.565326690673828
2001-11-01,29.77871322631836
2001-11-02,29.99781036376953
2001-11-05,30.97527313232422
2001-11-06,32.180233001708984
2001-11-07,32.138118743896484
2001-11-08,31.80948257446289
2001-11-09,31.792633056640625
2001-11-12,32.02013397216797
2001-11-13,33.16613006591797
2001-11-14,33.402042388916016
2001-11-15,33.26723098754883
2001-11-16,33.1745491027832
2001-11-19,34.1182861328125
2001-11-20,32.54256820678711
2001-11-21,32.37405014038086
2001-11-23,33.09871292114258
2001-11-26,33.91606140136719
2001-11-27,33.873939514160156
2001-11-28,32.652103424072266
2001-11-29,33.663272857666016
2001-11-30,33.410484313964844
2001-12-03,32.83750915527344
2001-12-04,34.40480422973633
2001-12-05,36.106937408447266
2001-12-06,36.15746307373047
2001-12-07,35.16316223144531
2001-12-10,34.548038482666016
2001-12-11,34.741859436035156
2001-12-12,35.01992416381836
2001-12-13,33.5031623840332
2001-12-14,33.79808807373047
2001-12-17,34.37950897216797
2001-12-18,34.767112731933594
2001-12-19,34.13514709472656
2001-12-20,32.685813903808594
2001-12-21,33.26723098754883
2001-12-24,33.13243103027344
2001-12-26,33.444175720214844
2001-12-27,33.71384048461914
2001-12-28,33.98347854614258
2001-12-31,32.78694534301758
2002-01-02,33.79808807373047
2002-01-03,34.969356536865234
2002-01-04,35.11261749267578
2002-01-07,34.724979400634766
2002-01-08,34.9609375
2002-01-09,34.640743255615234
2002-01-10,34.868247985839844
2002-01-11,34.42165756225586
2002-01-14,33.67169952392578
2002-01-15,33.99189758300781
2002-01-16,32.67738723754883
2002-01-17,33.410484313964844
2002-01-18,32.517295837402344
2002-01-22,31.514549255371094
2002-01-23,32.382469177246094
2002-01-24,32.812225341796875
2002-01-25,32.71953201293945
2002-01-28,32.904911041259766
2002-01-29,32.00327682495117
2002-01-30,32.24763870239258
2002-01-31,32.44989013671875
2002-02-01,32.138118743896484
2002-02-04,31.110103607177734
2002-02-05,30.596080780029297
2002-02-06,30.38542938232422
2002-02-07,29.65233039855957
2002-02-08,30.47810173034668
2002-02-11,30.865711212158203
2002-02-12,30.61294937133789
2002-02-13,31.135372161865234
2002-02-14,31.076377868652344
2002-02-15,30.149478912353516
2002-02-19,29.222593307495117
2002-02-20,29.618627548217773
2002-02-21,28.21141815185547
2002-02-22,28.35467529296875
2002-02-25,29.500654220581055
2002-02-26,29.391111373901367
2002-02-27,28.98664665222168
2002-02-28,28.464216232299805
2002-03-01,30.11577606201172
2002-03-04,31.303897857666016
2002-03-05,31.53139305114746
2002-03-06,31.68307113647461
2002-03-07,31.7504825592041
2002-03-08,32.58470153808594
2002-03-11,32.46672439575195
2002-03-12,32.02013397216797
2002-03-13,31.244915008544922
2002-03-14,31.05952262878418
2002-03-15,31.371315002441406
2002-03-18,31.548259735107422
2002-03-19,31.497703552246094
2002-03-20,30.38542938232422
2002-03-21,31.194347381591797
2002-03-22,30.90785789489746
2002-03-25,29.9641056060791
2002-03-26,30.24217987060547
2002-03-27,30.00623893737793
2002-03-28,30.38542938232422
2002-04-01,30.96683120727539
2002-04-02,29.568065643310547
2002-04-03,29.51751708984375
2002-04-04,29.289989471435547
2002-04-05,28.961366653442383
2002-04-08,29.323694229125977
2002-04-09,28.304121017456055
2002-04-10,28.514766693115234
2002-04-11,27.806955337524414
2002-04-12,28.245126724243164
2002-04-15,28.47264289855957
2002-04-16,29.6607608795166
2002-04-17,29.509096145629883
2002-04-18,28.944520950317383
2002-04-19,29.037212371826172
2002-04-22,28.304121017456055
2002-04-23,27.815391540527344
2002-04-24,27.385644912719727
2002-04-25,27.3182315826416
2002-04-26,26.1553897857666
2002-04-29,26.222803115844727
2002-04-30,26.73681640625
2002-05-01,26.59356689453125
2002-05-02,25.70880889892578
2002-05-03,25.059965133666992
2002-05-06,24.4111385345459
2002-05-07,24.183631896972656
2002-05-08,26.770523071289062
2002-05-09,26.079557418823242
2002-05-10,24.90829086303711
2002-05-13,25.919456481933594
2002-05-14,27.444622039794922
2002-05-15,27.64685821533203
2002-05-16,27.68899917602539
2002-05-17,27.747976303100586
2002-05-20,27.14127540588379
2002-05-21,26.399755477905273
2002-05-22,26.458751678466797
2002-05-23,26.98959732055664
2002-05-24,26.323917388916016
2002-05-28,26.2059383392334
2002-05-29,25.514991760253906
2002-05-30,25.73407554626465
2002-05-31,25.312755584716797
2002-06-03,24.419570922851562
2002-06-04,24.739765167236328
2002-06-05,24.992551803588867
2002-06-06,24.335294723510742
2002-06-07,23.846569061279297
2002-06-10,23.804439544677734
2002-06-11,23.138763427734375
2002-06-12,23.475814819335938
2002-06-13,23.324138641357422
2002-06-14,23.273578643798828
2002-06-17,24.065656661987305
2002-06-18,24.453271865844727
2002-06-19,23.037647247314453
2002-06-20,22.296127319335938
2002-06-21,21.7568359375
2002-06-24,22.186586380004883
2002-06-25,21.4534969329834
2002-06-26,21.61358642578125
2002-06-27,22.0854549407959
2002-06-28,21.992778778076172
2002-07-01,20.939483642578125
2002-07-02,20.181114196777344
2002-07-03,20.855222702026367
2002-07-05,22.195011138916016
2002-07-08,21.386083602905273
2002-07-09,20.779390335083008
2002-07-10,20.138978958129883
2002-07-11,20.89735221862793
2002-07-12,20.89735221862793
2002-07-15,21.54617691040039
2002-07-16,21.22597885131836
2002-07-17,21.61358642578125
2002-07-18,20.838367462158203
2002-07-19,20.21480369567871
2002-07-22,19.717662811279297
2002-07-23,18.875019073486328
2002-07-24,19.903043746948242
2002-07-25,18.74863624572754
2002-07-26,19.102527618408203
2002-07-29,20.079986572265625
2002-07-30,20.484455108642578
2002-07-31,20.096851348876953
2002-08-01,19.15309715270996
2002-08-02,18.74863624572754
2002-08-05,18.066102981567383
2002-08-06,18.959278106689453
2002-08-07,19.212080001831055
2002-08-08,19.86090087890625
2002-08-09,19.658668518066406
2002-08-12,19.717662811279297
2002-08-13,19.043550491333008
2002-08-14,20.2569580078125
2002-08-15,20.669837951660156
2002-08-16,20.813093185424805
2002-08-19,21.318674087524414
2002-08-20,21.22597885131836
2002-08-21,21.697851181030273
2002-08-22,22.043331146240234
2002-08-23,21.192277908325195
2002-08-26,21.276535034179688
2002-08-27,20.535015106201172
2002-08-28,19.78508186340332
2002-08-29,20.046287536621094
2002-08-30,19.79349708557129
2002-09-03,19.077253341674805
2002-09-04,19.15309715270996
2002-09-05,18.681222915649414
2002-09-06,19.25421714782715
2002-09-09,19.448017120361328
2002-09-10,19.928308486938477
2002-09-11,19.759790420532227
2002-09-12,19.22050666809082
2002-09-13,19.372182846069336
2002-09-16,19.0941104888916
2002-09-17,18.68964195251465
2002-09-18,18.478986740112305
2002-09-19,18.184064865112305
2002-09-20,18.25990104675293
2002-09-23,17.71218490600586
2002-09-24,17.720611572265625
2002-09-25,18.428424835205078
2002-09-26,18.20092010498047
2002-09-27,17.956552505493164
2002-09-30,17.45940399169922
2002-10-01,18.52112579345703
2002-10-02,17.906007766723633
2002-10-03,17.476245880126953
2002-10-04,17.14761734008789
2002-10-07,16.987529754638672
2002-10-08,17.021224975585938
2002-10-09,16.903268814086914
2002-10-10,17.762746810913086
2002-10-11,18.72334861755371
2002-10-14,18.942440032958984
2002-10-15,19.85248565673828
2002-10-16,19.19523048400879
2002-10-17,19.844058990478516
2002-10-18,20.063135147094727
2002-10-21,20.467607498168945
2002-10-22,20.34121322631836
2002-10-23,20.728818893432617
2002-10-24,20.206382751464844
2002-10-25,20.813093185424805
2002-10-28,20.636127471923828
2002-10-29,20.15583038330078
2002-10-30,20.695125579833984
2002-10-31,20.686697006225586
2002-11-01,21.276535034179688
2002-11-04,21.82424545288086
2002-11-05,21.992778778076172
2002-11-06,22.30455207824707
2002-11-07,21.520906448364258
2002-11-08,21.124860763549805
2002-11-11,20.484455108642578
2002-11-12,21.00688934326172
2002-11-13,21.259685516357422
2002-11-14,21.992778778076172
2002-11-15,22.27927017211914
2002-11-18,21.95064353942871
2002-11-19,21.61358642578125
2002-11-20,22.532068252563477
2002-11-21,23.36626434326172
2002-11-22,23.35784912109375
2002-11-25,23.585355758666992
2002-11-26,22.79328727722168
2002-11-27,23.517946243286133
2002-11-29,23.35784912109375
2002-12-02,23.593788146972656
2002-12-03,22.894397735595703
2002-12-04,22.388816833496094
2002-12-05,22.077037811279297
2002-12-06,22.30455207824707
2002-12-09,21.251262664794922
2002-12-10,21.57145881652832
2002-12-11,21.672574996948242
2002-12-12,21.790544509887695
2002-12-13,21.099580764770508
2002-12-16,21.782127380371094
2002-12-17,21.849523544311523
2002-12-18,21.386083602905273
2002-12-19,21.116439819335938
2002-12-20,21.33551788330078
2002-12-23,21.63043975830078
2002-12-24,21.360801696777344
2002-12-26,21.301807403564453
2002-12-27,20.914201736450195
2002-12-30,20.75409507751465
2002-12-31,20.535015106201172
2003-01-02,21.402929306030273
2003-01-03,21.638870239257812
2003-01-06,22.178146362304688
2003-01-07,22.456226348876953
2003-01-08,21.82424545288086
2003-01-09,22.498363494873047
2003-01-10,22.83540916442871
2003-01-13,22.700586318969727
2003-01-14,22.818557739257812
2003-01-15,22.532068252563477
2003-01-16,22.27927017211914
2003-01-17,21.327091217041016
2003-01-21,21.091157913208008
2003-01-22,21.00688934326172
2003-01-23,21.495622634887695
2003-01-24,20.914201736450195
2003-01-27,20.669837951660156
2003-01-28,20.880502700805664
2003-01-29,21.192277908325195
2003-01-30,20.644556045532227
2003-01-31,20.594003677368164
2003-02-03,20.636127471923828
2003-02-04,20.38334846496582
2003-02-05,20.29066276550293
2003-02-06,20.400196075439453
2003-02-07,20.063135147094727
2003-02-10,20.24010467529297
2003-02-11,20.34963607788086
2003-02-12,20.071565628051758
2003-02-13,20.172677993774414
2003-02-14,20.636127471923828
2003-02-18,21.276535034179688
2003-02-19,21.133285522460938
2003-02-20,21.04901885986328
2003-02-21,21.209125518798828
2003-02-24,20.846799850463867
2003-02-25,20.8720703125
2003-02-26,20.40862274169922
2003-02-27,20.8720703125
2003-02-28,21.200706481933594
2003-03-03,20.77094841003418
2003-03-04,20.644556045532227
2003-03-05,20.686697006225586
2003-03-06,20.636127471923828
2003-03-07,20.678268432617188
2003-03-10,20.231674194335938
2003-03-11,20.05472183227539
2003-03-12,20.417049407958984
2003-03-13,21.588308334350586
2003-03-14,21.672574996948242
2003-03-17,22.41408920288086
2003-03-18,22.692157745361328
2003-03-19,22.498363494873047
2003-03-20,22.582626342773438
2003-03-21,22.894397735595703
2003-03-24,21.942222595214844
2003-03-25,22.253995895385742
2003-03-26,22.38039207458496
2003-03-27,22.220285415649414
2003-03-28,21.97592544555664
2003-03-31,21.276535034179688
2003-04-01,21.445064544677734
2003-04-02,22.034915924072266
2003-04-03,22.31297492980957
2003-04-04,21.95064353942871
2003-04-07,21.98434066772461
2003-04-08,21.959068298339844
2003-04-09,21.4534969329834
2003-04-10,21.714717864990234
2003-04-11,21.495622634887695
2003-04-14,21.933786392211914
2003-04-15,22.144441604614258
2003-04-16,22.093896865844727
2003-04-17,22.599470138549805
2003-04-21,22.683732986450195
2003-04-22,23.11348533630371
2003-04-23,23.282007217407227
2003-04-24,23.155620574951172
2003-04-25,22.70901870727539
2003-04-28,23.155620574951172
2003-04-29,23.36626434326172
2003-04-30,23.130342483520508
2003-05-01,23.332563400268555
2003-05-02,23.829721450805664
2003-05-05,23.804439544677734
2003-05-06,24.1077880859375
2003-05-07,23.838153839111328
2003-05-08,23.399972915649414
2003-05-09,23.93926239013672
2003-05-12,24.301591873168945
2003-05-13,24.149919509887695
2003-05-14,24.0993709564209
2003-05-15,24.36900520324707
2003-05-16,24.183631896972656
2003-05-19,23.332563400268555
2003-05-20,23.399972915649414
2003-05-21,23.332563400268555
2003-05-22,23.669626235961914
2003-05-23,23.67804718017578
2003-05-27,24.52068328857422
2003-05-28,24.59652328491211
2003-05-29,24.697633743286133
2003-05-30,25.102108001708984
2003-06-02,24.925148010253906
2003-06-03,25.161087036132812
2003-06-04,25.63295555114746
2003-06-05,25.818344116210938
2003-06-06,25.388593673706055
2003-06-09,25.05154037475586
2003-06-10,25.430728912353516
2003-06-11,25.717220306396484
2003-06-12,25.826765060424805
2003-06-13,25.24534797668457
2003-06-16,26.020572662353516
2003-06-17,25.919456481933594
2003-06-18,26.054275512695312
2003-06-19,25.63295555114746
2003-06-20,25.599252700805664
2003-06-23,25.203216552734375
2003-06-24,25.00940704345703
2003-06-25,24.874591827392578
2003-06-26,25.46442985534668
2003-06-27,25.13580894470215
2003-06-30,25.23691749572754
2003-07-01,25.573972702026367
2003-07-02,26.096405029296875
2003-07-03,25.767784118652344
2003-07-07,26.87164306640625
2003-07-08,27.200258255004883
2003-07-09,27.132856369018555
2003-07-10,26.62726402282715
2003-07-11,26.829504013061523
2003-07-14,27.149709701538086
2003-07-15,27.18341064453125
2003-07-16,27.09914207458496
2003-07-17,26.273365020751953
2003-07-18,26.35762596130371
2003-07-21,26.020572662353516
2003-07-22,26.408184051513672
2003-07-23,26.62726402282715
2003-07-24,26.273365020751953
2003-07-25,26.79580307006836
2003-07-28,26.87164306640625
2003-07-29,26.66939926147461
2003-07-30,26.475601196289062
2003-07-31,26.79580307006836
2003-08-01,26.50929832458496
2003-08-04,26.500871658325195
2003-08-05,25.45599937438965
2003-08-06,25.439159393310547
2003-08-07,25.540267944335938
2003-08-08,25.338041305541992
2003-08-11,25.61610221862793
2003-08-12,26.003726959228516
2003-08-13,26.012144088745117
2003-08-14,26.037433624267578
2003-08-15,26.264936447143555
2003-08-18,26.93903923034668
2003-08-19,27.276100158691406
2003-08-20,27.208690643310547
2003-08-21,27.503612518310547
2003-08-22,27.33506965637207
2003-08-25,27.394065856933594
2003-08-26,27.41935920715332
2003-08-27,27.63843536376953
2003-08-28,27.882797241210938
2003-08-29,28.135595321655273
2003-09-02,28.5400447845459
2003-09-03,28.523191452026367
2003-09-04,28.784421920776367
2003-09-05,28.59904670715332
2003-09-08,29.070911407470703
2003-09-09,28.725433349609375
2003-09-10,28.034473419189453
2003-09-11,28.34624671936035
2003-09-12,28.4979190826416
2003-09-15,28.21986198425293
2003-09-16,28.98664665222168
2003-09-17,28.868669509887695
2003-09-18,29.306838989257812
2003-09-19,29.138317108154297
2003-09-22,28.58218765258789
2003-09-23,29.08777618408203
2003-09-24,27.992345809936523
2003-09-25,27.630001068115234
2003-09-26,27.45305633544922
2003-09-29,27.9249324798584
2003-09-30,27.3182315826416
2003-10-01,27.933359146118164
2003-10-02,28.026042938232422
2003-10-03,28.809696197509766
2003-10-06,29.02035903930664
2003-10-07,29.197301864624023
2003-10-08,29.01192283630371
2003-10-09,29.23101234436035
2003-10-10,29.500654220581055
2003-10-13,29.6944522857666
2003-10-14,29.770299911499023
2003-10-15,29.643905639648438
2003-10-16,29.87984848022461
2003-10-17,29.16360855102539
2003-10-20,29.525930404663086
2003-10-21,29.70288848876953
2003-10-22,29.12990951538086
2003-10-23,28.792829513549805
2003-10-24,28.81812858581543
2003-10-27,28.8265380859375
2003-10-28,29.795576095581055
2003-10-29,29.76186752319336
2003-10-30,29.820846557617188
2003-10-31,29.643905639648438
2003-11-03,30.13262367248535
2003-11-04,29.93038558959961
2003-11-05,30.200056076049805
2003-11-06,30.284311294555664
2003-11-07,30.023082733154297
2003-11-10,29.65233039855957
2003-11-11,29.54278564453125
2003-11-12,30.174762725830078
2003-11-13,30.141061782836914
2003-11-14,29.525930404663086
2003-11-17,29.222593307495117
2003-11-18,28.548473358154297
2003-11-19,28.8265380859375
2003-11-20,28.548473358154297
2003-11-21,28.843412399291992
2003-11-24,29.643905639648438
2003-11-25,29.643905639648438
2003-11-26,29.77871322631836
2003-11-28,29.81243896484375
2003-12-01,30.250614166259766
2003-12-02,30.082069396972656
2003-12-03,29.70288848876953
2003-12-04,30.023082733154297
2003-12-05,29.525930404663086
2003-12-08,29.6944522857666
2003-12-09,29.01192283630371
2003-12-10,29.121471405029297
2003-12-11,29.745023727416992
2003-12-12,29.6944522857666
2003-12-15,29.306838989257812
2003-12-16,29.3658390045166
2003-12-17,29.41639518737793
2003-12-18,29.9641056060791
2003-12-19,29.87984848022461
2003-12-22,29.97254180908203
2003-12-23,30.200056076049805
2003-12-24,30.262428283691406
2003-12-26,30.22026252746582
2003-12-29,30.71761703491211
2003-12-30,30.81878089904785
2003-12-31,30.73448944091797
2004-01-02,30.650196075439453
2004-01-05,31.26555061340332
2004-01-06,31.47628402709961
2004-01-07,31.762897491455078
2004-01-08,32.01579666137695
2004-01-09,31.805063247680664
2004-01-12,32.310813903808594
2004-01-13,31.990489959716797
2004-01-14,32.100074768066406
2004-01-15,32.18438720703125
2004-01-16,32.51313400268555
2004-01-20,32.487857818603516
2004-01-21,32.35297393798828
2004-01-22,32.15909957885742
2004-01-23,32.04106140136719
2004-01-26,32.52998352050781
2004-01-27,31.81346893310547
2004-01-28,31.273956298828125
2004-01-29,31.391998291015625
2004-01-30,31.248701095581055
2004-02-02,31.164400100708008
2004-02-03,31.130680084228516
2004-02-04,30.624910354614258
2004-02-05,30.742918014526367
2004-02-06,31.29926872253418
2004-02-09,31.29082489013672
2004-02-10,31.341411590576172
2004-02-11,31.67860221862793
2004-02-12,31.400432586669922
2004-02-13,31.139095306396484
2004-02-17,31.560588836669922
2004-02-18,31.653318405151367
2004-02-19,31.172821044921875
2004-02-20,31.07167625427246
2004-02-23,30.726049423217773
2004-02-24,30.650196075439453
2004-02-25,30.835641860961914
2004-02-26,30.911502838134766
2004-02-27,30.827211380004883
2004-03-01,31.231834411621094
2004-03-02,30.869361877441406
2004-03-03,30.70075798034668
2004-03-04,30.98736572265625
2004-03-05,30.87778663635254
2004-03-08,30.1528377532959
2004-03-09,30.06011390686035
2004-03-10,29.66391944885254
2004-03-11,29.3941650390625
2004-03-12,29.933677673339844
2004-03-15,29.41102409362793
2004-03-16,29.461606979370117
2004-03-17,29.92523765563965
2004-03-18,29.790353775024414
2004-03-19,29.29300880432129
2004-03-22,28.922101974487305
2004-03-23,28.686073303222656
2004-03-24,29.01483154296875
2004-03-25,29.790353775024414
2004-03-26,29.689210891723633
2004-03-29,30.169700622558594
2004-03-30,30.270849227905273
2004-03-31,30.211851119995117
2004-04-01,30.481571197509766
2004-04-02,31.273956298828125
2004-04-05,31.56902503967285
2004-04-06,31.172821044921875
2004-04-07,31.139095306396484
2004-04-08,31.139095306396484
2004-04-12,31.33299446105957
2004-04-13,30.87778663635254
2004-04-14,31.029516220092773
2004-04-15,30.473159790039062
2004-04-16,30.422576904296875
2004-04-19,30.793485641479492
2004-04-20,30.076980590820312
2004-04-21,30.338294982910156
2004-04-22,31.122249603271484
2004-04-23,31.366697311401367
2004-04-26,31.139095306396484
2004-04-27,31.080087661743164
2004-04-28,30.515302658081055
2004-04-29,30.043241500854492
2004-04-30,29.30987548828125
2004-05-03,29.588037490844727
2004-05-04,29.714496612548828
2004-05-05,29.950523376464844
2004-05-06,29.72292709350586
2004-05-07,29.47846794128418
2004-05-10,29.225561141967773
2004-05-11,29.66391944885254
2004-05-12,29.72292709350586
2004-05-13,29.51218032836914
2004-05-14,29.29300880432129
2004-05-17,29.01483154296875
2004-05-18,29.276140213012695
2004-05-19,29.242427825927734
2004-05-20,29.37731170654297
2004-05-21,29.52062225341797
2004-05-24,29.72292709350586
2004-05-25,30.31299591064453
2004-05-26,30.506877899169922
2004-05-27,30.70075798034668
2004-05-28,30.81035041809082
2004-06-01,30.76820945739746
2004-06-02,30.70075798034668
2004-06-03,30.329853057861328
2004-06-04,30.506877899169922
2004-06-07,31.231834411621094
2004-06-08,31.273956298828125
2004-06-09,30.835641860961914
2004-06-10,31.054811477661133
2004-06-14,30.616466522216797
2004-06-15,31.01267433166504
2004-06-16,30.962081909179688
2004-06-17,30.67546844482422
2004-06-18,30.71761703491211
2004-06-21,30.473159790039062
2004-06-22,30.919946670532227
2004-06-23,31.29082489013672
2004-06-24,31.231834411621094
2004-06-25,31.46785545349121
2004-06-28,31.206539154052734
2004-06-29,31.501577377319336
2004-06-30,31.81346893310547
2004-07-01,31.223400115966797
2004-07-02,31.037944793701172
2004-07-06,30.372011184692383
2004-07-07,30.431018829345703
2004-07-08,30.09382438659668
2004-07-09,30.13597869873047
2004-07-12,30.0095272064209
2004-07-13,29.967395782470703
2004-07-14,29.66391944885254
2004-07-15,29.56276512145996
2004-07-16,29.225561141967773
2004-07-19,29.166576385498047
2004-07-20,29.86622428894043
2004-07-21,28.997974395751953
2004-07-22,29.3941650390625
2004-07-23,28.83781623840332
2004-07-26,28.71137809753418
2004-07-27,29.107555389404297
2004-07-28,28.98111343383789
2004-07-29,29.318296432495117
2004-07-30,29.41102409362793
2004-08-02,29.470020294189453
2004-08-03,28.85468101501465
2004-08-04,28.863094329833984
2004-08-05,28.323604583740234
2004-08-06,27.58179473876953
2004-08-09,27.649229049682617
2004-08-10,27.994855880737305
2004-08-11,27.75038719177246
2004-08-12,27.371049880981445
2004-08-13,27.413204193115234
2004-08-16,27.725099563598633
2004-08-17,28.03699493408203
2004-08-18,28.534339904785156
2004-08-19,28.38260841369629
2004-08-20,28.669214248657227
2004-08-23,28.736658096313477
2004-08-24,28.728221893310547
2004-08-25,29.124418258666992
2004-08-26,28.997974395751953
2004-08-27,29.132848739624023
2004-08-30,28.64392852783203
2004-08-31,28.677650451660156
2004-09-01,28.88838768005371
2004-09-02,29.318296432495117
2004-09-03,28.778797149658203
2004-09-07,29.023271560668945
2004-09-08,28.913677215576172
2004-09-09,29.158130645751953
2004-09-10,29.604907989501953
2004-09-13,29.992677688598633
2004-09-14,30.034814834594727
2004-09-15,29.714496612548828
2004-09-16,29.773494720458984
2004-09-17,29.86622428894043
2004-09-20,29.86622428894043
2004-09-21,29.9842529296875
2004-09-22,29.461606979370117
2004-09-23,29.43631362915039
2004-09-24,29.335159301757812
2004-09-27,29.082271575927734
2004-09-28,29.141292572021484
2004-09-29,29.571191787719727
2004-09-30,29.62177276611328
2004-10-01,30.431018829345703
2004-10-04,30.608041763305664
2004-10-05,30.650196075439453
2004-10-06,30.89463996887207
2004-10-07,30.549022674560547
2004-10-08,29.992677688598633
2004-10-11,30.13597869873047
2004-10-12,30.08539581298828
2004-10-13,30.017972946166992
2004-10-14,29.883087158203125
2004-10-15,30.034814834594727
2004-10-18,30.46474266052246
2004-10-19,30.245567321777344
2004-10-20,30.38886833190918
2004-10-21,30.852493286132812
2004-10-22,30.178115844726562
2004-10-25,30.034814834594727
2004-10-26,30.194976806640625
2004-10-27,30.962081909179688
2004-10-28,31.15595245361328
2004-10-29,31.105375289916992
2004-11-01,31.223400115966797
2004-11-02,31.324565887451172
2004-11-03,31.535297393798828
2004-11-04,31.712322235107422
2004-11-05,31.998943328857422
2004-11-08,32.03263473510742
2004-11-09,31.965211868286133
2004-11-10,31.85563087463379
2004-11-11,32.277122497558594
2004-11-12,32.58899688720703
2004-11-15,32.73233413696289
2004-11-16,32.52998352050781
2004-11-17,32.96834945678711
2004-11-18,33.12007141113281
2004-11-19,32.605865478515625
2004-11-22,32.91776657104492
2004-11-23,32.8671875
2004-11-24,33.15378952026367
2004-11-26,33.0526237487793
2004-11-29,33.044219970703125
2004-11-30,32.97676086425781
2004-12-01,33.6511344909668
2004-12-02,33.7775764465332
2004-12-03,33.82817459106445
2004-12-06,33.94617462158203
2004-12-07,33.364540100097656
2004-12-08,33.55839920043945
2004-12-09,33.760711669921875
2004-12-10,33.659549713134766
2004-12-13,33.95460891723633
2004-12-14,34.123191833496094
2004-12-15,33.996761322021484
2004-12-16,33.67641830444336
2004-12-17,33.59050750732422
2004-12-20,33.36071014404297
2004-12-21,33.769187927246094
2004-12-22,33.81175231933594
2004-12-23,33.8372688293457
2004-12-27,33.692588806152344
2004-12-28,34.0159797668457
2004-12-29,34.05854415893555
2004-12-30,34.03301239013672
2004-12-31,33.97343444824219
2005-01-03,33.61600875854492
2005-01-04,33.00324249267578
2005-01-05,32.79901885986328
2005-01-06,32.63732147216797
2005-01-07,32.807525634765625
2005-01-10,32.79049301147461
2005-01-11,32.56071853637695
2005-01-12,32.83305358886719
2005-01-13,32.399017333984375
2005-01-14,32.705379486083984
2005-01-18,32.952186584472656
2005-01-19,32.40752410888672
2005-01-20,31.786272048950195
2005-01-21,31.530963897705078
2005-01-24,31.08841896057129
2005-01-25,31.241594314575195
2005-01-26,31.616064071655273
2005-01-27,31.573490142822266
2005-01-28,31.420330047607422
2005-01-31,31.828821182250977
2005-02-01,31.930959701538086
2005-02-02,31.982009887695312
2005-02-03,31.616064071655273
2005-02-04,32.12669372558594
2005-02-07,32.05859375
2005-02-08,32.118167877197266
2005-02-09,31.582019805908203
2005-02-10,31.616064071655273
2005-02-11,32.084136962890625
2005-02-14,32.22880935668945
2005-02-15,32.44157409667969
2005-02-16,32.32243347167969
2005-02-17,31.888391494750977
2005-02-18,31.786272048950195
2005-02-22,31.394811630249023
2005-02-23,31.43733787536621
2005-02-24,31.837331771850586
2005-02-25,32.016056060791016
2005-02-28,31.67563247680664
2005-03-01,32.02457046508789
2005-03-02,32.00754928588867
2005-03-03,31.743722915649414
2005-03-04,31.930959701538086
2005-03-07,32.39051055908203
2005-03-08,32.06711196899414
2005-03-09,31.973508834838867
2005-03-10,31.930959701538086
2005-03-11,31.63309097290039
2005-03-14,31.777751922607422
2005-03-15,31.522449493408203
2005-03-16,31.165019989013672
2005-03-17,31.241594314575195
2005-03-18,31.0714111328125
2005-03-21,31.130979537963867
2005-03-22,30.748018264770508
2005-03-23,30.858633041381836
2005-03-24,30.867162704467773
2005-03-28,30.926721572875977
2005-03-29,30.679927825927734
2005-03-30,31.258628845214844
2005-03-31,31.122467041015625
2005-04-01,30.80756950378418
2005-04-04,31.028854370117188
2005-04-05,31.113956451416016
2005-04-06,31.062894821166992
2005-04-07,31.43733787536621
2005-04-08,31.182037353515625
2005-04-11,31.04587173461914
2005-04-12,31.199039459228516
2005-04-13,30.68844223022461
2005-04-14,30.254413604736328
2005-04-15,29.5650634765625
2005-04-18,29.573570251464844
2005-04-19,29.777814865112305
2005-04-20,29.5310115814209
2005-04-21,30.31398582458496
2005-04-22,29.862934112548828
2005-04-25,30.109737396240234
2005-04-26,29.828895568847656
2005-04-27,29.871423721313477
2005-04-28,29.573570251464844
2005-04-29,29.769309997558594
2005-05-02,29.888450622558594
2005-05-03,30.041648864746094
2005-05-04,30.407594680786133
2005-05-05,30.433116912841797
2005-05-06,30.518224716186523
2005-05-09,30.662906646728516
2005-05-10,30.441633224487305
2005-05-11,30.594825744628906
2005-05-12,30.50970458984375
2005-05-13,30.84161376953125
2005-05-16,31.04587173461914
2005-05-17,31.23309898376465
2005-05-18,31.658605575561523
2005-05-19,31.92243766784668
2005-05-20,32.050071716308594
2005-05-23,32.211795806884766
2005-05-24,32.31391525268555
2005-05-25,32.177757263183594
2005-05-26,32.50115203857422
2005-05-27,32.51817321777344
2005-05-31,32.40752410888672
2005-06-01,32.67135238647461
2005-06-02,32.901126861572266
2005-06-03,32.424564361572266
2005-06-06,32.43307113647461
2005-06-07,32.160736083984375
2005-06-08,32.092647552490234
2005-06-09,32.29688262939453
2005-06-10,31.956483840942383
2005-06-13,32.10968780517578
2005-06-14,31.982009887695312
2005-06-15,32.084136962890625
2005-06-16,32.25434112548828
2005-06-17,32.258602142333984
2005-06-20,32.258602142333984
2005-06-21,32.2415771484375
2005-06-22,32.207489013671875
2005-06-23,31.84972381591797
2005-06-24,31.491962432861328
2005-06-27,31.347148895263672
2005-06-28,31.645286560058594
2005-06-29,31.577138900756836
2005-06-30,31.33011245727539
2005-07-01,31.287511825561523
2005-07-05,31.611228942871094
2005-07-06,31.457868576049805
2005-07-07,31.568613052368164
2005-07-08,32.17343521118164
2005-07-11,32.47154998779297
2005-07-12,32.62489318847656
2005-07-13,32.7015495300293
2005-07-14,33.02524185180664
2005-07-15,33.12746047973633
2005-07-18,32.99116897583008
2005-07-19,33.3745002746582
2005-07-20,33.61299514770508
2005-07-21,33.62152862548828
2005-07-22,33.57892608642578
2005-07-25,33.45115661621094
2005-07-26,33.57892608642578
2005-07-27,33.8344841003418
2005-07-28,33.99632263183594
2005-07-29,33.71522903442383
2005-08-01,33.77484130859375
2005-08-02,34.14112854003906
2005-08-03,34.12409210205078
2005-08-04,33.79190444946289
2005-08-05,33.630043029785156
2005-08-08,33.383018493652344
2005-08-09,33.6044921875
2005-08-10,33.31486892700195
2005-08-11,33.58744430541992
2005-08-12,33.40005111694336
2005-08-15,33.6044921875
2005-08-16,33.059326171875
2005-08-17,33.255252838134766
2005-08-18,33.08488845825195
2005-08-19,33.067840576171875
2005-08-22,33.08488845825195
2005-08-23,32.99116897583008
2005-08-24,32.795257568359375
2005-08-25,32.87190628051758
2005-08-26,32.761165618896484
2005-08-29,33.01673889160156
2005-08-30,32.897464752197266
2005-08-31,33.20412063598633
2005-09-01,33.153011322021484
2005-09-02,33.02524185180664
2005-09-06,33.510765075683594
2005-09-07,33.57040786743164
2005-09-08,33.56189727783203
2005-09-09,33.74929428100586
2005-09-12,33.84299850463867
2005-09-13,33.757816314697266
2005-09-14,33.3745002746582
2005-09-15,33.35746383666992
2005-09-16,33.56189727783203
2005-09-19,33.297821044921875
2005-09-20,33.161537170410156
2005-09-21,32.795257568359375
2005-09-22,32.91449737548828
2005-09-23,33.008216857910156
2005-09-26,33.01673889160156
2005-09-27,32.940067291259766
2005-09-28,32.94857406616211
2005-09-29,33.391536712646484
2005-09-30,33.61299514770508
2005-10-03,33.69820022583008
2005-10-04,33.476715087890625
2005-10-05,33.01673889160156
2005-10-06,32.58229064941406
2005-10-07,32.6589469909668
2005-10-10,32.480072021484375
2005-10-11,32.318233489990234
2005-10-12,31.934906005859375
2005-10-13,32.18191909790039
2005-10-14,32.42045211791992
2005-10-17,32.52267074584961
2005-10-18,32.29268264770508
2005-10-19,32.940067291259766
2005-10-20,32.63340377807617
2005-10-21,32.83785629272461
2005-10-24,33.35746383666992
2005-10-25,33.229679107666016
2005-10-26,33.059326171875
2005-10-27,32.394893646240234
2005-10-28,32.64192199707031
2005-10-31,33.11043167114258
2005-11-01,33.08488845825195
2005-11-02,33.51931381225586
2005-11-03,34.021881103515625
2005-11-04,34.14112854003906
2005-11-07,34.18373107910156
2005-11-08,34.1922492980957
2005-11-09,34.20927047729492
2005-11-10,34.58408737182617
2005-11-11,34.677791595458984
2005-11-14,34.677791595458984
2005-11-15,34.51594161987305
2005-11-16,34.72888946533203
2005-11-17,35.188873291015625
2005-11-18,35.308135986328125
2005-11-21,35.39332580566406
2005-11-22,35.52109909057617
2005-11-23,35.606266021728516
2005-11-25,35.68292999267578
2005-11-28,35.384788513183594
2005-11-29,35.214420318603516
2005-11-30,35.12925720214844
2005-12-01,35.78515625
2005-12-02,35.8703498840332
2005-12-05,35.606266021728516
2005-12-06,35.72553253173828
2005-12-07,35.657386779785156
2005-12-08,35.40183639526367
2005-12-09,35.53813552856445
2005-12-12,35.6658935546875
2005-12-13,35.81072998046875
2005-12-14,35.69145965576172
2005-12-15,35.7510871887207
2005-12-16,35.50432205200195
2005-12-19,34.94074630737305
2005-12-20,34.96636962890625
2005-12-21,35.12006759643555
2005-12-22,35.350616455078125
2005-12-23,35.350616455078125
2005-12-27,35.04323196411133
2005-12-28,35.00052261352539
2005-12-29,34.76998519897461
2005-12-30,34.50528335571289
2006-01-03,35.27375793457031
2006-01-04,35.64094161987305
2006-01-05,35.794620513916016
2006-01-06,36.44357681274414
2006-01-09,36.58875274658203
2006-01-10,36.61436080932617
2006-01-11,36.89613342285156
2006-01-12,36.71683120727539
2006-01-13,36.69973373413086
2006-01-17,36.46065139770508
2006-01-18,36.0422477722168
2006-01-19,36.30696487426758
2006-01-20,35.2225227355957
2006-01-23,35.2310676574707
2006-01-24,35.38475799560547
2006-01-25,35.2310676574707
2006-01-26,35.478702545166016
2006-01-27,35.956878662109375
2006-01-30,36.025177001953125
2006-01-31,35.86293029785156
2006-02-01,35.99102783203125
2006-02-02,35.37624740600586
2006-02-03,34.94074630737305
2006-02-06,34.84683609008789
2006-02-07,34.693138122558594
2006-02-08,35.09443664550781
2006-02-09,34.76144790649414
2006-02-10,34.97490310668945
2006-02-13,34.573577880859375
2006-02-14,34.923683166503906
2006-02-15,35.145694732666016
2006-02-16,35.470149993896484
2006-02-17,35.18836975097656
2006-02-21,34.795597076416016
2006-02-22,35.2310676574707
2006-02-23,35.137142181396484
2006-02-24,35.2310676574707
2006-02-27,35.62385559082031
2006-02-28,35.09443664550781
2006-03-01,35.57261657714844
2006-03-02,35.598236083984375
2006-03-03,35.393306732177734
2006-03-06,35.085914611816406
2006-03-07,34.88099670410156
2006-03-08,34.8980598449707
2006-03-09,34.599212646484375
2006-03-10,34.63336181640625
2006-03-13,34.735816955566406
2006-03-14,35.324989318847656
2006-03-15,35.62385559082031
2006-03-16,35.324989318847656
2006-03-17,35.418128967285156
2006-03-20,35.50358581542969
2006-03-21,35.12762451171875
2006-03-22,35.21305465698242
2006-03-23,35.110530853271484
2006-03-24,35.28995895385742
2006-03-27,35.29851531982422
2006-03-28,35.15324020385742
2006-03-29,35.819725036621094
2006-03-30,35.930809020996094
2006-03-31,35.82827377319336
2006-04-03,35.871002197265625
2006-04-04,36.067527770996094
2006-04-05,36.40933609008789
2006-04-06,36.51187515258789
2006-04-07,36.161521911621094
2006-04-10,36.110260009765625
2006-04-11,35.819725036621094
2006-04-12,35.82827377319336
2006-04-13,35.97354507446289
2006-04-17,35.597557067871094
2006-04-18,36.281150817871094
2006-04-19,36.44349670410156
2006-04-20,36.31535720825195
2006-04-21,35.888092041015625
2006-04-24,35.85391616821289
2006-04-25,35.777008056640625
2006-04-26,35.768463134765625
2006-04-27,36.110260009765625
2006-04-28,35.75992202758789
2006-05-01,35.40958786010742
2006-05-02,35.50358581542969
2006-05-03,35.45231246948242
2006-05-04,35.742828369140625
2006-05-05,36.02482223510742
2006-05-08,36.058998107910156
2006-05-09,35.922298431396484
2006-05-10,35.606143951416016
2006-05-11,34.81146240234375
2006-05-12,34.34150695800781
2006-05-15,34.31586456298828
2006-05-16,34.05952072143555
2006-05-17,33.59811782836914
2006-05-18,33.36738586425781
2006-05-19,33.62372970581055
2006-05-22,33.29901885986328
2006-05-23,32.97431945800781
2006-05-24,33.19648742675781
2006-05-25,33.63228225708008
2006-05-26,33.74335861206055
2006-05-30,33.01704406738281
2006-05-31,33.17085266113281
2006-06-01,33.95698928833008
2006-06-02,33.87152099609375
2006-06-05,33.136688232421875
2006-06-06,33.11103439331055
2006-06-07,32.863243103027344
2006-06-08,32.81196212768555
2006-06-09,32.59836196899414
2006-06-12,31.957489013671875
2006-06-13,31.829317092895508
2006-06-14,32.15404510498047
2006-06-15,33.02558517456055
2006-06-16,32.782752990722656
2006-06-19,32.51769256591797
2006-06-20,32.56044387817383
2006-06-21,33.0734748840332
2006-06-22,32.65449142456055
2006-06-23,32.620304107666016
2006-06-26,32.705806732177734
2006-06-27,32.09016036987305
2006-06-28,32.329586029052734
2006-06-29,33.312889099121094
2006-06-30,33.15042495727539
2006-07-03,33.34709930419922
2006-07-05,32.620304107666016
2006-07-06,32.586082458496094
2006-07-07,32.22697830200195
2006-07-10,31.944812774658203
2006-07-11,32.18421936035156
2006-07-12,31.577125549316406
2006-07-13,31.0470027923584
2006-07-14,30.730634689331055
2006-07-17,30.807588577270508
2006-07-18,30.910188674926758
2006-07-19,31.312063217163086
2006-07-20,30.850343704223633
2006-07-21,30.525415420532227
2006-07-24,31.132509231567383
2006-07-25,31.312063217163086
2006-07-26,31.286415100097656
2006-07-27,31.081201553344727
2006-07-28,31.731050491333008
2006-07-31,31.722484588623047
2006-08-01,31.192365646362305
2006-08-02,31.542953491210938
2006-08-03,31.73959732055664
2006-08-04,31.594240188598633
2006-08-07,31.389020919799805
2006-08-08,31.192365646362305
2006-08-09,31.23509979248047
2006-08-10,31.457441329956055
2006-08-11,31.23509979248047
2006-08-14,31.440340042114258
2006-08-15,32.23552703857422
2006-08-16,32.99651336669922
2006-08-17,33.11623001098633
2006-08-18,33.167545318603516
2006-08-21,32.851158142089844
2006-08-22,32.85971450805664
2006-08-23,32.61176681518555
2006-08-24,32.705806732177734
2006-08-25,32.76565933227539
2006-08-28,33.01362609863281
2006-08-29,33.11623001098633
2006-08-30,33.270145416259766
2006-08-31,33.23594284057617
2006-09-01,33.41550064086914
2006-09-05,33.740413665771484
2006-09-06,33.0649299621582
2006-09-07,32.91102981567383
2006-09-08,33.1076774597168
2006-09-11,33.312889099121094
2006-09-12,33.92852020263672
2006-09-13,34.15939712524414
2006-09-14,34.1935920715332
2006-09-15,34.31595230102539
2006-09-18,34.32449722290039
2006-09-19,34.093505859375
2006-09-20,34.58972930908203
2006-09-21,34.37582778930664
2006-09-22,34.11060333251953
2006-09-25,34.709503173828125
2006-09-26,34.880592346191406
2006-09-27,34.83782196044922
2006-09-28,34.93194580078125
2006-09-29,34.7779426574707
2006-10-02,34.341617584228516
2006-10-03,34.487060546875
2006-10-04,35.33403015136719
2006-10-05,35.50514602661133
2006-10-06,35.428157806396484
2006-10-09,35.54793167114258
2006-10-10,35.607826232910156
2006-10-11,35.53936767578125
2006-10-12,36.104034423828125
2006-10-13,36.300811767578125
2006-10-16,36.33504104614258
2006-10-17,35.93291473388672
2006-10-18,35.76179504394531
2006-10-19,35.847373962402344
2006-10-20,35.93291473388672
2006-10-23,36.300811767578125
2006-10-24,36.052711486816406
2006-10-25,36.300811767578125
2006-10-26,36.63447952270508
2006-10-27,36.11257553100586
2006-10-30,36.343589782714844
2006-10-31,36.429141998291016
2006-11-01,35.93291473388672
2006-11-02,35.967159271240234
2006-11-03,35.873023986816406
2006-11-06,36.3949089050293
2006-11-07,36.643028259277344
2006-11-08,36.81414794921875
2006-11-09,36.643028259277344
2006-11-10,36.81414794921875
2006-11-13,37.19057846069336
2006-11-14,37.584110260009766
2006-11-15,37.73812484741211
2006-11-16,37.900665283203125
2006-11-17,37.900665283203125
2006-11-20,37.977657318115234
2006-11-21,38.02901077270508
2006-11-22,38.268531799316406
2006-11-24,38.20011901855469
2006-11-27,37.33602523803711
2006-11-28,37.44724655151367
2006-11-29,37.70389938354492
2006-11-30,37.67823791503906
2006-12-01,37.35313415527344
2006-12-04,37.86647033691406
2006-12-05,38.00334930419922
2006-12-06,37.86647033691406
2006-12-07,37.387351989746094
2006-12-08,37.5584602355957
2006-12-11,37.695350646972656
2006-12-12,37.4729118347168
2006-12-13,37.54136276245117
2006-12-14,37.960567474365234
2006-12-15,38.0582275390625
2006-12-18,37.68131637573242
2006-12-19,37.56139373779297
2006-12-20,37.424339294433594
2006-12-21,37.1588134765625
2006-12-22,36.773338317871094
2006-12-26,36.92752456665039
2006-12-27,37.115962982177734
2006-12-28,36.93608856201172
2006-12-29,36.97035217285156
2007-01-03,37.03887176513672
2007-01-04,37.74127960205078
2007-01-05,37.56139373779297
2007-01-08,37.587093353271484
2007-01-09,37.77555847167969
2007-01-10,38.22096633911133
2007-01-11,38.61499786376953
2007-01-12,38.812015533447266
2007-01-16,38.786319732666016
2007-01-17,38.46937561035156
2007-01-18,37.75840759277344
2007-01-19,37.83551025390625
2007-01-22,37.424339294433594
2007-01-23,37.33012390136719
2007-01-24,37.94684982299805
2007-01-25,37.458614349365234
2007-01-26,37.32154846191406
2007-01-29,37.355812072753906
2007-01-30,37.372955322265625
2007-01-31,37.749847412109375
2007-02-01,37.689876556396484
2007-02-02,37.826934814453125
2007-02-05,37.79268264770508
2007-02-06,37.74127960205078
2007-02-07,38.08390808105469
2007-02-08,38.07536315917969
2007-02-09,37.587093353271484
2007-02-12,37.44148254394531
2007-02-13,37.569950103759766
2007-02-14,38.20381546020508
2007-02-15,38.426551818847656
2007-02-16,38.298072814941406
2007-02-20,38.589324951171875
2007-02-21,38.70923614501953
2007-02-22,38.90623474121094
2007-02-23,38.76918029785156
2007-02-26,38.580726623535156
2007-02-27,36.99605178833008
2007-02-28,37.115962982177734
2007-03-01,36.94466018676758
2007-03-02,36.38786315917969
2007-03-05,36.105186462402344
2007-03-06,36.70481491088867
2007-03-07,36.559200286865234
2007-03-08,36.807594299316406
2007-03-09,36.773338317871094
2007-03-12,37.0131950378418
2007-03-13,36.29362869262695
2007-03-14,36.8247184753418
2007-03-15,36.73905563354492
2007-03-16,36.71078109741211
2007-03-19,37.087928771972656
2007-03-20,37.35364532470703
2007-03-21,38.073604583740234
2007-03-22,37.93649673461914
2007-03-23,37.816490173339844
2007-03-26,37.97075271606445
2007-03-27,37.705055236816406
2007-03-28,37.302207946777344
2007-03-29,37.345062255859375
2007-03-30,37.31077575683594
2007-04-02,37.36220169067383
2007-04-03,37.850765228271484
2007-04-04,38.00504684448242
2007-04-05,38.19361114501953
2007-04-09,38.099342346191406
2007-04-10,38.29648208618164
2007-04-11,37.89363479614258
2007-04-12,38.19361114501953
2007-04-13,38.2707633972168
2007-04-16,38.622188568115234
2007-04-17,38.707881927490234
2007-04-18,38.5793342590332
2007-04-19,38.69932174682617
2007-04-20,38.91362380981445
2007-04-23,38.973609924316406
2007-04-24,39.17076110839844
2007-04-25,39.693607330322266
2007-04-26,39.89931106567383
2007-04-27,39.91645050048828
2007-04-30,39.39360046386719
2007-05-01,39.35929489135742
2007-05-02,39.7878532409668
2007-05-03,39.93357467651367
2007-05-04,39.967872619628906
2007-05-07,39.967872619628906
2007-05-08,40.0535888671875
2007-05-09,40.1392936706543
2007-05-10,39.59074401855469
2007-05-11,40.0964469909668
2007-05-14,39.82215881347656
2007-05-15,39.513607025146484
2007-05-16,39.89931106567383
2007-05-17,39.71073532104492
2007-05-18,40.03644943237305
2007-05-21,40.29359817504883
2007-05-22,40.327877044677734
2007-05-23,40.1392936706543
2007-05-24,39.56503677368164
2007-05-25,39.8135871887207
2007-05-29,40.1221809387207
2007-05-30,40.44786071777344
2007-05-31,40.63643264770508
2007-06-01,40.662147521972656
2007-06-04,40.78214645385742
2007-06-05,40.78214645385742
2007-06-06,40.34501266479492
2007-06-07,39.71929931640625
2007-06-08,40.20786666870117
2007-06-11,40.130733489990234
2007-06-12,39.890724182128906
2007-06-13,40.327877044677734
2007-06-14,40.59357833862305
2007-06-15,40.96843338012695
2007-06-18,40.97703170776367
2007-06-19,40.96843338012695
2007-06-20,40.58241653442383
2007-06-21,40.951271057128906
2007-06-22,40.56526565551758
2007-06-25,40.393714904785156
2007-06-26,40.162105560302734
2007-06-27,40.779720306396484
2007-06-28,40.7625617980957
2007-06-29,40.83119201660156
2007-07-02,41.20002746582031
2007-07-03,41.440223693847656
2007-07-05,41.740455627441406
2007-07-06,41.91202926635742
2007-07-09,41.9377326965332
2007-07-10,41.58605194091797
2007-07-11,41.869117736816406
2007-07-12,42.51248550415039
2007-07-13,42.80412292480469
2007-07-16,42.76122283935547
2007-07-17,43.087181091308594
2007-07-18,43.03572082519531
2007-07-19,43.16440200805664
2007-07-20,42.93277359008789
2007-07-23,42.949951171875
2007-07-24,42.31517791748047
2007-07-25,42.37522506713867
2007-07-26,42.014949798583984
2007-07-27,41.165714263916016
2007-07-30,41.646095275878906
2007-07-31,40.771141052246094
2007-08-01,41.08852767944336
2007-08-02,41.46595001220703
2007-08-03,40.676780700683594
2007-08-06,41.14857864379883
2007-08-07,41.440223693847656
2007-08-08,41.894866943359375
2007-08-09,40.925540924072266
2007-08-10,40.55667495727539
2007-08-13,40.83119201660156
2007-08-14,40.13636779785156
2007-08-15,39.372920989990234
2007-08-16,38.9869270324707
2007-08-17,39.724639892578125
2007-08-20,39.91334533691406
2007-08-21,40.333656311035156
2007-08-22,40.88264846801758
2007-08-23,40.771141052246094
2007-08-24,41.34587097167969
2007-08-27,41.07136535644531
2007-08-28,40.093505859375
2007-08-29,41.24295425415039
2007-08-30,41.45737838745117
2007-08-31,41.920589447021484
2007-09-04,42.615413665771484
2007-09-05,42.18651580810547
2007-09-06,42.15217971801758
2007-09-07,41.37159729003906
2007-09-10,41.34587097167969
2007-09-11,41.97205352783203
2007-09-12,41.98063659667969
2007-09-13,42.18651580810547
2007-09-14,42.220802307128906
2007-09-17,41.869117736816406
2007-09-18,42.924232482910156
2007-09-19,43.03572082519531
2007-09-20,42.91562271118164
2007-09-21,43.22118377685547
2007-09-24,43.418575286865234
2007-09-25,43.83053207397461
2007-09-26,44.04508590698242
2007-09-27,44.268226623535156
2007-09-28,44.12232208251953
2007-10-01,44.628692626953125
2007-10-02,44.63727569580078
2007-10-03,44.32831573486328
2007-10-04,44.431297302246094
2007-10-05,45.33245086669922
2007-10-08,45.615665435791016
2007-10-09,45.813087463378906
2007-10-10,45.92463684082031
2007-10-11,45.19514465332031
2007-10-12,45.94181823730469
2007-10-15,45.58992385864258
2007-10-16,45.3753547668457
2007-10-17,45.95896530151367
2007-10-18,46.1563606262207
2007-10-19,45.00632858276367
2007-10-22,45.54700469970703
2007-10-23,46.499656677246094
2007-10-24,46.14779281616211
2007-10-25,45.52986145019531
2007-10-26,46.28509521484375
2007-10-29,46.47390365600586
2007-10-30,46.56833267211914
2007-10-31,47.229190826416016
2007-11-01,46.345176696777344
2007-11-02,46.705631256103516
2007-11-05,46.405269622802734
2007-11-06,46.92879104614258
2007-11-07,45.787315368652344
2007-11-08,44.39697265625
2007-11-09,42.912193298339844
2007-11-12,41.822235107421875
2007-11-13,43.54731750488281
2007-11-14,42.98944854736328
2007-11-15,42.75772476196289
2007-11-16,43.15250778198242
2007-11-19,42.65473175048828
2007-11-20,42.82638931274414
2007-11-21,42.32001876831055
2007-11-23,42.774879455566406
2007-11-26,42.036781311035156
2007-11-27,42.877864837646484
2007-11-28,44.182411193847656
2007-11-29,44.3712158203125
2007-11-30,44.0365104675293
2007-12-03,43.66747283935547
2007-12-04,43.48723220825195
2007-12-05,44.268226623535156
2007-12-06,44.90330123901367
2007-12-07,44.911930084228516
2007-12-10,45.09215545654297
2007-12-11,44.04508590698242
2007-12-12,44.439884185791016
2007-12-13,44.19956588745117
2007-12-14,43.744693756103516
2007-12-17,42.68046951293945
2007-12-18,42.81779479980469
2007-12-19,42.80921173095703
2007-12-20,43.68461990356445
2007-12-21,44.54632568359375
2007-12-24,44.88141632080078
2007-12-26,45.10477828979492
2007-12-27,44.56351852416992
2007-12-28,44.52056884765625
2007-12-31,44.005069732666016
2008-01-02,43.30918502807617
2008-01-03,43.489593505859375
2008-01-04,41.58230972290039
2008-01-07,41.38469696044922
2008-01-08,40.3107795715332
2008-01-09,41.169925689697266
2008-01-10,41.23006057739258
2008-01-11,40.422489166259766
2008-01-14,41.1269645690918
2008-01-15,39.99290084838867
2008-01-16,39.56333923339844
2008-01-17,39.013484954833984
2008-01-18,38.961952209472656
2008-01-22,37.95674514770508
2008-01-23,37.810672760009766
2008-01-24,38.58391571044922
2008-01-25,37.793514251708984
2008-01-28,38.08562088012695
2008-01-29,38.15435791015625
2008-01-30,38.119998931884766
2008-01-31,38.77293014526367
2008-02-01,39.168148040771484
2008-02-04,38.6182861328125
2008-02-05,37.51860427856445
2008-02-06,36.77972412109375
2008-02-07,37.0374641418457
2008-02-08,37.458457946777344
2008-02-11,37.86224365234375
2008-02-12,37.647457122802734
2008-02-13,38.47222137451172
2008-02-14,37.77630615234375
2008-02-15,37.647457122802734
2008-02-19,37.578731536865234
2008-02-20,37.750572204589844
2008-02-21,37.38970947265625
2008-02-22,37.52717590332031
2008-02-25,37.71617126464844
2008-02-26,37.86224365234375
2008-02-27,38.05126190185547
2008-02-28,37.90519714355469
2008-02-29,36.900028228759766
2008-03-03,36.65945816040039
2008-03-04,36.86564636230469
2008-03-05,37.046051025390625
2008-03-06,36.2298698425293
2008-03-07,36.14395523071289
2008-03-10,35.44806671142578
2008-03-11,36.796913146972656
2008-03-12,36.69380569458008
2008-03-13,36.977333068847656
2008-03-14,36.29860305786133
2008-03-17,35.6370735168457
2008-03-18,37.22648239135742
2008-03-19,36.30719757080078
2008-03-20,37.04920959472656
2008-03-24,38.33033752441406
2008-03-25,38.545284271240234
2008-03-26,38.433502197265625
2008-03-27,37.58230209350586
2008-03-28,37.393150329589844
2008-03-31,37.590904235839844
2008-04-01,39.19874954223633
2008-04-02,39.11275100708008
2008-04-03,39.19874954223633
2008-04-04,39.43088912963867
2008-04-07,39.34490966796875
2008-04-08,39.04396057128906
2008-04-09,38.6054801940918
2008-04-10,39.15574645996094
2008-04-11,38.072383880615234
2008-04-14,37.900421142578125
2008-04-15,37.95200729370117
2008-04-16,39.009586334228516
2008-04-17,38.92360305786133
2008-04-18,40.16172790527344
2008-04-21,40.44546890258789
2008-04-22,39.843589782714844
2008-04-23,40.282100677490234
2008-04-24,40.64321517944336
2008-04-25,40.5400390625
2008-04-28,40.6174430847168
2008-04-29,40.92696762084961
2008-04-30,40.59164047241211
2008-05-01,41.872737884521484
2008-05-02,41.93292236328125
2008-05-05,41.81258010864258
2008-05-06,42.07050704956055
2008-05-07,41.30527114868164
2008-05-08,41.61481857299805
2008-05-09,41.45144271850586
2008-05-12,42.20806121826172
2008-05-13,42.319847106933594
2008-05-14,42.22527313232422
2008-05-15,42.9647216796875
2008-05-16,42.99910354614258
2008-05-19,42.68956756591797
2008-05-20,42.36284637451172
2008-05-21,41.425655364990234
2008-05-22,41.57180404663086
2008-05-23,41.4428596496582
2008-05-27,42.17369842529297
2008-05-28,42.34563446044922
2008-05-29,42.72396469116211
2008-05-30,42.99910354614258
2008-06-02,42.47461700439453
2008-06-03,42.24248123168945
2008-06-04,42.78413391113281
2008-06-05,43.463401794433594
2008-06-06,42.156490325927734
2008-06-09,41.93292236328125
2008-06-10,41.73517990112305
2008-06-11,40.729190826416016
2008-06-12,40.77219009399414
2008-06-13,41.589012145996094
2008-06-16,41.958736419677734
2008-06-17,41.73517990112305
2008-06-18,41.288089752197266
2008-06-19,41.93292236328125
2008-06-20,40.8006477355957
2008-06-23,40.48229217529297
2008-06-24,40.27579116821289
2008-06-25,40.92971420288086
2008-06-26,39.27771759033203
2008-06-27,39.27771759033203
2008-06-30,38.86470413208008
2008-07-01,39.41535568237305
2008-07-02,38.46892547607422
2008-07-03,38.40010070800781
2008-07-07,38.63239288330078
2008-07-08,39.55303955078125
2008-07-09,38.50333786010742
2008-07-10,38.9593620300293
2008-07-11,38.33987045288086
2008-07-14,38.0559196472168
2008-07-15,38.06453323364258
2008-07-16,39.01099395751953
2008-07-17,39.269100189208984
2008-07-18,38.36568832397461
2008-07-21,38.529144287109375
2008-07-22,38.529144287109375
2008-07-23,39.03678512573242
2008-07-24,38.451698303222656
2008-07-25,38.950767517089844
2008-07-28,38.21940994262695
2008-07-29,39.01099395751953
2008-07-30,39.2088623046875
2008-07-31,39.114234924316406
2008-08-01,38.61519241333008
2008-08-04,38.2280158996582
2008-08-05,39.51861572265625
2008-08-06,40.120914459228516
2008-08-07,39.81117630004883
2008-08-08,40.71458053588867
2008-08-11,41.08457565307617
2008-08-12,41.12760543823242
2008-08-13,41.04154968261719
2008-08-14,41.51477813720703
2008-08-15,41.43734359741211
2008-08-18,40.95551300048828
2008-08-19,40.447872161865234
2008-08-20,40.5167121887207
2008-08-21,40.3274040222168
2008-08-22,40.86086654663086
2008-08-25,40.000457763671875
2008-08-26,39.948848724365234
2008-08-27,40.20695114135742
2008-08-28,40.53390121459961
2008-08-29,39.682106018066406
2008-09-02,39.19167709350586
2008-09-03,38.82170104980469
2008-09-04,37.565494537353516
2008-09-05,37.384830474853516
2008-09-08,37.315982818603516
2008-09-09,36.52440643310547
2008-09-10,36.8255615234375
2008-09-11,37.51387023925781
2008-09-12,37.36759948730469
2008-09-15,36.20604705810547
2008-09-16,36.48997116088867
2008-09-17,34.597084045410156
2008-09-18,35.76723861694336
2008-09-19,36.93647003173828
2008-09-22,35.19725036621094
2008-09-23,34.93037796020508
2008-09-24,35.17142105102539
2008-09-25,35.73107147216797
2008-09-26,35.369476318359375
2008-09-29,32.56264877319336
2008-09-30,33.50111389160156
2008-10-01,33.14810562133789
2008-10-02,31.641366958618164
2008-10-03,31.150619506835938
2008-10-06,30.01410675048828
2008-10-07,28.1113338470459
2008-10-08,27.887466430664062
2008-10-09,27.138395309448242
2008-10-10,26.966205596923828
2008-10-13,30.246578216552734
2008-10-14,28.937870025634766
2008-10-15,26.34628677368164
2008-10-16,27.77552604675293
2008-10-17,27.809961318969727
2008-10-20,28.58486557006836
2008-10-21,27.103958129882812
2008-10-22,26.354896545410156
2008-10-23,26.25157928466797
2008-10-24,25.40781593322754
2008-10-27,24.70179557800293
2008-10-28,27.431135177612305
2008-10-29,27.36225700378418
2008-10-30,28.2748966217041
2008-10-31,28.317947387695312
2008-11-03,28.257678985595703
2008-11-04,29.058399200439453
2008-11-05,27.543060302734375
2008-11-06,26.31184959411621
2008-11-07,26.85426902770996
2008-11-10,26.492656707763672
2008-11-11,25.915790557861328
2008-11-12,24.71901512145996
2008-11-13,26.225757598876953
2008-11-14,24.951486587524414
2008-11-17,24.42627716064453
2008-11-18,24.400447845458984
2008-11-19,23.12618637084961
2008-11-20,22.006898880004883
2008-11-21,22.96259307861328
2008-11-24,24.366010665893555
2008-11-25,24.25408172607422
2008-11-26,25.270055770874023
2008-11-28,25.072023391723633
2008-12-01,23.18645477294922
2008-12-02,23.96134376525879
2008-12-03,24.641525268554688
2008-12-04,23.944129943847656
2008-12-05,24.917049407958984
2008-12-08,25.898569107055664
2008-12-09,25.83830451965332
2008-12-10,25.75220489501953
2008-12-11,25.046192169189453
2008-12-12,25.55417823791504
2008-12-15,25.106464385986328
2008-12-16,26.31184959411621
2008-12-17,25.993282318115234
2008-12-18,25.53696060180664
2008-12-19,25.74648666381836
2008-12-22,25.1860294342041
2008-12-23,25.05668830871582
2008-12-24,25.125669479370117
2008-12-26,25.117053985595703
2008-12-29,24.910106658935547
2008-12-30,25.427457809448242
2008-12-31,25.64300537109375
2009-01-02,26.755292892456055
2009-01-05,26.74668312072754
2009-01-06,27.01397705078125
2009-01-07,26.2465763092041
2009-01-08,26.522497177124023
2009-01-09,25.92755699157715
2009-01-12,25.45331573486328
2009-01-13,25.46194839477539
2009-01-14,24.68593406677246
2009-01-15,25.091175079345703
2009-01-16,25.367095947265625
2009-01-20,24.108224868774414
2009-01-21,25.13429069519043
2009-01-22,24.798019409179688
2009-01-23,24.918733596801758
2009-01-26,25.099811553955078
2009-01-27,25.2808780670166
2009-01-28,26.168973922729492
2009-01-29,25.50505256652832
2009-01-30,25.05668830871582
2009-02-02,25.35847282409668
2009-02-03,25.75510597229004
2009-02-04,25.789596557617188
2009-02-05,26.358673095703125
2009-02-06,27.048463821411133
2009-02-09,27.160558700561523
2009-02-10,26.16035270690918
2009-02-11,26.03965187072754
2009-02-12,26.358673095703125
2009-02-13,26.237960815429688
2009-02-17,25.19464874267578
2009-02-18,25.21189308166504
2009-02-19,24.823883056640625
2009-02-20,24.892864227294922
2009-02-23,24.02199935913086
2009-02-24,24.815263748168945
2009-02-25,24.651437759399414
2009-02-26,23.96164894104004
2009-02-27,23.737468719482422
2009-03-02,22.97005844116211
2009-03-03,22.95281982421875
2009-03-04,23.565017700195312
2009-03-05,22.85797691345215
2009-03-06,22.676916122436523
2009-03-09,22.19405746459961
2009-03-10,23.565017700195312
2009-03-11,23.927148818969727
2009-03-12,24.720413208007812
2009-03-13,24.780771255493164
2009-03-16,24.366905212402344
2009-03-17,25.289491653442383
2009-03-18,25.608531951904297
2009-03-19,25.59128189086914
2009-03-20,25.20176887512207
2009-03-23,26.68726921081543
2009-03-24,26.19498062133789
2009-03-25,26.315893173217773
2009-03-26,27.12773895263672
2009-03-27,26.61817169189453
2009-03-30,25.961790084838867
2009-03-31,26.18634033203125
2009-04-01,26.574993133544922
2009-04-02,27.430030822753906
2009-04-03,27.93958854675293
2009-04-06,27.870492935180664
2009-04-07,27.136381149291992
2009-04-08,27.5941162109375
2009-04-09,28.449148178100586
2009-04-13,28.405956268310547
2009-04-14,28.060497283935547
2009-04-15,27.982770919799805
2009-04-16,28.708251953125
2009-04-17,28.76869773864746
2009-04-20,27.84458351135254
2009-04-21,28.233226776123047
2009-04-22,28.319599151611328
2009-04-23,28.595983505249023
2009-04-24,29.09688377380371
2009-04-27,29.131444931030273
2009-04-28,28.915525436401367
2009-04-29,29.312808990478516
2009-04-30,29.6064510345459
2009-05-01,29.684192657470703
2009-05-04,30.271484375
2009-05-05,30.245574951171875
2009-05-06,30.25421714782715
2009-05-07,29.546003341674805
2009-05-08,29.56328010559082
2009-05-11,29.666933059692383
2009-05-12,29.304170608520508
2009-05-13,28.518239974975586
2009-05-14,28.837787628173828
2009-05-15,28.820526123046875
2009-05-18,29.57192611694336
2009-05-19,29.710111618041992
2009-05-20,29.6064510345459
2009-05-21,29.06235694885254
2009-05-22,28.96735954284668
2009-05-26,30.04693031311035
2009-05-27,29.839645385742188
2009-05-28,30.18511390686035
2009-05-29,30.556495666503906
2009-06-01,31.42880630493164
2009-06-02,31.471969604492188
2009-06-03,31.37700080871582
2009-06-04,31.731061935424805
2009-06-05,31.765623092651367
2009-06-08,31.67062759399414
2009-06-09,31.91245460510254
2009-06-10,31.800159454345703
2009-06-11,31.800159454345703
2009-06-12,31.653337478637695
2009-06-15,31.0056095123291
2009-06-16,30.703306198120117
2009-06-17,30.996950149536133
2009-06-18,30.936506271362305
2009-06-19,31.268552780151367
2009-06-22,30.334657669067383
2009-06-23,30.265493392944336
2009-06-24,30.775657653808594
2009-06-25,31.380983352661133
2009-06-26,31.450143814086914
2009-06-29,31.519329071044922
2009-06-30,31.45880699157715
2009-07-01,31.4760799407959
2009-07-02,30.784317016601562
2009-07-06,30.6200008392334
2009-07-07,29.859054565429688
2009-07-08,30.014707565307617
2009-07-09,30.066585540771484
2009-07-10,30.1962947845459
2009-07-13,30.775657653808594
2009-07-14,30.888078689575195
2009-07-15,31.925764083862305
2009-07-16,32.30622482299805
2009-07-17,32.47918701171875
2009-07-20,32.79048156738281
2009-07-21,33.01533508300781
2009-07-22,33.292022705078125
2009-07-23,34.027034759521484
2009-07-24,33.76762008666992
2009-07-27,34.027034759521484
2009-07-28,33.7935676574707
2009-07-29,34.01839828491211
2009-07-30,34.2172737121582
2009-07-31,34.11351776123047
2009-08-03,34.623714447021484
2009-08-04,34.623714447021484
2009-08-05,34.35564422607422
2009-08-06,34.052978515625
2009-08-07,34.48534393310547
2009-08-10,34.24322509765625
2009-08-11,33.94921112060547
2009-08-12,34.47669982910156
2009-08-13,34.66693878173828
2009-08-14,34.26917266845703
2009-08-17,33.274723052978516
2009-08-18,33.75033950805664
2009-08-19,33.98379898071289
2009-08-20,34.38157653808594
2009-08-21,34.83989334106445
2009-08-24,34.80531692504883
2009-08-25,34.9090576171875
2009-08-26,34.84852981567383
2009-08-27,34.93501281738281
2009-08-28,34.96961975097656
2009-08-31,34.615047454833984
2009-09-01,33.96651840209961
2009-09-02,33.940555572509766
2009-09-03,34.16539764404297
2009-09-04,34.90042495727539
2009-09-08,35.22901153564453
2009-09-09,35.53166198730469
2009-09-10,35.8689079284668
2009-09-11,35.90349197387695
2009-09-14,36.041866302490234
2009-09-15,36.15427780151367
2009-09-16,36.6817626953125
2009-09-17,36.673099517822266
2009-09-18,36.73454284667969
2009-09-21,36.847084045410156
2009-09-22,36.91632843017578
2009-09-23,36.743228912353516
2009-09-24,36.414306640625
2009-09-25,36.09404754638672
2009-09-28,36.708587646484375
2009-09-29,36.54413604736328
2009-09-30,36.57009506225586
2009-10-01,35.4881477355957
2009-10-02,35.38426971435547
2009-10-05,35.66990661621094
2009-10-06,36.301788330078125
2009-10-07,36.405635833740234
2009-10-08,36.56145095825195
2009-10-09,36.769187927246094
2009-10-12,36.847084045410156
2009-10-13,36.855735778808594
2009-10-14,37.3577766418457
2009-10-15,37.271217346191406
2009-10-16,37.02886199951172
2009-10-19,37.401058197021484
2009-10-20,37.409706115722656
2009-10-21,37.340457916259766
2009-10-22,37.487606048583984
2009-10-23,37.33181381225586
2009-10-26,37.21063995361328
2009-10-27,36.648014068603516
2009-10-28,35.82569885253906
2009-10-29,36.43161392211914
2009-10-30,35.45351791381836
2009-11-02,35.60068893432617
2009-11-03,35.71320343017578
2009-11-04,35.7737922668457
2009-11-05,36.65665817260742
2009-11-06,36.873046875
2009-11-09,37.66071319580078
2009-11-10,37.75593566894531
2009-11-11,37.998287200927734
2009-11-12,37.781898498535156
2009-11-13,38.09349822998047
2009-11-16,38.48301315307617
2009-11-17,38.60417556762695
2009-11-18,38.387786865234375
2009-11-19,37.790557861328125
2009-11-20,37.60014343261719
2009-11-23,38.20602035522461
2009-11-24,38.07619857788086
2009-11-25,38.24065399169922
2009-11-27,37.66071319580078
2009-11-30,37.704010009765625
2009-12-01,38.09349822998047
2009-12-02,38.14543914794922
2009-12-03,37.9896354675293
2009-12-04,38.188720703125
2009-12-07,38.0069465637207
2009-12-08,37.773258209228516
2009-12-09,38.15408706665039
2009-12-10,38.34453201293945
2009-12-11,38.197364807128906
2009-12-14,38.560916900634766
2009-12-15,38.34453201293945
2009-12-16,38.39644241333008
2009-12-17,37.929046630859375
2009-12-18,38.54722213745117
2009-12-21,38.980735778808594
2009-12-22,39.214813232421875
2009-12-23,39.500938415527344
2009-12-24,39.86507797241211
2009-12-28,40.07316207885742
2009-12-29,39.90843200683594
2009-12-30,40.029823303222656
2009-12-31,39.66567611694336
2010-01-04,40.24656677246094
2010-01-05,40.24656677246094
2010-01-06,40.00379943847656
2010-01-07,40.029823303222656
2010-01-08,40.3592643737793
2010-01-11,40.194541931152344
2010-01-12,39.69166946411133
2010-01-13,40.18587875366211
2010-01-14,40.220550537109375
2010-01-15,39.752357482910156
2010-01-19,40.39395523071289
2010-01-20,39.81306076049805
2010-01-21,39.44023513793945
2010-01-22,38.28709411621094
2010-01-25,38.417171478271484
2010-01-26,38.451839447021484
2010-01-27,38.75530242919922
2010-01-28,37.75823211669922
2010-01-29,37.09931945800781
2010-02-01,37.506805419921875
2010-02-02,37.84495544433594
2010-02-03,38.05302429199219
2010-02-04,36.95193099975586
2010-02-05,37.26405715942383
2010-02-08,36.99527359008789
2010-02-09,37.37675857543945
2010-02-10,37.29872131347656
2010-02-11,37.86227798461914
2010-02-12,37.9403076171875
2010-02-16,38.42582321166992
2010-02-17,38.6425895690918
2010-02-18,38.885345458984375
2010-02-19,38.86801528930664
2010-02-22,38.789981842041016
2010-02-23,38.28709411621094
2010-02-24,38.67726516723633
2010-02-25,38.6685905456543
2010-02-26,38.80733108520508
2010-03-01,39.37089538574219
2010-03-02,39.492271423339844
2010-03-03,39.535614013671875
2010-03-04,39.66567611694336
2010-03-05,40.26390838623047
2010-03-08,40.341922760009766
2010-03-09,40.567359924316406
2010-03-10,40.89683532714844
2010-03-11,41.05287170410156
2010-03-12,41.0615348815918
2010-03-15,40.957515716552734
2010-03-16,41.21759033203125
2010-03-17,41.33031463623047
2010-03-18,41.469032287597656
2010-03-19,41.21820831298828
2010-03-22,41.59141159057617
2010-03-23,41.877838134765625
2010-03-24,41.67820358276367
2010-03-25,41.61747741699219
2010-03-26,41.660850524902344
2010-03-29,41.860496520996094
2010-03-30,41.99934005737305
2010-03-31,41.79972839355469
2010-04-01,41.79972839355469
2010-04-05,42.190303802490234
2010-04-06,42.31180191040039
2010-04-07,42.20765686035156
2010-04-08,42.303131103515625
2010-04-09,42.55482482910156
2010-04-12,42.58955383300781
2010-04-13,42.80652618408203
2010-04-14,43.318603515625
2010-04-15,43.50954818725586
2010-04-16,42.98879623413086
2010-04-19,42.96276092529297
2010-04-20,43.17974090576172
2010-04-21,43.422752380371094
2010-04-22,43.6657829284668
2010-04-23,43.848045349121094
2010-04-26,43.75257110595703
2010-04-27,42.82388687133789
2010-04-28,42.84992218017578
2010-04-29,43.596351623535156
2010-04-30,42.73710632324219
2010-05-03,43.335960388183594
2010-05-04,42.034088134765625
2010-05-05,41.81708908081055
2010-05-06,40.41969299316406
2010-05-07,39.41291427612305
2010-05-10,41.46122741699219
2010-05-11,41.41783905029297
2010-05-12,42.19898223876953
2010-05-13,41.53066635131836
2010-05-14,40.7321662902832
2010-05-17,40.86235427856445
2010-05-18,40.29818344116211
2010-05-19,39.97705078125
2010-05-20,38.492889404296875
2010-05-21,38.918190002441406
2010-05-24,38.76195526123047
2010-05-25,38.796669006347656
2010-05-26,38.362701416015625
2010-05-27,39.81215286254883
2010-05-28,39.57781219482422
2010-06-01,39.21328353881836
2010-06-02,40.14198303222656
2010-06-03,40.523868560791016
2010-06-04,39.13516616821289
2010-06-07,38.4234619140625
2010-06-08,38.35401916503906
2010-06-09,38.032894134521484
2010-06-10,39.117794036865234
2010-06-11,39.49101638793945
2010-06-14,39.48233413696289
2010-06-15,40.541202545166016
2010-06-16,40.70612716674805
2010-06-17,40.83633041381836
2010-06-18,40.8702278137207
2010-06-21,40.522396087646484
2010-06-22,40.2093505859375
2010-06-23,40.044132232666016
2010-06-24,39.43543243408203
2010-06-25,39.443260192871094
2010-06-28,39.303855895996094
2010-06-29,37.787818908691406
2010-06-30,37.21276092529297
2010-07-01,37.108211517333984
2010-07-02,37.00365447998047
2010-07-06,37.11695098876953
2010-07-07,38.301876068115234
2010-07-08,38.510982513427734
2010-07-09,38.876949310302734
2010-07-12,38.99019241333008
2010-07-13,39.49554443359375
2010-07-14,39.695945739746094
2010-07-15,39.730796813964844
2010-07-16,38.632972717285156
2010-07-19,38.96406555175781
2010-07-20,39.434539794921875
2010-07-21,38.89436340332031
2010-07-22,39.8789176940918
2010-07-23,40.131587982177734
2010-07-26,40.46267318725586
2010-07-27,40.445247650146484
2010-07-28,40.12287902832031
2010-07-29,39.82664489746094
2010-07-30,39.91376876831055
2010-08-02,40.663082122802734
2010-08-03,40.488826751708984
2010-08-04,40.8983154296875
2010-08-05,40.802486419677734
2010-08-06,40.741493225097656
2010-08-09,41.02030563354492
2010-08-10,40.663082122802734
2010-08-11,39.55655288696289
2010-08-12,39.24286651611328
2010-08-13,38.96406555175781
2010-08-16,39.03376770019531
2010-08-17,39.53038787841797
2010-08-18,39.687232971191406
2010-08-19,39.086036682128906
2010-08-20,39.13831329345703
2010-08-23,38.75495529174805
2010-08-24,38.031776428222656
2010-08-25,38.39772415161133
2010-08-26,37.935935974121094
2010-08-27,38.39772415161133
2010-08-30,37.99693298339844
2010-08-31,37.86624526977539
2010-09-01,38.9989013671875
2010-09-02,39.434539794921875
2010-09-03,40.0880241394043
2010-09-07,39.81793212890625
2010-09-08,40.29713821411133
2010-09-09,40.45396423339844
2010-09-10,40.60206985473633
2010-09-13,41.16842269897461
2010-09-14,41.34267807006836
2010-09-15,41.60408020019531
2010-09-16,41.769615173339844
2010-09-17,41.91108322143555
2010-09-20,42.64469528198242
2010-09-21,42.63595962524414
2010-09-22,42.52241897583008
2010-09-23,42.50495529174805
2010-09-24,43.36956024169922
2010-09-27,43.13374710083008
2010-09-28,43.11629104614258
2010-09-29,43.04642105102539
2010-09-30,42.85429000854492
2010-10-01,42.80189514160156
2010-10-04,42.33903121948242
2010-10-05,43.36956024169922
2010-10-06,42.99401092529297
2010-10-07,43.15122985839844
2010-10-08,43.448158264160156
2010-10-11,43.465614318847656
2010-10-12,43.762542724609375
2010-10-13,44.12063217163086
2010-10-14,44.03328323364258
2010-10-15,44.967742919921875
2010-10-18,44.80180358886719
2010-10-19,44.38262939453125
2010-10-20,44.70574951171875
2010-10-21,44.79308319091797
2010-10-22,45.09873962402344
2010-10-25,45.317073822021484
2010-10-26,45.439334869384766
2010-10-27,45.579078674316406
2010-10-28,45.67513656616211
2010-10-29,45.57033920288086
2010-11-01,45.60527801513672
2010-11-02,46.094337463378906
2010-11-03,46.30393981933594
2010-11-04,46.87159729003906
2010-11-05,46.87159729003906
2010-11-08,46.932735443115234
2010-11-09,46.679466247558594
2010-11-10,46.91526794433594
2010-11-11,46.61833572387695
2010-11-12,45.858543395996094
2010-11-15,45.683876037597656
2010-11-16,44.93281555175781
2010-11-17,45.06379699707031
2010-11-18,45.7886962890625
2010-11-19,45.8235969543457
2010-11-22,46.2078857421875
2010-11-23,45.47427749633789
2010-11-24,46.391273498535156
2010-11-26,46.085609436035156
2010-11-29,46.05067443847656
2010-11-30,45.491756439208984
2010-12-01,46.4524040222168
2010-12-02,46.92400360107422
2010-12-03,47.04627227783203
2010-12-06,47.02880096435547
2010-12-07,47.05499267578125
2010-12-08,47.22966766357422
2010-12-09,47.27333450317383
2010-12-10,47.587745666503906
2010-12-13,47.421791076660156
2010-12-14,47.50914001464844
2010-12-15,47.29953384399414
2010-12-16,47.666324615478516
2010-12-17,47.70833969116211
2010-12-20,47.74334716796875
2010-12-21,48.03211975097656
2010-12-22,48.02336502075195
2010-12-23,47.900848388671875
2010-12-27,47.927093505859375
2010-12-28,47.83958053588867
2010-12-29,47.94459915161133
2010-12-30,47.83084487915039
2010-12-31,47.65583801269531
2011-01-03,48.39963912963867
2011-01-04,48.3646240234375
2011-01-05,48.775936126708984
2011-01-06,48.93342590332031
2011-01-07,48.889671325683594
2011-01-10,49.073448181152344
2011-01-11,49.14344024658203
2011-01-12,49.49345397949219
2011-01-13,49.510982513427734
2011-01-14,49.87849807739258
2011-01-18,50.01850128173828
2011-01-19,49.44972610473633
2011-01-20,49.09967803955078
2011-01-21,48.72340774536133
2011-01-24,49.39719772338867
2011-01-25,49.46721267700195
2011-01-26,49.72972106933594
2011-01-27,50.0359992980957
2011-01-28,48.76717758178711
2011-01-31,49.00341796875
2011-02-01,49.9222412109375
2011-02-02,49.843482971191406
2011-02-03,49.930999755859375
2011-02-04,50.21101379394531
2011-02-07,50.447288513183594
2011-02-08,50.77981185913086
2011-02-09,50.69231414794922
2011-02-10,50.77104568481445
2011-02-11,51.138580322265625
2011-02-14,51.26109313964844
2011-02-15,51.191097259521484
2011-02-16,51.52360534667969
2011-02-17,51.506107330322266
2011-02-18,51.39235305786133
2011-02-22,49.90473937988281
2011-02-23,49.49345397949219
2011-02-24,49.7559928894043
2011-02-25,50.447288513183594
2011-02-28,50.552276611328125
2011-03-01,49.738460540771484
2011-03-02,50.00099182128906
2011-03-03,50.98982238769531
2011-03-04,50.72730255126953
2011-03-07,50.04474639892578
2011-03-08,50.24600601196289
2011-03-09,49.90473937988281
2011-03-10,49.125946044921875
2011-03-11,49.43220901489258
2011-03-14,49.2572021484375
2011-03-15,48.55716323852539
2011-03-16,47.38456726074219
2011-03-17,47.82209396362305
2011-03-18,47.71430587768555
2011-03-21,48.63442611694336
2011-03-22,48.54678726196289
2011-03-23,48.81844711303711
2011-03-24,49.685977935791016
2011-03-25,49.808650970458984
2011-03-28,49.53700256347656
2011-03-29,50.01897048950195
2011-03-30,50.25556182861328
2011-03-31,50.3256721496582
2011-04-01,50.351959228515625
2011-04-04,50.18547439575195
2011-04-05,50.05402755737305
2011-04-06,50.17670822143555
2011-04-07,50.14164352416992
2011-04-08,49.905059814453125
2011-04-11,49.73854446411133
2011-04-12,49.396785736083984
2011-04-13,49.81743621826172
2011-04-14,49.72978973388672
2011-04-15,49.642154693603516
2011-04-18,49.29166030883789
2011-04-19,49.59833908081055
2011-04-20,50.72002410888672
2011-04-21,51.12310028076172
2011-04-25,51.25455093383789
2011-04-26,51.543739318847656
2011-04-27,51.894248962402344
2011-04-28,51.81537628173828
2011-04-29,51.77155685424805
2011-05-02,51.67518615722656
2011-05-03,51.4298095703125
2011-05-04,51.3509407043457
2011-05-05,51.070526123046875
2011-05-06,51.237030029296875
2011-05-09,51.4298095703125
2011-05-10,51.86793518066406
2011-05-11,51.491146087646484
2011-05-12,51.79785919189453
2011-05-13,51.1844367980957
2011-05-16,50.299381256103516
2011-05-17,50.439605712890625
2011-05-18,50.86022186279297
2011-05-19,51.009185791015625
2011-05-20,50.62360382080078
2011-05-23,49.8787841796875
2011-05-24,49.572059631347656
2011-05-25,49.76484298706055
2011-05-26,50.07154083251953
2011-05-27,50.3256721496582
2011-05-31,51.14064407348633
2011-06-01,50.0277214050293
2011-06-02,50.13288497924805
2011-06-03,49.379276275634766
2011-06-06,48.9761848449707
2011-06-07,48.888545989990234
2011-06-08,48.53803253173828
2011-06-09,48.62565994262695
2011-06-10,47.88080978393555
2011-06-13,47.88080978393555
2011-06-14,48.49421310424805
2011-06-15,47.57410430908203
2011-06-16,47.390071868896484
2011-06-17,47.24165344238281
2011-06-20,47.48758316040039
2011-06-21,48.506351470947266
2011-06-22,48.15507125854492
2011-06-23,48.60295867919922
2011-06-24,47.75983810424805
2011-06-27,48.5239143371582
2011-06-28,49.24409484863281
2011-06-29,49.446102142333984
2011-06-30,50.10478973388672
2011-07-01,50.86009979248047
2011-07-05,51.114784240722656
2011-07-06,51.28166580200195
2011-07-07,51.984249114990234
2011-07-08,51.84373474121094
2011-07-11,50.904014587402344
2011-07-12,50.5175666809082
2011-07-13,50.72835159301758
2011-07-14,50.13991165161133
2011-07-15,50.80739212036133
2011-07-18,50.53514099121094
2011-07-19,51.685665130615234
2011-07-20,51.466087341308594
2011-07-21,51.808616638183594
2011-07-22,52.344356536865234
2011-07-25,52.23896026611328
2011-07-26,52.37070846557617
2011-07-27,51.0181884765625
2011-07-28,51.105995178222656
2011-07-29,50.939144134521484
2011-08-01,50.7020149230957
2011-08-02,49.419761657714844
2011-08-03,49.89399719238281
2011-08-04,47.57538986206055
2011-08-05,47.27679443359375
2011-08-08,44.43122100830078
2011-08-09,46.57418441772461
2011-08-10,44.66835403442383
2011-08-11,46.63565444946289
2011-08-12,47.04844284057617
2011-08-15,47.742271423339844
2011-08-16,47.3382568359375
2011-08-17,47.05721664428711
2011-08-18,44.74739074707031
2011-08-19,43.93938446044922
2011-08-22,44.09748458862305
2011-08-23,45.91549301147461
2011-08-24,46.27557373046875
2011-08-25,45.52027130126953
2011-08-26,46.66200256347656
2011-08-29,47.96182632446289
2011-08-30,48.27802276611328
2011-08-31,48.357051849365234
2011-09-01,47.91792297363281
2011-09-02,46.793758392333984
2011-09-06,46.80252456665039
2011-09-07,47.98817825317383
2011-09-08,47.768619537353516
2011-09-09,46.705928802490234
2011-09-12,47.303131103515625
2011-09-13,47.93547058105469
2011-09-14,48.62052536010742
2011-09-15,49.340702056884766
2011-09-16,49.79297637939453
2011-09-19,49.81055450439453
2011-09-20,49.5905876159668
2011-09-21,48.728294372558594
2011-09-22,47.14449691772461
2011-09-23,47.64603805541992
2011-09-26,48.20036697387695
2011-09-27,48.701900482177734
2011-09-28,47.98039245605469
2011-09-29,47.408470153808594
2011-09-30,46.18541717529297
2011-10-03,44.997562408447266
2011-10-04,45.921443939208984
2011-10-05,47.10050582885742
2011-10-06,47.89241409301758
2011-10-07,47.57564926147461
2011-10-10,49.221038818359375
2011-10-11,49.555389404296875
2011-10-12,49.8017578125
2011-10-13,50.25931930541992
2011-10-14,51.19198989868164
2011-10-17,50.400089263916016
2011-10-18,51.02480697631836
2011-10-19,50.039329528808594
2011-10-20,49.79297637939453
2011-10-21,50.41767883300781
2011-10-24,51.46476364135742
2011-10-25,50.4528694152832
2011-10-26,50.39129638671875
2011-10-27,51.781517028808594
2011-10-28,51.8607177734375
2011-10-31,50.98961639404297
2011-11-01,49.66098403930664
2011-11-02,50.08332443237305
2011-11-03,51.12160110473633
2011-11-04,50.85762405395508
2011-11-07,51.2183837890625
2011-11-08,51.80791091918945
2011-11-09,49.986549377441406
2011-11-10,49.96014404296875
2011-11-11,50.90161895751953
2011-11-14,50.58487319946289
2011-11-15,51.14799499511719
2011-11-16,50.30329132080078
2011-11-17,49.12424850463867
2011-11-18,48.74589920043945
2011-11-21,47.81321334838867
2011-11-22,47.97159957885742
2011-11-23,46.88931655883789
2011-11-25,46.528568267822266
2011-11-28,48.1475715637207
2011-11-29,47.848411560058594
2011-11-30,49.61700439453125
2011-12-01,49.96014404296875
2011-12-02,49.81935501098633
2011-12-05,50.36487579345703
2011-12-06,50.2241096496582
2011-12-07,50.2241096496582
2011-12-08,49.37943649291992
2011-12-09,50.17131805419922
2011-12-12,49.60818099975586
2011-12-13,49.06267547607422
2011-12-14,48.297157287597656
2011-12-15,48.165164947509766
2011-12-16,48.413143157958984
2011-12-19,47.93661117553711
2011-12-20,49.3574104309082
2011-12-21,48.651432037353516
2011-12-22,49.06618881225586
2011-12-23,49.48978805541992
2011-12-27,49.674381256103516
2011-12-28,49.10028076171875
2011-12-29,49.453575134277344
2011-12-30,49.31224822998047
2012-01-03,50.257320404052734
2012-01-04,50.46930694580078
2012-01-05,50.88444137573242
2012-01-06,51.061092376708984
2012-01-09,50.89326477050781
2012-01-10,51.264251708984375
2012-01-11,51.370235443115234
2012-01-12,51.57338333129883
2012-01-13,51.38789367675781
2012-01-17,51.85602951049805
2012-01-18,52.54496765136719
2012-01-19,52.87178421020508
2012-01-20,52.79227828979492
2012-01-23,52.8099479675293
2012-01-24,52.7127685546875
2012-01-25,53.37522888183594
2012-01-26,53.18974304199219
2012-01-27,53.348724365234375
2012-01-30,53.39287567138672
2012-01-31,53.46354675292969
2012-02-01,53.8963623046875
2012-02-02,54.06418228149414
2012-02-03,54.80609893798828
2012-02-06,54.76192855834961
2012-02-07,54.87677001953125
2012-02-08,55.168243408203125
2012-02-09,55.56570053100586
2012-02-10,55.177066802978516
2012-02-13,55.68935012817383
2012-02-14,55.8306884765625
2012-02-15,55.442054748535156
2012-02-16,56.2016487121582
2012-02-17,56.02499771118164
2012-02-21,56.18397903442383
2012-02-22,55.92784881591797
2012-02-23,56.298797607421875
2012-02-24,56.49314498901367
2012-02-27,56.57262420654297
2012-02-28,57.146732330322266
2012-02-29,56.89059829711914
2012-03-01,57.341060638427734
2012-03-02,57.29689025878906
2012-03-05,56.70511245727539
2012-03-06,56.14865493774414
2012-03-07,56.581451416015625
2012-03-08,57.19089889526367
2012-03-09,57.42936706542969
2012-03-12,57.45588684082031
2012-03-13,58.524620056152344
2012-03-14,58.72776794433594
2012-03-15,58.895572662353516
2012-03-16,58.8540153503418
2012-03-19,59.26984786987305
2012-03-20,59.376007080078125
2012-03-21,59.38486099243164
2012-03-22,59.26101303100586
2012-03-23,59.225616455078125
2012-03-26,60.26078414916992
2012-03-27,60.34922409057617
2012-03-28,60.110374450683594
2012-03-29,59.88033676147461
2012-03-30,59.76530838012695
2012-04-02,60.38462448120117
2012-04-03,60.36695861816406
2012-04-04,59.54412078857422
2012-04-05,59.91572570800781
2012-04-09,59.46449279785156
2012-04-10,58.50893020629883
2012-04-11,58.79207992553711
2012-04-12,59.46449279785156
2012-04-13,58.562034606933594
2012-04-16,57.907310485839844
2012-04-17,59.08403778076172
2012-04-18,58.93367004394531
2012-04-19,58.27005386352539
2012-04-20,58.110782623291016
2012-04-23,57.579959869384766
2012-04-24,57.27030563354492
2012-04-25,58.79207992553711
2012-04-26,59.13711929321289
2012-04-27,59.490997314453125
2012-04-30,59.06635665893555
2012-05-01,59.163665771484375
2012-05-02,59.331764221191406
2012-05-03,58.70360565185547
2012-05-04,57.243751525878906
2012-05-07,57.29684829711914
2012-05-08,57.08448791503906
2012-05-09,56.907535552978516
2012-05-10,56.79251480102539
2012-05-11,56.78367614746094
2012-05-14,56.252811431884766
2012-05-15,56.0670166015625
2012-05-16,55.686561584472656
2012-05-17,54.50985336303711
2012-05-18,53.80205154418945
2012-05-21,55.306129455566406
2012-05-22,55.24419403076172
2012-05-23,55.35035705566406
2012-05-24,54.98762512207031
2012-05-25,54.91685104370117
2012-05-29,55.61579895019531
2012-05-30,55.146873474121094
2012-05-31,54.90798568725586
2012-06-01,53.448150634765625
2012-06-04,53.85512161254883
2012-06-05,54.07631301879883
2012-06-06,55.31497573852539
2012-06-07,55.09377670288086
2012-06-08,55.6246223449707
2012-06-11,54.68680191040039
2012-06-12,55.35035705566406
2012-06-13,54.96991729736328
2012-06-14,55.17340850830078
2012-06-15,55.858909606933594
2012-06-18,56.38210678100586
2012-06-19,56.96738815307617
2012-06-20,57.01173400878906
2012-06-21,55.592857360839844
2012-06-22,56.17814636230469
2012-06-25,55.09626007080078
2012-06-26,55.44212341308594
2012-06-27,55.77909851074219
2012-06-28,55.15834045410156
2012-06-29,56.89644241333008
2012-07-02,57.06494140625
2012-07-03,57.54380416870117
2012-07-05,57.579288482666016
2012-07-06,56.86097717285156
2012-07-09,56.75455856323242
2012-07-10,56.19589614868164
2012-07-11,55.885501861572266
2012-07-12,55.36229705810547
2012-07-13,56.204750061035156
2012-07-16,56.045127868652344
2012-07-17,56.33777618408203
2012-07-18,57.10039520263672
2012-07-19,57.73001480102539
2012-07-20,56.96738815307617
2012-07-23,56.27568054199219
2012-07-24,55.832313537597656
2012-07-25,55.45985794067383
2012-07-26,56.19589614868164
2012-07-27,57.52606964111328
2012-07-30,57.481746673583984
2012-07-31,57.463993072509766
2012-08-01,57.295501708984375
2012-08-02,57.09153747558594
2012-08-03,58.17341613769531
2012-08-06,58.61680603027344
2012-08-07,59.10455322265625
2012-08-08,59.07796096801758
2012-08-09,59.25529861450195
2012-08-10,59.290794372558594
2012-08-13,59.432647705078125
2012-08-14,59.459259033203125
2012-08-15,59.61002731323242
2012-08-16,60.31947708129883
2012-08-17,60.58549499511719
2012-08-20,60.674137115478516
2012-08-21,60.43473434448242
2012-08-22,60.683040618896484
2012-08-23,60.18645477294922
2012-08-24,60.55889892578125
2012-08-27,60.656436920166016
2012-08-28,60.656436920166016
2012-08-29,60.656436920166016
2012-08-30,60.04454040527344
2012-08-31,60.44358825683594
2012-09-04,60.38153839111328
2012-09-05,60.31947708129883
2012-09-06,61.65851593017578
2012-09-07,61.569847106933594
2012-09-10,60.78056716918945
2012-09-11,60.683040618896484
2012-09-12,60.86039733886719
2012-09-13,61.68509292602539
2012-09-14,62.234947204589844
2012-09-17,62.26152038574219
2012-09-18,62.31474685668945
2012-09-19,62.43002700805664
2012-09-20,62.36792755126953
2012-09-21,62.38575744628906
2012-09-24,62.02111053466797
2012-09-25,61.14956283569336
2012-09-26,60.65156555175781
2012-09-27,61.487510681152344
2012-09-28,60.98059844970703
2012-10-01,60.89167404174805
2012-10-02,61.069549560546875
2012-10-03,61.460838317871094
2012-10-04,61.674278259277344
2012-10-05,61.3452262878418
2012-10-08,60.784942626953125
2012-10-09,59.815608978271484
2012-10-10,59.513240814208984
2012-10-11,59.32646179199219
2012-10-12,59.29978942871094
2012-10-15,59.73556137084961
2012-10-16,60.58042526245117
2012-10-17,60.54484176635742
2012-10-18,59.84226989746094
2012-10-19,58.41046905517578
2012-10-22,58.71283721923828
2012-10-23,58.15256118774414
2012-10-24,57.948028564453125
2012-10-25,57.948028564453125
2012-10-26,58.11698532104492
2012-10-31,57.76125717163086
2012-11-01,58.57944869995117
2012-11-02,57.95691680908203
2012-11-05,58.33933639526367
2012-11-06,58.44602966308594
2012-11-07,57.067596435546875
2012-11-08,56.16939926147461
2012-11-09,56.40949630737305
2012-11-12,56.40061569213867
2012-11-13,56.009300231933594
2012-11-14,55.35123062133789
2012-11-15,55.16446304321289
2012-11-16,55.404571533203125
2012-11-19,56.720760345458984
2012-11-20,56.738548278808594
2012-11-21,56.85416793823242
2012-11-23,57.7168083190918
2012-11-26,57.96583557128906
2012-11-27,57.77015686035156
2012-11-28,58.268165588378906
2012-11-29,58.61502456665039
2012-11-30,58.51718521118164
2012-12-03,58.401580810546875
2012-12-04,58.36602020263672
2012-12-05,57.7168083190918
2012-12-06,58.090309143066406
2012-12-07,57.74348449707031
2012-12-10,57.9124641418457
2012-12-11,58.66836166381836
2012-12-12,58.543880462646484
2012-12-13,58.081417083740234
2012-12-14,57.53004455566406
2012-12-17,58.29484939575195
2012-12-18,59.184181213378906
2012-12-19,58.9262809753418
2012-12-20,58.9262809753418
2012-12-21,58.30654525756836
2012-12-24,58.190303802490234
2012-12-26,57.68055725097656
2012-12-27,57.591129302978516
2012-12-28,57.03667068481445
2012-12-31,58.24393844604492
2013-01-02,60.09510040283203
2013-01-03,59.78208541870117
2013-01-04,59.58535385131836
2013-01-07,59.60322570800781
2013-01-08,59.48698425292969
2013-01-09,59.71052551269531
2013-01-10,60.06826400756836
2013-01-11,60.14876174926758
2013-01-14,59.880455017089844
2013-01-15,59.58535385131836
2013-01-16,59.82680892944336
2013-01-17,60.11298751831055
2013-01-18,59.978824615478516
2013-01-22,60.07719421386719
2013-01-23,60.44384765625
2013-01-24,59.6121940612793
2013-01-25,59.916255950927734
2013-01-28,60.05037307739258
2013-01-29,60.05931091308594
2013-01-30,59.9340934753418
2013-01-31,59.79997253417969
2013-02-01,60.5064582824707
2013-02-04,59.45123291015625
2013-02-05,60.32759475708008
2013-02-06,60.13087463378906
2013-02-07,60.184505462646484
2013-02-08,60.80155563354492
2013-02-11,60.8194465637207
2013-02-12,60.56906509399414
2013-02-13,60.78367233276367
2013-02-14,60.76578140258789
2013-02-15,60.58695602416992
2013-02-19,61.02510452270508
2013-02-20,60.086158752441406
2013-02-21,59.44227600097656
2013-02-22,60.041419982910156
2013-02-25,59.29916000366211
2013-02-26,59.52273941040039
2013-02-27,60.13087463378906
2013-02-28,60.00566101074219
2013-03-01,60.25605773925781
2013-03-04,60.524322509765625
2013-03-05,61.41862487792969
2013-03-06,61.26661682128906
2013-03-07,61.42757034301758
2013-03-08,61.49909973144531
2013-03-11,61.67796325683594
2013-03-12,61.45440673828125
2013-03-13,61.373897552490234
2013-03-14,61.579566955566406
2013-03-15,61.40840148925781
2013-03-18,61.27392578125
2013-03-19,61.15740203857422
2013-03-20,61.58763122558594
2013-03-21,60.888511657714844
2013-03-22,61.480079650878906
2013-03-25,61.255985260009766
2013-03-26,61.58763122558594
2013-03-27,61.668331146240234
2013-03-28,61.8206901550293
2013-04-01,61.3994255065918
2013-04-02,61.88345718383789
2013-04-03,61.31875228881836
2013-04-04,61.33666229248047
2013-04-05,60.82573318481445
2013-04-08,61.1484489440918
2013-04-09,61.560760498046875
2013-04-10,62.761863708496094
2013-04-11,62.7349739074707
2013-04-12,62.69020080566406
2013-04-15,61.45320129394531
2013-04-16,62.26888656616211
2013-04-17,61.04983139038086
2013-04-18,60.207279205322266
2013-04-19,61.03190994262695
2013-04-22,61.65936279296875
2013-04-23,62.25093078613281
2013-04-24,62.22404479980469
2013-04-25,62.555702209472656
2013-04-26,62.358489990234375
2013-04-29,62.932167053222656
2013-04-30,63.3892936706543
2013-05-01,63.0935173034668
2013-05-02,63.89125442504883
2013-05-03,64.64414978027344
2013-05-06,64.89514923095703
2013-05-07,64.85928344726562
2013-05-08,65.17301940917969
2013-05-09,65.08336639404297
2013-05-10,65.47777557373047
2013-05-13,65.55843353271484
2013-05-14,65.8990707397461
2013-05-15,66.03349304199219
2013-05-16,65.9617919921875
2013-05-17,66.59820556640625
2013-05-20,66.49959564208984
2013-05-21,66.5712890625
2013-05-22,65.98869323730469
2013-05-23,65.83631134033203
2013-05-24,65.80043029785156
2013-05-28,66.23067474365234
2013-05-29,65.91699981689453
2013-05-30,66.26654815673828
2013-05-31,65.65701293945312
2013-06-03,65.77355194091797
2013-06-04,65.43295288085938
2013-06-05,64.58141326904297
2013-06-06,64.89514923095703
2013-06-07,65.78252410888672
2013-06-10,65.80941772460938
2013-06-11,65.15507507324219
2013-06-12,64.40214538574219
2013-06-13,65.21780395507812
2013-06-14,64.7875747680664
2013-06-17,65.4150619506836
2013-06-18,65.95282745361328
2013-06-19,65.21780395507812
2013-06-20,63.667152404785156
2013-06-21,63.329097747802734
2013-06-24,62.69966506958008
2013-06-25,63.1582145690918
2013-06-26,63.724700927734375
2013-06-27,63.994476318359375
2013-06-28,64.0843734741211
2013-07-01,64.48003387451172
2013-07-02,64.50700378417969
2013-07-03,64.76774597167969
2013-07-05,65.26229095458984
2013-07-08,65.32523345947266
2013-07-09,65.72088623046875
2013-07-10,66.09854888916016
2013-07-11,67.41132354736328
2013-07-12,67.70806884765625
2013-07-15,67.86093139648438
2013-07-16,67.77100372314453
2013-07-17,67.94184112548828
2013-07-18,67.77100372314453
2013-07-19,67.06964111328125
2013-07-22,67.26747131347656
2013-07-23,66.77293395996094
2013-07-24,66.98873901367188
2013-07-25,67.41132354736328
2013-07-26,67.77100372314453
2013-07-29,67.64514923095703
2013-07-30,68.00479888916016
2013-07-31,68.13067626953125
2013-08-01,68.82303619384766
2013-08-02,69.20968627929688
2013-08-05,69.25465393066406
2013-08-06,68.84103393554688
2013-08-07,68.71514129638672
2013-08-08,69.05684661865234
2013-08-09,68.77808380126953
2013-08-12,68.93997192382812
2013-08-13,69.3265609741211
2013-08-14,69.06582641601562
2013-08-15,67.89688873291016
2013-08-16,67.86991119384766
2013-08-19,67.7530288696289
2013-08-20,68.0497817993164
2013-08-21,67.81595611572266
2013-08-22,68.48135375976562
2013-08-23,68.93997192382812
2013-08-26,68.97591400146484
2013-08-27,67.56421661376953
2013-08-28,67.82496643066406
2013-08-29,68.3015365600586
2013-08-30,67.86093139648438
2013-09-03,68.24758911132812
2013-09-04,68.97591400146484
2013-09-05,69.09280395507812
2013-09-06,69.17376708984375
2013-09-09,69.98297882080078
2013-09-10,70.32466888427734
2013-09-11,70.1897964477539
2013-09-12,70.14483642578125
2013-09-13,70.1897964477539
2013-09-16,70.00096130371094
2013-09-17,70.46856689453125
2013-09-18,71.31375122070312
2013-09-19,71.48462677001953
2013-09-20,71.23930358886719
2013-09-23,71.09503173828125
2013-09-24,71.09503173828125
2013-09-25,70.85148620605469
2013-09-26,71.40162658691406
2013-09-27,71.31144714355469
2013-09-30,71.14007568359375
2013-10-01,71.86160278320312
2013-10-02,71.83454895019531
2013-10-03,70.99578094482422
2013-10-04,71.60907745361328
2013-10-07,71.01382446289062
2013-10-08,69.64295959472656
2013-10-09,69.42655944824219
2013-10-10,70.89659881591797
2013-10-11,71.45574951171875
2013-10-14,71.96082305908203
2013-10-15,71.68123626708984
2013-10-16,72.4928970336914
2013-10-17,72.90777587890625
2013-10-18,74.08924102783203
2013-10-21,74.25157928466797
2013-10-22,74.35978698730469
2013-10-23,73.90885925292969
2013-10-24,74.23353576660156
2013-10-25,74.765625
2013-10-28,74.78368377685547
2013-10-29,74.90992736816406
2013-10-30,74.8377914428711
2013-10-31,74.6664047241211
2013-11-01,74.68444061279297
2013-11-04,74.7927017211914
2013-11-05,74.87383270263672
2013-11-06,74.85582733154297
2013-11-07,73.44891357421875
2013-11-08,74.44095611572266
2013-11-11,74.32376098632812
2013-11-12,74.44095611572266
2013-11-13,75.34284210205078
2013-11-14,75.57733917236328
2013-11-15,75.72160339355469
2013-11-18,74.9820785522461
2013-11-19,74.765625
2013-11-20,74.58527374267578
2013-11-21,75.34284210205078
2013-11-22,75.74867248535156
2013-11-25,75.92906951904297
2013-11-26,76.32588958740234
2013-11-27,76.85797119140625
2013-11-29,77.31796264648438
2013-12-02,77.09246826171875
2013-12-03,77.02935028076172
2013-12-04,77.10151672363281
2013-12-05,77.0022964477539
2013-12-06,77.56147003173828
2013-12-09,77.87711334228516
2013-12-10,77.82300567626953
2013-12-11,76.82191467285156
2013-12-12,76.6235122680664
2013-12-13,76.52429962158203
2013-12-16,76.94816589355469
2013-12-17,76.79485321044922
2013-12-18,77.6877212524414
2013-12-19,77.47126007080078
2013-12-20,78.26021575927734
2013-12-23,79.08352661132812
2013-12-24,79.11968994140625
2013-12-26,79.38211822509766
2013-12-27,79.18301391601562
2013-12-30,79.06542205810547
2013-12-31,79.58113861083984
2014-01-02,78.95685577392578
2014-01-03,78.38689422607422
2014-01-06,78.09735107421875
2014-01-07,78.82115173339844
2014-01-08,78.99307250976562
2014-01-09,78.73066711425781
2014-01-10,78.98401641845703
2014-01-13,77.81688690185547
2014-01-14,79.30068969726562
2014-01-15,79.95210266113281
2014-01-16,79.96110534667969
2014-01-17,79.50875854492188
2014-01-21,80.11493682861328
2014-01-22,80.32302856445312
2014-01-23,80.0516128540039
2014-01-24,78.47733306884766
2014-01-27,77.71737670898438
2014-01-28,77.67211151123047
2014-01-29,76.83975982666016
2014-01-30,78.26021575927734
2014-01-31,78.05211639404297
2014-02-03,76.26075744628906
2014-02-04,76.82168579101562
2014-02-05,76.62262725830078
2014-02-06,77.59972381591797
2014-02-07,78.98401641845703
2014-02-10,79.43635559082031
2014-02-11,80.34111785888672
2014-02-12,80.49494934082031
2014-02-13,81.09204864501953
2014-02-14,81.2548828125
2014-02-18,81.65300750732422
2014-02-19,81.09204864501953
2014-02-20,81.47206115722656
2014-02-21,81.36344146728516
2014-02-24,81.7977523803711
2014-02-25,81.707275390625
2014-02-26,81.6348876953125
2014-02-27,82.16453552246094
2014-02-28,82.07369232177734
2014-03-03,81.46501159667969
2014-03-04,82.50068664550781
2014-03-05,82.7278060913086
2014-03-06,82.6551284790039
2014-03-07,82.2463150024414
2014-03-10,82.31898498535156
2014-03-11,81.96470642089844
2014-03-12,82.2735595703125
2014-03-13,81.1106948852539
2014-03-14,80.5565414428711
2014-03-17,81.26514434814453
2014-03-18,82.2463150024414
2014-03-19,81.80113983154297
2014-03-20,82.0282974243164
2014-03-21,81.04122161865234
2014-03-24,80.33097076416016
2014-03-25,80.59504699707031
2014-03-26,79.55699157714844
2014-03-27,79.11080932617188
2014-03-28,79.26557922363281
2014-03-31,79.83013153076172
2014-04-01,81.23242950439453
2014-04-02,81.44185638427734
2014-04-03,80.79537200927734
2014-04-04,78.64640045166016
2014-04-07,77.89972686767578
2014-04-08,78.61907958984375
2014-04-09,79.9666976928711
2014-04-10,77.48998260498047
2014-04-11,76.5885009765625
2014-04-14,77.18948364257812
2014-04-15,77.44445037841797
2014-04-16,78.47340393066406
2014-04-17,78.4915771484375
2014-04-21,79.0743637084961
2014-04-22,79.70268249511719
2014-04-23,79.00152587890625
2014-04-24,79.75730895996094
2014-04-25,78.48249053955078
2014-04-28,78.73747253417969
2014-04-29,79.36576843261719
2014-04-30,79.57516479492188
2014-05-01,79.81195068359375
2014-05-02,79.66622924804688
2014-05-05,80.08512878417969
2014-05-06,79.04705047607422
2014-05-07,78.81941986083984
2014-05-08,78.74656677246094
2014-05-09,79.0379409790039
2014-05-12,80.34008026123047
2014-05-13,80.39471435546875
2014-05-14,79.97583770751953
2014-05-15,79.34751892089844
2014-05-16,79.86658477783203
2014-05-19,80.4220199584961
2014-05-20,80.13065338134766
2014-05-21,80.89552307128906
2014-05-22,81.2506332397461
2014-05-23,81.84254455566406
2014-05-27,82.86235809326172
2014-05-28,82.60740661621094
2014-05-29,83.13551330566406
2014-05-30,83.14466094970703
2014-06-02,83.06271362304688
2014-06-03,83.02627563476562
2014-06-04,83.33586883544922
2014-06-05,84.03700256347656
2014-06-06,84.5196304321289
2014-06-09,84.45587921142578
2014-06-10,84.6015853881836
2014-06-11,84.5833740234375
2014-06-12,83.8184814453125
2014-06-13,84.06431579589844
2014-06-16,84.13715362548828
2014-06-17,84.18270111083984
2014-06-18,84.65619659423828
2014-06-19,84.6015853881836
2014-06-20,84.70105743408203
2014-06-23,84.71937561035156
2014-06-24,84.63716888427734
2014-06-25,85.17584228515625
2014-06-26,85.22151947021484
2014-06-27,85.59584045410156
2014-06-30,85.74193572998047
2014-07-01,86.6823501586914
2014-07-02,86.82842254638672
2014-07-03,87.37625122070312
2014-07-07,87.11146545410156
2014-07-08,86.06151580810547
2014-07-09,86.70059967041016
2014-07-10,86.42669677734375
2014-07-11,86.98365020751953
2014-07-14,87.5040283203125
2014-07-15,87.20275115966797
2014-07-16,87.54972839355469
2014-07-17,86.39016723632812
2014-07-18,87.75971984863281
2014-07-21,87.65013122558594
2014-07-22,88.20708465576172
2014-07-23,88.77316284179688
2014-07-24,88.6727294921875
2014-07-25,88.32577514648438
2014-07-28,88.35317993164062
2014-07-29,88.19795989990234
2014-07-30,88.54491424560547
2014-07-31,86.75540924072266
2014-08-01,86.43585205078125
2014-08-04,87.02931213378906
2014-08-05,86.36280059814453
2014-08-06,86.29888153076172
2014-08-07,86.02494812011719
2014-08-08,86.64582824707031
2014-08-11,87.1571044921875
2014-08-12,87.12059020996094
2014-08-13,88.0427474975586
2014-08-14,88.499267578125
2014-08-15,88.9283676147461
2014-08-18,89.61312866210938
2014-08-19,90.11530303955078
2014-08-20,90.11530303955078
2014-08-21,90.29792022705078
2014-08-22,90.43487548828125
2014-08-25,90.75445556640625
2014-08-26,90.84573364257812
2014-08-27,90.8639907836914
2014-08-28,90.7635498046875
2014-08-29,91.10137176513672
2014-09-02,91.36614227294922
2014-09-03,90.82746887207031
2014-09-04,90.74530792236328
2014-09-05,91.20179748535156
2014-09-08,91.37528228759766
2014-09-09,90.61746978759766
2014-09-10,91.36614227294922
2014-09-11,91.29309844970703
2014-09-12,90.82746887207031
2014-09-15,89.95094299316406
2014-09-16,90.7361831665039
2014-09-17,90.87311553955078
2014-09-18,91.55785369873047
2014-09-19,91.5011215209961
2014-09-22,90.65000915527344
2014-09-23,90.40289306640625
2014-09-24,91.37300872802734
2014-09-25,89.45112609863281
2014-09-26,90.40289306640625
2014-09-29,90.28392028808594
2014-09-30,90.41206359863281
2014-10-01,88.96604919433594
2014-10-02,88.96604919433594
2014-10-03,89.84463500976562
2014-10-06,89.6524658203125
2014-10-07,88.38033294677734
2014-10-08,90.10086822509766
2014-10-09,88.64572143554688
2014-10-10,86.43095397949219
2014-10-13,85.07646942138672
2014-10-14,85.08562469482422
2014-10-15,84.53651428222656
2014-10-16,84.00570678710938
2014-10-17,85.11308288574219
2014-10-20,86.38519287109375
2014-10-21,88.65489196777344
2014-10-22,88.19730377197266
2014-10-23,89.52432250976562
2014-10-24,90.2564926147461
2014-10-27,90.32054138183594
2014-10-28,91.6842041015625
2014-10-29,91.34554290771484
2014-10-30,91.53772735595703
2014-10-31,92.80075073242188
2014-11-03,93.07526397705078
2014-11-04,92.76412200927734
2014-11-05,92.77326202392578
2014-11-06,93.06611633300781
2014-11-07,92.98374938964844
2014-11-10,93.31321716308594
2014-11-11,93.60606384277344
2014-11-12,93.77084350585938
2014-11-13,94.1734848022461
2014-11-14,94.46636199951172
2014-11-17,94.18267822265625
2014-11-18,94.88737487792969
2014-11-19,94.45720672607422
2014-11-20,94.878173828125
2014-11-21,95.06124114990234
2014-11-24,95.80255126953125
2014-11-25,95.94900512695312
2014-11-26,96.57131958007812
2014-11-28,97.01976013183594
2014-12-01,95.92153930664062
2014-12-02,96.30590057373047
2014-12-03,96.47980499267578
2014-12-04,96.43402862548828
2014-12-05,96.44316864013672
2014-12-08,95.75678253173828
2014-12-09,96.0588150024414
2014-12-10,94.54874420166016
2014-12-11,94.99715423583984
2014-12-12,93.96302795410156
2014-12-15,92.9928970336914
2014-12-16,91.5011215209961
2014-12-17,93.16678619384766
2014-12-18,95.40900421142578
2014-12-19,95.8288345336914
2014-12-22,96.06763458251953
2014-12-23,95.727783203125
2014-12-24,95.8104248046875
2014-12-26,96.49020385742188
2014-12-29,96.4718246459961
2014-12-30,95.8288345336914
2014-12-31,94.84590911865234
2015-01-02,94.5611572265625
2015-01-05,93.174072265625
2015-01-06,91.92474365234375
2015-01-07,93.10974884033203
2015-01-08,94.891845703125
2015-01-09,94.26720428466797
2015-01-12,93.28427124023438
2015-01-13,93.25669860839844
2015-01-14,92.7423324584961
2015-01-15,91.5389175415039
2015-01-16,92.61372375488281
2015-01-20,93.34859466552734
2015-01-21,93.82625579833984
2015-01-22,95.56240844726562
2015-01-23,95.7737045288086
2015-01-26,95.66345977783203
2015-01-27,93.18326568603516
2015-01-28,92.70555877685547
2015-01-29,93.59663391113281
2015-01-30,92.87091064453125
2015-02-02,93.6792984008789
2015-02-03,94.57952117919922
2015-02-04,94.49683380126953
2015-02-05,95.31440734863281
2015-02-06,94.73568725585938
2015-02-09,94.43252563476562
2015-02-10,95.90229797363281
2015-02-11,96.2513656616211
2015-02-12,97.3720932006836
2015-02-13,98.20802307128906
2015-02-17,98.29988098144531
2015-02-18,98.43765258789062
2015-02-19,98.92455291748047
2015-02-20,99.58589935302734
2015-02-23,99.68697357177734
2015-02-24,99.76043701171875
2015-02-25,99.51240539550781
2015-02-26,100.01766204833984
2015-02-27,99.57676696777344
2015-03-02,100.47697448730469
2015-03-03,100.00848388671875
2015-03-04,99.6226577758789
2015-03-05,99.79720306396484
2015-03-06,98.66731262207031
2015-03-09,98.95206451416016
2015-03-10,97.1148681640625
2015-03-11,96.55451202392578
2015-03-12,97.1883773803711
2015-03-13,96.76581573486328
2015-03-16,98.01509857177734
2015-03-17,98.17124938964844
2015-03-18,99.13578796386719
2015-03-19,99.28277587890625
2015-03-20,99.9254379272461
2015-03-23,99.73208618164062
2015-03-24,99.37303161621094
2015-03-25,97.0988540649414
2015-03-26,96.76737213134766
2015-03-27,97.15406036376953
2015-03-30,98.26815032958984
2015-03-31,97.22773742675781
2015-04-01,96.72135162353516
2015-04-02,96.78578186035156
2015-04-06,97.57760620117188
2015-04-07,97.41188049316406
2015-04-08,98.1852798461914
2015-04-09,98.80216217041016
2015-04-10,99.207275390625
2015-04-13,98.95870971679688
2015-04-14,98.67324829101562
2015-04-15,99.29014587402344
2015-04-16,99.15205383300781
2015-04-17,97.60523223876953
2015-04-20,99.06914520263672
2015-04-21,99.49270629882812
2015-04-22,100.03589630126953
2015-04-23,100.41341400146484
2015-04-24,101.77606964111328
2015-04-27,101.51825714111328
2015-04-28,101.31571197509766
2015-04-29,100.68043518066406
2015-04-30,99.09678649902344
2015-05-01,100.40422058105469
2015-05-04,100.56993865966797
2015-05-05,98.93108367919922
2015-05-06,98.24972534179688
2015-05-07,98.83900451660156
2015-05-08,100.07273864746094
2015-05-11,99.68604278564453
2015-05-12,99.23489379882812
2015-05-13,99.43748474121094
2015-05-14,100.89215850830078
2015-05-15,100.89215850830078
2015-05-18,101.33414459228516
2015-05-19,101.22364807128906
2015-05-20,101.28809356689453
2015-05-21,101.81290435791016
2015-05-22,101.71163177490234
2015-05-26,100.5423355102539
2015-05-27,102.16275787353516
2015-05-28,101.93262481689453
2015-05-29,101.32492065429688
2015-06-01,101.66559600830078
2015-06-02,101.34333801269531
2015-06-03,101.64717864990234
2015-06-04,100.873779296875
2015-06-05,100.6343994140625
2015-06-08,99.61241149902344
2015-06-09,99.4466781616211
2015-06-10,100.80928802490234
2015-06-11,100.95665740966797
2015-06-12,100.12799835205078
2015-06-15,99.63076782226562
2015-06-16,100.17403411865234
2015-06-17,100.45025634765625
2015-06-18,101.91417694091797
2015-06-19,101.41032409667969
2015-06-22,102.15779876708984
2015-06-23,102.24087524414062
2015-06-24,101.71484375
2015-06-25,101.51184844970703
2015-06-26,100.83811950683594
2015-06-29,98.45726013183594
2015-06-30,98.80792999267578
2015-07-01,99.59233856201172
2015-07-02,99.6200180053711
2015-07-06,99.38932800292969
2015-07-07,99.63847351074219
2015-07-08,97.90357208251953
2015-07-09,97.84818267822266
2015-07-10,99.34320831298828
2015-07-13,101.08734130859375
2015-07-14,101.75177001953125
2015-07-15,101.86250305175781
2015-07-16,103.3021469116211
2015-07-17,104.82479095458984
2015-07-20,105.18474578857422
2015-07-21,105.12010192871094
2015-07-22,103.9296646118164
2015-07-23,103.54208374023438
2015-07-24,102.52694702148438
2015-07-27,101.67794036865234
2015-07-28,102.55464172363281
2015-07-29,102.9422378540039
2015-07-30,103.43132781982422
2015-07-31,103.3113784790039
2015-08-03,102.98834228515625
2015-08-04,102.79457092285156
2015-08-05,103.58820343017578
2015-08-06,101.92708587646484
2015-08-07,101.79791259765625
2015-08-10,102.96067810058594
2015-08-11,101.64102172851562
2015-08-12,101.99171447753906
2015-08-13,101.82559204101562
2015-08-14,101.98248291015625
2015-08-17,102.83148193359375
2015-08-18,102.30545806884766
2015-08-19,101.63180541992188
2015-08-20,98.81716918945312
2015-08-21,94.49827575683594
2015-08-24,90.8623046875
2015-08-25,90.52085876464844
2015-08-26,95.07965850830078
2015-08-27,97.48827362060547
2015-08-28,97.46981811523438
2015-08-31,96.26087951660156
2015-09-01,93.2524642944336
2015-09-02,95.88255310058594
2015-09-03,95.41190338134766
2015-09-04,94.27682495117188
2015-09-08,96.93456268310547
2015-09-09,95.84563446044922
2015-09-10,96.88844299316406
2015-09-11,97.42367553710938
2015-09-14,97.12836456298828
2015-09-15,98.2726821899414
2015-09-16,98.82636260986328
2015-09-17,98.86328887939453
2015-09-18,97.45716094970703
2015-09-21,97.76248931884766
2015-09-22,96.30083465576172
2015-09-23,96.37483215332031
2015-09-24,96.02330017089844
2015-09-25,95.20922088623047
2015-09-28,92.49874114990234
2015-09-29,92.01769256591797
2015-09-30,94.1361312866211
2015-10-01,94.56165313720703
2015-10-02,96.21756744384766
2015-10-05,97.59593963623047
2015-10-06,97.13337707519531
2015-10-07,97.71620178222656
2015-10-08,98.10472106933594
2015-10-09,98.54878234863281
2015-10-12,98.78929138183594
2015-10-13,98.15097045898438
2015-10-14,97.99372100830078
2015-10-15,99.60332489013672
2015-10-16,100.01966094970703
2015-10-19,100.59321594238281
2015-10-20,100.07514190673828
2015-10-21,99.46460723876953
2015-10-22,101.49053192138672
2015-10-23,104.33052062988281
2015-10-26,104.39527130126953
2015-10-27,104.60806274414062
2015-10-28,105.47760009765625
2015-10-29,105.31111907958984
2015-10-30,104.83931732177734
2015-11-02,106.0234146118164
2015-11-03,106.3934555053711
2015-11-04,106.40270233154297
2015-11-05,106.11591339111328
2015-11-06,106.1899185180664
2015-11-09,105.06134796142578
2015-11-10,104.79304504394531
2015-11-11,104.6635513305664
2015-11-12,103.64595794677734
2015-11-13,101.61078643798828
2015-11-16,103.0724105834961
2015-11-17,103.13715362548828
2015-11-18,105.11685180664062
2015-11-19,105.19084167480469
2015-11-20,105.90316009521484
2015-11-23,105.59789276123047
2015-11-24,105.50536346435547
2015-11-25,105.59789276123047
2015-11-27,105.74588775634766
2015-11-30,105.47760009765625
2015-12-01,106.53223419189453
2015-12-02,105.87542724609375
2015-12-03,104.08074951171875
2015-12-04,106.51370239257812
2015-12-07,106.03268432617188
2015-12-08,106.04188537597656
2015-12-09,104.43228912353516
2015-12-10,104.9040756225586
2015-12-11,102.48960876464844
2015-12-14,103.26667785644531
2015-12-15,103.8957290649414
2015-12-16,105.44064331054688
2015-12-17,103.90499114990234
2015-12-18,101.9118423461914
2015-12-21,103.04387664794922
2015-12-22,103.72125244140625
2015-12-23,104.4914321899414
2015-12-24,104.47285461425781
2015-12-28,104.41717529296875
2015-12-29,106.05958557128906
2015-12-30,105.10382843017578
2015-12-31,103.79549407958984
2016-01-04,101.60562133789062
2016-01-05,101.4293212890625
2016-01-06,100.45501708984375
2016-01-07,97.30943298339844
2016-01-08,96.51141357421875
2016-01-11,96.80840301513672
2016-01-12,97.93112182617188
2016-01-13,94.5535659790039
2016-01-14,96.56710052490234
2016-01-15,93.5699462890625
2016-01-19,93.77410888671875
2016-01-20,93.4864730834961
2016-01-21,93.57923889160156
2016-01-22,96.28875732421875
2016-01-25,94.8597640991211
2016-01-26,95.71343994140625
2016-01-27,93.32870483398438
2016-01-28,94.6463394165039
2016-01-29,96.62279510498047
2016-02-01,96.88258361816406
2016-02-02,94.78550720214844
2016-02-03,94.33084869384766
2016-02-04,94.32157135009766
2016-02-05,91.04607391357422
2016-02-08,89.65422821044922
2016-02-09,89.3758316040039
2016-02-10,89.71918487548828
2016-02-11,89.58924102783203
2016-02-12,90.95326232910156
2016-02-16,93.00394439697266
2016-02-17,95.11029052734375
2016-02-18,94.02462768554688
2016-02-19,94.30303955078125
2016-02-22,95.83406066894531
2016-02-23,94.25662231445312
2016-02-24,95.15670013427734
2016-02-25,96.0938720703125
2016-02-26,95.9732437133789
2016-02-29,95.11029052734375
2016-03-01,98.16310119628906
2016-03-02,98.20022583007812
2016-03-03,98.0146484375
2016-03-04,98.05175018310547
2016-03-07,97.44857788085938
2016-03-08,96.64131927490234
2016-03-09,97.26303100585938
2016-03-10,97.11455535888672
2016-03-11,98.8126449584961
2016-03-14,98.97968292236328
2016-03-15,98.94254302978516
2016-03-16,99.82405090332031
2016-03-17,99.76840209960938
2016-03-18,99.9247055053711
2016-03-21,100.31559753417969
2016-03-22,100.62271118164062
2016-03-23,99.79446411132812
2016-03-24,99.82234954833984
2016-03-28,99.68277740478516
2016-03-29,101.28350067138672
2016-03-30,101.77674865722656
2016-03-31,101.62784576416016
2016-04-01,102.70741271972656
2016-04-04,102.3165283203125
2016-04-05,101.33000946044922
2016-04-06,102.99590301513672
2016-04-07,101.51614379882812
2016-04-08,101.44171142578125
2016-04-11,101.0694580078125
2016-04-12,101.91632843017578
2016-04-13,103.21923065185547
2016-04-14,103.22856903076172
2016-04-15,102.96797180175781
2016-04-18,103.51707458496094
2016-04-19,102.88424682617188
2016-04-20,102.96797180175781
2016-04-21,102.97728729248047
2016-04-22,101.4231185913086
2016-04-25,101.4231185913086
2016-04-26,100.92981719970703
2016-04-27,100.12017059326172
2016-04-28,98.91031646728516
2016-04-29,98.38914489746094
2016-05-02,99.31977844238281
2016-05-03,98.39845275878906
2016-05-04,97.76559448242188
2016-05-05,97.73765563964844
2016-05-06,98.25885772705078
2016-05-09,98.53805541992188
2016-05-10,99.88748931884766
2016-05-11,98.9847640991211
2016-05-12,98.54735565185547
2016-05-13,98.18440246582031
2016-05-16,99.41285705566406
2016-05-17,98.16578674316406
2016-05-18,98.5194320678711
2016-05-19,98.00758361816406
2016-05-20,99.08715057373047
2016-05-23,98.95684814453125
2016-05-24,100.93915557861328
2016-05-25,101.66507720947266
2016-05-26,101.96287536621094
2016-05-27,102.49334716796875
2016-05-31,102.68875122070312
2016-06-01,102.69808197021484
2016-06-02,102.91213989257812
2016-06-03,102.4281997680664
2016-06-06,102.80046081542969
2016-06-07,102.53987121582031
2016-06-08,102.71670532226562
2016-06-09,102.54920196533203
2016-06-10,101.3858871459961
2016-06-13,100.5389633178711
2016-06-14,100.5389633178711
2016-06-15,100.25045776367188
2016-06-16,100.54827880859375
2016-06-17,99.36972045898438
2016-06-20,99.99493408203125
2016-06-21,100.31217193603516
2016-06-22,100.06957244873047
2016-06-23,101.49726867675781
2016-06-24,97.31681060791016
2016-06-27,95.3852310180664
2016-06-28,97.4754409790039
2016-06-29,99.20172882080078
2016-06-30,100.34950256347656
2016-07-01,100.85338592529297
2016-07-05,100.2375259399414
2016-07-06,101.05870819091797
2016-07-07,101.35730743408203
2016-07-08,102.92498779296875
2016-07-11,103.5128402709961
2016-07-12,104.03536987304688
2016-07-13,103.78345489501953
2016-07-14,104.49263000488281
2016-07-15,104.32466125488281
2016-07-18,105.01518249511719
2016-07-19,104.63257598876953
2016-07-20,105.8550033569336
2016-07-21,105.61236572265625
2016-07-22,106.05096435546875
2016-07-25,106.060302734375
2016-07-26,106.18161010742188
2016-07-27,106.91880798339844
2016-07-28,107.29204559326172
2016-07-29,107.52532958984375
2016-08-01,108.09452056884766
2016-08-02,107.27336883544922
2016-08-03,107.62796783447266
2016-08-04,107.9359130859375
2016-08-05,108.97167205810547
2016-08-08,108.85038757324219
2016-08-09,109.10234069824219
2016-08-10,108.82238006591797
2016-08-11,109.28897857666016
2016-08-12,109.36360168457031
2016-08-15,109.83015441894531
2016-08-16,109.22364044189453
2016-08-17,109.41962432861328
2016-08-18,109.44758605957031
2016-08-19,109.41962432861328
2016-08-22,109.50357055664062
2016-08-23,109.69956970214844
2016-08-24,108.99034881591797
2016-08-25,108.81306457519531
2016-08-26,108.97167205810547
2016-08-29,109.12098693847656
2016-08-30,108.76639556884766
2016-08-31,108.6544418334961
2016-09-01,108.93435668945312
2016-09-02,109.28897857666016
2016-09-06,109.97013854980469
2016-09-07,110.03548431396484
2016-09-08,109.39160919189453
2016-09-09,106.63883972167969
2016-09-12,108.55178833007812
2016-09-13,107.58131408691406
2016-09-14,108.09452056884766
2016-09-15,109.77418518066406
2016-09-16,109.72180938720703
2016-09-19,109.24468994140625
2016-09-20,109.45052337646484
2016-09-21,110.52631378173828
2016-09-22,111.40565490722656
2016-09-23,110.6947021484375
2016-09-26,109.76856994628906
2016-09-27,110.85374450683594
2016-09-28,111.04081726074219
2016-09-29,110.23629760742188
2016-09-30,111.0595474243164
2016-10-03,110.9005355834961
2016-10-04,110.73212432861328
2016-10-05,111.12500762939453
2016-10-06,111.06887817382812
2016-10-07,110.82565307617188
2016-10-10,111.52728271484375
2016-10-11,109.93693542480469
2016-10-12,109.84341430664062
2016-10-13,109.45052337646484
2016-10-14,109.58146667480469
2016-10-17,109.28214263916016
2016-10-18,110.25497436523438
2016-10-19,110.24566650390625
2016-10-20,110.11469268798828
2016-10-21,110.52631378173828
2016-10-24,111.85469055175781
2016-10-25,111.49922180175781
2016-10-26,110.74148559570312
2016-10-27,110.23629760742188
2016-10-28,109.54405975341797
2016-10-31,109.44115447998047
2016-11-01,108.6179428100586
2016-11-02,107.74794006347656
2016-11-03,106.69087982177734
2016-11-04,106.31666564941406
2016-11-07,108.84246063232422
2016-11-08,109.55340576171875
2016-11-09,110.05857849121094
2016-11-10,108.28117370605469
2016-11-11,108.32794952392578
2016-11-14,107.23341369628906
2016-11-15,108.72086334228516
2016-11-16,109.36632537841797
2016-11-17,110.1614761352539
2016-11-18,109.74986267089844
2016-11-21,110.89114379882812
2016-11-22,111.2279281616211
2016-11-23,110.77888488769531
2016-11-25,111.13438415527344
2016-11-28,110.88179016113281
2016-11-29,111.26531982421875
2016-11-30,109.91827392578125
2016-12-01,108.01924133300781
2016-12-02,108.23435974121094
2016-12-05,109.07630920410156
2016-12-06,109.33826446533203
2016-12-07,110.7227783203125
2016-12-08,110.9192123413086
2016-12-09,111.7892074584961
2016-12-12,111.28404998779297
2016-12-13,112.687255859375
2016-12-14,112.45338439941406
2016-12-15,112.6311264038086
2016-12-16,112.21361541748047
2016-12-19,112.67333221435547
2016-12-20,113.10494995117188
2016-12-21,113.02049255371094
2016-12-22,112.70153045654297
2016-12-23,112.77658081054688
2016-12-27,113.35826110839844
2016-12-28,112.47633361816406
2016-12-29,112.31681823730469
2016-12-30,111.16278839111328
2017-01-03,112.15731048583984
2017-01-04,112.76715087890625
2017-01-05,113.4051742553711
2017-01-06,114.39971160888672
2017-01-09,114.77501678466797
2017-01-10,115.02832794189453
2017-01-11,115.33795166015625
2017-01-12,115.15971374511719
2017-01-13,115.55376434326172
2017-01-17,115.20661163330078
2017-01-18,115.441162109375
2017-01-19,115.3848648071289
2017-01-20,115.63818359375
2017-01-23,115.73201751708984
2017-01-24,116.5107192993164
2017-01-25,117.68355560302734
2017-01-26,117.8055191040039
2017-01-27,118.03073120117188
2017-01-30,117.11121368408203
2017-01-31,116.87667083740234
2017-02-01,117.68355560302734
2017-02-02,117.58033752441406
2017-02-03,117.91813659667969
2017-02-06,118.05884552001953
2017-02-07,118.49044036865234
2017-02-08,118.68749237060547
2017-02-09,119.11905670166016
2017-02-10,119.51314544677734
2017-02-13,120.18865966796875
2017-02-14,120.59210968017578
2017-02-15,121.30517578125
2017-02-16,121.26762390136719
2017-02-17,121.79307556152344
2017-02-21,122.39350128173828
2017-02-22,122.44042205810547
2017-02-23,121.98066711425781
2017-02-24,122.21524047851562
2017-02-27,122.3653564453125
2017-02-28,121.9901123046875
2017-03-01,123.32240295410156
2017-03-02,122.70316314697266
2017-03-03,122.9283447265625
2017-03-06,122.65625
2017-03-07,122.44979095458984
2017-03-08,122.66564178466797
2017-03-09,122.75944519042969
2017-03-10,123.27547454833984
2017-03-13,123.48187255859375
2017-03-14,123.18165588378906
2017-03-15,123.94164276123047
2017-03-16,123.8571548461914
2017-03-17,123.81393432617188
2017-03-20,123.92676544189453
2017-03-21,122.04640197753906
2017-03-22,122.87374114990234
2017-03-23,122.56350708007812
2017-03-24,122.81736755371094
2017-03-27,123.01477813720703
2017-03-28,123.76692199707031
2017-03-29,124.34044647216797
2017-03-30,124.54729461669922
2017-03-31,124.46263122558594
2017-04-03,124.3874740600586
2017-04-04,124.58492279052734
2017-04-05,124.07720184326172
2017-04-06,124.14299774169922
2017-04-07,124.07720184326172
2017-04-10,124.12419128417969
2017-04-11,123.58827209472656
2017-04-12,123.09000396728516
2017-04-13,122.60105895996094
2017-04-17,123.61649322509766
2017-04-18,123.42843627929688
2017-04-19,123.62591552734375
2017-04-20,124.66011810302734
2017-04-21,124.63184356689453
2017-04-24,126.13621520996094
2017-04-25,127.04821014404297
2017-04-26,126.86958312988281
2017-04-27,127.63116455078125
2017-04-28,127.85674285888672
2017-05-01,128.99436950683594
2017-05-02,129.21067810058594
2017-05-03,128.79693603515625
2017-05-04,128.84396362304688
2017-05-05,129.31405639648438
2017-05-08,129.5961456298828
2017-05-09,130.0474090576172
2017-05-10,130.1226348876953
2017-05-11,130.0191650390625
2017-05-12,130.31069946289062
2017-05-15,130.724365234375
2017-05-16,131.2696533203125
2017-05-17,127.93199920654297
2017-05-18,129.0508270263672
2017-05-19,129.5961456298828
2017-05-22,130.68673706054688
2017-05-23,130.81834411621094
2017-05-24,131.42007446289062
2017-05-25,132.5388946533203
2017-05-26,132.77398681640625
2017-05-30,132.88681030273438
2017-05-31,132.83987426757812
2017-06-01,133.35687255859375
2017-06-02,134.87997436523438
2017-06-05,134.85177612304688
2017-06-06,134.3158721923828
2017-06-07,134.8424072265625
2017-06-08,134.9834442138672
2017-06-09,131.60809326171875
2017-06-12,130.90298461914062
2017-06-13,131.9653778076172
2017-06-14,131.39190673828125
2017-06-15,130.8089599609375
2017-06-16,130.24139404296875
2017-06-19,132.419189453125
2017-06-20,131.3822021484375
2017-06-21,132.6831817626953
2017-06-22,132.64547729492188
2017-06-23,133.154541015625
2017-06-26,132.53225708007812
2017-06-27,130.12828063964844
2017-06-28,132.00436401367188
2017-06-29,129.71343994140625
2017-06-30,129.7606201171875
2017-07-03,128.39361572265625
2017-07-05,129.6569366455078
2017-07-06,128.4878692626953
2017-07-07,129.8738250732422
2017-07-10,130.7222442626953
2017-07-11,131.08993530273438
2017-07-12,132.64547729492188
2017-07-13,132.93772888183594
2017-07-14,133.98416137695312
2017-07-17,134.05015563964844
2017-07-18,134.94577026367188
2017-07-19,135.73768615722656
2017-07-20,135.91680908203125
2017-07-21,135.86026000976562
2017-07-24,136.4823760986328
2017-07-25,136.1336669921875
2017-07-26,136.57676696777344
2017-07-27,135.7188720703125
2017-07-28,135.60574340820312
2017-07-31,135.0305938720703
2017-08-01,135.34170532226562
2017-08-02,135.70938110351562
2017-08-03,135.1814422607422
2017-08-04,135.42652893066406
2017-08-07,136.28443908691406
2017-08-08,136.04879760742188
2017-08-09,135.86962890625
2017-08-10,132.95657348632812
2017-08-11,133.96534729003906
2017-08-14,135.69056701660156
2017-08-15,135.78482055664062
2017-08-16,136.02047729492188
2017-08-17,133.23941040039062
2017-08-18,133.14508056640625
2017-08-21,132.97543334960938
2017-08-22,135.00233459472656
2017-08-23,134.52154541015625
2017-08-24,134.12557983398438
2017-08-25,133.8427276611328
2017-08-28,134.25750732421875
2017-08-29,134.78555297851562
2017-08-30,136.36936950683594
2017-08-31,137.83056640625
2017-09-01,137.64207458496094
2017-09-05,136.4070281982422
2017-09-06,136.8218536376953
2017-09-07,137.1423797607422
2017-09-08,135.95455932617188
2017-09-11,137.5194854736328
2017-09-12,137.8494873046875
2017-09-13,138.0380096435547
2017-09-14,137.22726440429688
2017-09-15,137.6986541748047
2017-09-18,137.51817321777344
2017-09-19,137.75433349609375
2017-09-20,137.32920837402344
2017-09-21,136.4883575439453
2017-09-22,136.3560028076172
2017-09-25,134.91989135742188
2017-09-26,135.26950073242188
2017-09-27,136.4883575439453
2017-09-28,136.44105529785156
2017-09-29,137.4237060546875
2017-10-02,137.5465087890625
2017-10-03,137.83938598632812
2017-10-04,137.9716796875
2017-10-05,139.32276916503906
2017-10-06,139.51171875
2017-10-09,139.35116577148438
2017-10-10,139.45506286621094
2017-10-11,139.8707733154297
2017-10-12,139.6156463623047
2017-10-13,140.15423583984375
2017-10-16,140.63604736328125
2017-10-17,140.81556701660156
2017-10-18,140.64547729492188
2017-10-19,140.1258087158203
2017-10-20,140.50376892089844
2017-10-23,139.58731079101562
2017-10-24,139.8235321044922
2017-10-25,139.29443359375
2017-10-26,138.85037231445312
2017-10-27,142.8941650390625
2017-10-30,143.21539306640625
2017-10-31,143.75389099121094
2017-11-01,143.70672607421875
2017-11-02,143.43272399902344
2017-11-03,144.8121795654297
2017-11-06,145.303466796875
2017-11-07,145.38851928710938
2017-11-08,145.9742889404297
2017-11-09,145.208984375
2017-11-10,145.1995086669922
2017-11-13,145.3790740966797
2017-11-14,144.8498992919922
2017-11-15,144.16969299316406
2017-11-16,146.0120849609375
2017-11-17,145.45465087890625
2017-11-20,145.34121704101562
2017-11-21,146.9190673828125
2017-11-22,147.09857177734375
2017-11-24,147.6371307373047
2017-11-27,147.57101440429688
2017-11-28,147.94891357421875
2017-11-29,145.36956787109375
2017-11-30,146.58840942382812
2017-12-01,145.96484375
2017-12-04,144.28298950195312
2017-12-05,144.37754821777344
2017-12-06,145.02947998046875
2017-12-07,145.520751953125
2017-12-08,146.16322326660156
2017-12-11,147.29702758789062
2017-12-12,147.09857177734375
2017-12-13,147.38204956054688
2017-12-14,147.2781219482422
2017-12-15,148.9504852294922
2017-12-18,150.1992645263672
2017-12-19,149.3092498779297
2017-12-20,149.14828491210938
2017-12-21,149.16725158691406
2017-12-22,148.99685668945312
2017-12-26,148.19207763671875
2017-12-27,148.21095275878906
2017-12-28,148.39085388183594
2017-12-29,147.4724884033203
2018-01-02,150.05723571777344
2018-01-03,151.51531982421875
2018-01-04,151.78036499023438
2018-01-05,153.30479431152344
2018-01-08,153.9011993408203
2018-01-09,153.9106903076172
2018-01-10,153.55091857910156
2018-01-11,154.601806640625
2018-01-12,155.7379913330078
2018-01-16,155.29306030273438
2018-01-17,156.96884155273438
2018-01-18,156.9972686767578
2018-01-19,157.48956298828125
2018-01-22,159.17486572265625
2018-01-23,160.4909210205078
2018-01-24,159.44943237304688
2018-01-25,159.3926239013672
2018-01-26,161.83535766601562
2018-01-29,161.0494842529297
2018-01-30,159.72398376464844
2018-01-31,160.38674926757812
2018-02-01,159.02337646484375
2018-02-02,155.85162353515625
2018-02-05,149.7069091796875
2018-02-06,153.67398071289062
2018-02-07,151.6857452392578
2018-02-08,145.28536987304688
2018-02-09,147.79441833496094
2018-02-12,150.41700744628906
2018-02-13,151.19338989257812
2018-02-14,154.02426147460938
2018-02-15,156.8836669921875
2018-02-16,156.1829833984375
2018-02-20,156.4954376220703
2018-02-21,156.05044555664062
2018-02-22,156.03147888183594
2018-02-23,159.22215270996094
2018-02-26,161.33346557617188
2018-02-27,159.33583068847656
2018-02-28,158.31329345703125
2018-03-01,155.72854614257812
2018-03-02,157.15821838378906
2018-03-05,158.90029907226562
2018-03-06,159.57252502441406
2018-03-07,159.94175720214844
2018-03-08,160.82229614257812
2018-03-09,163.94668579101562
2018-03-12,164.8177032470703
2018-03-13,162.57382202148438
2018-03-14,162.54547119140625
2018-03-15,162.40342712402344
2018-03-16,161.9205322265625
2018-03-19,158.4658203125
2018-03-20,158.9873504638672
2018-03-21,158.2950897216797
2018-03-22,154.3880157470703
2018-03-23,150.31964111328125
2018-03-26,155.90525817871094
2018-03-27,150.8602294921875
2018-03-28,149.12474060058594
2018-03-29,151.85594177246094
2018-04-02,147.47467041015625
2018-04-03,149.1342315673828
2018-04-04,151.4861297607422
2018-04-05,152.34902954101562
2018-04-06,148.5368194580078
2018-04-09,149.5799560546875
2018-04-10,152.88015747070312
2018-04-11,151.99819946289062
2018-04-12,153.82847595214844
2018-04-13,153.0318603515625
2018-04-16,154.19827270507812
2018-04-17,157.51748657226562
2018-04-18,157.8399200439453
2018-04-19,156.38897705078125
2018-04-20,153.9138641357422
2018-04-23,153.52500915527344
2018-04-24,150.272216796875
2018-04-25,150.45242309570312
2018-04-26,153.619873046875
2018-04-27,153.7146759033203
2018-04-30,152.6240997314453
2018-05-01,154.3690185546875
2018-05-02,153.45855712890625
2018-05-03,153.43966674804688
2018-05-04,156.3509979248047
2018-05-07,157.6501922607422
2018-05-08,157.48898315429688
2018-05-09,159.20550537109375
2018-05-10,160.85556030273438
2018-05-11,160.70379638671875
2018-05-14,160.97885131835938
2018-05-15,159.19598388671875
2018-05-16,160.24864196777344
2018-05-17,159.63229370117188
2018-05-18,158.80718994140625
2018-05-21,159.69862365722656
2018-05-22,159.49000549316406
2018-05-23,160.836669921875
2018-05-24,160.78916931152344
2018-05-25,160.95045471191406
2018-05-29,160.23919677734375
2018-05-30,161.38665771484375
2018-05-31,161.28233337402344
2018-06-01,163.81434631347656
2018-06-04,165.2937774658203
2018-06-05,165.8058624267578
2018-06-06,166.7731475830078
2018-06-07,165.4170684814453
2018-06-08,165.42652893066406
2018-06-11,165.87225341796875
2018-06-12,166.74472045898438
2018-06-13,166.73521423339844
2018-06-14,168.42323303222656
2018-06-15,167.83531188964844
2018-06-18,167.7383575439453
2018-06-19,167.2631378173828
2018-06-20,168.4511260986328
2018-06-21,166.98756408691406
2018-06-22,166.616943359375
2018-06-25,162.86302185058594
2018-06-26,163.5282745361328
2018-06-27,161.30441284179688
2018-06-28,162.6919708251953
2018-06-29,163.1291046142578
2018-07-02,164.22201538085938
2018-07-03,162.32135009765625
2018-07-05,164.33609008789062
2018-07-06,166.89256286621094
2018-07-09,168.39410400390625
2018-07-10,168.5176544189453
2018-07-11,167.66229248046875
2018-07-12,170.55140686035156
2018-07-13,170.6939697265625
2018-07-16,170.28529357910156
2018-07-17,171.32118225097656
2018-07-18,170.99806213378906
2018-07-19,170.1427764892578
2018-07-20,170.10476684570312
2018-07-23,170.64642333984375
2018-07-24,171.3497314453125
2018-07-25,173.74462890625
2018-07-26,171.1121368408203
2018-07-27,168.80271911621094
2018-07-30,166.41734313964844
2018-07-31,167.6907958984375
2018-08-01,168.3275604248047
2018-08-02,170.617919921875
2018-08-03,171.14065551757812
2018-08-06,172.14801025390625
2018-08-07,172.7752227783203
2018-08-08,172.98434448242188
2018-08-09,172.87977600097656
2018-08-10,171.55882263183594
2018-08-13,171.3686981201172
2018-08-14,172.442626953125
2018-08-15,170.3328399658203
2018-08-16,170.89356994628906
2018-08-17,170.93154907226562
2018-08-20,170.7794952392578
2018-08-21,171.40676879882812
2018-08-22,172.07192993164062
2018-08-23,171.82489013671875
2018-08-24,173.42152404785156
2018-08-27,175.1891632080078
2018-08-28,175.44577026367188
2018-08-29,177.47003173828125
2018-08-30,177.15638732910156
2018-08-31,177.3844757080078
2018-09-04,176.6242218017578
2018-09-05,174.3433837890625
2018-09-06,172.78475952148438
2018-09-07,172.11953735351562
2018-09-10,172.69920349121094
2018-09-11,174.02972412109375
2018-09-12,173.51649475097656
2018-09-13,175.36973571777344
2018-09-14,174.85655212402344
2018-09-17,172.3380889892578
2018-09-18,173.76361083984375
2018-09-19,173.6305694580078
2018-09-20,175.55030822753906
2018-09-21,174.5904083251953
2018-09-24,175.0760040283203
2018-09-25,175.31396484375
2018-09-26,175.437744140625
2018-09-27,176.92300415039062
2018-09-28,176.8849334716797
2018-10-01,177.2467041015625
2018-10-02,176.84683227539062
2018-10-03,177.03726196289062
2018-10-04,173.63839721679688
2018-10-05,171.51522827148438
2018-10-08,170.46792602539062
2018-10-09,171.0202178955078
2018-10-10,163.498779296875
2018-10-11,161.47093200683594
2018-10-12,165.9646759033203
2018-10-15,163.95584106445312
2018-10-16,168.72567749023438
2018-10-17,168.79232788085938
2018-10-18,164.8793487548828
2018-10-19,164.72698974609375
2018-10-22,165.57435607910156
2018-10-23,164.96505737304688
2018-10-24,157.41510009765625
2018-10-25,162.86094665527344
2018-10-26,158.67184448242188
2018-10-29,155.40623474121094
2018-10-30,157.9673309326172
2018-10-31,161.680419921875
2018-11-01,163.81301879882812
2018-11-02,161.26150512695312
2018-11-05,160.86163330078125
2018-11-06,162.08023071289062
2018-11-07,167.164306640625
2018-11-08,166.0979461669922
2018-11-09,163.29891967773438
2018-11-12,158.35765075683594
2018-11-13,158.49095153808594
2018-11-14,157.2818145751953
2018-11-15,160.03329467773438
2018-11-16,159.47157287597656
2018-11-19,154.29234313964844
2018-11-20,151.5313262939453
2018-11-21,152.6833038330078
2018-11-23,151.5789337158203
2018-11-26,155.08251953125
2018-11-27,155.606201171875
2018-11-28,160.61404418945312
2018-11-29,160.09043884277344
2018-11-30,161.25198364257812
2018-12-03,164.070068359375
2018-12-04,157.77688598632812
2018-12-06,158.89083862304688
2018-12-07,153.64492797851562
2018-12-10,155.2539520263672
2018-12-11,155.76803588867188
2018-12-12,157.1389923095703
2018-12-13,157.18661499023438
2018-12-14,153.3592987060547
2018-12-17,149.88421630859375
2018-12-18,150.8268280029297
2018-12-19,147.1232147216797
2018-12-20,144.9906005859375
2018-12-21,140.49685668945312
2018-12-24,137.0127716064453
2018-12-26,145.5677490234375
2018-12-27,146.13108825683594
2018-12-28,146.05467224121094
2018-12-31,147.28636169433594
2019-01-02,147.87835693359375
2019-01-03,143.04705810546875
2019-01-04,149.16729736328125
2019-01-07,150.9431915283203
2019-01-08,152.30853271484375
2019-01-09,153.54986572265625
2019-01-10,153.989013671875
2019-01-11,153.42567443847656
2019-01-14,152.06991577148438
2019-01-15,155.03932189941406
2019-01-16,155.0106201171875
2019-01-17,156.2327423095703
2019-01-18,157.77955627441406
2019-01-22,154.61923217773438
2019-01-23,154.8197021484375
2019-01-24,155.8221893310547
2019-01-25,157.6840362548828
2019-01-28,155.7362823486328
2019-01-29,154.2659149169922
2019-01-30,158.19007873535156
2019-01-31,160.5580291748047
2019-02-01,159.8800811767578
2019-02-04,161.86605834960938
2019-02-05,163.29823303222656
2019-02-06,162.81137084960938
2019-02-07,160.62486267089844
2019-02-08,160.93992614746094
2019-02-11,160.78712463378906
2019-02-12,163.16458129882812
2019-02-13,163.27914428710938
2019-02-14,163.4796600341797
2019-02-15,164.1671142578125
2019-02-19,164.49172973632812
2019-02-20,164.463134765625
2019-02-21,163.86155700683594
2019-02-22,165.07415771484375
2019-02-25,165.67564392089844
2019-02-26,165.8475341796875
2019-02-27,165.74249267578125
2019-02-28,165.360595703125
2019-03-01,166.50631713867188
2019-03-04,166.53500366210938
2019-03-05,166.6591339111328
2019-03-06,165.71388244628906
2019-03-07,163.68016052246094
2019-03-08,163.431884765625
2019-03-11,166.8309783935547
2019-03-12,167.74758911132812
2019-03-13,169.00790405273438
2019-03-14,168.7214813232422
2019-03-15,170.28736877441406
2019-03-18,170.69288635253906
2019-03-19,171.2667999267578
2019-03-20,171.94593811035156
2019-03-21,174.63381958007812
2019-03-22,170.7981414794922
2019-03-25,170.472900390625
2019-03-26,171.2667999267578
2019-03-27,170.16677856445312
2019-03-28,170.5589599609375
2019-03-29,171.85028076171875
2019-04-01,174.1268310546875
2019-04-02,174.78683471679688
2019-04-03,175.79119873046875
2019-04-04,175.7242431640625
2019-04-05,176.63294982910156
2019-04-08,177.08250427246094
2019-04-09,176.4607696533203
2019-04-10,177.40777587890625
2019-04-11,176.98681640625
2019-04-12,177.75210571289062
2019-04-15,177.78079223632812
2019-04-16,178.39295959472656
2019-04-17,179.0147247314453
2019-04-18,179.2442626953125
2019-04-22,179.7512664794922
2019-04-23,182.03738403320312
2019-04-24,181.4634246826172
2019-04-25,182.19993591308594
2019-04-26,182.36256408691406
2019-04-29,182.7164764404297
2019-04-30,181.3008270263672
2019-05-01,180.7173309326172
2019-05-02,179.9330291748047
2019-05-03,182.80259704589844
2019-05-06,181.6834259033203
2019-05-07,178.144287109375
2019-05-08,177.69468688964844
2019-05-09,176.7381591796875
2019-05-10,176.9582061767578
2019-05-13,170.8173065185547
2019-05-14,172.6920623779297
2019-05-15,175.1312255859375
2019-05-16,176.89120483398438
2019-05-17,175.08340454101562
2019-05-20,172.127685546875
2019-05-21,173.9259796142578
2019-05-22,173.15118408203125
2019-05-23,170.50160217285156
2019-05-24,170.41552734375
2019-05-28,169.7746124267578
2019-05-29,168.37808227539062
2019-05-30,169.0859375
2019-05-31,166.38851928710938
2019-06-03,162.72499084472656
2019-06-04,167.30677795410156
2019-06-05,168.55027770996094
2019-06-06,169.889404296875
2019-06-07,173.17031860351562
2019-06-10,175.18858337402344
2019-06-11,175.4276885986328
2019-06-12,174.41378784179688
2019-06-13,175.44688415527344
2019-06-14,174.70074462890625
2019-06-17,175.75291442871094
2019-06-18,178.30686950683594
2019-06-19,178.97647094726562
2019-06-20,180.6408233642578
2019-06-21,180.3729705810547
2019-06-24,180.37875366210938
2019-06-25,177.28231811523438
2019-06-26,178.1067352294922
2019-06-27,178.78736877441406
2019-06-28,179.0175018310547
2019-07-01,181.43325805664062
2019-07-02,182.15223693847656
2019-07-03,183.52308654785156
2019-07-05,183.14918518066406
2019-07-08,181.86463928222656
2019-07-09,182.77537536621094
2019-07-10,184.59677124023438
2019-07-11,184.46255493164062
2019-07-12,185.52670288085938
2019-07-15,186.1210479736328
2019-07-16,185.1623992919922
2019-07-17,184.25164794921875
2019-07-18,184.46255493164062
2019-07-19,183.11085510253906
2019-07-22,184.56805419921875
2019-07-23,185.77589416503906
2019-07-24,187.07968139648438
2019-07-25,185.30618286132812
2019-07-26,187.21388244628906
2019-07-29,186.57159423828125
2019-07-30,185.76632690429688
2019-07-31,183.19720458984375
2019-08-01,182.28646850585938
2019-08-02,179.60223388671875
2019-08-05,173.25601196289062
2019-08-06,175.68141174316406
2019-08-07,176.63046264648438
2019-08-08,180.47463989257812
2019-08-09,178.77780151367188
2019-08-12,176.72628784179688
2019-08-13,180.5992431640625
2019-08-14,175.20204162597656
2019-08-15,175.00071716308594
2019-08-16,177.8095703125
2019-08-19,180.63755798339844
2019-08-20,179.2379608154297
2019-08-21,180.82933044433594
2019-08-22,180.24452209472656
2019-08-23,174.5406494140625
2019-08-26,177.17689514160156
2019-08-27,176.80299377441406
2019-08-28,177.4357147216797
2019-08-29,180.14865112304688
2019-08-30,179.71728515625
2019-09-03,177.97256469726562
2019-09-04,180.54173278808594
2019-09-05,183.84902954101562
2019-09-06,183.66688537597656
2019-09-09,183.28346252441406
2019-09-10,182.7561798095703
2019-09-11,184.4721221923828
2019-09-12,185.23907470703125
2019-09-13,184.57762145996094
2019-09-16,183.75314331054688
2019-09-17,184.63514709472656
2019-09-18,184.55845642089844
2019-09-19,184.86517333984375
2019-09-20,182.90957641601562
2019-09-23,182.99024963378906
2019-09-24,180.5599365234375
2019-09-25,182.58680725097656
2019-09-26,181.9143829345703
2019-09-27,179.6570281982422
2019-09-30,181.36685180664062
2019-10-01,179.88760375976562
2019-10-02,176.79452514648438
2019-10-03,178.73487854003906
2019-10-04,181.36685180664062
2019-10-07,180.8193359375
2019-10-08,178.11050415039062
2019-10-09,179.84915161132812
2019-10-10,181.24200439453125
2019-10-11,183.5762176513672
2019-10-14,183.55699157714844
2019-10-15,185.89122009277344
2019-10-16,185.43014526367188
2019-10-17,185.9199981689453
2019-10-18,184.13330078125
2019-10-21,185.7662811279297
2019-10-22,184.28707885742188
2019-10-23,184.64242553710938
2019-10-24,186.43875122070312
2019-10-25,187.9276123046875
2019-10-28,189.7815704345703
2019-10-29,188.31185913085938
2019-10-30,189.22439575195312
2019-10-31,189.3108673095703
2019-11-01,191.03025817871094
2019-11-04,192.21180725097656
2019-11-05,192.3174285888672
2019-11-06,191.8851776123047
2019-11-07,192.52879333496094
2019-11-08,193.2972412109375
2019-11-11,193.03794860839844
2019-11-12,193.5950469970703
2019-11-13,193.64306640625
2019-11-14,193.48934936523438
2019-11-15,194.9110107421875
2019-11-18,195.06475830078125
2019-11-19,195.35293579101562
2019-11-20,194.1809844970703
2019-11-21,193.7487335205078
2019-11-22,193.8735809326172
2019-11-25,196.1693878173828
2019-11-26,196.54400634765625
2019-11-27,197.91769409179688
2019-11-29,197.0147247314453
2019-12-02,194.99749755859375
2019-12-03,193.47021484375
2019-12-04,194.449951171875
2019-12-05,194.83421325683594
2019-12-06,196.9186248779297
2019-12-09,196.0253143310547
2019-12-10,195.86199951171875
2019-12-11,196.89944458007812
2019-12-12,198.36907958984375
2019-12-13,199.02232360839844
2019-12-16,201.0203399658203
2019-12-17,201.1355438232422
2019-12-18,201.289306640625
2019-12-19,202.547607421875
2019-12-20,203.36410522460938
2019-12-23,203.9012451171875
2019-12-24,204.00718688964844
2019-12-26,205.80735778808594
2019-12-27,205.63412475585938
2019-12-30,204.28636169433594
2019-12-31,204.6714630126953
2020-01-02,208.0888671875
2020-01-03,206.18276977539062
2020-01-06,207.5113067626953
2020-01-07,207.48240661621094
2020-01-08,209.04188537597656
2020-01-09,210.81321716308594
2020-01-10,210.2741241455078
2020-01-13,212.70001220703125
2020-01-14,211.862548828125
2020-01-15,211.94911193847656
2020-01-16,213.98037719726562
2020-01-17,215.03929138183594
2020-01-21,214.94302368164062
2020-01-22,215.51095581054688
2020-01-23,216.20408630371094
2020-01-24,214.38465881347656
2020-01-27,209.95645141601562
2020-01-28,213.18136596679688
2020-01-29,213.52792358398438
2020-01-30,214.2884063720703
2020-01-31,210.89019775390625
2020-02-03,214.07662963867188
2020-02-04,218.97654724121094
2020-02-05,219.69857788085938
2020-02-06,221.59506225585938
2020-02-07,220.64195251464844
2020-02-10,223.3085479736328
2020-02-11,223.3470458984375
2020-02-12,225.522705078125
2020-02-13,225.23387145996094
2020-02-14,225.87881469726562
2020-02-18,225.96551513671875
2020-02-19,228.13150024414062
2020-02-20,226.0135955810547
2020-02-21,221.67201232910156
2020-02-24,213.1236114501953
2020-02-25,207.32833862304688
2020-02-26,208.39691162109375
2020-02-27,197.96163940429688
2020-02-28,198.11570739746094
2020-03-02,208.33917236328125
2020-03-03,201.65830993652344
2020-03-04,210.0719451904297
2020-03-05,203.68951416015625
2020-03-06,200.2528076171875
2020-03-09,186.34239196777344
2020-03-10,196.48880004882812
2020-03-11,187.9307403564453
2020-03-12,170.69912719726562
2020-03-13,185.1582489013672
2020-03-16,162.97854614257812
2020-03-17,175.33912658691406
2020-03-18,170.0059814453125
2020-03-19,171.0264129638672
2020-03-20,164.32627868652344
2020-03-23,164.44491577148438
2020-03-24,177.17916870117188
2020-03-25,175.86717224121094
2020-03-26,185.1283721923828
2020-03-27,178.7612762451172
2020-03-30,185.26345825195312
2020-03-31,183.68130493164062
2020-04-01,175.87681579589844
2020-04-02,179.44622802734375
2020-04-03,176.89939880371094
2020-04-06,189.54678344726562
2020-04-07,189.46958923339844
2020-04-08,193.492431640625
2020-04-09,193.77220153808594
2020-04-13,195.8656463623047
2020-04-14,204.3840789794922
2020-04-15,202.039794921875
2020-04-16,205.72499084472656
2020-04-17,207.69300842285156
2020-04-20,205.2329864501953
2020-04-21,197.66001892089844
2020-04-22,203.52545166015625
2020-04-23,203.09133911132812
2020-04-24,206.29420471191406
2020-04-27,207.9534912109375
2020-04-28,204.03672790527344
2020-04-29,211.2720947265625
2020-04-30,211.18524169921875
2020-05-01,205.2329864501953
2020-05-04,207.6255340576172
2020-05-05,209.97938537597656
2020-05-06,211.2720947265625
2020-05-07,213.99256896972656
2020-05-08,216.9253692626953
2020-05-11,218.86434936523438
2020-05-12,214.2820281982422
2020-05-13,211.60011291503906
2020-05-14,214.00222778320312
2020-05-15,215.3914337158203
2020-05-18,219.40460205078125
2020-05-19,218.8546905517578
2020-05-20,223.2248992919922
2020-05-21,220.7938232421875
2020-05-22,221.55592346191406
2020-05-26,220.95782470703125
2020-05-27,222.16366577148438
2020-05-28,221.87428283691406
2020-05-29,225.1253662109375
2020-06-01,225.80072021484375
2020-06-02,227.31527709960938
2020-06-03,228.33787536621094
2020-06-04,226.73643493652344
2020-06-05,231.23202514648438
2020-06-08,233.02635192871094
2020-06-09,234.71458435058594
2020-06-10,237.53160095214844
2020-06-11,225.7620849609375
2020-06-12,227.5564422607422
2020-06-15,230.32518005371094
2020-06-16,234.28053283691406
2020-06-17,235.0233154296875
2020-06-18,235.66004943847656
2020-06-19,235.6214599609375
2020-06-22,238.44717407226562
2020-06-23,240.47659301757812
2020-06-24,235.51904296875
2020-06-25,237.7610626220703
2020-06-26,232.14634704589844
2020-06-29,234.67825317382812
2020-06-30,239.2782440185547
2020-07-01,242.07113647460938
2020-07-02,243.7139892578125
2020-07-06,249.70567321777344
2020-07-07,247.9854736328125
2020-07-08,251.25184631347656
2020-07-09,253.36819458007812
2020-07-10,255.09814453125
2020-07-13,249.85052490234375
2020-07-14,251.6190948486328
2020-07-15,252.1312255859375
2020-07-16,250.41111755371094
2020-07-17,250.70103454589844
2020-07-20,257.8136291503906
2020-07-21,255.1270751953125
2020-07-22,256.0257873535156
2020-07-23,249.3384246826172
2020-07-24,246.97073364257812
2020-07-27,251.37750244140625
2020-07-28,248.1787567138672
2020-07-29,251.03924560546875
2020-07-30,252.353515625
2020-07-31,256.8569641113281
2020-08-03,260.3262634277344
2020-08-04,261.2926330566406
2020-08-05,261.9400329589844
2020-08-06,265.4095153808594
2020-08-07,262.34600830078125
2020-08-10,261.2249755859375
2020-08-11,256.277099609375
2020-08-12,262.72283935546875
2020-08-13,263.3221130371094
2020-08-14,263.0128173828125
2020-08-17,266.0666198730469
2020-08-18,268.6275634765625
2020-08-19,266.8203125
2020-08-20,270.5216979980469
2020-08-21,272.39642333984375
2020-08-24,274.09735107421875
2020-08-25,276.2523498535156
2020-08-26,282.1473693847656
2020-08-27,281.26788330078125
2020-08-28,282.6982421875
2020-08-31,284.9691467285156
2020-09-01,289.8398742675781
2020-09-02,292.58441162109375
2020-09-03,277.750244140625
2020-09-04,274.04901123046875
2020-09-08,260.8771057128906
2020-09-09,268.54058837890625
2020-09-10,263.1867370605469
2020-09-11,261.3603210449219
2020-09-14,265.91204833984375
2020-09-15,269.6808776855469
2020-09-16,265.3805236816406
2020-09-17,261.23468017578125
2020-09-18,257.90057373046875
2020-09-21,258.51910400390625
2020-09-22,263.3221130371094
2020-09-23,255.2817840576172
2020-09-24,256.470458984375
2020-09-25,262.4330139160156
2020-09-28,267.88348388671875
2020-09-29,266.675537109375
2020-09-30,268.50189208984375
2020-10-01,272.7637939453125
2020-10-02,265.0905456542969
2020-10-05,270.74395751953125
2020-10-06,265.91204833984375
2020-10-07,270.511962890625
2020-10-08,271.95196533203125
2020-10-09,276.107421875
2020-10-12,284.63104248046875
2020-10-13,284.62127685546875
2020-10-14,282.2439270019531
2020-10-15,280.34979248046875
2020-10-16,278.8133239746094
2020-10-19,274.2615661621094
2020-10-20,274.8511047363281
2020-10-21,274.6385498046875
2020-10-22,274.6287841796875
2020-10-23,275.1700134277344
2020-10-26,271.04351806640625
2020-10-27,273.1599426269531
2020-10-28,262.5103454589844
2020-10-29,267.10064697265625
2020-10-30,260.3262634277344
2020-11-02,260.90606689453125
2020-11-03,265.41912841796875
2020-11-04,277.26715087890625
2020-11-05,284.4956359863281
2020-11-06,284.70831298828125
2020-11-09,278.8905944824219
2020-11-10,273.8944091796875
2020-11-11,280.021240234375
2020-11-12,278.70697021484375
2020-11-13,281.1519775390625
2020-11-16,283.3456726074219
2020-11-17,282.4468688964844
2020-11-18,280.35955810546875
2020-11-19,282.5532531738281
2020-11-20,280.6204528808594
2020-11-23,280.63018798828125
2020-11-24,284.5729675292969
2020-11-25,286.3221435546875
2020-11-27,288.96038818359375
2020-11-30,289.5498962402344
2020-12-01,293.26080322265625
2020-12-02,293.63763427734375
2020-12-03,294.0532531738281
2020-12-04,295.2515869140625
2020-12-07,296.9233703613281
2020-12-08,297.92852783203125
2020-12-09,291.18310546875
2020-12-10,292.3523864746094
2020-12-11,291.70501708984375
2020-12-14,293.8213806152344
2020-12-15,296.9621276855469
2020-12-16,298.5953369140625
2020-12-17,300.5473937988281
2020-12-18,299.6390075683594
2020-12-21,299.07843017578125
2020-12-22,299.8916320800781
2020-12-23,298.38134765625
2020-12-24,299.6981201171875
2020-12-28,302.7186584472656
2020-12-29,302.98974609375
2020-12-30,302.9993591308594
2020-12-31,303.74493408203125
2021-01-04,299.4559631347656
2021-01-05,301.92474365234375
2021-01-06,297.74249267578125
2021-01-07,304.9454040527344
2021-01-08,308.8664245605469
2021-01-11,304.4031982421875
2021-01-12,303.91925048828125
2021-01-13,305.97161865234375
2021-01-14,304.33544921875
2021-01-15,301.92474365234375
2021-01-19,306.32989501953125
2021-01-20,313.45538330078125
2021-01-21,315.96282958984375
2021-01-22,315.0527648925781
2021-01-25,317.6571350097656
2021-01-26,318.1218566894531
2021-01-27,309.2536926269531
2021-01-28,311.0833740234375
2021-01-29,304.5387268066406
2021-02-01,312.1484375
2021-02-02,317.2407531738281
2021-02-03,315.9822082519531
2021-02-04,319.7192077636719
2021-02-05,320.8035583496094
2021-02-08,322.9527893066406
2021-02-09,322.8851623535156
2021-02-10,322.1492614746094
2021-02-11,323.9210205078125
2021-02-12,325.7314453125
2021-02-16,324.85040283203125
2021-02-17,323.29168701171875
2021-02-18,321.8782043457031
2021-02-19,320.4743957519531
2021-02-22,312.167724609375
2021-02-23,311.23828125
2021-02-24,313.8039245605469
2021-02-25,302.86383056640625
2021-02-26,304.1322021484375
2021-03-01,313.28106689453125
2021-03-02,308.2563781738281
2021-03-03,299.3108825683594
2021-03-04,294.41204833984375
2021-03-05,298.8460388183594
2021-03-08,290.38458251953125
2021-03-09,301.8375549316406
2021-03-10,300.9760437011719
2021-03-11,307.9079284667969
2021-03-12,305.4100646972656
2021-03-15,308.6727294921875
2021-03-16,310.3669738769531
2021-03-17,311.64495849609375
2021-03-18,302.0990295410156
2021-03-19,303.16400146484375
2021-03-22,308.8493347167969
2021-03-23,307.5019836425781
2021-03-24,302.3158264160156
2021-03-25,301.7923278808594
2021-03-26,306.3193054199219
2021-03-29,306.2320556640625
2021-03-30,304.6907958984375
2021-03-31,309.3533935546875
2021-04-01,314.6268615722656
2021-04-05,320.9082336425781
2021-04-06,320.6853332519531
2021-04-07,321.4608154296875
2021-04-08,324.8147277832031
2021-04-09,326.7825622558594
2021-04-12,326.3560485839844
2021-04-13,330.16571044921875
2021-04-14,326.2009582519531
2021-04-15,331.14471435546875
2021-04-16,331.532470703125
2021-04-19,328.49835205078125
2021-04-20,326.10406494140625
2021-04-21,328.8958740234375
2021-04-22,324.93109130859375
2021-04-23,329.0216979980469
2021-04-26,331.1641540527344
2021-04-27,329.7294006347656
2021-04-28,328.61468505859375
2021-04-29,329.79736328125
2021-04-30,327.6356506347656
2021-05-03,325.8907470703125
2021-05-04,320.02618408203125
2021-05-05,318.95013427734375
2021-05-06,321.35406494140625
2021-05-07,323.9618225097656
2021-05-10,315.78033447265625
2021-05-11,315.3440856933594
2021-05-12,307.1820983886719
2021-05-13,309.5570373535156
2021-05-14,316.39105224609375
2021-05-17,314.4716491699219
2021-05-18,312.3487243652344
2021-05-19,312.7074279785156
2021-05-20,318.7562255859375
2021-05-21,316.99200439453125
2021-05-24,322.3234558105469
2021-05-25,322.7693786621094
2021-05-26,323.8938293457031
2021-05-27,322.6822204589844
2021-05-28,323.699951171875
2021-06-01,322.6240539550781
2021-06-02,323.25408935546875
2021-06-03,319.890380859375
2021-06-04,325.31878662109375
2021-06-07,326.2881774902344
2021-06-08,326.443359375
2021-06-09,326.5208740234375
2021-06-10,329.9233703613281
2021-06-11,330.7860412597656
2021-06-14,333.95587158203125
2021-06-15,331.7748107910156
2021-06-16,330.5631408691406
2021-06-17,334.760498046875
2021-06-18,332.1334228515625
2021-06-21,334.19769287109375
2021-06-22,337.3130187988281
2021-06-23,337.4779357910156
2021-06-24,339.56451416015625
2021-06-25,339.1472473144531
2021-06-28,343.2718200683594
2021-06-29,344.513916015625
2021-06-30,343.970458984375
2021-07-01,344.10638427734375
2021-07-02,348.0563049316406
2021-07-06,349.5606384277344
2021-07-07,350.2981262207031
2021-07-08,348.18243408203125
2021-07-09,350.35638427734375
2021-07-12,351.7247009277344
2021-07-13,351.7247009277344
2021-07-14,352.35552978515625
2021-07-15,349.8808288574219
2021-07-16,347.0469970703125
2021-07-19,344.2034606933594
2021-07-20,348.20184326171875
2021-07-21,350.89007568359375
2021-07-22,353.2096252441406
2021-07-23,357.3341979980469
2021-07-26,357.6156005859375
2021-07-27,353.6753845214844
2021-07-28,355.0341491699219
2021-07-29,355.6649169921875
2021-07-30,353.8112487792969
2021-08-02,353.84039306640625
2021-08-03,355.9851379394531
2021-08-04,356.4995422363281
2021-08-05,358.7608337402344
2021-08-06,357.1885986328125
2021-08-09,357.84857177734375
2021-08-10,356.0142822265625
2021-08-11,355.4029235839844
2021-08-12,356.6839294433594
2021-08-13,357.9358825683594
2021-08-16,358.0911865234375
2021-08-17,354.93701171875
2021-08-18,351.5209655761719
2021-08-19,353.2192687988281
2021-08-20,356.8780517578125
2021-08-23,362.2158203125
2021-08-24,363.3221130371094
2021-08-25,363.7393798828125
2021-08-26,361.4296569824219
2021-08-27,364.9428405761719
2021-08-30,369.0382385253906
2021-08-31,368.7374572753906
2021-09-01,369.34881591796875
2021-09-02,369.17413330078125
2021-09-03,370.30963134765625
2021-09-07,370.8336486816406
2021-09-08,369.54290771484375
2021-09-09,368.2715759277344
2021-09-10,365.4765930175781
2021-09-13,365.2242431640625
2021-09-14,364.1858825683594
2021-09-15,366.8934631347656
2021-09-16,367.1457824707031
2021-09-17,362.79803466796875
2021-09-20,355.3013916015625
2021-09-21,355.73858642578125
2021-09-22,359.0613708496094
2021-09-23,362.37445068359375
2021-09-24,362.7144775390625
2021-09-27,359.8192138671875
2021-09-28,349.6371765136719
2021-09-29,349.06390380859375
2021-09-30,347.7815246582031
2021-10-01,349.9383544921875
2021-10-04,342.59344482421875
2021-10-05,347.2179870605469
2021-10-06,349.4429626464844
2021-10-07,352.6490783691406
2021-10-08,350.8905334472656
2021-10-11,348.1992492675781
2021-10-12,346.9848327636719
2021-10-13,349.76348876953125
2021-10-14,356.20501708984375
2021-10-15,358.4492492675781
2021-10-18,362.0538330078125
2021-10-19,364.79364013671875
2021-10-20,364.3175964355469
2021-10-21,366.5424499511719
2021-10-22,363.4625549316406
2021-10-25,367.1836853027344
2021-10-26,368.3398132324219
2021-10-27,369.1947937011719
2021-10-28,373.2947998046875
2021-10-29,375.13104248046875
2021-11-01,376.4134826660156
2021-11-02,377.9874572753906
2021-11-03,382.00006103515625
2021-11-04,386.8967590332031
2021-11-05,387.265869140625
2021-11-08,386.7413024902344
2021-11-09,384.0791931152344
2021-11-10,378.4344787597656
2021-11-11,379.48370361328125
2021-11-12,383.47686767578125
2021-11-15,383.389404296875
2021-11-16,386.1195068359375
2021-11-17,386.3235168457031
2021-11-18,390.3263244628906
2021-11-19,392.50262451171875
2021-11-22,387.94598388671875
2021-11-23,386.17779541015625
2021-11-24,387.4214172363281
2021-11-26,380.0763854980469
2021-11-29,388.32501220703125
2021-11-30,382.6218566894531
2021-12-01,376.1123352050781
2021-12-02,378.82305908203125
2021-12-03,372.2358093261719
2021-12-06,375.21844482421875
2021-12-07,386.5177001953125
2021-12-08,388.24725341796875
2021-12-09,382.534423828125
2021-12-10,386.69268798828125
2021-12-13,381.1061706542969
2021-12-14,377.1616516113281
2021-12-15,385.75994873046875
2021-12-16,375.84027099609375
2021-12-17,373.9652404785156
2021-12-20,370.337646484375
2021-12-21,378.62591552734375
2021-12-22,383.237060546875
2021-12-23,386.12628173828125
2021-12-27,392.5078430175781
2021-12-28,390.6886291503906
2021-12-29,390.6302795410156
2021-12-30,389.4629211425781
2021-12-31,387.03094482421875
2022-01-03,390.7568359375
2022-01-04,385.6884765625
2022-01-05,373.8397216796875
2022-01-06,373.57708740234375
2022-01-07,369.5301818847656
2022-01-10,369.7733154296875
2022-01-11,375.3280944824219
2022-01-12,376.8164978027344
2022-01-13,367.3899841308594
2022-01-14,369.67608642578125
2022-01-18,360.473388671875
2022-01-19,356.5140075683594
2022-01-20,351.88348388671875
2022-01-21,342.126220703125
2022-01-24,343.69244384765625
2022-01-25,335.7251281738281
2022-01-26,335.1998291015625
2022-01-27,331.82421875
2022-01-28,342.2332763671875
2022-01-31,353.17724609375
2022-02-01,355.5801696777344
2022-02-02,358.4693298339844
2022-02-03,343.9356689453125
2022-02-04,348.27435302734375
2022-02-07,345.47265625
2022-02-08,349.3541564941406
2022-02-09,356.7572021484375
2022-02-10,348.68292236328125
2022-02-11,337.6221618652344
2022-02-14,338.0404357910156
2022-02-15,346.4454650878906
2022-02-16,346.35797119140625
2022-02-17,336.0559387207031
2022-02-18,332.22308349609375
2022-02-22,328.8862609863281
2022-02-23,320.4618225097656
2022-02-24,331.2308044433594
2022-02-25,336.3671875
2022-02-28,337.3691101074219
2022-03-01,332.2035827636719
2022-03-02,337.7777099609375
2022-03-03,332.9526672363281
2022-03-04,328.12750244140625
2022-03-07,316.0257568359375
2022-03-08,314.5569152832031
2022-03-09,325.88037109375
2022-03-10,322.261474609375
2022-03-11,315.5783386230469
2022-03-14,309.5177001953125
2022-03-15,319.226318359375
2022-03-16,331.0654296875
2022-03-17,335.0733642578125
2022-03-18,341.9316711425781
2022-03-21,340.98101806640625
2022-03-22,347.6822509765625
2022-03-23,342.685546875
2022-03-24,350.30230712890625
2022-03-25,350.01007080078125
2022-03-28,355.42559814453125
2022-03-29,361.54229736328125
2022-03-30,357.54888916015625
2022-03-31,353.1171569824219
2022-04-01,352.4451599121094
2022-04-04,359.701416015625
2022-04-05,351.7146301269531
2022-04-06,344.0783386230469
2022-04-07,344.896484375
2022-04-08,340.0751953125
2022-04-11,332.0299072265625
2022-04-12,330.6273193359375
2022-04-13,337.34796142578125
2022-04-14,329.6338195800781
2022-04-18,329.88714599609375
2022-04-19,337.2602844238281
2022-04-20,332.341552734375
2022-04-21,325.4650573730469
2022-04-22,316.9425048828125
2022-04-25,321.0138244628906
2022-04-26,308.89715576171875
2022-04-27,308.5270690917969
2022-04-28,319.4845886230469
2022-04-29,305.10833740234375
2022-05-02,310.202392578125
2022-05-03,310.53350830078125
2022-05-04,321.03326416015625
2022-05-05,304.8648376464844
2022-05-06,301.2122497558594
2022-05-09,289.4267578125
2022-05-10,292.94287109375
2022-05-11,284.25469970703125
2022-05-12,283.5826416015625
2022-05-13,294.0921936035156
2022-05-16,290.6832580566406
2022-05-17,298.2123718261719
2022-05-18,283.572998046875
2022-05-19,282.0534973144531
2022-05-20,281.1768798828125
2022-05-23,285.8521423339844
2022-05-24,279.7742614746094
2022-05-25,283.6898193359375
2022-05-26,291.55010986328125
2022-05-27,301.0661315917969
2022-05-31,300.2674865722656
2022-06-01,298.0467529296875
2022-06-02,306.2089538574219
2022-06-03,298.2415466308594
2022-06-06,299.2349548339844
2022-06-07,301.816162109375
2022-06-08,299.6441345214844
2022-06-09,291.6182556152344
2022-06-10,281.3327941894531
2022-06-13,268.2518005371094
2022-06-14,268.7388000488281
2022-06-15,275.44976806640625
2022-06-16,264.3363342285156
2022-06-17,267.550537109375
2022-06-21,274.3006896972656
2022-06-22,273.90057373046875
2022-06-23,277.9797058105469
2022-06-24,287.5042724609375
2022-06-27,285.3964538574219
2022-06-28,276.7012939453125
2022-06-29,276.95501708984375
2022-06-30,273.5199890136719
2022-07-01,275.3253173828125
2022-07-05,280.0389099121094
2022-07-06,281.83447265625
2022-07-07,287.865478515625
2022-07-08,288.2264709472656
2022-07-11,282.0687255859375
2022-07-12,279.3361511230469
2022-07-13,278.76055908203125
2022-07-14,279.755859375
2022-07-15,284.8303527832031
2022-07-18,282.4200134277344
2022-07-19,291.1053161621094
2022-07-20,295.7212829589844
2022-07-21,299.96636962890625
2022-07-22,294.70635986328125
2022-07-25,293.0278625488281
2022-07-26,287.2701416015625
2022-07-27,299.41009521484375
2022-07-28,302.3377685546875
2022-07-29,307.85150146484375
2022-08-01,307.6659851074219
2022-08-02,306.7486572265625
2022-08-03,315.1022644042969
2022-08-04,316.57586669921875
2022-08-05,313.98974609375
2022-08-08,312.974853515625
2022-08-09,309.432373046875
2022-08-10,318.0688781738281
2022-08-11,316.2635192871094
2022-08-12,322.42138671875
2022-08-15,325.0269775390625
2022-08-16,324.2657775878906
2022-08-17,320.56719970703125
2022-08-18,321.3381042480469
2022-08-19,315.07293701171875
2022-08-22,306.7779541015625
2022-08-23,306.5243225097656
2022-08-24,307.412353515625
2022-08-25,312.84796142578125
2022-08-26,300.02490234375
2022-08-29,297.0679931640625
2022-08-30,293.7597351074219
2022-08-31,292.0519714355469
2022-09-01,292.17877197265625
2022-09-02,288.05084228515625
2022-09-06,285.98193359375
2022-09-07,291.75921630859375
2022-09-08,293.2718811035156
2022-09-09,299.683349609375
2022-09-12,303.24530029296875
2022-09-13,286.6163024902344
2022-09-14,288.89007568359375
2022-09-15,284.0790100097656
2022-09-16,282.3419189453125
2022-09-19,284.54071044921875
2022-09-20,282.2724914550781
2022-09-21,277.2181701660156
2022-09-22,273.80621337890625
2022-09-23,269.34820556640625
2022-09-26,268.23370361328125
2022-09-27,268.3412170410156
2022-09-28,273.6791687011719
2022-09-29,265.78961181640625
2022-09-30,261.2826843261719
2022-10-03,267.4124450683594
2022-10-04,275.8200988769531
2022-10-05,275.67352294921875
2022-10-06,273.503173828125
2022-10-07,263.0815124511719
2022-10-10,260.4516906738281
2022-10-11,256.87353515625
2022-10-12,256.7856140136719
2022-10-13,262.80780029296875
2022-10-14,254.90850830078125
2022-10-17,263.3259582519531
2022-10-18,265.4083251953125
2022-10-19,264.44049072265625
2022-10-20,263.09130859375
2022-10-21,269.2602233886719
2022-10-24,272.222412109375
2022-10-25,277.8536071777344
2022-10-26,271.7140808105469
2022-10-27,266.7672424316406
2022-10-28,274.9304504394531
2022-10-31,271.733642578125
2022-11-01,268.9571228027344
2022-11-02,259.738037109375
2022-11-03,254.66412353515625
2022-11-04,258.76043701171875
2022-11-07,261.60528564453125
2022-11-08,263.5117492675781
2022-11-09,257.4308776855469
2022-11-10,276.4262390136719
2022-11-11,281.519775390625
2022-11-14,279.0561218261719
2022-11-15,282.9178161621094
2022-11-16,279.0561218261719
2022-11-17,278.440185546875
2022-11-18,278.449951171875
2022-11-21,275.5855407714844
2022-11-22,279.5547180175781
2022-11-23,282.36053466796875
2022-11-25,280.5029296875
2022-11-28,276.38714599609375
2022-11-29,274.2950134277344
2022-11-30,286.7989196777344
2022-12-01,287.15093994140625
2022-12-02,286.007080078125
2022-12-05,281.2069091796875
2022-12-06,275.3802185058594
2022-12-07,274.25592041015625
2022-12-08,277.5015869140625
2022-12-09,275.7322082519531
2022-12-12,279.1929626464844
2022-12-13,282.1943664550781
2022-12-14,280.10223388671875
2022-12-15,270.6972961425781
2022-12-16,268.11639404296875
2022-12-19,264.348388671875
2022-12-20,264.1426086425781
2022-12-21,267.97430419921875
2022-12-22,261.4182434082031
2022-12-23,262.0061340332031
2022-12-27,258.30194091796875
2022-12-28,254.89163208007812
2022-12-29,261.1046447753906
2022-12-30,260.9478759765625
2023-01-03,259.18389892578125
2023-01-04,260.418701171875
2023-01-05,256.34197998046875
2023-01-06,263.4173583984375
2023-01-09,265.1225280761719
2023-01-10,267.36663818359375
2023-01-11,271.9921569824219
2023-01-12,273.462158203125
2023-01-13,275.3436279296875
2023-01-17,275.9022521972656
2023-01-18,272.3155517578125
2023-01-19,269.64019775390625
2023-01-20,277.01947021484375
2023-01-23,283.1736755371094
2023-01-24,282.59552001953125
2023-01-25,281.9682922363281
2023-01-26,287.4659729003906
2023-01-27,290.3275146484375
2023-01-30,284.4573974609375
2023-01-31,288.7203369140625
2023-02-01,294.8942565917969
2023-02-02,305.47796630859375
2023-02-03,300.048828125
2023-02-06,297.5107421875
2023-02-07,303.67486572265625
2023-02-08,298.27508544921875
2023-02-09,295.6389465332031
2023-02-10,293.6986389160156
2023-02-13,298.4024658203125
2023-02-14,300.6074523925781
2023-02-15,302.910400390625
2023-02-16,297.2265319824219
2023-02-17,295.1294250488281
2023-02-21,288.14215087890625
2023-02-22,288.3577880859375
2023-02-23,290.8763427734375
2023-02-24,286.00579833984375
2023-02-27,288.0540466308594
2023-02-28,287.68157958984375
2023-03-01,285.3688659667969
2023-03-02,287.7306213378906
2023-03-03,293.6790466308594
2023-03-06,294.0122375488281
2023-03-07,290.4058837890625
2023-03-08,291.85626220703125
2023-03-09,286.7995910644531
2023-03-10,282.7718811035156
2023-03-13,284.86907958984375
2023-03-14,291.415283203125
2023-03-15,292.94403076171875
2023-03-16,300.666259765625
2023-03-17,299.2452697753906
2023-03-20,300.3072814941406
2023-03-21,304.5964050292969
2023-03-22,300.4544982910156
2023-03-23,304.017333984375
2023-03-24,305.13623046875
2023-03-27,303.04571533203125
2023-03-28,301.4360046386719
2023-03-29,306.932373046875
2023-03-30,309.8375549316406
2023-03-31,314.9903564453125
2023-04-03,314.22479248046875
2023-04-04,313.16485595703125
2023-04-05,310.0731506347656
2023-04-06,312.16363525390625
2023-04-10,311.9870300292969
2023-04-11,309.98480224609375
2023-04-12,307.24639892578125
2023-04-13,313.2629089355469
2023-04-14,312.674072265625
2023-04-17,312.93902587890625
2023-04-18,312.95867919921875
2023-04-19,312.8114929199219
2023-04-20,310.42645263671875
2023-04-21,310.7502746582031
2023-04-24,310.1025390625
2023-04-25,304.2528381347656
2023-04-26,306.09808349609375
2023-04-27,314.42120361328125
2023-04-28,316.5901794433594
2023-05-01,316.2270812988281
2023-05-02,313.46905517578125
2023-05-03,311.41778564453125
2023-05-04,310.31854248046875
2023-05-05,316.9140930175781
2023-05-08,317.6993103027344
2023-05-09,315.68731689453125
2023-05-10,319.1224670410156
2023-05-11,320.1628723144531
2023-05-12,319.01446533203125
2023-05-15,320.7419738769531
2023-05-16,321.1051025390625
2023-05-17,324.9917907714844
2023-05-18,331.0279846191406
2023-05-19,330.281982421875
2023-05-22,331.3911437988281
2023-05-23,327.19036865234375
2023-05-24,325.51202392578125
2023-05-25,333.4326477050781
2023-05-26,341.95196533203125
2023-05-30,343.50274658203125
2023-05-31,341.549560546875
2023-06-01,345.49517822265625
2023-06-02,348.0863342285156
2023-06-05,348.33172607421875
2023-06-06,348.2727966308594
2023-06-07,342.3642272949219
2023-06-08,346.6141052246094
2023-06-09,347.9391174316406
2023-06-12,353.8182373046875
2023-06-13,356.53692626953125
2023-06-14,359.1281433105469
2023-06-15,363.40740966796875
2023-06-16,361.1205749511719
2023-06-20,360.6036071777344
2023-06-21,355.6893615722656
2023-06-22,359.8861083984375
2023-06-23,356.31842041015625
2023-06-26,351.54180908203125
2023-06-27,357.5862121582031
2023-06-28,358.2840881347656
2023-06-29,357.56658935546875
2023-06-30,363.0803527832031
2023-07-03,363.93548583984375
2023-07-05,363.925537109375
2023-07-06,361.1539001464844
2023-07-07,359.95489501953125
2023-07-10,360.0728454589844
2023-07-11,361.8517761230469
2023-07-12,366.4219970703125
2023-07-13,372.64337158203125
2023-07-14,372.56475830078125
2023-07-17,376.0439453125
2023-07-18,379.1202087402344
2023-07-19,379.0317687988281
2023-07-20,370.2944030761719
2023-07-21,369.18377685546875
2023-07-24,369.7735290527344
2023-07-25,372.2796936035156
2023-07-26,371.04132080078125
2023-07-27,370.1568298339844
2023-07-28,376.89910888671875
2023-07-31,377.09564208984375
2023-08-01,376.2209167480469
2023-08-02,367.96502685546875
2023-08-03,367.3753356933594
2023-08-04,365.6553649902344
2023-08-07,368.7513122558594
2023-08-08,365.6160888671875
2023-08-09,361.5962219238281
2023-08-10,362.2646179199219
2023-08-11,359.95489501953125
2023-08-14,363.994384765625
2023-08-15,360.1318664550781
2023-08-16,356.31842041015625
2023-08-17,352.4263610839844
2023-08-18,351.9841003417969
2023-08-21,357.6550598144531
2023-08-22,357.1440124511719
2023-08-23,362.775634765625
2023-08-24,355.02105712890625
2023-08-25,357.7730407714844
2023-08-28,360.4659423828125
2023-08-29,368.3385314941406
2023-08-30,370.39263916015625
2023-08-31,371.5032043457031
2023-09-01,371.11016845703125
2023-09-05,371.5819091796875
2023-09-06,368.3089599609375
2023-09-07,365.675048828125
2023-09-08,366.1861572265625
2023-09-11,370.5008239746094
2023-09-12,366.39251708984375
2023-09-13,367.7880859375
2023-09-14,370.7955627441406
2023-09-15,364.4465026855469
2023-09-18,364.8263854980469
2023-09-19,364.0488586425781
2023-09-20,358.8027038574219
2023-09-21,352.22784423828125
2023-09-22,352.2770690917969
2023-09-25,353.9502868652344
2023-09-26,348.6352844238281
2023-09-27,349.45220947265625
2023-09-28,352.3754577636719
2023-09-29,352.6313781738281
2023-10-02,355.5743408203125
2023-10-03,349.3341064453125
2023-10-04,354.0881042480469
2023-10-05,353.0448303222656
2023-10-06,358.9602355957031
2023-10-09,360.79095458984375
2023-10-10,362.7890319824219
2023-10-11,365.3775634765625
2023-10-12,364.10791015625
2023-10-13,359.53106689453125
2023-10-16,363.5960693359375
2023-10-17,362.4051208496094
2023-10-18,357.6510925292969
2023-10-19,354.3046875
2023-10-20,349.01922607421875
2023-10-23,350.07232666015625
2023-10-24,353.47784423828125
2023-10-25,344.8262023925781
2023-10-26,338.2513427734375
2023-10-27,339.8753662109375
2023-10-30,343.70416259765625
2023-10-31,345.3478088378906
2023-11-01,351.34197998046875
2023-11-02,357.7200622558594
2023-11-03,361.9228515625
2023-11-06,363.399169921875
2023-11-07,366.8343200683594
2023-11-08,367.0705261230469
2023-11-09,364.24566650390625
2023-11-10,372.43475341796875
2023-11-13,371.2732849121094
2023-11-14,379.2655029296875
2023-11-15,379.55096435546875
2023-11-16,379.875732421875
2023-11-17,379.96435546875
2023-11-20,384.5903625488281
2023-11-21,382.3560791015625
2023-11-22,383.92108154296875
2023-11-24,383.3797607421875
2023-11-27,383.0450744628906
2023-11-28,384.04901123046875
2023-11-29,383.6750183105469
2023-11-30,382.71044921875
2023-12-01,383.8030090332031
2023-12-04,380.23992919921875
2023-12-05,381.19464111328125
2023-12-06,378.9898681640625
2023-12-07,384.2852783203125
2023-12-08,385.99786376953125
2023-12-11,389.295166015625
2023-12-12,392.3955993652344
2023-12-13,397.3857421875
2023-12-14,397.0412902832031
2023-12-15,398.96063232421875
2023-12-18,401.4734802246094
2023-12-19,403.52484130859375
2023-12-20,397.5285949707031
2023-12-21,402.15399169921875
2023-12-22,402.7555847167969
2023-12-26,405.22119140625
2023-12-27,406.04608154296875
2023-12-28,405.8487548828125
2023-12-29,404.09228515625
2024-01-02,397.25421142578125
2024-01-03,393.0506286621094
2024-01-04,391.02789306640625
2024-01-05,391.4915771484375
2024-01-08,399.58294677734375
2024-01-09,400.372314453125
2024-01-10,403.08587646484375
2024-01-11,403.924560546875
2024-01-12,404.13177490234375
2024-01-16,404.09228515625
2024-01-17,401.81292724609375
2024-01-18,407.516357421875
2024-01-19,415.59783935546875
2024-01-22,416.1405029296875
2024-01-23,417.8673095703125
2024-01-24,420.1861572265625
2024-01-25,420.69927978515625
2024-01-26,418.1929016113281
2024-01-29,422.47540283203125
2024-01-30,419.66314697265625
2024-01-31,411.443603515625
2024-02-01,416.28851318359375
2024-02-02,423.32403564453125
2024-02-05,422.771484375
2024-02-06,421.9228210449219
2024-02-07,426.2645263671875
2024-02-08,427.0539245605469
2024-02-09,431.2574157714844
2024-02-12,429.5701599121094
2024-02-13,422.8701171875
2024-02-14,427.4782409667969
2024-02-15,428.7511291503906
2024-02-16,424.8633728027344
2024-02-20,421.6564025878906
2024-02-21,419.96905517578125
2024-02-22,432.263916015625
2024-02-23,430.9910583496094
2024-02-26,430.7640686035156
2024-02-27,431.8001708984375
2024-02-28,429.5010070800781
2024-02-29,433.181640625
2024-03-01,439.7040710449219
2024-03-04,438.1350402832031
2024-03-05,430.2707214355469
2024-03-06,432.9743957519531
2024-03-07,439.54620361328125
2024-03-08,433.2013244628906
2024-03-11,431.593017578125
2024-03-12,437.7798156738281
2024-03-13,434.4150695800781
2024-03-14,433.31976318359375
2024-03-15,428.1689758300781
2024-03-18,432.25262451171875
2024-03-19,433.3295593261719
2024-03-20,438.4674072265625
2024-03-21,440.5423278808594
2024-03-22,441.0461730957031
2024-03-25,439.44561767578125
2024-03-26,438.0227355957031
2024-03-27,439.5147399902344
2024-03-28,438.7045593261719
2024-04-01,439.6333312988281
2024-04-02,435.83917236328125
2024-04-03,436.81732177734375
2024-04-04,430.1381530761719
2024-04-05,435.206787109375
2024-04-08,435.3353271484375
2024-04-09,436.9458312988281
2024-04-10,433.1319274902344
2024-04-11,440.0483093261719
2024-04-12,433.0331115722656
2024-04-15,425.90924072265625
2024-04-16,425.9488220214844
2024-04-17,420.7516784667969
2024-04-18,418.3507385253906
2024-04-19,409.69537353515625
2024-04-22,413.8155822753906
2024-04-23,419.9908752441406
2024-04-24,421.41363525390625
2024-04-25,419.3782653808594
2024-04-26,425.8499755859375
2024-04-29,427.5791015625
2024-04-30,419.5165710449219
2024-05-01,416.4833068847656
2024-05-02,421.79901123046875
2024-05-03,430.2765197753906
2024-05-06,434.989501953125
2024-05-07,435.05865478515625
2024-05-08,434.8017578125
2024-05-09,435.7502746582031
2024-05-10,436.77783203125
2024-05-13,437.78564453125
2024-05-14,440.60162353515625
2024-05-15,447.4883117675781
2024-05-16,446.579345703125
2024-05-17,446.3619689941406
2024-05-20,449.4743347167969
2024-05-21,450.3536682128906
2024-05-22,450.2647705078125
2024-05-23,448.2392883300781
2024-05-24,452.47802734375
2024-05-28,454.18731689453125
2024-05-29,450.9860534667969
2024-05-30,446.1544494628906
2024-05-31,445.324462890625
2024-06-03,447.7156066894531
2024-06-04,448.94073486328125
2024-06-05,457.9913024902344
2024-06-06,457.8332214355469
2024-06-07,457.4281311035156
2024-06-10,459.2757263183594
2024-06-11,462.4277038574219
2024-06-12,468.484375
2024-06-13,471.02374267578125
2024-06-14,473.46417236328125
2024-06-17,479.2640380859375
2024-06-18,479.4122619628906
2024-06-20,475.7169189453125
2024-06-21,474.4423522949219
2024-06-24,469.0409851074219
2024-06-25,474.4047546386719
2024-06-26,475.3844909667969
2024-06-27,476.61163330078125
2024-06-28,474.1375427246094
2024-07-01,476.9184265136719
2024-07-02,481.9258728027344
2024-07-03,485.9437561035156
2024-07-05,491.0106201171875
2024-07-08,492.1783447265625
2024-07-09,492.6038818359375
2024-07-10,497.739990234375
2024-07-11,486.8244934082031
2024-07-12,489.68450927734375
2024-07-15,491.0007019042969
2024-07-16,491.1886901855469
2024-07-17,476.7699279785156
2024-07-18,474.5135803222656
2024-07-19,470.3077392578125
2024-07-22,477.3142395019531
2024-07-23,475.63189697265625
2024-07-24,458.57080078125
2024-07-25,453.5138244628906
2024-07-26,458.16510009765625
2024-07-29,459.08544921875
2024-07-30,452.7815246582031
2024-07-31,466.1809997558594
2024-08-01,454.8894348144531
2024-08-02,444.0926208496094
2024-08-05,430.85150146484375
2024-08-06,434.96832275390625
2024-08-07,430.2577209472656
2024-08-08,443.4197082519531
2024-08-09,445.73541259765625
2024-08-12,446.6954040527344
2024-08-13,457.7790832519531
2024-08-14,457.9275817871094
2024-08-15,469.4962463378906
2024-08-16,470.09991455078125
2024-08-19,476.275146484375
2024-08-20,475.2756652832031
2024-08-21,477.49237060546875
2024-08-22,469.9217529296875
2024-08-23,475.0182800292969
2024-08-26,470.4066467285156
2024-08-27,471.81195068359375
2024-08-28,466.4580993652344
2024-08-29,465.7752380371094
2024-08-30,471.3270568847656
2024-09-03,457.01708984375
2024-09-04,455.82952880859375
2024-09-05,456.2551574707031
2024-09-06,444.03326416015625
2024-09-09,449.74334716796875
2024-09-10,453.8998107910156
2024-09-11,463.75640869140625
2024-09-12,468.3086853027344
2024-09-13,470.4066467285156
2024-09-16,468.32843017578125
2024-09-17,468.5758972167969
2024-09-18,466.5471496582031
2024-09-19,478.3434753417969
2024-09-20,477.43304443359375
2024-09-23,478.69854736328125
2024-09-24,481.007568359375
2024-09-25,481.45355224609375
2024-09-26,485.0707092285156
2024-09-27,482.3751525878906
2024-09-30,483.6833190917969
2024-10-01,476.9444274902344
2024-10-02,477.61834716796875
2024-10-03,477.26153564453125
2024-10-04,482.9400329589844
2024-10-07,477.7669982910156
2024-10-08,484.9022521972656
2024-10-09,488.7176513671875
2024-10-10,488.16265869140625
2024-10-11,488.92572021484375
2024-10-14,493.028564453125
2024-10-15,486.43829345703125
2024-10-16,486.4977722167969
2024-10-17,486.8346862792969
2024-10-18,490.02581787109375
2024-10-21,490.9672546386719
2024-10-22,491.50238037109375
2024-10-23,483.9706726074219
2024-10-24,487.8951416015625
2024-10-25,490.8681640625
2024-10-28,490.94744873046875
2024-10-29,495.6646423339844
2024-10-30,491.9186096191406
2024-10-31,479.5012512207031
2024-11-01,483.049072265625
2024-11-04,481.641845703125
2024-11-05,487.7861022949219
2024-11-06,501.0359191894531
2024-11-07,508.9243469238281
2024-11-08,509.51904296875
2024-11-11,509.2216491699219
2024-11-12,508.3000183105469
2024-11-13,507.64599609375
2024-11-14,504.11798095703125
2024-11-15,492.1069030761719
2024-11-18,495.5259094238281
2024-11-19,498.9349670410156
2024-11-20,498.64764404296875
2024-11-21,500.4413757324219
2024-11-22,501.2440185546875
2024-11-25,502.036865234375
2024-11-26,504.732421875
2024-11-27,500.75848388671875
2024-11-29,505.1585388183594
2024-12-02,510.6586608886719
2024-12-03,512.2244873046875
2024-12-04,518.5570068359375
2024-12-05,517.1199951171875
2024-12-06,521.748046875
2024-12-09,517.6849365234375
2024-12-10,515.9209594726562
2024-12-11,525.1571044921875
2024-12-12,521.7678833007812
2024-12-13,525.7617797851562
2024-12-16,533.3330078125
2024-12-17,530.984375
2024-12-18,511.8280334472656
2024-12-19,509.5486755371094
2024-12-20,513.9984130859375
2024-12-23,519.006103515625
2024-12-24,526.043701171875
2024-12-26,525.686279296875
2024-12-27,518.6983642578125
2024-12-30,511.7998046875
2024-12-31,507.4521179199219
2025-01-02,506.45953369140625
2025-01-03,514.747802734375
2025-01-06,520.6637573242188
2025-01-07,511.3729248046875
2025-01-08,511.4623107910156
2025-01-10,503.44195556640625
2025-01-13,501.82403564453125
2025-01-14,501.3475646972656
2025-01-15,512.8816528320312
2025-01-16,509.2884216308594
2025-01-17,517.8843994140625
2025-01-21,520.9218139648438
2025-01-22,527.582275390625
2025-01-23,528.703857421875
2025-01-24,525.7161865234375
2025-01-27,510.41009521484375
2025-01-28,517.953857421875
2025-01-29,516.981201171875
2025-01-30,519.1847534179688
2025-01-31,518.4302978515625
2025-02-03,514.28125
2025-02-04,520.59423828125
2025-02-05,522.9566650390625
2025-02-06,525.686279296875
2025-02-07,519.0556640625
2025-02-10,525.3389892578125
2025-02-11,524.0882568359375
2025-02-12,524.39599609375
2025-02-13,531.93994140625
2025-02-14,534.173095703125
2025-02-18,535.3840942382812
2025-02-19,535.5330200195312
2025-02-20,533.2599487304688
2025-02-21,522.1924438476562
2025-02-24,516.0282592773438
2025-02-25,509.52667236328125
2025-02-26,510.7574768066406
2025-02-27,496.5730895996094
2025-02-28,504.41473388671875
2025-03-03,493.37689208984375
2025-03-04,491.8879699707031
2025-03-05,498.30023193359375
2025-03-06,484.59234619140625
2025-03-07,488.15576171875
2025-03-10,469.2366638183594
2025-03-11,468.1149597167969
2025-03-12,473.3956604003906
2025-03-13,464.8790283203125
2025-03-14,476.11541748046875
2025-03-17,479.202392578125
2025-03-18,471.0332336425781
2025-03-19,477.3363342285156
2025-03-20,475.7183837890625
2025-03-21,477.28668212890625
2025-03-24,487.7604064941406
2025-03-25,490.54388427734375
2025-03-26,481.5175476074219
2025-03-27,478.7738342285156
2025-03-28,466.16876220703125
2025-03-31,466.1488952636719
2025-04-01,469.90655517578125
2025-04-02,473.336181640625
2025-04-03,447.99676513671875
2025-04-04,420.1722106933594
2025-04-07,421.1861572265625
2025-04-08,413.6012268066406
2025-04-09,463.2461853027344
2025-04-10,443.5433044433594
2025-04-11,451.7147216796875
2025-04-14,454.7764892578125
2025-04-15,455.2834777832031
2025-04-16,441.5550842285156
2025-04-17,441.4755554199219
2025-04-21,430.5505065917969
2025-04-22,441.8533020019531
2025-04-23,451.8737487792969
2025-04-24,464.5881652832031
2025-04-25,469.76739501953125
2025-04-28,469.6182556152344
2025-04-29,472.7198486328125
2025-04-30,472.66015625
2025-05-01,478.83349609375
2025-05-02,485.94122314453125
2025-05-05,483.0583801269531
2025-05-06,478.5650939941406
2025-05-07,480.44384765625
2025-05-08,485.4044189453125
2025-05-09,485.0863037109375
2025-05-12,504.84881591796875
2025-05-13,512.5430908203125
2025-05-14,515.6148071289062
2025-05-15,516.1814575195312
2025-05-16,518.4281005859375
2025-05-19,518.9251098632812
2025-05-20,517.1954956054688
2025-05-21,510.0081481933594
2025-05-22,510.9625244140625
2025-05-23,506.2305908203125
2025-05-27,518.1398315429688
2025-05-28,515.8433837890625
2025-05-29,516.8574829101562
2025-05-30,516.0422973632812
2025-06-02,520.1181030273438
2025-06-03,524.183837890625
2025-06-04,525.6452026367188
2025-06-05,521.6886596679688
2025-06-06,526.788330078125
2025-06-09,527.5638427734375
2025-06-10,531.0530395507812
2025-06-11,529.2636108398438
2025-06-12,530.50634765625
2025-06-13,523.8458862304688
2025-06-16,531.132568359375
2025-06-17,525.953369140625
2025-06-18,525.8638916015625
2025-06-20,523.7167358398438
2025-06-23,529.1017456054688
2025-06-24,537.1928100585938
2025-06-25,538.566162109375
2025-06-26,543.6018676757812
2025-06-27,545.4629516601562
2025-06-30,548.9959716796875
2025-07-01,544.3681640625
2025-07-02,548.1599731445312
2025-07-03,553.553955078125
2025-07-07,549.3840942382812
2025-07-08,549.6925659179688
2025-07-09,553.5838012695312
2025-07-10,552.7877197265625
2025-07-11,551.543701171875
2025-07-14,553.5440063476562
2025-07-15,554.0515747070312
2025-07-16,554.6188354492188
2025-07-17,559.1072387695312
2025-07-18,558.56982421875
2025-07-21,561.4658203125
2025-07-22,558.5598754882812
2025-07-23,561.107666015625
2025-07-24,562.3018798828125
2025-07-25,563.6553344726562
2025-07-28,565.4169311523438
2025-07-29,564.5410766601562
2025-07-30,565.2974243164062
2025-07-31,562.3018798828125
2025-08-01,551.2251586914062
2025-08-04,561.3961791992188
2025-08-05,557.5845336914062
2025-08-06,564.6007690429688
2025-08-07,566.5115356445312
2025-08-08,571.796142578125
2025-08-11,570.104248046875
2025-08-12,577.269775390625
2025-08-13,577.558349609375
2025-08-14,577.1105346679688
2025-08-15,574.57275390625
2025-08-18,574.3438110351562
2025-08-19,566.5513916015625
2025-08-20,563.1876220703125
2025-08-21,560.5802001953125
2025-08-22,569.2284545898438
2025-08-25,567.58642578125
2025-08-26,569.8653564453125
2025-08-27,570.7412109375
2025-08-28,574.3140258789062
2025-08-29,567.666015625
2025-09-02,562.9088745117188
2025-09-03,567.3375854492188
2025-09-04,572.4728393554688
2025-09-05,573.2988891601562
2025-09-08,576.095458984375
2025-09-09,577.7275390625
2025-09-10,577.9166259765625
2025-09-11,581.2804565429688
2025-09-12,583.8480834960938
2025-09-15,588.843994140625
2025-09-16,588.3463134765625
2025-09-17,587.1720581054688
2025-09-18,592.466552734375
2025-09-19,596.4771728515625
2025-09-22,600.0083618164062
2025-09-23,596.02294921875
2025-09-24,593.9305419921875
2025-09-25,591.3699340820312
2025-09-26,593.801025390625
2025-09-29,596.5509643554688
2025-09-30,598.1849975585938
2025-10-01,601.0545043945312
2025-10-02,603.5255126953125
2025-10-03,600.9848022460938
2025-10-06,605.498291015625
2025-10-07,602.3099975585938
2025-10-08,609.2147216796875
2025-10-09,608.4774169921875
2025-10-10,587.3546142578125
2025-10-13,599.8190307617188
2025-10-14,595.8236694335938
2025-10-15,600.0282592773438
2025-10-16,597.806396484375
2025-10-17,601.7320556640625
2025-10-20,609.3143310546875
2025-10-21,609.1549682617188
2025-10-22,603.286376953125
2025-10-23,608.35791015625
2025-10-24,614.8541259765625
2025-10-27,625.80419921875
2025-10-28,630.6165161132812
2025-10-29,633.4561767578125
2025-10-30,623.7715454101562
2025-10-31,626.780517578125
2025-11-03,629.7796020507812
2025-11-04,616.996337890625
2025-11-05,621.0116577148438
2025-11-06,609.4439086914062
2025-11-07,607.5209350585938
2025-11-10,620.9617919921875
2025-11-11,619.307861328125
2025-11-12,618.8197021484375
2025-11-13,606.1858520507812
2025-11-14,606.64404296875
2025-11-17,601.4630126953125
2025-11-18,594.1397705078125
2025-11-19,597.686767578125
2025-11-20,583.5385131835938
2025-11-21,587.9224853515625
2025-11-24,602.9575805664062
2025-11-25,606.6740112304688
2025-11-26,612.034423828125
2025-11-28,616.996337890625
2025-12-01,614.923828125
2025-12-02,619.7362670898438
2025-12-03,621.2507934570312
2025-12-04,620.6729125976562
2025-12-05,623.20361328125
2025-12-08,622.0079956054688
2025-12-09,622.775146484375
2025-12-10,625.3258666992188
2025-12-11,623.3032836914062
2025-12-12,611.3867797851562
2025-12-15,608.3179931640625
2025-12-16,609.5235595703125
2025-12-17,598.2247924804688
2025-12-18,606.8931884765625
2025-12-19,614.8043212890625
2025-12-22,617.7513427734375
2025-12-23,620.6444702148438
2025-12-24,622.460205078125
2025-12-26,622.4203491210938
2025-12-29,619.4074096679688
2025-12-30,617.9707641601562
2025-12-31,612.8628540039062
2026-01-02,611.6756591796875
2026-01-05,616.5341796875
2026-01-06,621.951416015625
2026-01-07,622.550048828125
2026-01-08,619.0083618164062
2026-01-09,625.173828125
2026-01-12,625.6925659179688
2026-01-13,624.7647705078125
2026-01-14,618.0905151367188
2026-01-15,620.3153076171875
2026-01-16,619.7965087890625
2026-01-20,606.6276245117188
2026-01-21,614.8282470703125
2026-01-22,619.2976684570312
2026-01-23,621.2530517578125
2026-01-26,623.9866333007812
2026-01-27,629.6432495117188
2026-01-28,631.728271484375
2026-01-29,627.9472045898438
2026-01-30,620.405029296875
2026-02-02,624.6650390625
2026-02-03,615.0676879882812
2026-02-04,604.322998046875
2026-02-05,595.6235961914062
2026-02-06,608.2138671875
2026-02-09,612.8728637695312
2026-02-10,610.029541015625
2026-02-11,611.6657104492188
2026-02-12,599.22509765625
2026-02-13,600.5020141601562
2026-02-17,599.8834838867188
2026-02-18,604.3629760742188
2026-02-19,602.04833984375
2026-02-20,607.3757934570312
2026-02-23,599.9932250976562
2026-02-24,606.4380493164062
2026-02-25,615.227294921875
2026-02-26,607.8048095703125
2026-02-27,605.8594360351562
2026-03-02,606.6575317382812
2026-03-03,600.162841796875
2026-03-04,609.3112182617188
2026-03-05,607.4755859375
2026-03-06,598.337158203125
2026-03-09,606.3283081054688
2026-03-10,606.3383178710938
2026-03-11,606.2584228515625
2026-03-12,595.85302734375
2026-03-13,592.3213500976562
2026-03-16,598.9656982421875
2026-03-17,601.8887939453125
2026-03-18,593.4986572265625
2026-03-19,591.623046875
2026-03-20,580.6888427734375
2026-03-23,587.3545532226562
2026-03-24,583.3389282226562
2026-03-25,587.1747436523438
2026-03-26,573.1600952148438
2026-03-27,561.9624633789062
2026-03-30,557.6671752929688
2026-03-31,576.54638671875
2026-04-01,583.6685791015625
2026-04-02,584.3378295898438
2026-04-06,587.85400390625
2026-04-07,587.9439086914062
2026-04-08,605.4246826171875
2026-04-09,609.5202026367188
2026-04-10,610.3992309570312
2026-04-13,616.7122802734375
2026-04-14,627.909912109375
2026-04-15,636.7003173828125
2026-04-16,639.7669067382812
2026-04-17,648.1376953125
2026-04-20,646.0799560546875
2026-04-21,643.6226806640625
2026-04-22,654.390869140625
2026-04-23,650.7048950195312
2026-04-24,663.1512451171875
2026-04-27,663.5008544921875
2026-04-28,656.8281860351562
2026-04-29,660.84375
2026-04-30,667.0069580078125
2026-05-01,673.4099731445312
2026-05-04,672.141357421875
2026-05-05,680.8617553710938
2026-05-06,695.0062255859375
2026-05-07,694.1771240234375
2026-05-08,710.44921875
2026-05-11,712.5069580078125
2026-05-12,706.463623046875
2026-05-13,713.9254760742188
2026-05-14,718.9998168945312
2026-05-15,708.1517944335938
2026-05-18,705.1051025390625
2026-05-19,700.7599487304688
2026-05-20,712.3671875
2026-05-21,713.7256469726562
2026-05-22,716.7523193359375
2026-05-26,729.4783935546875
2026-05-27,728.6492919921875
2026-05-28,734.79248046875
2026-05-29,737.49951171875
2026-06-01,741.9246826171875
2026-06-02,745.3408813476562
2026-06-03,743.39306640625
2026-06-04,739.7969970703125
2026-06-05,704.2860107421875
2026-06-08,715.283935546875
2026-06-09,707.052978515625
2026-06-10,692.9285278320312
2026-06-11,716.332763671875
2026-06-12,720.5481567382812
2026-06-15,743.1832885742188
2026-06-16,729.0587768554688
2026-06-17,721.7168579101562
2026-06-18,739.8070068359375
2026-06-22,737.9500122070312
2026-06-23,713.6500244140625
2026-06-24,710.6199951171875
2026-06-25,716.3800048828125
2026-06-26,706.52001953125
2026-06-29,724.0800170898438
2026-06-30,736.4000244140625
2026-07-01,725.1699829101562
2026-07-02,712.5999755859375
2026-07-06,722.8200073242188
2026-07-07,709.4299926757812
2026-07-08,711.4400024414062
2026-07-09,723.280029296875
2026-07-10,725.510009765625
2026-07-13,711.739990234375
2026-07-14,719.6900024414062
2026-07-15,717.739990234375
2026-07-16,705.9400024414062
2026-07-17,695.3300170898438
2026-07-20,696.0599975585938
2026-07-21,708.969970703125
2026-07-22,705.3499755859375
2026-07-23,691.9600219726562
2026-07-24,684.22998046875
2026-07-27,682.1199951171875
2026-07-28,675.489990234375
2026-07-29,661.72998046875
2026-07-30,683.5499877929688
2026-07-31,687.989990234375
2026-08-03,700.0700073242188
2026-08-04,723.8499755859375
2026-08-05,717.2999877929688
2026-08-06,714.6500244140625
2026-08-07,723.030029296875
2026-08-10,720.8699951171875
2026-08-11,718.4500122070312
2026-08-12,723.7000122070312
2026-08-13,732.0700073242188
2026-08-14,731.0700073242188
2026-08-17,729.8699951171875
2026-08-18,717.510009765625
2026-08-19,716.0800170898438
2026-08-20,710.9299926757812
2026-08-21,713.4400024414062
2026-08-24,706.3200073242188
2026-08-25,710.719970703125
2026-08-26,711.3699951171875
2026-08-27,721.1099853515625
2026-08-28,716.4299926757812
2026-08-31,716.760009765625
2026-09-01,707.6400146484375
2026-09-02,709.239990234375
2026-09-03,717.6699829101562
2026-09-04,718.9600219726562
2026-09-08,718.3599853515625
2026-09-09,716.3099975585938
2026-09-10,708.6900024414062
2026-09-11,714.8800048828125
2026-09-14,709.1799926757812
2026-09-15,704.5399780273438
2026-09-16,704.719970703125
2026-09-17,716.9199829101562
2026-09-18,721.4500122070312
