date,close
1993-01-29,24.053531646728516
1993-02-01,24.2246150970459
1993-02-02,24.27592658996582
1993-02-03,24.532546997070312
1993-02-04,24.63518714904785
1993-02-05,24.618087768554688
1993-02-08,24.618087768554688
1993-02-09,24.447019577026367
1993-02-10,24.481229782104492
1993-02-11,24.600984573364258
1993-02-12,24.412778854370117
1993-02-16,23.796905517578125
1993-02-17,23.779800415039062
1993-02-18,23.762691497802734
1993-02-19,23.84823989868164
1993-02-22,23.933786392211914
1993-02-23,23.916671752929688
1993-02-24,24.2246150970459
1993-02-25,24.27592658996582
1993-02-26,24.310161590576172
1993-03-01,24.241714477539062
1993-03-02,24.600984573364258
1993-03-03,24.703622817993164
1993-03-04,24.566755294799805
1993-03-05,24.49833869934082
1993-03-08,25.04578971862793
1993-03-09,24.960243225097656
1993-03-10,25.01156234741211
1993-03-11,24.94313621520996
1993-03-12,24.686527252197266
1993-03-15,24.806278228759766
1993-03-16,24.806278228759766
1993-03-17,24.652311325073242
1993-03-18,24.806278228759766
1993-03-19,24.76873779296875
1993-03-22,24.6312313079834
1993-03-23,24.68277931213379
1993-03-24,24.68277931213379
1993-03-25,24.83748435974121
1993-03-26,24.699970245361328
1993-03-29,24.803117752075195
1993-03-30,24.871862411499023
1993-03-31,24.85468101501465
1993-04-01,24.76873779296875
1993-04-02,24.253084182739258
1993-04-05,24.373397827148438
1993-04-06,24.30463218688965
1993-04-07,24.390581130981445
1993-04-08,24.356210708618164
1993-04-12,24.699970245361328
1993-04-13,24.751535415649414
1993-04-14,24.717166900634766
1993-04-15,24.717166900634766
1993-04-16,24.717166900634766
1993-04-19,24.614042282104492
1993-04-20,24.493715286254883
1993-04-21,24.476524353027344
1993-04-22,24.167131423950195
1993-04-23,24.06399917602539
1993-04-26,23.874919891357422
1993-04-27,24.132766723632812
1993-04-28,24.08118438720703
1993-04-29,24.1843204498291
1993-04-30,24.218700408935547
1993-05-03,24.373397827148438
1993-05-04,24.459331512451172
1993-05-05,24.52808380126953
1993-05-06,24.442136764526367
1993-05-07,24.390581130981445
1993-05-10,24.442136764526367
1993-05-11,24.545276641845703
1993-05-12,24.510910034179688
1993-05-13,24.218700408935547
1993-05-14,24.201507568359375
1993-05-17,24.287445068359375
1993-05-18,24.2702579498291
1993-05-19,24.76873779296875
1993-05-20,24.83748435974121
1993-05-21,24.614042282104492
1993-05-24,24.717166900634766
1993-05-25,24.76873779296875
1993-05-26,25.078126907348633
1993-05-27,24.99217987060547
1993-05-28,24.871862411499023
1993-06-01,25.112504959106445
1993-06-02,25.078126907348633
1993-06-03,24.99217987060547
1993-06-04,24.906232833862305
1993-06-07,24.820293426513672
1993-06-08,24.596843719482422
1993-06-09,24.68277931213379
1993-06-10,24.699970245361328
1993-06-11,24.803117752075195
1993-06-14,24.76873779296875
1993-06-15,24.717166900634766
1993-06-16,24.76873779296875
1993-06-17,24.85468101501465
1993-06-18,24.64999771118164
1993-06-21,24.701927185058594
1993-06-22,24.71923065185547
1993-06-23,24.49420738220215
1993-06-24,24.823102951049805
1993-06-25,24.805795669555664
1993-06-28,25.082740783691406
1993-06-29,24.96157455444336
1993-06-30,24.96157455444336
1993-07-01,24.8923397064209
1993-07-02,24.75385856628418
1993-07-06,24.49420738220215
1993-07-07,24.56344223022461
1993-07-08,24.840408325195312
1993-07-09,24.909650802612305
1993-07-12,24.8923397064209
1993-07-13,24.875022888183594
1993-07-14,24.96157455444336
1993-07-15,24.857723236083984
1993-07-16,24.78848648071289
1993-07-19,24.77117919921875
1993-07-20,24.840408325195312
1993-07-21,24.823102951049805
1993-07-22,24.64999771118164
1993-07-23,24.77117919921875
1993-07-26,24.909650802612305
1993-07-27,24.8923397064209
1993-07-28,24.840408325195312
1993-07-29,24.978904724121094
1993-07-30,24.840408325195312
1993-08-02,24.909650802612305
1993-08-03,24.926956176757812
1993-08-04,24.926956176757812
1993-08-05,24.875022888183594
1993-08-06,24.909650802612305
1993-08-09,25.048131942749023
1993-08-10,25.030824661254883
1993-08-11,25.030824661254883
1993-08-12,24.96157455444336
1993-08-13,24.996206283569336
1993-08-16,25.134685516357422
1993-08-17,25.221237182617188
1993-08-18,25.359722137451172
1993-08-19,25.359722137451172
1993-08-20,25.377042770385742
1993-08-23,25.325109481811523
1993-08-24,25.60206413269043
1993-08-25,25.619382858276367
1993-08-26,25.63668441772461
1993-08-27,25.619382858276367
1993-08-30,25.723237991333008
1993-08-31,25.79248809814453
1993-09-01,25.757858276367188
1993-09-02,25.671308517456055
1993-09-03,25.68861961364746
1993-09-07,25.515506744384766
1993-09-08,25.428970336914062
1993-09-09,25.480884552001953
1993-09-10,25.705947875976562
1993-09-13,25.723237991333008
1993-09-14,25.619382858276367
1993-09-15,25.68861961364746
1993-09-16,25.58475685119629
1993-09-17,25.5351505279541
1993-09-20,25.326128005981445
1993-09-21,25.239038467407227
1993-09-22,25.448057174682617
1993-09-23,25.5874080657959
1993-09-24,25.517728805541992
1993-09-27,25.796428680419922
1993-09-28,25.744178771972656
1993-09-29,25.657072067260742
1993-09-30,25.604833602905273
1993-10-01,25.72675895690918
1993-10-04,25.761581420898438
1993-10-05,25.72675895690918
1993-10-06,25.70932388305664
1993-10-07,25.639657974243164
1993-10-08,25.674495697021484
1993-10-11,25.72675895690918
1993-10-12,25.761581420898438
1993-10-13,25.761581420898438
1993-10-14,26.092533111572266
1993-10-15,26.231868743896484
1993-10-18,26.162208557128906
1993-10-19,25.970603942871094
1993-10-20,26.005443572998047
1993-10-21,25.970603942871094
1993-10-22,25.848674774169922
1993-10-25,25.918344497680664
1993-10-26,25.900943756103516
1993-10-27,25.918344497680664
1993-10-28,26.109952926635742
1993-10-29,26.109952926635742
1993-11-01,26.17962074279785
1993-11-02,26.162208557128906
1993-11-03,25.831256866455078
1993-11-04,25.55256462097168
1993-11-05,25.674495697021484
1993-11-08,25.70932388305664
1993-11-09,25.72675895690918
1993-11-10,25.918344497680664
1993-11-11,25.848674774169922
1993-11-12,25.970603942871094
1993-11-15,25.953187942504883
1993-11-16,26.075109481811523
1993-11-17,25.935773849487305
1993-11-18,25.866107940673828
1993-11-19,25.813854217529297
1993-11-22,25.657072067260742
1993-11-23,25.796428680419922
1993-11-24,25.900943756103516
1993-11-26,25.918344497680664
1993-11-29,25.813854217529297
1993-11-30,25.831256866455078
1993-12-01,25.866107940673828
1993-12-02,25.935773849487305
1993-12-03,26.040267944335938
1993-12-06,26.12737274169922
1993-12-07,26.109952926635742
1993-12-08,26.109952926635742
1993-12-09,26.022869110107422
1993-12-10,25.970603942871094
1993-12-13,26.12737274169922
1993-12-14,25.935773849487305
1993-12-15,25.900943756103516
1993-12-16,25.988021850585938
1993-12-17,26.13085174560547
1993-12-20,26.165924072265625
1993-12-21,26.078231811523438
1993-12-22,26.253610610961914
1993-12-23,26.236068725585938
1993-12-27,26.37637710571289
1993-12-28,26.42898941040039
1993-12-29,26.39390754699707
1993-12-30,26.28868865966797
1993-12-31,26.148387908935547
1994-01-03,26.078231811523438
1994-01-04,26.183454513549805
1994-01-05,26.236068725585938
1994-01-06,26.236068725585938
1994-01-07,26.39390754699707
1994-01-10,26.709590911865234
1994-01-11,26.65697479248047
1994-01-12,26.569290161132812
1994-01-13,26.499149322509766
1994-01-14,26.604366302490234
1994-01-17,26.604366302490234
1994-01-18,26.639423370361328
1994-01-19,26.569290161132812
1994-01-20,26.639423370361328
1994-01-21,26.58681297302246
1994-01-24,26.481603622436523
1994-01-25,26.481603622436523
1994-01-26,26.55173683166504
1994-01-27,26.797269821166992
1994-01-28,26.86742401123047
1994-01-31,27.060348510742188
1994-02-01,26.9200382232666
1994-02-02,27.095422744750977
1994-02-03,26.97264289855957
1994-02-04,26.35883903503418
1994-02-07,26.481603622436523
1994-02-08,26.499149322509766
1994-02-09,26.604366302490234
1994-02-10,26.37637710571289
1994-02-11,26.46406364440918
1994-02-14,26.499149322509766
1994-02-15,26.639423370361328
1994-02-16,26.62190818786621
1994-02-17,26.46406364440918
1994-02-18,26.30621910095215
1994-02-22,26.569290161132812
1994-02-23,26.499149322509766
1994-02-24,26.148387908935547
1994-02-25,26.27117156982422
1994-02-28,26.27117156982422
1994-03-01,26.165924072265625
1994-03-02,26.200992584228516
1994-03-03,26.13085174560547
1994-03-04,26.200992584228516
1994-03-07,26.3413028717041
1994-03-08,26.236068725585938
1994-03-09,26.35883903503418
1994-03-10,26.148387908935547
1994-03-11,26.28868865966797
1994-03-14,26.323759078979492
1994-03-15,26.30621910095215
1994-03-16,26.51667594909668
1994-03-17,26.51667594909668
1994-03-18,26.51089096069336
1994-03-21,26.440340042114258
1994-03-22,26.51089096069336
1994-03-23,26.49325942993164
1994-03-24,26.17574119567871
1994-03-25,25.92881965637207
1994-03-28,25.964082717895508
1994-03-29,25.452579498291016
1994-03-30,25.099809646606445
1994-03-31,25.170364379882812
1994-04-04,24.78228759765625
1994-04-05,25.2938232421875
1994-04-06,25.2938232421875
1994-04-07,25.41729164123535
1994-04-08,25.2232666015625
1994-04-11,25.329097747802734
1994-04-12,25.2938232421875
1994-04-13,25.16153907775879
1994-04-14,25.170364379882812
1994-04-15,25.170364379882812
1994-04-18,25.00278663635254
1994-04-19,25.038055419921875
1994-04-20,25.011606216430664
1994-04-21,25.34672737121582
1994-04-22,25.320276260375977
1994-04-25,25.58486557006836
1994-04-26,25.558408737182617
1994-04-28,25.373197555541992
1994-04-29,25.452579498291016
1994-05-02,25.611312866210938
1994-05-03,25.58486557006836
1994-05-04,25.54075813293457
1994-05-05,25.505474090576172
1994-05-06,25.258554458618164
1994-05-09,25.038055419921875
1994-05-10,25.232088088989258
1994-05-11,25.00278663635254
1994-05-12,25.12626838684082
1994-05-13,25.12626838684082
1994-05-16,25.135074615478516
1994-05-17,25.505474090576172
1994-05-18,25.690692901611328
1994-05-19,25.814167022705078
1994-05-20,25.7171573638916
1994-05-23,25.673044204711914
1994-05-24,25.778888702392578
1994-05-25,25.849449157714844
1994-05-26,25.8670711517334
1994-05-27,25.893522262573242
1994-05-31,25.858272552490234
1994-06-01,25.972911834716797
1994-06-02,25.946455001831055
1994-06-03,26.09636878967285
1994-06-06,26.087568283081055
1994-06-07,26.05229377746582
1994-06-08,25.840618133544922
1994-06-09,25.981733322143555
1994-06-10,26.02582550048828
1994-06-13,26.061111450195312
1994-06-14,26.26395606994629
1994-06-15,26.15810203552246
1994-06-16,26.211034774780273
1994-06-17,26.06471824645996
1994-06-20,25.842775344848633
1994-06-21,25.620851516723633
1994-06-22,25.718490600585938
1994-06-23,25.56757164001465
1994-06-24,25.03493881225586
1994-06-27,25.46993637084961
1994-06-28,25.345640182495117
1994-06-29,25.4255428314209
1994-06-30,25.265750885009766
1994-07-01,25.319005966186523
1994-07-05,25.45218276977539
1994-07-06,25.41667366027832
1994-07-07,25.523183822631836
1994-07-08,25.514307022094727
1994-07-11,25.4255428314209
1994-07-12,25.461050033569336
1994-07-13,25.50543785095215
1994-07-14,25.780641555786133
1994-07-15,25.78951644897461
1994-07-18,25.833919525146484
1994-07-19,25.780641555786133
1994-07-20,25.665237426757812
1994-07-21,25.718490600585938
1994-07-22,25.762880325317383
1994-07-25,25.79840087890625
1994-07-26,25.771772384643555
1994-07-27,25.771772384643555
1994-07-28,25.825037002563477
1994-07-29,26.082487106323242
1994-08-01,26.20677375793457
1994-08-02,26.242277145385742
1994-08-03,26.251163482666016
1994-08-04,26.100252151489258
1994-08-05,26.01146125793457
1994-08-08,26.0736083984375
1994-08-09,26.118000030517578
1994-08-10,26.215652465820312
1994-08-11,26.118000030517578
1994-08-12,26.32219123840332
1994-08-15,26.313308715820312
1994-08-16,26.499732971191406
1994-08-17,26.481983184814453
1994-08-18,26.393207550048828
1994-08-19,26.375446319580078
1994-08-22,26.34880256652832
1994-08-23,26.499732971191406
1994-08-24,26.78382682800293
1994-08-25,26.712791442871094
1994-08-26,27.094528198242188
1994-08-29,27.07677459716797
1994-08-30,27.147798538208008
1994-08-31,27.07677459716797
1994-09-01,26.987998962402344
1994-09-02,26.872589111328125
1994-09-06,26.881458282470703
1994-09-07,26.854846954345703
1994-09-08,26.987998962402344
1994-09-09,26.70393180847168
1994-09-12,26.624027252197266
1994-09-13,26.70393180847168
1994-09-14,26.730554580688477
1994-09-15,27.067899703979492
1994-09-16,26.87525749206543
1994-09-19,26.90206527709961
1994-09-20,26.392967224121094
1994-09-21,26.392967224121094
1994-09-22,26.330442428588867
1994-09-23,26.241121292114258
1994-09-26,26.375093460083008
1994-09-27,26.35722541809082
1994-09-28,26.562652587890625
1994-09-29,26.42867088317871
1994-09-30,26.392967224121094
1994-10-03,26.330442428588867
1994-10-04,25.937442779541016
1994-10-05,25.946369171142578
1994-10-06,25.865983963012695
1994-10-07,25.98210906982422
1994-10-10,26.25899887084961
1994-10-11,26.6519718170166
1994-10-12,26.687700271606445
1994-10-13,26.777021408081055
1994-10-14,26.893129348754883
1994-10-17,26.839542388916016
1994-10-18,26.777021408081055
1994-10-19,26.90206527709961
1994-10-20,26.72342300415039
1994-10-21,26.616228103637695
1994-10-24,26.392967224121094
1994-10-25,26.41975975036621
1994-10-26,26.51801300048828
1994-10-27,26.678754806518555
1994-10-28,27.241458892822266
1994-10-31,27.14322280883789
1994-11-01,26.839542388916016
1994-11-02,26.687700271606445
1994-11-03,26.83060646057129
1994-11-04,26.482282638549805
1994-11-07,26.562652587890625
1994-11-08,26.768083572387695
1994-11-09,26.812747955322266
1994-11-10,26.62516212463379
1994-11-11,26.52692985534668
1994-11-14,26.777021408081055
1994-11-15,26.687700271606445
1994-11-16,26.777021408081055
1994-11-17,26.598390579223633
1994-11-18,26.562652587890625
1994-11-21,26.29469871520996
1994-11-22,25.723072052001953
1994-11-23,25.865983963012695
1994-11-25,25.991039276123047
1994-11-28,26.107149124145508
1994-11-29,26.098209381103516
1994-11-30,26.062484741210938
1994-12-01,25.80347442626953
1994-12-02,26.044628143310547
1994-12-05,26.0714168548584
1994-12-06,26.08928108215332
1994-12-07,25.9017276763916
1994-12-08,25.651639938354492
1994-12-09,25.7498779296875
1994-12-12,25.919572830200195
1994-12-13,26.017831802368164
1994-12-14,26.151809692382812
1994-12-15,26.232189178466797
1994-12-16,26.36033058166504
1994-12-19,26.396329879760742
1994-12-20,26.3153018951416
1994-12-21,26.594396591186523
1994-12-22,26.513370513916016
1994-12-23,26.540369033813477
1994-12-27,26.68442153930664
1994-12-28,26.549381256103516
1994-12-29,26.5673885345459
1994-12-30,26.252275466918945
1995-01-03,26.37830924987793
1995-01-04,26.50435447692871
1995-01-05,26.50435447692871
1995-01-06,26.53137969970703
1995-01-09,26.55837631225586
1995-01-10,26.585384368896484
1995-01-11,26.6033878326416
1995-01-12,26.612394332885742
1995-01-13,26.92749786376953
1995-01-16,27.08953857421875
1995-01-17,27.09855842590332
1995-01-18,27.071550369262695
1995-01-19,26.918489456176758
1995-01-20,26.819473266601562
1995-01-23,26.900501251220703
1995-01-24,26.93649673461914
1995-01-25,27.00851058959961
1995-01-26,27.03553581237793
1995-01-27,27.14357566833496
1995-01-30,27.02652931213379
1995-01-31,27.13457679748535
1995-02-01,27.125537872314453
1995-02-02,27.287626266479492
1995-02-03,27.67472267150879
1995-02-06,27.791765213012695
1995-02-07,27.827777862548828
1995-02-08,27.827777862548828
1995-02-09,27.827777862548828
1995-02-10,27.863801956176758
1995-02-13,27.872806549072266
1995-02-14,27.90880584716797
1995-02-15,28.061866760253906
1995-02-16,28.025846481323242
1995-02-17,27.917808532714844
1995-02-21,27.90880584716797
1995-02-22,28.115863800048828
1995-02-23,28.160884857177734
1995-02-24,28.232908248901367
1995-02-27,28.007837295532227
1995-02-28,28.241918563842773
1995-03-01,28.061866760253906
1995-03-02,28.09786605834961
1995-03-03,28.10686683654785
1995-03-06,28.12487030029297
1995-03-07,27.90880584716797
1995-03-08,27.980831146240234
1995-03-09,27.971813201904297
1995-03-10,28.385961532592773
1995-03-13,28.358951568603516
1995-03-14,28.566009521484375
1995-03-15,28.511980056762695
1995-03-16,28.683061599731445
1995-03-17,28.711580276489258
1995-03-20,28.711580276489258
1995-03-21,28.639175415039062
1995-03-22,28.666337966918945
1995-03-23,28.684425354003906
1995-03-24,29.09174919128418
1995-03-27,29.209415435791016
1995-03-28,29.209415435791016
1995-03-29,29.200359344482422
1995-03-30,29.14605140686035
1995-03-31,29.028383255004883
1995-04-03,29.100797653198242
1995-04-04,29.290884017944336
1995-04-05,29.290884017944336
1995-04-06,29.399490356445312
1995-04-07,29.372344970703125
1995-04-10,29.426639556884766
1995-04-11,29.327085494995117
1995-04-12,29.426639556884766
1995-04-13,29.589570999145508
1995-04-17,29.417600631713867
1995-04-18,29.318042755126953
1995-04-19,29.290884017944336
1995-04-20,29.336137771606445
1995-04-21,29.480960845947266
1995-04-24,29.82493019104004
1995-04-25,29.743465423583984
1995-04-26,29.770606994628906
1995-04-27,29.843021392822266
1995-04-28,29.888277053833008
1995-05-01,29.806827545166016
1995-05-02,29.870176315307617
1995-05-03,30.286548614501953
1995-05-04,30.268455505371094
1995-05-05,30.232242584228516
1995-05-08,30.449485778808594
1995-05-09,30.422325134277344
1995-05-10,30.458526611328125
1995-05-11,30.539989471435547
1995-05-12,30.55810546875
1995-05-15,30.702917098999023
1995-05-16,30.721017837524414
1995-05-17,30.60333824157715
1995-05-18,30.15982437133789
1995-05-19,30.177940368652344
1995-05-22,30.512834548950195
1995-05-23,30.793445587158203
1995-05-24,30.77533531188965
1995-05-25,30.80249786376953
1995-05-26,30.449485778808594
1995-05-30,30.4404296875
1995-05-31,31.07404899597168
1995-06-01,30.992557525634766
1995-06-02,31.019723892211914
1995-06-05,31.209806442260742
1995-06-06,31.155502319335938
1995-06-07,30.992557525634766
1995-06-08,30.920164108276367
1995-06-09,30.73912239074707
1995-06-12,30.91111946105957
1995-06-13,31.246015548706055
1995-06-14,31.218873977661133
1995-06-15,31.35464096069336
1995-06-16,31.447729110717773
1995-06-19,31.802812576293945
1995-06-20,31.720857620239258
1995-06-21,31.702651977539062
1995-06-22,32.121482849121094
1995-06-23,32.05775451660156
1995-06-26,31.67534637451172
1995-06-27,31.61159896850586
1995-06-28,31.775503158569336
1995-06-29,31.720857620239258
1995-06-30,31.702651977539062
1995-07-03,31.82102394104004
1995-07-05,31.93937873840332
1995-07-06,32.34909439086914
1995-07-07,32.494789123535156
1995-07-10,32.512969970703125
1995-07-11,32.35820770263672
1995-07-12,32.75880813598633
1995-07-13,32.685970306396484
1995-07-14,32.65866470336914
1995-07-17,32.84074783325195
1995-07-18,32.558502197265625
1995-07-19,32.20341110229492
1995-07-20,32.3217887878418
1995-07-21,32.285362243652344
1995-07-24,32.52208709716797
1995-07-25,32.76793670654297
1995-07-26,32.740604400634766
1995-07-27,33.01373291015625
1995-07-28,32.8043212890625
1995-07-31,32.72237777709961
1995-08-01,32.667762756347656
1995-08-02,32.59492111206055
1995-08-03,32.58580780029297
1995-08-04,32.62223815917969
1995-08-07,32.69507598876953
1995-08-08,32.69507598876953
1995-08-09,32.685970306396484
1995-08-10,32.613121032714844
1995-08-11,32.431034088134766
1995-08-14,32.72237777709961
1995-08-15,32.65866470336914
1995-08-16,32.74968719482422
1995-08-17,32.69507598876953
1995-08-18,32.73150634765625
1995-08-21,32.64046096801758
1995-08-22,32.70417404174805
1995-08-23,32.58580780029297
1995-08-24,32.62223815917969
1995-08-25,32.8043212890625
1995-08-28,32.685970306396484
1995-08-29,32.76793670654297
1995-08-30,32.84074783325195
1995-08-31,32.8680534362793
1995-09-01,33.01373291015625
1995-09-05,33.32329177856445
1995-09-06,33.38703155517578
1995-09-07,33.405235290527344
1995-09-08,33.5327033996582
1995-09-11,33.62375259399414
1995-09-12,33.778526306152344
1995-09-13,33.93330001831055
1995-09-14,34.242889404296875
1995-09-15,34.233428955078125
1995-09-18,34.10527038574219
1995-09-19,34.27003860473633
1995-09-20,34.434814453125
1995-09-21,34.15105056762695
1995-09-22,34.160194396972656
1995-09-25,34.10527038574219
1995-09-26,34.09613037109375
1995-09-27,34.068660736083984
1995-09-28,34.324954986572266
1995-09-29,34.260887145996094
1995-10-02,34.086978912353516
1995-10-03,34.123600006103516
1995-10-04,34.086978912353516
1995-10-05,34.18766403198242
1995-10-06,34.215118408203125
1995-10-09,33.93138885498047
1995-10-10,33.91306686401367
1995-10-11,34.02290725708008
1995-10-12,34.233428955078125
1995-10-13,34.34327697753906
1995-10-16,34.178497314453125
1995-10-17,34.40733337402344
1995-10-18,34.50803756713867
1995-10-19,34.67279052734375
1995-10-20,34.4622688293457
1995-10-23,34.3890380859375
1995-10-24,34.425655364990234
1995-10-25,34.14189910888672
1995-10-26,33.83067321777344
1995-10-27,34.086978912353516
1995-10-30,34.30664825439453
1995-10-31,34.160194396972656
1995-11-01,34.434814453125
1995-11-02,34.65447235107422
1995-11-03,34.70025634765625
1995-11-06,34.58125305175781
1995-11-07,34.45310592651367
1995-11-08,34.76433181762695
1995-11-09,34.892459869384766
1995-11-10,34.87415313720703
1995-11-13,34.837562561035156
1995-11-14,34.60871124267578
1995-11-15,34.956546783447266
1995-11-16,35.14876937866211
1995-11-17,35.258602142333984
1995-11-20,35.075557708740234
1995-11-21,35.359283447265625
1995-11-22,35.24943923950195
1995-11-24,35.340980529785156
1995-11-27,35.350135803222656
1995-11-28,35.72541809082031
1995-11-29,35.76204299926758
1995-11-30,35.67966079711914
1995-12-01,35.72541809082031
1995-12-04,36.16477584838867
1995-12-05,36.40279006958008
1995-12-06,36.48516082763672
1995-12-07,36.292938232421875
1995-12-08,36.41193389892578
1995-12-11,36.56753921508789
1995-12-12,36.45768737792969
1995-12-13,36.686519622802734
1995-12-14,36.42106246948242
1995-12-15,36.43439483642578
1995-12-18,35.73445510864258
1995-12-19,36.112083435058594
1995-12-20,35.7620849609375
1995-12-21,35.94628143310547
1995-12-22,36.07522201538086
1995-12-26,36.250213623046875
1995-12-27,36.23180389404297
1995-12-28,36.19496154785156
1995-12-29,36.24098587036133
1996-01-02,36.62784194946289
1996-01-03,36.72911834716797
1996-01-04,36.379154205322266
1996-01-05,36.305477142333984
1996-01-08,36.44361877441406
1996-01-09,35.81734085083008
1996-01-10,35.3476448059082
1996-01-11,35.55946731567383
1996-01-12,35.50422668457031
1996-01-15,35.43053436279297
1996-01-16,35.8633918762207
1996-01-17,35.75288772583008
1996-01-18,35.872615814208984
1996-01-19,36.112083435058594
1996-01-22,36.12127685546875
1996-01-23,36.204158782958984
1996-01-24,36.49888610839844
1996-01-25,36.36993408203125
1996-01-26,36.68307876586914
1996-01-29,36.830440521240234
1996-01-30,37.14357376098633
1996-01-31,37.53038787841797
1996-02-01,37.66855239868164
1996-02-02,37.511966705322266
1996-02-05,37.8159065246582
1996-02-06,38.17509841918945
1996-02-07,38.396121978759766
1996-02-08,38.81056213378906
1996-02-09,38.80136489868164
1996-02-12,39.09608840942383
1996-02-13,39.01317596435547
1996-02-14,38.672420501708984
1996-02-15,38.432960510253906
1996-02-16,38.276390075683594
1996-02-20,37.89878845214844
1996-02-21,38.36848068237305
1996-02-22,38.97635269165039
1996-02-23,38.86580276489258
1996-02-26,38.31324005126953
1996-02-27,38.19349670410156
1996-02-28,38.018524169921875
1996-02-29,37.65011215209961
1996-03-01,38.24875259399414
1996-03-04,38.46980285644531
1996-03-05,38.8289794921875
1996-03-06,38.48821258544922
1996-03-07,38.681644439697266
1996-03-08,37.4290771484375
1996-03-11,37.861942291259766
1996-03-12,37.567222595214844
1996-03-13,37.82511520385742
1996-03-14,37.99087905883789
1996-03-15,37.96534729003906
1996-03-18,38.696170806884766
1996-03-19,38.612918853759766
1996-03-20,38.56666946411133
1996-03-21,38.474143981933594
1996-03-22,38.57591247558594
1996-03-25,38.50189971923828
1996-03-26,38.686927795410156
1996-03-27,38.33540344238281
1996-03-28,38.483394622802734
1996-03-29,38.29838943481445
1996-04-01,38.742427825927734
1996-04-02,38.816429138183594
1996-04-03,38.816429138183594
1996-04-04,38.788673400878906
1996-04-08,38.122623443603516
1996-04-09,37.974609375
1996-04-10,37.299278259277344
1996-04-11,37.25306701660156
1996-04-12,37.72483444213867
1996-04-15,38.039363861083984
1996-04-16,38.150390625
1996-04-17,38.05787658691406
1996-04-18,38.113365173339844
1996-04-19,38.20587921142578
1996-04-22,38.50189971923828
1996-04-23,38.622161865234375
1996-04-24,38.483394622802734
1996-04-25,38.65917205810547
1996-04-26,38.742427825927734
1996-04-29,38.742427825927734
1996-04-30,38.71467590332031
1996-05-01,38.79792785644531
1996-05-02,38.131866455078125
1996-05-03,38.07636260986328
1996-05-06,38.039363861083984
1996-05-07,37.88211441040039
1996-05-08,38.3538818359375
1996-05-09,38.32613754272461
1996-05-10,38.70542526245117
1996-05-13,39.288230895996094
1996-05-14,39.52873992919922
1996-05-15,39.482486724853516
1996-05-16,39.56574249267578
1996-05-17,39.77851486206055
1996-05-20,40.04679870605469
1996-05-21,39.99128341674805
1996-05-22,40.37056350708008
1996-05-23,40.20405197143555
1996-05-24,40.361328125
1996-05-28,39.95427703857422
1996-05-29,39.68601608276367
1996-05-30,39.889530181884766
1996-05-31,39.59348678588867
1996-06-03,39.70451354980469
1996-06-04,39.98202133178711
1996-06-05,40.333560943603516
1996-06-06,40.03752136230469
1996-06-07,40.03752136230469
1996-06-10,39.90802001953125
1996-06-11,39.87104034423828
1996-06-12,39.797000885009766
1996-06-13,39.797000885009766
1996-06-14,39.6305046081543
1996-06-17,39.60272979736328
1996-06-18,39.278961181640625
1996-06-19,39.45475387573242
1996-06-20,39.42695617675781
1996-06-21,39.76609420776367
1996-06-24,39.84050369262695
1996-06-25,39.793975830078125
1996-06-26,39.5242919921875
1996-06-27,39.80329513549805
1996-06-28,39.94279479980469
1996-07-01,40.286888122558594
1996-07-02,40.13806915283203
1996-07-03,40.05437088012695
1996-07-05,39.031410217285156
1996-07-08,38.87331771850586
1996-07-09,39.031410217285156
1996-07-10,39.18949890136719
1996-07-11,38.39902114868164
1996-07-12,38.42692565917969
1996-07-15,37.29233169555664
1996-07-16,37.38533020019531
1996-07-17,37.83173751831055
1996-07-18,38.35251235961914
1996-07-19,38.07352828979492
1996-07-22,37.79453659057617
1996-07-23,37.310951232910156
1996-07-24,37.38533020019531
1996-07-25,37.720130920410156
1996-07-26,37.92472839355469
1996-07-29,37.5062370300293
1996-07-30,37.868927001953125
1996-07-31,38.147926330566406
1996-08-01,38.78031539916992
1996-08-02,39.61729049682617
1996-08-05,39.384803771972656
1996-08-06,39.50569152832031
1996-08-07,39.608001708984375
1996-08-08,39.542911529541016
1996-08-09,39.412689208984375
1996-08-12,39.70100021362305
1996-08-13,39.384803771972656
1996-08-14,39.5242919921875
1996-08-15,39.44990158081055
1996-08-16,39.784698486328125
1996-08-19,39.80329513549805
1996-08-20,39.775390625
1996-08-21,39.635887145996094
1996-08-22,40.00788497924805
1996-08-23,39.793975830078125
1996-08-26,39.59869384765625
1996-08-27,39.747501373291016
1996-08-28,39.682395935058594
1996-08-29,39.291778564453125
1996-08-30,38.88260269165039
1996-09-03,39.13372039794922
1996-09-04,39.17090606689453
1996-09-05,38.69661331176758
1996-09-06,39.24528503417969
1996-09-09,39.710289001464844
1996-09-10,39.69169235229492
1996-09-11,39.914894104003906
1996-09-12,40.193885803222656
1996-09-13,40.80768966674805
1996-09-16,40.956478118896484
1996-09-17,40.86347961425781
1996-09-18,40.76118850708008
1996-09-19,40.91926574707031
1996-09-20,41.06443786621094
1996-09-23,41.055091857910156
1996-09-24,41.04572677612305
1996-09-25,41.07375717163086
1996-09-26,41.055091857910156
1996-09-27,41.092472076416016
1996-09-30,41.055091857910156
1996-10-01,41.2794075012207
1996-10-02,41.55986022949219
1996-10-03,41.52245330810547
1996-10-04,42.08332061767578
1996-10-07,42.13005447387695
1996-10-08,41.96179962158203
1996-10-09,41.6346321105957
1996-10-10,41.55051803588867
1996-10-11,42.06462860107422
1996-10-14,42.120723724365234
1996-10-15,42.06462860107422
1996-10-16,42.27027893066406
1996-10-17,42.38243103027344
1996-10-18,42.606781005859375
1996-10-21,42.55070877075195
1996-10-22,42.25157165527344
1996-10-23,42.39179611206055
1996-10-24,42.02722930908203
1996-10-25,42.06462860107422
1996-10-28,41.78419494628906
1996-10-29,42.120723724365234
1996-10-30,41.98048782348633
1996-10-31,42.38243103027344
1996-11-01,42.23288345336914
1996-11-04,42.5133171081543
1996-11-05,42.75636291503906
1996-11-06,43.5789680480957
1996-11-07,43.68177795410156
1996-11-08,43.924827575683594
1996-11-11,43.878089904785156
1996-11-12,43.747215270996094
1996-11-13,43.943504333496094
1996-11-14,44.2332878112793
1996-11-15,44.28937530517578
1996-11-18,44.29873275756836
1996-11-19,44.61653518676758
1996-11-20,44.69133377075195
1996-11-21,44.625892639160156
1996-11-22,44.97174072265625
1996-11-25,45.54196548461914
1996-11-26,45.39240646362305
1996-11-27,45.30828094482422
1996-11-29,45.4765510559082
1996-12-02,45.495216369628906
1996-12-03,44.71936798095703
1996-12-04,44.84090042114258
1996-12-05,44.71936798095703
1996-12-06,44.45763397216797
1996-12-09,45.11198425292969
1996-12-10,44.8969612121582
1996-12-11,44.485694885253906
1996-12-12,43.747215270996094
1996-12-13,43.85936737060547
1996-12-16,43.29852294921875
1996-12-17,43.644405364990234
1996-12-18,43.99026107788086
1996-12-19,44.8969612121582
1996-12-20,44.99549102783203
1996-12-23,44.882774353027344
1996-12-24,45.21154022216797
1996-12-26,45.55912399291992
1996-12-27,45.6154899597168
1996-12-30,45.22093963623047
1996-12-31,44.39429473876953
1997-01-02,44.507015228271484
1997-01-03,45.145790100097656
1997-01-06,44.751258850097656
1997-01-07,45.29609680175781
1997-01-08,44.901546478271484
1997-01-09,45.27729797363281
1997-01-10,45.765769958496094
1997-01-13,45.70003890991211
1997-01-14,46.273040771484375
1997-01-15,46.16032409667969
1997-01-16,46.3481559753418
1997-01-17,46.62998580932617
1997-01-20,46.68635177612305
1997-01-21,47.06208801269531
1997-01-22,47.400264739990234
1997-01-23,46.74271774291992
1997-01-24,46.14151382446289
1997-01-27,46.0099983215332
1997-01-28,46.14151382446289
1997-01-29,46.592403411865234
1997-01-30,47.19361877441406
1997-01-31,47.13723373413086
1997-02-03,47.27812957763672
1997-02-04,47.56934356689453
1997-02-05,46.67695236206055
1997-02-06,46.98694610595703
1997-02-07,47.625736236572266
1997-02-10,47.1748046875
1997-02-11,47.71962356567383
1997-02-12,48.395999908447266
1997-02-13,48.92204666137695
1997-02-14,48.80931091308594
1997-02-18,49.22262191772461
1997-02-19,48.89384460449219
1997-02-20,48.30204772949219
1997-02-21,48.32086181640625
1997-02-24,48.89384460449219
1997-02-25,48.93143844604492
1997-02-26,48.45233917236328
1997-02-27,47.72905349731445
1997-02-28,47.588130950927734
1997-03-03,47.90753936767578
1997-03-04,47.64449691772461
1997-03-05,48.45233917236328
1997-03-06,48.170536041259766
1997-03-07,48.6026496887207
1997-03-10,49.10991287231445
1997-03-11,48.846885681152344
1997-03-12,48.41478729248047
1997-03-13,47.66331100463867
1997-03-14,47.90753936767578
1997-03-17,48.03904724121094
1997-03-18,47.52238082885742
1997-03-19,47.362674713134766
1997-03-20,47.11846923828125
1997-03-21,47.33660888671875
1997-03-24,47.996700286865234
1997-03-25,47.52520751953125
1997-03-26,47.73267364501953
1997-03-27,46.46910095214844
1997-03-31,45.48841857910156
1997-04-01,45.78072738647461
1997-04-02,44.960365295410156
1997-04-03,45.205543518066406
1997-04-04,45.771305084228516
1997-04-07,45.95045471191406
1997-04-08,46.2805061340332
1997-04-09,45.903324127197266
1997-04-10,45.73360061645508
1997-04-11,44.28142547607422
1997-04-14,44.8754997253418
1997-04-15,45.63932418823242
1997-04-16,46.167354583740234
1997-04-17,45.97875213623047
1997-04-18,46.205081939697266
1997-04-21,45.903324127197266
1997-04-22,46.91230010986328
1997-04-23,46.95943069458008
1997-04-24,46.72370147705078
1997-04-25,46.18622589111328
1997-04-28,46.63882827758789
1997-04-29,48.10984802246094
1997-04-30,48.33614730834961
1997-05-01,48.27959060668945
1997-05-02,49.14710235595703
1997-05-05,50.31636428833008
1997-05-06,50.278656005859375
1997-05-07,49.18484878540039
1997-05-08,49.5242919921875
1997-05-09,49.863746643066406
1997-05-12,50.693546295166016
1997-05-13,50.48611068725586
1997-05-14,50.58041000366211
1997-05-15,50.91987991333008
1997-05-16,50.222084045410156
1997-05-19,50.37294387817383
1997-05-20,50.976470947265625
1997-05-21,50.86328125
1997-05-22,50.693546295166016
1997-05-23,51.16505432128906
1997-05-27,51.37248229980469
1997-05-28,51.3630485534668
1997-05-29,51.06132888793945
1997-05-30,51.39134216308594
1997-06-02,51.16505432128906
1997-06-03,50.995323181152344
1997-06-04,50.93872833251953
1997-06-05,51.1273193359375
1997-06-06,52.126853942871094
1997-06-09,52.3908576965332
1997-06-10,52.551212310791016
1997-06-11,52.67377853393555
1997-06-12,53.69217300415039
1997-06-13,54.144805908203125
1997-06-16,54.16364669799805
1997-06-17,54.088233947753906
1997-06-18,53.89960479736328
1997-06-19,54.455997467041016
1997-06-20,54.27042007446289
1997-06-23,52.95461654663086
1997-06-24,54.29886245727539
1997-06-25,53.920188903808594
1997-06-26,53.6551399230957
1997-06-27,53.86338424682617
1997-06-30,53.50365447998047
1997-07-01,54.12847900390625
1997-07-02,55.01825714111328
1997-07-03,55.77556228637695
1997-07-07,55.207584381103516
1997-07-08,55.78505325317383
1997-07-09,55.16975402832031
1997-07-10,55.415855407714844
1997-07-11,55.60519027709961
1997-07-14,55.77556228637695
1997-07-15,56.059547424316406
1997-07-16,56.7979621887207
1997-07-17,56.51394271850586
1997-07-18,55.311729431152344
1997-07-21,55.321205139160156
1997-07-22,56.788509368896484
1997-07-23,56.74116516113281
1997-07-24,57.006202697753906
1997-07-25,56.96833801269531
1997-07-28,56.93046951293945
1997-07-29,57.11981201171875
1997-07-30,57.801387786865234
1997-07-31,57.74458694458008
1997-08-01,57.51738357543945
1997-08-04,57.66884231567383
1997-08-05,57.70669174194336
1997-08-06,58.18000793457031
1997-08-07,57.74458694458008
1997-08-08,56.57073974609375
1997-08-11,56.987274169921875
1997-08-12,56.078495025634766
1997-08-13,55.90812301635742
1997-08-14,56.11635971069336
1997-08-15,54.39352035522461
1997-08-18,55.60519027709961
1997-08-19,56.248878479003906
1997-08-20,57.100868225097656
1997-08-21,56.097442626953125
1997-08-22,56.078495025634766
1997-08-25,55.87020492553711
1997-08-26,55.04667282104492
1997-08-27,55.37800598144531
1997-08-28,54.535484313964844
1997-08-29,54.75322723388672
1997-09-02,56.53287124633789
1997-09-03,56.23000717163086
1997-09-04,56.589664459228516
1997-09-05,56.42877960205078
1997-09-08,56.67487716674805
1997-09-09,56.703285217285156
1997-09-10,55.529457092285156
1997-09-11,55.245460510253906
1997-09-12,56.13529968261719
1997-09-15,56.04060745239258
1997-09-16,57.441627502441406
1997-09-17,57.441627502441406
1997-09-18,57.687774658203125
1997-09-19,57.78535079956055
1997-09-22,58.1083984375
1997-09-23,57.84238815307617
1997-09-24,57.36734390258789
1997-09-25,56.96826934814453
1997-09-26,57.443336486816406
1997-09-29,57.99441146850586
1997-09-30,57.3863525390625
1997-10-01,58.14640426635742
1997-10-02,58.469398498535156
1997-10-03,58.76396560668945
1997-10-06,59.15353775024414
1997-10-07,59.704559326171875
1997-10-08,59.28651809692383
1997-10-09,59.07752227783203
1997-10-10,58.906497955322266
1997-10-13,58.963497161865234
1997-10-14,58.98249816894531
1997-10-15,58.8494758605957
1997-10-16,57.91836166381836
1997-10-17,57.32933807373047
1997-10-20,58.14640426635742
1997-10-21,59.277008056640625
1997-10-22,58.887489318847656
1997-10-23,57.72836685180664
1997-10-24,57.15831756591797
1997-10-27,53.0158576965332
1997-10-28,56.07515335083008
1997-10-29,55.923152923583984
1997-10-30,54.688026428222656
1997-10-31,55.98014831542969
1997-11-03,57.15831756591797
1997-11-04,57.15831756591797
1997-11-05,57.348323822021484
1997-11-06,57.12977981567383
1997-11-07,56.51226043701172
1997-11-10,56.170169830322266
1997-11-11,56.189208984375
1997-11-12,55.03007507324219
1997-11-13,55.82815170288086
1997-11-14,56.58821487426758
1997-11-17,57.63334655761719
1997-11-18,57.27230453491211
1997-11-19,57.55735397338867
1997-11-20,58.43145751953125
1997-11-21,58.83050537109375
1997-11-24,57.76638412475586
1997-11-25,57.91836166381836
1997-11-26,58.08942794799805
1997-11-28,58.14640426635742
1997-12-01,59.6475944519043
1997-12-02,59.28651809692383
1997-12-03,59.45756912231445
1997-12-04,59.40053939819336
1997-12-05,60.16065216064453
1997-12-08,59.989593505859375
1997-12-09,59.62856674194336
1997-12-10,59.11553192138672
1997-12-11,58.1083984375
1997-12-12,58.2224235534668
1997-12-15,58.81149673461914
1997-12-16,59.17251205444336
1997-12-17,58.868473052978516
1997-12-18,58.29841995239258
1997-12-19,57.86268997192383
1997-12-22,58.23468017578125
1997-12-23,57.19496154785156
1997-12-24,57.02323532104492
1997-12-26,57.25217056274414
1997-12-29,58.37779998779297
1997-12-30,59.29350280761719
1997-12-31,59.2553596496582
1998-01-02,59.56058120727539
1998-01-05,59.694175720214844
1998-01-06,58.74027633666992
1998-01-07,58.89289093017578
1998-01-08,58.37779998779297
1998-01-09,56.355533599853516
1998-01-12,57.385772705078125
1998-01-13,58.1870231628418
1998-01-14,58.454097747802734
1998-01-15,57.96760177612305
1998-01-16,58.797523498535156
1998-01-20,59.75136184692383
1998-01-21,59.17903518676758
1998-01-22,58.6544189453125
1998-01-23,58.56855010986328
1998-01-26,58.53040313720703
1998-01-27,59.1218147277832
1998-01-28,59.656005859375
1998-01-29,59.98028564453125
1998-01-30,60.018463134765625
1998-02-02,61.010501861572266
1998-02-03,61.46835708618164
1998-02-04,61.39207077026367
1998-02-05,61.35393524169922
1998-02-06,62.04071044921875
1998-02-09,61.830848693847656
1998-02-10,62.42228698730469
1998-02-11,62.365013122558594
1998-02-12,62.63212966918945
1998-02-13,62.26963424682617
1998-02-17,62.574859619140625
1998-02-18,63.14720153808594
1998-02-19,62.813331604003906
1998-02-20,63.280765533447266
1998-02-23,63.528770446777344
1998-02-24,63.03276443481445
1998-02-25,63.8149299621582
1998-02-26,64.17742156982422
1998-02-27,64.17742156982422
1998-03-02,64.04385375976562
1998-03-03,64.40631866455078
1998-03-04,63.986637115478516
1998-03-05,63.39523696899414
1998-03-06,64.67340850830078
1998-03-09,64.44448852539062
1998-03-10,65.05500030517578
1998-03-11,65.36024475097656
1998-03-12,65.6273422241211
1998-03-13,65.3792953491211
1998-03-16,66.08519744873047
1998-03-17,66.27595520019531
1998-03-18,66.52397155761719
1998-03-19,66.69570922851562
1998-03-20,67.26995086669922
1998-03-23,67.11686706542969
1998-03-24,67.69088745117188
1998-03-25,67.44214630126953
1998-03-26,67.40387725830078
1998-03-27,67.11686706542969
1998-03-30,67.07862091064453
1998-03-31,67.30819702148438
1998-04-01,67.8534927368164
1998-04-02,68.59009552001953
1998-04-03,68.9344711303711
1998-04-06,68.37964630126953
1998-04-07,67.92042541503906
1998-04-08,67.5378189086914
1998-04-09,68.07354736328125
1998-04-13,67.88220977783203
1998-04-14,68.45616912841797
1998-04-15,68.64746856689453
1998-04-16,67.84388732910156
1998-04-17,68.74317932128906
1998-04-20,68.7239990234375
1998-04-21,69.04927062988281
1998-04-22,69.24058532714844
1998-04-23,68.57096099853516
1998-04-24,67.84388732910156
1998-04-27,66.56201934814453
1998-04-28,66.46638488769531
1998-04-29,66.92555236816406
1998-04-30,68.169189453125
1998-05-01,68.9344711303711
1998-05-04,68.76228332519531
1998-05-05,68.28398132324219
1998-05-06,67.48041534423828
1998-05-07,66.94469451904297
1998-05-08,68.03532409667969
1998-05-11,67.80567932128906
1998-05-12,68.53268432617188
1998-05-13,68.70487213134766
1998-05-14,68.36051940917969
1998-05-15,67.97789764404297
1998-05-18,67.7099838256836
1998-05-19,68.169189453125
1998-05-20,68.81965637207031
1998-05-21,68.37964630126953
1998-05-22,68.1117935180664
1998-05-26,67.02125549316406
1998-05-27,67.11686706542969
1998-05-28,67.42300415039062
1998-05-29,66.75338745117188
1998-06-01,67.0594711303711
1998-06-02,67.11686706542969
1998-06-03,66.04547119140625
1998-06-04,67.26995086669922
1998-06-05,68.57096099853516
1998-06-08,68.49443054199219
1998-06-09,68.70487213134766
1998-06-10,68.26484680175781
1998-06-11,66.98296356201172
1998-06-12,67.61432647705078
1998-06-15,65.83499145507812
1998-06-16,66.84902954101562
1998-06-17,68.24569702148438
1998-06-18,67.9395980834961
1998-06-19,67.59917449951172
1998-06-22,67.92548370361328
1998-06-23,68.7315673828125
1998-06-24,69.65283966064453
1998-06-25,69.53771209716797
1998-06-26,69.82564544677734
1998-06-29,70.07514953613281
1998-06-30,69.59528350830078
1998-07-01,70.40141296386719
1998-07-02,70.53578186035156
1998-07-06,71.24592590332031
1998-07-07,71.111572265625
1998-07-08,71.6297836303711
1998-07-09,71.14997863769531
1998-07-10,71.5338363647461
1998-07-13,71.55303955078125
1998-07-14,72.35913848876953
1998-07-15,72.22482299804688
1998-07-16,72.72382354736328
1998-07-17,72.81977844238281
1998-07-20,72.81977844238281
1998-07-21,71.55303955078125
1998-07-22,71.55303955078125
1998-07-23,70.13267517089844
1998-07-24,70.07514953613281
1998-07-27,70.57415008544922
1998-07-28,69.3841781616211
1998-07-29,69.115478515625
1998-07-30,70.15193939208984
1998-07-31,68.65480041503906
1998-08-03,68.36688995361328
1998-08-04,65.71822357177734
1998-08-05,66.62033081054688
1998-08-06,66.90818786621094
1998-08-07,67.02339935302734
1998-08-10,66.63948822021484
1998-08-11,65.6414566040039
1998-08-12,66.75470733642578
1998-08-13,65.94856262207031
1998-08-14,65.18082427978516
1998-08-17,66.5627212524414
1998-08-18,67.79113006591797
1998-08-19,67.61836242675781
1998-08-20,67.21529388427734
1998-08-21,66.67787170410156
1998-08-24,67.10013580322266
1998-08-25,67.25366973876953
1998-08-26,66.86980438232422
1998-08-27,63.72210693359375
1998-08-28,63.49174499511719
1998-08-31,58.96213912963867
1998-09-01,61.457298278808594
1998-09-02,61.01581573486328
1998-09-03,60.536033630371094
1998-09-04,60.03697204589844
1998-09-08,63.26145935058594
1998-09-09,61.725990295410156
1998-09-10,60.497623443603516
1998-09-11,62.455360412597656
1998-09-14,63.530174255371094
1998-09-15,63.91404342651367
1998-09-16,64.48982238769531
1998-09-17,62.64727783203125
1998-09-18,62.92631149291992
1998-09-21,62.887813568115234
1998-09-22,63.4078483581543
1998-09-23,65.9503173828125
1998-09-24,64.33235168457031
1998-09-25,64.25532531738281
1998-09-28,64.83317565917969
1998-09-29,64.67913818359375
1998-09-30,62.71446228027344
1998-10-01,60.903900146484375
1998-10-02,62.07886505126953
1998-10-05,60.826847076416016
1998-10-06,60.76906204223633
1998-10-07,59.863792419433594
1998-10-08,59.53635025024414
1998-10-09,60.73054504394531
1998-10-12,61.61656188964844
1998-10-13,61.40470504760742
1998-10-14,61.982547760009766
1998-10-15,65.3147201538086
1998-10-16,65.3340072631836
1998-10-19,65.56509399414062
1998-10-20,65.9503173828125
1998-10-21,65.71920013427734
1998-10-22,66.70154571533203
1998-10-23,65.85403442382812
1998-10-26,66.33558654785156
1998-10-27,65.9503173828125
1998-10-28,65.83477020263672
1998-10-29,67.43344116210938
1998-10-30,67.79940795898438
1998-11-02,68.9551010131836
1998-11-03,68.4543228149414
1998-11-04,69.18618774414062
1998-11-05,70.1300048828125
1998-11-06,70.3418960571289
1998-11-09,69.84109497070312
1998-11-10,69.64849090576172
1998-11-11,69.18618774414062
1998-11-12,69.10916900634766
1998-11-13,69.7833480834961
1998-11-16,70.30339813232422
1998-11-17,70.30339813232422
1998-11-18,70.7271499633789
1998-11-19,71.343505859375
1998-11-20,71.88276672363281
1998-11-23,73.57777404785156
1998-11-24,73.11549377441406
1998-11-25,73.11549377441406
1998-11-27,73.65482330322266
1998-11-30,71.57460021972656
1998-12-01,72.49917602539062
1998-12-02,72.2872314453125
1998-12-03,71.09309387207031
1998-12-04,72.96146392822266
1998-12-07,73.30815124511719
1998-12-08,72.9806900024414
1998-12-09,73.11549377441406
1998-12-10,72.04649353027344
1998-12-11,72.19096374511719
1998-12-14,70.11080169677734
1998-12-15,71.92127990722656
1998-12-16,71.82501983642578
1998-12-17,72.97103118896484
1998-12-18,73.28107452392578
1998-12-21,74.30533599853516
1998-12-22,74.63387298583984
1998-12-23,76.19918060302734
1998-12-24,75.87069702148438
1998-12-28,75.67740631103516
1998-12-29,76.87560272216797
1998-12-30,76.2571792602539
1998-12-31,76.2571792602539
1999-01-04,76.08322143554688
1999-01-05,76.952880859375
1999-01-06,78.80810546875
1999-01-07,78.42159271240234
1999-01-08,79.00135803222656
1999-01-11,78.24767303466797
1999-01-12,76.83695220947266
1999-01-13,76.29579162597656
1999-01-14,74.96239471435547
1999-01-15,76.91423797607422
1999-01-19,77.41670989990234
1999-01-20,78.03506469726562
1999-01-21,75.96727752685547
1999-01-22,75.79338073730469
1999-01-25,76.56639862060547
1999-01-26,77.95780181884766
1999-01-27,77.04949951171875
1999-01-28,78.34430694580078
1999-01-29,78.94337463378906
1999-02-01,78.4795913696289
1999-02-02,77.99646759033203
1999-02-03,78.7887954711914
1999-02-04,77.6099624633789
1999-02-05,76.72096252441406
1999-02-08,76.87560272216797
1999-02-09,75.1556167602539
1999-02-10,75.63876342773438
1999-02-11,77.37804412841797
1999-02-12,76.45040893554688
1999-02-16,75.98663330078125
1999-02-17,75.90933990478516
1999-02-18,76.50837707519531
1999-02-19,76.83695220947266
1999-02-22,78.88542175292969
1999-02-23,78.84675598144531
1999-02-24,77.4553451538086
1999-02-25,76.72096252441406
1999-02-26,76.41177368164062
1999-03-01,76.62438201904297
1999-03-02,75.94795989990234
1999-03-03,76.35377502441406
1999-03-04,77.32005310058594
1999-03-05,78.87576293945312
1999-03-08,79.38787841796875
1999-03-09,79.19464111328125
1999-03-10,79.89031982421875
1999-03-11,80.77928161621094
1999-03-12,80.00623321533203
1999-03-15,81.14644622802734
1999-03-16,80.83727264404297
1999-03-17,80.48936462402344
1999-03-18,81.78421020507812
1999-03-19,80.39407348632812
1999-03-22,80.54905700683594
1999-03-23,78.2243423461914
1999-03-24,78.6699447631836
1999-03-25,80.27782440185547
1999-03-26,79.6966323852539
1999-03-29,81.30449676513672
1999-03-30,80.87833404541016
1999-03-31,79.5804214477539
1999-04-01,80.18093872070312
1999-04-05,82.07939910888672
1999-04-06,81.88567352294922
1999-04-07,82.54436492919922
1999-04-08,83.59041595458984
1999-04-09,83.60979461669922
1999-04-12,84.50091552734375
1999-04-13,83.95848083496094
1999-04-14,82.54436492919922
1999-04-15,82.23436737060547
1999-04-16,81.53697204589844
1999-04-19,80.27782440185547
1999-04-20,81.2851333618164
1999-04-21,83.60979461669922
1999-04-22,84.40408325195312
1999-04-23,84.19098663330078
1999-04-26,84.67526245117188
1999-04-27,85.08211517333984
1999-04-28,83.91976165771484
1999-04-29,83.28046417236328
1999-04-30,82.60243225097656
1999-05-03,84.11343383789062
1999-05-04,82.91243743896484
1999-05-05,83.57106018066406
1999-05-06,83.05770874023438
1999-05-07,83.68729400634766
1999-05-10,83.27079772949219
1999-05-11,84.11343383789062
1999-05-12,84.77214813232422
1999-05-13,85.14019012451172
1999-05-14,82.9317626953125
1999-05-17,83.18360900878906
1999-05-18,83.02864837646484
1999-05-19,83.62918090820312
1999-05-20,83.12554168701172
1999-05-21,82.66058349609375
1999-05-24,81.2851333618164
1999-05-25,79.9678726196289
1999-05-26,80.85899353027344
1999-05-27,79.6966323852539
1999-05-28,80.71365356445312
1999-06-01,80.43280792236328
1999-06-02,80.51029205322266
1999-06-03,80.95584869384766
1999-06-04,82.5831069946289
1999-06-07,82.79612731933594
1999-06-08,81.98257446289062
1999-06-09,81.9050521850586
1999-06-10,81.1495590209961
1999-06-11,80.47151947021484
1999-06-14,80.54905700683594
1999-06-15,81.09141540527344
1999-06-16,82.64118957519531
1999-06-17,83.41609191894531
1999-06-18,83.51246643066406
1999-06-21,83.70677185058594
1999-06-22,83.12387084960938
1999-06-23,82.71581268310547
1999-06-24,82.0940170288086
1999-06-25,81.8900146484375
1999-06-28,82.89069366455078
1999-06-29,83.66793060302734
1999-06-30,85.18350219726562
1999-07-01,85.82469177246094
1999-07-02,86.67960357666016
1999-07-06,86.66020965576172
1999-07-07,86.77679443359375
1999-07-08,86.84477233886719
1999-07-09,87.35968780517578
1999-07-12,86.97113800048828
1999-07-13,86.66020965576172
1999-07-14,87.1459732055664
1999-07-15,87.69978332519531
1999-07-16,88.17579650878906
1999-07-19,87.59288787841797
1999-07-20,85.79554748535156
1999-07-21,85.69841766357422
1999-07-22,84.57141876220703
1999-07-23,84.40629577636719
1999-07-26,83.78449249267578
1999-07-27,84.48395538330078
1999-07-28,84.75601196289062
1999-07-29,83.57073211669922
1999-07-30,82.54092407226562
1999-08-02,82.7352294921875
1999-08-03,82.34659576416016
1999-08-04,81.21965789794922
1999-08-05,81.9580307006836
1999-08-06,81.06421661376953
1999-08-09,80.88934326171875
1999-08-10,79.9955062866211
1999-08-11,80.96708679199219
1999-08-12,80.91849517822266
1999-08-13,82.79351806640625
1999-08-16,83.16273498535156
1999-08-17,83.70677185058594
1999-08-18,83.10440826416016
1999-08-19,82.42437744140625
1999-08-20,83.25984191894531
1999-08-23,84.8531723022461
1999-08-24,85.1640396118164
1999-08-25,86.03843688964844
1999-08-26,85.00858306884766
1999-08-27,83.97877502441406
1999-08-30,82.42437744140625
1999-08-31,82.11347198486328
1999-09-01,83.12387084960938
1999-09-02,82.1426010131836
1999-09-03,84.54230499267578
1999-09-07,84.23139190673828
1999-09-08,83.82334899902344
1999-09-09,83.78449249267578
1999-09-10,84.48395538330078
1999-09-13,83.9107666015625
1999-09-14,83.35704803466797
1999-09-15,82.0357437133789
1999-09-16,82.3563461303711
1999-09-17,83.3969497680664
1999-09-20,83.2800521850586
1999-09-21,81.52632904052734
1999-09-22,81.4386215209961
1999-09-23,79.73368072509766
1999-09-24,79.65573120117188
1999-09-27,80.1818618774414
1999-09-28,80.02598571777344
1999-09-29,79.0711898803711
1999-09-30,80.27930450439453
1999-10-01,80.10391235351562
1999-10-04,81.52632904052734
1999-10-05,81.44844055175781
1999-10-06,82.69546508789062
1999-10-07,82.22784423828125
1999-10-08,83.47489166259766
1999-10-11,83.33847045898438
1999-10-12,82.05244445800781
1999-10-13,79.92854309082031
1999-10-14,79.90910339355469
1999-10-15,77.86310577392578
1999-10-18,78.42819213867188
1999-10-19,79.18811798095703
1999-10-20,79.967529296875
1999-10-21,80.4352035522461
1999-10-22,81.1171646118164
1999-10-25,80.70794677734375
1999-10-26,79.69470977783203
1999-10-27,81.13665771484375
1999-10-28,83.90354919433594
1999-10-29,85.42343139648438
1999-11-01,84.52704620361328
1999-11-02,83.92302703857422
1999-11-03,84.48810577392578
1999-11-04,85.131103515625
1999-11-05,85.968994140625
1999-11-08,86.04693603515625
1999-11-09,85.2383041381836
1999-11-10,85.87156677246094
1999-11-11,86.35867309570312
1999-11-12,87.13807678222656
1999-11-15,87.3426742553711
1999-11-16,88.07341766357422
1999-11-17,88.30724334716797
1999-11-18,88.9307861328125
1999-11-19,88.85279083251953
1999-11-22,88.83335876464844
1999-11-23,88.05390167236328
1999-11-24,88.52156829833984
1999-11-26,88.1902847290039
1999-11-29,87.8785171508789
1999-11-30,86.84583282470703
1999-12-01,87.54732513427734
1999-12-02,88.07341766357422
1999-12-03,89.69066619873047
1999-12-06,89.02816772460938
1999-12-07,88.30724334716797
1999-12-08,87.74213409423828
1999-12-09,88.17083740234375
1999-12-10,88.46306610107422
1999-12-13,88.61901092529297
1999-12-14,87.76167297363281
1999-12-15,88.22928619384766
1999-12-16,88.61901092529297
1999-12-17,89.1880874633789
1999-12-20,88.54351043701172
1999-12-21,89.89131927490234
1999-12-22,90.12568664550781
1999-12-23,91.56130981445312
1999-12-27,91.43437194824219
1999-12-28,91.37577819824219
1999-12-29,91.76644897460938
1999-12-30,91.65902709960938
1999-12-31,91.8055419921875
2000-01-03,90.9070053100586
2000-01-04,87.35197448730469
2000-01-05,87.50823974609375
2000-01-06,86.10187530517578
2000-01-07,91.10233306884766
2000-01-10,91.41485595703125
2000-01-11,90.3210220336914
2000-01-12,89.42250061035156
2000-01-13,90.63356018066406
2000-01-14,91.8641586303711
2000-01-18,91.14138793945312
2000-01-19,91.88367462158203
2000-01-20,90.477294921875
2000-01-21,90.28195190429688
2000-01-24,87.72311401367188
2000-01-25,88.71932983398438
2000-01-26,88.01612091064453
2000-01-27,87.66451263427734
2000-01-28,84.92987823486328
2000-01-31,87.23480224609375
2000-02-01,88.09423065185547
2000-02-02,88.17237854003906
2000-02-03,89.50064086914062
2000-02-04,89.12945556640625
2000-02-07,88.99275970458984
2000-02-08,90.20381164550781
2000-02-09,88.30909729003906
2000-02-10,88.48493194580078
2000-02-11,86.6878433227539
2000-02-14,87.1957015991211
2000-02-15,88.18216705322266
2000-02-16,86.8832015991211
2000-02-17,86.43392944335938
2000-02-18,84.57832336425781
2000-02-22,84.36344146728516
2000-02-23,85.35958099365234
2000-02-24,83.64067077636719
2000-02-25,83.33792877197266
2000-02-28,85.08615112304688
2000-02-29,85.90653228759766
2000-03-01,86.53158569335938
2000-03-02,86.5902099609375
2000-03-03,88.21143341064453
2000-03-06,87.35197448730469
2000-03-07,85.66236114501953
2000-03-08,85.55500793457031
2000-03-09,88.05521392822266
2000-03-10,87.58637237548828
2000-03-13,86.62928771972656
2000-03-14,85.39871215820312
2000-03-15,87.39106750488281
2000-03-16,91.47349548339844
2000-03-17,92.07799530029297
2000-03-20,91.60804748535156
2000-03-21,93.48797607421875
2000-03-22,94.05584716796875
2000-03-23,95.66170501708984
2000-03-24,96.22962188720703
2000-03-27,95.21123504638672
2000-03-28,94.66291809082031
2000-03-29,94.76085662841797
2000-03-30,93.17471313476562
2000-03-31,94.23213958740234
2000-04-03,94.78048706054688
2000-04-04,94.07550811767578
2000-04-05,93.48797607421875
2000-04-06,94.30068969726562
2000-04-07,94.89795684814453
2000-04-10,94.5259017944336
2000-04-11,94.2516860961914
2000-04-12,91.66675567626953
2000-04-13,90.39391326904297
2000-04-14,85.22403717041016
2000-04-17,88.20066833496094
2000-04-18,90.53099822998047
2000-04-19,89.68891906738281
2000-04-20,90.1197738647461
2000-04-24,89.1406478881836
2000-04-25,92.84172821044922
2000-04-26,91.79402160644531
2000-04-27,91.49054718017578
2000-04-28,90.92262268066406
2000-05-01,92.15636444091797
2000-05-02,90.31558990478516
2000-05-03,88.20066833496094
2000-05-04,88.86643981933594
2000-05-05,89.94354248046875
2000-05-08,89.26792907714844
2000-05-09,88.55313873291016
2000-05-10,86.55567169189453
2000-05-11,88.53356170654297
2000-05-12,89.49309539794922
2000-05-15,91.04011535644531
2000-05-16,91.92138671875
2000-05-17,90.9618148803711
2000-05-18,89.84556579589844
2000-05-19,88.43567657470703
2000-05-22,87.76980590820312
2000-05-23,86.47733306884766
2000-05-24,87.8873291015625
2000-05-25,86.3794174194336
2000-05-26,86.47733306884766
2000-05-30,89.29725646972656
2000-05-31,89.49309539794922
2000-06-01,91.05973052978516
2000-06-02,92.64592742919922
2000-06-05,92.19551086425781
2000-06-06,91.78429412841797
2000-06-07,92.42073822021484
2000-06-08,92.0584716796875
2000-06-09,91.86261749267578
2000-06-12,90.78557586669922
2000-06-13,92.4892578125
2000-06-14,92.64592742919922
2000-06-15,92.84172821044922
2000-06-16,92.07887268066406
2000-06-19,93.25665283203125
2000-06-20,92.92296600341797
2000-06-21,92.88367462158203
2000-06-22,91.47042083740234
2000-06-23,90.68523406982422
2000-06-26,91.85319519042969
2000-06-27,91.17595672607422
2000-06-28,91.43113708496094
2000-06-29,90.5675048828125
2000-06-30,91.25447082519531
2000-07-03,92.51074981689453
2000-07-05,90.84225463867188
2000-07-06,91.54891204833984
2000-07-07,93.02108764648438
2000-07-10,92.86405944824219
2000-07-11,93.06033325195312
2000-07-12,93.66885375976562
2000-07-13,94.08106231689453
2000-07-14,95.003662109375
2000-07-17,94.8465576171875
2000-07-18,94.07123565673828
2000-07-19,93.31556701660156
2000-07-20,94.61104583740234
2000-07-21,92.76591491699219
2000-07-24,92.23590087890625
2000-07-25,92.5303955078125
2000-07-26,91.6274642944336
2000-07-27,91.31334686279297
2000-07-28,89.25232696533203
2000-07-31,89.82158660888672
2000-08-01,90.3711929321289
2000-08-02,90.82263946533203
2000-08-03,91.45076751708984
2000-08-04,91.9415283203125
2000-08-07,93.04074096679688
2000-08-08,93.39404296875
2000-08-09,92.6089096069336
2000-08-10,92.15741729736328
2000-08-11,92.58924865722656
2000-08-14,93.76693725585938
2000-08-15,93.68848419189453
2000-08-16,93.3547592163086
2000-08-17,94.33618927001953
2000-08-18,94.02214813232422
2000-08-21,94.5325698852539
2000-08-22,94.37545013427734
2000-08-23,94.74845886230469
2000-08-24,95.04286193847656
2000-08-25,95.003662109375
2000-08-28,95.32745361328125
2000-08-29,95.34709167480469
2000-08-30,94.43435668945312
2000-08-31,95.69060516357422
2000-09-01,95.78874206542969
2000-09-05,95.02325439453125
2000-09-06,93.94364929199219
2000-09-07,94.74845886230469
2000-09-08,94.1006851196289
2000-09-11,93.96328735351562
2000-09-12,93.27628326416016
2000-09-13,93.5216293334961
2000-09-14,93.99270629882812
2000-09-15,91.93634796142578
2000-09-18,91.09017944335938
2000-09-19,91.91666412353516
2000-09-20,91.23779296875
2000-09-21,89.8504638671875
2000-09-22,91.48373413085938
2000-09-25,90.83441925048828
2000-09-26,89.67337036132812
2000-09-27,90.14561462402344
2000-09-28,91.306640625
2000-09-29,90.44082641601562
2000-10-02,90.57858276367188
2000-10-03,89.73237609863281
2000-10-04,90.48015594482422
2000-10-05,90.7950210571289
2000-10-06,88.82720184326172
2000-10-09,88.15814971923828
2000-10-10,86.70195770263672
2000-10-11,85.9738998413086
2000-10-12,83.82894134521484
2000-10-13,86.6232681274414
2000-10-16,87.01676940917969
2000-10-17,84.8521957397461
2000-10-18,84.53736114501953
2000-10-19,87.7252197265625
2000-10-20,88.09908294677734
2000-10-23,88.49266815185547
2000-10-24,87.90229797363281
2000-10-25,85.83611297607422
2000-10-26,86.072265625
2000-10-27,87.70555877685547
2000-10-30,88.49266815185547
2000-10-31,90.0177230834961
2000-11-01,89.7127456665039
2000-11-02,89.86029815673828
2000-11-03,89.90947723388672
2000-11-06,90.5391845703125
2000-11-07,90.51951599121094
2000-11-08,88.5123519897461
2000-11-09,88.17782592773438
2000-11-10,86.03289794921875
2000-11-13,85.36381530761719
2000-11-14,87.60713195800781
2000-11-15,87.88265991210938
2000-11-16,86.50518035888672
2000-11-17,86.042724609375
2000-11-20,84.8128433227539
2000-11-21,85.24577331542969
2000-11-22,83.20909118652344
2000-11-24,84.91122436523438
2000-11-27,85.65901184082031
2000-11-28,84.18315124511719
2000-11-29,84.02568817138672
2000-11-30,83.29764556884766
2000-12-01,83.25825500488281
2000-12-04,83.9666976928711
2000-12-05,86.72164154052734
2000-12-06,85.33433532714844
2000-12-07,84.16348266601562
2000-12-08,84.36026000976562
2000-12-11,87.2923355102539
2000-12-12,86.91841125488281
2000-12-13,85.72789001464844
2000-12-14,84.63575744628906
2000-12-15,82.72412109375
2000-12-18,83.82947540283203
2000-12-19,82.1220932006836
2000-12-20,79.74361419677734
2000-12-21,80.29629516601562
2000-12-22,82.7043685913086
2000-12-26,83.59260559082031
2000-12-27,84.20452117919922
2000-12-28,84.46109771728516
2000-12-29,82.86228942871094
2001-01-02,81.3621597290039
2001-01-03,85.2703628540039
2001-01-04,84.35255432128906
2001-01-05,81.59901428222656
2001-01-08,82.23065185546875
2001-01-09,82.0135726928711
2001-01-10,83.45441436767578
2001-01-11,83.53341674804688
2001-01-12,83.37549591064453
2001-01-16,83.90841674804688
2001-01-17,84.29335021972656
2001-01-18,85.13219451904297
2001-01-19,84.64862060546875
2001-01-22,85.21117401123047
2001-01-23,85.88228607177734
2001-01-24,86.13887786865234
2001-01-25,85.92174530029297
2001-01-26,85.82302856445312
2001-01-29,86.28101348876953
2001-01-30,87.03893280029297
2001-01-31,86.54632568359375
2001-02-01,87.12104797363281
2001-02-02,85.14408111572266
2001-02-05,85.76932525634766
2001-02-06,85.5167236328125
2001-02-07,85.07459259033203
2001-02-08,84.08290100097656
2001-02-09,83.27439880371094
2001-02-12,84.22819519042969
2001-02-13,83.53968048095703
2001-02-14,83.41339111328125
2001-02-15,84.22187805175781
2001-02-16,82.36483001708984
2001-02-20,81.09530639648438
2001-02-21,79.3456802368164
2001-02-22,79.46570587158203
2001-02-23,78.92877197265625
2001-02-26,80.60894775390625
2001-02-27,79.86361694335938
2001-02-28,78.29080963134766
2001-03-01,78.7013931274414
2001-03-02,78.07608032226562
2001-03-05,78.78984069824219
2001-03-06,79.63626098632812
2001-03-07,80.2047119140625
2001-03-08,80.2931137084961
2001-03-09,77.91820526123047
2001-03-12,74.58319091796875
2001-03-13,75.80852508544922
2001-03-14,74.31156158447266
2001-03-15,74.3304672241211
2001-03-16,72.83964538574219
2001-03-19,74.32164001464844
2001-03-20,72.32664489746094
2001-03-21,71.09799194335938
2001-03-22,70.3759765625
2001-03-23,72.50397491455078
2001-03-26,73.42862701416016
2001-03-27,74.92964935302734
2001-03-28,72.8586196899414
2001-03-29,73.13731384277344
2001-03-30,73.90363311767578
2001-04-02,72.32664489746094
2001-04-03,69.9136734008789
2001-04-04,70.20496368408203
2001-04-05,72.86498260498047
2001-04-06,71.75666046142578
2001-04-09,72.55467224121094
2001-04-10,73.87830352783203
2001-04-11,73.92897033691406
2001-04-12,75.27163696289062
2001-04-16,74.47996520996094
2001-04-17,75.53130340576172
2001-04-18,78.53330993652344
2001-04-19,79.57833099365234
2001-04-20,78.8499755859375
2001-04-23,77.41864776611328
2001-04-24,77.00064849853516
2001-04-25,78.00758361816406
2001-04-26,78.3559799194336
2001-04-27,79.66063690185547
2001-04-30,80.21797180175781
2001-05-01,80.4649658203125
2001-05-02,80.31932067871094
2001-05-03,79.29957580566406
2001-05-04,80.64863586425781
2001-05-07,79.95196533203125
2001-05-08,79.91397857666016
2001-05-09,79.57833099365234
2001-05-10,79.81265258789062
2001-05-11,79.26162719726562
2001-05-14,79.41998291015625
2001-05-15,79.78732299804688
2001-05-16,81.66832733154297
2001-05-17,81.79493713378906
2001-05-18,82.16862487792969
2001-05-21,83.3782730102539
2001-05-22,83.27061462402344
2001-05-23,81.85832214355469
2001-05-24,82.09896087646484
2001-05-25,81.13002014160156
2001-05-29,80.48397827148438
2001-05-30,79.35664367675781
2001-05-31,79.768310546875
2001-06-01,80.26229095458984
2001-06-04,80.64863586425781
2001-06-05,81.57328033447266
2001-06-06,80.89564514160156
2001-06-07,81.18695831298828
2001-06-08,80.43330383300781
2001-06-11,79.8633041381836
2001-06-12,79.72395324707031
2001-06-13,79.03997039794922
2001-06-14,77.2666015625
2001-06-15,77.39107513427734
2001-06-18,77.01638793945312
2001-06-19,77.35305786132812
2001-06-20,77.759521484375
2001-06-21,78.6423568725586
2001-06-22,78.0262680053711
2001-06-25,77.30852508544922
2001-06-26,77.2005844116211
2001-06-27,77.1561279296875
2001-06-28,77.58167266845703
2001-06-29,77.86746215820312
2001-07-02,78.83917999267578
2001-07-03,78.82015228271484
2001-07-05,77.28316497802734
2001-07-06,75.6127700805664
2001-07-09,76.02558135986328
2001-07-10,75.1109848022461
2001-07-11,75.1872329711914
2001-07-12,76.971923828125
2001-07-13,77.63883209228516
2001-07-16,76.66710662841797
2001-07-17,77.38478088378906
2001-07-18,76.85761260986328
2001-07-19,77.53086853027344
2001-07-20,77.06720733642578
2001-07-23,75.54924011230469
2001-07-24,74.81880187988281
2001-07-25,75.64452362060547
2001-07-26,76.4384536743164
2001-07-27,76.73056030273438
2001-07-30,76.7560043334961
2001-07-31,77.07355499267578
2001-08-01,77.55628204345703
2001-08-02,77.87385559082031
2001-08-03,77.44830322265625
2001-08-06,76.40666961669922
2001-08-07,76.70518493652344
2001-08-08,75.282470703125
2001-08-09,75.50476837158203
2001-08-10,75.76518249511719
2001-08-13,75.78421783447266
2001-08-14,75.75247955322266
2001-08-15,75.09832000732422
2001-08-16,75.35868072509766
2001-08-17,74.15193176269531
2001-08-20,74.83792114257812
2001-08-21,73.56127166748047
2001-08-22,74.32342529296875
2001-08-23,74.05665588378906
2001-08-24,75.59371185302734
2001-08-27,75.14276123046875
2001-08-28,74.04399871826172
2001-08-29,73.38343811035156
2001-08-30,71.97344207763672
2001-08-31,72.5006103515625
2001-09-04,72.03691864013672
2001-09-05,72.21478271484375
2001-09-06,70.35383605957031
2001-09-07,69.05179595947266
2001-09-10,69.89656066894531
2001-09-17,66.2445297241211
2001-09-18,66.08574676513672
2001-09-19,64.7519302368164
2001-09-20,62.69411849975586
2001-09-21,62.01771545410156
2001-09-24,64.19803619384766
2001-09-25,64.86741638183594
2001-09-26,64.6379165649414
2001-09-27,65.19890594482422
2001-09-28,66.58234405517578
2001-10-01,66.4739761352539
2001-10-02,67.30911254882812
2001-10-03,68.43749237060547
2001-10-04,68.49488067626953
2001-10-05,68.36100769042969
2001-10-08,67.91475677490234
2001-10-09,67.55136108398438
2001-10-10,69.05590057373047
2001-10-11,70.12691497802734
2001-10-12,69.80819702148438
2001-10-15,69.6806640625
2001-10-16,70.12054443359375
2001-10-17,68.62876892089844
2001-10-18,68.4821548461914
2001-10-19,68.43749237060547
2001-10-22,69.78905487060547
2001-10-23,69.4320297241211
2001-10-24,69.24713897705078
2001-10-25,70.49032592773438
2001-10-26,70.33096313476562
2001-10-29,68.50127410888672
2001-10-30,67.6788558959961
2001-10-31,67.44935607910156
2001-11-01,69.17704772949219
2001-11-02,69.64881134033203
2001-11-05,70.5604476928711
2001-11-06,71.656982421875
2001-11-07,71.56128692626953
2001-11-08,71.78450012207031
2001-11-09,71.8609619140625
2001-11-12,71.42112731933594
2001-11-13,73.02763366699219
2001-11-14,73.09773254394531
2001-11-15,73.23163604736328
2001-11-16,72.90650939941406
2001-11-19,73.80541229248047
2001-11-20,73.18699645996094
2001-11-21,72.70252227783203
2001-11-23,73.748046875
2001-11-26,73.90740966796875
2001-11-27,73.58865356445312
2001-11-28,72.25625610351562
2001-11-29,73.23163604736328
2001-11-30,72.70893096923828
2001-12-03,72.27539825439453
2001-12-04,73.4993667602539
2001-12-05,74.84458923339844
2001-12-06,74.80632781982422
2001-12-07,74.30907440185547
2001-12-10,72.91924285888672
2001-12-11,72.77263641357422
2001-12-12,72.85552215576172
2001-12-13,71.44023132324219
2001-12-14,72.1223373413086
2001-12-17,72.86827087402344
2001-12-18,73.3017807006836
2001-12-19,73.81813049316406
2001-12-20,73.0914077758789
2001-12-21,73.53470611572266
2001-12-24,73.39395141601562
2001-12-26,73.79698944091797
2001-12-27,74.24476623535156
2001-12-28,74.20642852783203
2001-12-31,73.11891174316406
2002-01-02,73.90576934814453
2002-01-03,74.7437515258789
2002-01-04,75.24272918701172
2002-01-07,74.71183013916016
2002-01-08,74.53907012939453
2002-01-09,73.93135070800781
2002-01-10,74.2575912475586
2002-01-11,73.5283203125
2002-01-14,73.06771850585938
2002-01-15,73.66263580322266
2002-01-16,72.17210388183594
2002-01-17,72.71588134765625
2002-01-18,72.38324737548828
2002-01-22,71.88428497314453
2002-01-23,72.4344253540039
2002-01-24,72.65834045410156
2002-01-25,72.63911437988281
2002-01-28,72.83745574951172
2002-01-29,70.54725646972656
2002-01-30,71.56441497802734
2002-01-31,72.4024429321289
2002-02-01,72.0633544921875
2002-02-04,70.27220916748047
2002-02-05,69.83717346191406
2002-02-06,69.5365219116211
2002-02-07,69.10152435302734
2002-02-08,70.42571258544922
2002-02-11,71.2893295288086
2002-02-12,71.0654067993164
2002-02-13,71.82029724121094
2002-02-14,71.68590545654297
2002-02-15,70.93748474121094
2002-02-19,69.57493591308594
2002-02-20,70.74556732177734
2002-02-21,69.2806167602539
2002-02-22,70.13784790039062
2002-02-25,71.29571533203125
2002-02-26,71.14859008789062
2002-02-27,71.42366027832031
2002-02-28,71.10383605957031
2002-03-01,72.76070404052734
2002-03-04,74.04647064208984
2002-03-05,73.80977630615234
2002-03-06,74.68619537353516
2002-03-07,74.52626037597656
2002-03-08,74.83969116210938
2002-03-11,74.9996337890625
2002-03-12,74.9548568725586
2002-03-13,74.23199462890625
2002-03-14,74.12960052490234
2002-03-15,74.83595275878906
2002-03-18,74.84880065917969
2002-03-19,75.3492431640625
2002-03-20,73.9313735961914
2002-03-21,73.9635009765625
2002-03-22,73.8031005859375
2002-03-25,72.88568878173828
2002-03-26,73.30909729003906
2002-03-27,73.5015640258789
2002-03-28,73.4695053100586
2002-04-01,73.5015640258789
2002-04-02,73.09744262695312
2002-04-03,72.58415222167969
2002-04-04,72.28262329101562
2002-04-05,72.29544830322266
2002-04-08,72.44945526123047
2002-04-09,71.942626953125
2002-04-10,72.75739288330078
2002-04-11,70.9482421875
2002-04-12,71.4806900024414
2002-04-15,70.93541717529297
2002-04-16,72.62262725830078
2002-04-17,72.46866607666016
2002-04-18,72.1543197631836
2002-04-19,72.41737365722656
2002-04-22,71.21125793457031
2002-04-23,70.9032974243164
2002-04-24,70.19123840332031
2002-04-25,70.22969818115234
2002-04-26,68.8952865600586
2002-04-29,68.55525970458984
2002-04-30,69.19681549072266
2002-05-01,70.04364013671875
2002-05-02,69.77423858642578
2002-05-03,69.01718139648438
2002-05-06,67.66354370117188
2002-05-07,67.42616271972656
2002-05-08,69.93460083007812
2002-05-09,69.12626647949219
2002-05-10,67.82392120361328
2002-05-13,69.2032241821289
2002-05-14,70.71083068847656
2002-05-15,70.43500518798828
2002-05-16,70.8006820678711
2002-05-17,71.14708709716797
2002-05-20,70.37723541259766
2002-05-21,69.7357177734375
2002-05-22,69.88969421386719
2002-05-23,70.63388061523438
2002-05-24,69.72930908203125
2002-05-28,69.35077667236328
2002-05-29,68.83757019042969
2002-05-30,68.64507293701172
2002-05-31,68.78618621826172
2002-06-03,66.95780944824219
2002-06-04,67.12458801269531
2002-06-05,67.75337982177734
2002-06-06,66.37399291992188
2002-06-07,66.29703521728516
2002-06-10,66.5536880493164
2002-06-11,65.41173553466797
2002-06-12,65.80945587158203
2002-06-13,65.14868927001953
2002-06-14,65.05242156982422
2002-06-17,66.79743957519531
2002-06-18,67.34278869628906
2002-06-19,65.7709732055664
2002-06-20,64.93052673339844
2002-06-21,63.915283203125
2002-06-24,64.25003814697266
2002-06-25,62.807952880859375
2002-06-26,62.91097640991211
2002-06-27,64.01187133789062
2002-06-28,63.70928955078125
2002-07-01,62.46678161621094
2002-07-02,61.14057922363281
2002-07-03,61.488258361816406
2002-07-05,63.93461990356445
2002-07-08,63.13630676269531
2002-07-09,61.5461540222168
2002-07-10,59.305763244628906
2002-07-11,59.788631439208984
2002-07-12,59.1319580078125
2002-07-15,59.447410583496094
2002-07-16,58.30149459838867
2002-07-17,58.417327880859375
2002-07-18,56.52458572387695
2002-07-19,54.53531265258789
2002-07-22,52.919403076171875
2002-07-23,51.47087478637695
2002-07-24,54.54174041748047
2002-07-25,54.0782356262207
2002-07-26,55.10826873779297
2002-07-29,57.792877197265625
2002-07-30,58.54609680175781
2002-07-31,58.68775939941406
2002-08-01,57.155548095703125
2002-08-02,55.874359130859375
2002-08-05,53.93014144897461
2002-08-06,55.745628356933594
2002-08-07,56.71772766113281
2002-08-08,58.55255126953125
2002-08-09,58.77143096923828
2002-08-12,58.34010696411133
2002-08-13,57.277862548828125
2002-08-14,59.370147705078125
2002-08-15,60.194190979003906
2002-08-16,60.013980865478516
2002-08-19,61.41740798950195
2002-08-20,60.76716995239258
2002-08-21,61.64272689819336
2002-08-22,62.241458892822266
2002-08-23,60.90239715576172
2002-08-26,61.327301025390625
2002-08-27,60.619110107421875
2002-08-28,59.29291915893555
2002-08-29,59.31864929199219
2002-08-30,59.086910247802734
2002-09-03,56.83361053466797
2002-09-04,57.644775390625
2002-09-05,57.155548095703125
2002-09-06,57.94095230102539
2002-09-09,58.365848541259766
2002-09-10,59.03538513183594
2002-09-11,58.66839599609375
2002-09-12,57.58686828613281
2002-09-13,57.7285041809082
2002-09-16,57.8701171875
2002-09-17,56.54392623901367
2002-09-18,55.97738265991211
2002-09-19,54.52885055541992
2002-09-20,54.54695510864258
2002-09-23,54.10078430175781
2002-09-24,53.227760314941406
2002-09-25,54.54695510864258
2002-09-26,55.43938446044922
2002-09-27,53.51228713989258
2002-09-30,52.8914909362793
2002-10-01,55.43293380737305
2002-10-02,53.77095413208008
2002-10-03,53.227760314941406
2002-10-04,52.251285552978516
2002-10-07,51.171329498291016
2002-10-08,51.97320556640625
2002-10-09,50.50526428222656
2002-10-10,52.141334533691406
2002-10-11,54.42411422729492
2002-10-14,54.728050231933594
2002-10-15,57.36000061035156
2002-10-16,55.96965789794922
2002-10-17,57.08193588256836
2002-10-18,57.32121658325195
2002-10-21,58.31061935424805
2002-10-22,57.89029312133789
2002-10-23,58.330013275146484
2002-10-24,57.14013671875
2002-10-25,58.330013275146484
2002-10-28,57.94847106933594
2002-10-29,57.27595520019531
2002-10-30,57.832061767578125
2002-10-31,57.24360656738281
2002-11-01,58.375301361083984
2002-11-04,58.9314079284668
2002-11-05,59.39704513549805
2002-11-06,60.166603088378906
2002-11-07,58.692195892333984
2002-11-08,57.97434997558594
2002-11-11,57.07548904418945
2002-11-12,57.52817153930664
2002-11-13,57.586360931396484
2002-11-14,58.67277908325195
2002-11-15,59.10600280761719
2002-11-18,58.5110969543457
2002-11-19,58.4334831237793
2002-11-20,59.73331069946289
2002-11-21,60.8455810546875
2002-11-22,60.41230010986328
2002-11-25,60.45111846923828
2002-11-26,59.3000373840332
2002-11-27,60.96844482421875
2002-11-29,60.774452209472656
2002-12-02,60.87146759033203
2002-12-03,60.0566520690918
2002-12-04,59.78499984741211
2002-12-05,59.12542724609375
2002-12-06,59.51343536376953
2002-12-09,57.877349853515625
2002-12-10,58.65336990356445
2002-12-11,58.705101013183594
2002-12-12,58.69864273071289
2002-12-13,57.77389907836914
2002-12-16,59.26769256591797
2002-12-17,58.750362396240234
2002-12-18,58.07136917114258
2002-12-19,57.6574821472168
2002-12-20,58.480167388916016
2002-12-23,58.499691009521484
2002-12-24,58.064266204833984
2002-12-26,58.09027862548828
2002-12-27,56.784080505371094
2002-12-30,57.25847244262695
2002-12-31,57.33646011352539
2003-01-02,59.1819953918457
2003-01-03,59.364013671875
2003-01-06,60.410274505615234
2003-01-07,60.260772705078125
2003-01-08,59.389984130859375
2003-01-09,60.31277084350586
2003-01-10,60.47524642944336
2003-01-13,60.45574951171875
2003-01-14,60.65070343017578
2003-01-15,60.04634475708008
2003-01-16,59.79940414428711
2003-01-17,58.91560363769531
2003-01-21,57.99930953979492
2003-01-22,57.29747009277344
2003-01-23,57.648399353027344
2003-01-24,56.13423538208008
2003-01-27,55.36738586425781
2003-01-28,55.77682876586914
2003-01-29,56.19920349121094
2003-01-30,54.86701202392578
2003-01-31,55.92626190185547
2003-02-03,56.03675079345703
2003-02-04,55.48436737060547
2003-02-05,55.13996505737305
2003-02-06,54.88002395629883
2003-02-07,54.21066665649414
2003-02-10,54.59408950805664
2003-02-11,54.2171630859375
2003-02-12,53.35285568237305
2003-02-13,53.51534652709961
2003-02-14,54.685062408447266
2003-02-18,55.646827697753906
2003-02-19,55.35442352294922
2003-02-20,54.80205154418945
2003-02-21,55.35442352294922
2003-02-24,54.45762252807617
2003-02-25,54.89301300048828
2003-02-26,54.09369659423828
2003-02-27,54.808528900146484
2003-02-28,55.17245864868164
2003-03-03,54.646060943603516
2003-03-04,53.775264739990234
2003-03-05,54.23015213012695
2003-03-06,53.775264739990234
2003-03-07,54.145652770996094
2003-03-10,52.84598159790039
2003-03-11,52.32609939575195
2003-03-12,52.677001953125
2003-03-13,54.49658966064453
2003-03-14,54.67205047607422
2003-03-17,56.394168853759766
2003-03-18,56.725624084472656
2003-03-19,57.160972595214844
2003-03-20,57.28445053100586
2003-03-21,58.507198333740234
2003-03-24,56.56281661987305
2003-03-25,57.10438919067383
2003-03-26,56.817291259765625
2003-03-27,56.86297607421875
2003-03-28,56.57587432861328
2003-03-31,55.29049301147461
2003-04-01,56.138729095458984
2003-04-02,57.495853424072266
2003-04-03,57.22184371948242
2003-04-04,57.561119079589844
2003-04-07,57.450172424316406
2003-04-08,57.54155731201172
2003-04-09,56.78466796875
2003-04-10,57.097877502441406
2003-04-11,56.86297607421875
2003-04-14,58.03740310668945
2003-04-15,58.57896041870117
2003-04-16,57.58068084716797
2003-04-17,58.43543243408203
2003-04-21,58.49415588378906
2003-04-22,59.59683609008789
2003-04-23,60.14488220214844
2003-04-24,59.60988235473633
2003-04-25,58.872589111328125
2003-04-28,59.89042282104492
2003-04-29,60.099239349365234
2003-04-30,59.968711853027344
2003-05-01,59.96220016479492
2003-05-02,60.81696701049805
2003-05-05,60.69950485229492
2003-05-06,61.27366638183594
2003-05-07,60.934383392333984
2003-05-08,60.321048736572266
2003-05-09,61.1562385559082
2003-05-12,61.90657043457031
2003-05-13,61.79563522338867
2003-05-14,61.6651611328125
2003-05-15,62.056678771972656
2003-05-16,61.90006637573242
2003-05-19,60.45157241821289
2003-05-20,60.32758331298828
2003-05-21,60.45157241821289
2003-05-22,61.05181884765625
2003-05-23,61.175819396972656
2003-05-27,62.2458381652832
2003-05-28,62.42201614379883
2003-05-29,62.25890350341797
2003-05-30,63.25716018676758
2003-06-02,63.5181770324707
2003-06-03,63.779170989990234
2003-06-04,64.69917297363281
2003-06-05,65.01889038085938
2003-06-06,64.76438903808594
2003-06-09,64.10539245605469
2003-06-10,64.75788116455078
2003-06-11,65.44295501708984
2003-06-12,65.64522552490234
2003-06-13,64.96016693115234
2003-06-16,66.3303451538086
2003-06-17,66.3303451538086
2003-06-18,66.2716293334961
2003-06-19,65.26028442382812
2003-06-20,65.1162109375
2003-06-23,64.44831085205078
2003-06-24,64.51380157470703
2003-06-25,63.865501403808594
2003-06-26,64.6971435546875
2003-06-27,63.95065689086914
2003-06-30,63.930999755859375
2003-07-01,64.52032470703125
2003-07-02,65.33232116699219
2003-07-03,64.65782165527344
2003-07-07,65.94132995605469
2003-07-08,66.2359619140625
2003-07-09,65.86273956298828
2003-07-10,65.02456665039062
2003-07-11,65.64009857177734
2003-07-14,65.9609603881836
2003-07-15,65.81690979003906
2003-07-16,65.4305419921875
2003-07-17,64.50072479248047
2003-07-18,65.16209411621094
2003-07-21,64.35662078857422
2003-07-22,64.93942260742188
2003-07-23,64.98522186279297
2003-07-24,64.49413299560547
2003-07-25,65.63350677490234
2003-07-28,65.39127349853516
2003-07-29,65.09003448486328
2003-07-30,64.9328842163086
2003-07-31,65.08346557617188
2003-08-01,64.50725555419922
2003-08-04,64.50725555419922
2003-08-05,63.13861083984375
2003-08-06,63.50535202026367
2003-08-07,64.17327117919922
2003-08-08,64.35662078857422
2003-08-11,64.59893035888672
2003-08-12,65.18824768066406
2003-08-13,64.854248046875
2003-08-14,65.03108978271484
2003-08-15,65.23407745361328
2003-08-18,65.79725646972656
2003-08-19,66.04609680175781
2003-08-20,65.77759552001953
2003-08-21,65.98716735839844
2003-08-22,65.33232116699219
2003-08-25,65.4371337890625
2003-08-26,65.55498504638672
2003-08-27,65.57464599609375
2003-08-28,65.9806137084961
2003-08-29,66.42589569091797
2003-09-02,67.31644439697266
2003-09-03,67.68313598632812
2003-09-04,67.71591186523438
2003-09-05,67.33613586425781
2003-09-08,67.89271545410156
2003-09-09,67.4473876953125
2003-09-10,66.76638793945312
2003-09-11,66.96286010742188
2003-09-12,67.08724975585938
2003-09-15,66.85150909423828
2003-09-16,67.82721710205078
2003-09-17,67.69624328613281
2003-09-18,68.49512481689453
2003-09-19,68.1467514038086
2003-09-22,67.41055297851562
2003-09-23,67.66688537597656
2003-09-24,66.46395111083984
2003-09-25,65.91835021972656
2003-09-26,65.701416015625
2003-09-29,66.34563446044922
2003-09-30,65.701416015625
2003-10-01,67.10157775878906
2003-10-02,67.34477996826172
2003-10-03,67.96269989013672
2003-10-06,68.27165222167969
2003-10-07,68.53457641601562
2003-10-08,68.36367797851562
2003-10-09,68.54771423339844
2003-10-10,68.73835754394531
2003-10-13,68.95528411865234
2003-10-14,69.19851684570312
2003-10-15,69.01446533203125
2003-10-16,69.29049682617188
2003-10-17,68.53457641601562
2003-10-20,69.04731750488281
2003-10-21,68.9289779663086
2003-10-22,68.06130981445312
2003-10-23,67.93639373779297
2003-10-24,68.08757781982422
2003-10-27,68.12043762207031
2003-10-28,69.04731750488281
2003-10-29,69.13937377929688
2003-10-30,69.28392028808594
2003-10-31,69.21823120117188
2003-11-03,69.67178344726562
2003-11-04,69.52057647705078
2003-11-05,69.57317352294922
2003-11-06,69.94132995605469
2003-11-07,69.42198944091797
2003-11-10,69.13937377929688
2003-11-11,69.11961364746094
2003-11-12,69.8952865600586
2003-11-13,69.91500854492188
2003-11-14,69.32339477539062
2003-11-17,68.97501373291016
2003-11-18,68.25851440429688
2003-11-19,68.83695983886719
2003-11-20,68.21904754638672
2003-11-21,68.50169372558594
2003-11-24,69.40885925292969
2003-11-25,69.67178344726562
2003-11-26,69.92158508300781
2003-11-28,69.97416687011719
2003-12-01,70.7301254272461
2003-12-02,70.55259704589844
2003-12-03,70.44084930419922
2003-12-04,70.7301254272461
2003-12-05,70.23709869384766
2003-12-08,70.71039581298828
2003-12-09,70.16477966308594
2003-12-10,70.15824127197266
2003-12-11,70.94706726074219
2003-12-12,71.0850830078125
2003-12-15,70.7301254272461
2003-12-16,71.09819793701172
2003-12-17,71.32170867919922
2003-12-18,72.12367248535156
2003-12-19,71.92288208007812
2003-12-22,72.42483520507812
2003-12-23,72.47108459472656
2003-12-24,72.3984375
2003-12-26,72.45125579833984
2003-12-29,73.41554260253906
2003-12-30,73.42871856689453
2003-12-31,73.49478149414062
2004-01-02,73.46175384521484
2004-01-05,74.2608642578125
2004-01-06,74.33353424072266
2004-01-07,74.58452606201172
2004-01-08,74.8816909790039
2004-01-09,74.22791290283203
2004-01-12,74.77604675292969
2004-01-13,74.34013366699219
2004-01-14,74.96097564697266
2004-01-15,75.1458969116211
2004-01-16,75.4430923461914
2004-01-20,75.42327880859375
2004-01-21,76.0177001953125
2004-01-22,75.81956481933594
2004-01-23,75.5751953125
2004-01-26,76.52622985839844
2004-01-27,75.74029541015625
2004-01-28,74.87510681152344
2004-01-29,74.94776916503906
2004-01-30,74.94776916503906
2004-02-02,75.27140045166016
2004-02-03,75.1458969116211
2004-02-04,74.53166961669922
2004-02-05,74.74964904785156
2004-02-06,75.58838653564453
2004-02-09,75.60820007324219
2004-02-10,75.85257720947266
2004-02-11,76.65831756591797
2004-02-12,76.3809585571289
2004-02-13,76.03751373291016
2004-02-17,76.72435760498047
2004-02-18,76.38754272460938
2004-02-19,76.1035385131836
2004-02-20,75.87236785888672
2004-02-23,75.68084716796875
2004-02-24,75.54875946044922
2004-02-25,75.86576843261719
2004-02-26,75.91202545166016
2004-02-27,75.96485137939453
2004-03-01,76.71776580810547
2004-03-02,76.26862335205078
2004-03-03,76.40733337402344
2004-03-04,76.60550689697266
2004-03-05,76.8630599975586
2004-03-08,75.92520141601562
2004-03-09,75.62138366699219
2004-03-10,74.35336303710938
2004-03-11,73.38911437988281
2004-03-12,74.35336303710938
2004-03-15,73.44194793701172
2004-03-16,73.83161926269531
2004-03-17,74.65714263916016
2004-03-18,74.67696380615234
2004-03-19,73.6065902709961
2004-03-22,72.67212677001953
2004-03-23,72.54618835449219
2004-03-24,72.60580444335938
2004-03-25,73.56683349609375
2004-03-26,73.58673858642578
2004-03-29,74.62063598632812
2004-03-30,74.87249755859375
2004-03-31,74.9586410522461
2004-04-01,75.40931701660156
2004-04-02,75.97928619384766
2004-04-05,76.3968734741211
2004-04-06,76.15161895751953
2004-04-07,75.97268676757812
2004-04-08,75.80036163330078
2004-04-12,76.0986328125
2004-04-13,75.03157043457031
2004-04-14,75.1508560180664
2004-04-15,74.86585998535156
2004-04-16,75.44244384765625
2004-04-19,75.44244384765625
2004-04-20,74.17654418945312
2004-04-21,74.6736831665039
2004-04-22,75.7208251953125
2004-04-23,75.79376220703125
2004-04-26,75.68769836425781
2004-04-27,75.75399017333984
2004-04-28,74.7730712890625
2004-04-29,74.11695098876953
2004-04-30,73.54032135009766
2004-05-03,74.32904052734375
2004-05-04,74.26936340332031
2004-05-05,74.74655151367188
2004-05-06,74.10368347167969
2004-05-07,72.87757873535156
2004-05-10,72.12863159179688
2004-05-11,72.73834991455078
2004-05-12,73.20233154296875
2004-05-13,72.89747619628906
2004-05-14,72.93058013916016
2004-05-17,72.30760192871094
2004-05-18,72.67212677001953
2004-05-19,72.42025756835938
2004-05-20,72.6522216796875
2004-05-21,72.77813720703125
2004-05-24,73.08304595947266
2004-05-25,74.13017272949219
2004-05-26,74.38866424560547
2004-05-27,74.80622863769531
2004-05-28,74.79957580566406
2004-06-01,74.70018005371094
2004-06-02,74.97856140136719
2004-06-03,74.28927612304688
2004-06-04,74.87911224365234
2004-06-07,76.01905822753906
2004-06-08,76.12511444091797
2004-06-09,75.41595458984375
2004-06-10,75.78710174560547
2004-06-14,75.03817749023438
2004-06-15,75.56840515136719
2004-06-16,75.55513763427734
2004-06-17,75.44244384765625
2004-06-18,75.58483123779297
2004-06-21,75.29879760742188
2004-06-22,75.6779556274414
2004-06-23,76.32984924316406
2004-06-24,76.09033966064453
2004-06-25,75.72449493408203
2004-06-28,75.46502685546875
2004-06-29,75.77770233154297
2004-06-30,76.1834716796875
2004-07-01,75.1258316040039
2004-07-02,75.08592224121094
2004-07-06,74.42743682861328
2004-07-07,74.64691162109375
2004-07-08,74.12806701660156
2004-07-09,74.32099151611328
2004-07-12,74.35421752929688
2004-07-13,74.407470703125
2004-07-14,74.18125915527344
2004-07-15,73.7023696899414
2004-07-16,73.64244842529297
2004-07-19,73.329833984375
2004-07-20,74.26107788085938
2004-07-21,72.89078521728516
2004-07-22,73.09039306640625
2004-07-23,72.47840118408203
2004-07-26,72.33869934082031
2004-07-27,73.0172119140625
2004-07-28,73.2367172241211
2004-07-29,73.54936981201172
2004-07-30,73.72896575927734
2004-08-02,73.88197326660156
2004-08-03,73.30988311767578
2004-08-04,73.30323791503906
2004-08-05,72.10591125488281
2004-08-06,71.07486724853516
2004-08-09,71.17464447021484
2004-08-10,72.09261322021484
2004-08-11,71.9462661743164
2004-08-12,71.16134643554688
2004-08-13,71.30105590820312
2004-08-16,72.0394058227539
2004-08-17,72.44515228271484
2004-08-18,73.19017791748047
2004-08-19,72.97731018066406
2004-08-20,73.48949432373047
2004-08-23,73.30323791503906
2004-08-24,73.40300750732422
2004-08-25,73.90190887451172
2004-08-26,73.90190887451172
2004-08-27,74.13472747802734
2004-08-30,73.52276611328125
2004-08-31,73.90855407714844
2004-09-01,74.04822540283203
2004-09-02,74.8863296508789
2004-09-03,74.58040618896484
2004-09-07,75.0726318359375
2004-09-08,74.8863296508789
2004-09-09,74.81986236572266
2004-09-10,75.20567321777344
2004-09-13,75.45177459716797
2004-09-14,75.60477447509766
2004-09-15,75.0327377319336
2004-09-16,75.25888061523438
2004-09-17,75.5788345336914
2004-09-20,75.12460327148438
2004-09-21,75.45191955566406
2004-09-22,74.51011657714844
2004-09-23,74.10931396484375
2004-09-24,74.44998168945312
2004-09-27,73.97575378417969
2004-09-28,74.3297348022461
2004-09-29,74.70381927490234
2004-09-30,74.65036010742188
2004-10-01,75.91281127929688
2004-10-04,76.03971862792969
2004-10-05,76.07976531982422
2004-10-06,76.60081481933594
2004-10-07,75.77916717529297
2004-10-08,75.15132904052734
2004-10-11,75.45860290527344
2004-10-12,75.16471099853516
2004-10-13,74.5034408569336
2004-10-14,73.90227508544922
2004-10-15,74.31639099121094
2004-10-18,74.5969467163086
2004-10-19,73.96906280517578
2004-10-20,73.82213592529297
2004-10-21,74.3030776977539
2004-10-22,73.46810150146484
2004-10-25,73.38124084472656
2004-10-26,74.5034408569336
2004-10-27,75.39847564697266
2004-10-28,75.62557983398438
2004-10-29,75.61222076416016
2004-11-01,75.81927490234375
2004-11-02,75.84596252441406
2004-11-03,76.80117797851562
2004-11-04,77.84986114501953
2004-11-05,78.33746337890625
2004-11-08,78.22393035888672
2004-11-09,78.0702896118164
2004-11-10,78.13042449951172
2004-11-11,78.72490692138672
2004-11-12,79.34606170654297
2004-11-15,79.5410385131836
2004-11-16,78.9715805053711
2004-11-17,79.44052124023438
2004-11-18,79.54772186279297
2004-11-19,78.66340637207031
2004-11-22,79.03856658935547
2004-11-23,79.1591796875
2004-11-24,79.34674072265625
2004-11-26,79.28642272949219
2004-11-29,78.92467498779297
2004-11-30,78.97827911376953
2004-12-01,79.87598419189453
2004-12-02,79.94297790527344
2004-12-03,79.88939666748047
2004-12-06,79.86263275146484
2004-12-07,79.11898040771484
2004-12-08,79.58119201660156
2004-12-09,79.86263275146484
2004-12-10,79.94297790527344
2004-12-13,80.63969421386719
2004-12-14,80.92108917236328
2004-12-15,80.98136138916016
2004-12-16,80.93448638916016
2004-12-17,80.39463806152344
2004-12-20,80.41487884521484
2004-12-21,81.03412628173828
2004-12-22,81.22931671142578
2004-12-23,81.28987121582031
2004-12-27,81.12158966064453
2004-12-28,81.56584167480469
2004-12-29,81.68702697753906
2004-12-30,81.53224182128906
2004-12-31,81.35718536376953
2005-01-03,80.9735336303711
2005-01-04,79.98410034179688
2005-01-05,79.43214416503906
2005-01-06,79.83599853515625
2005-01-07,79.72156524658203
2005-01-10,80.09849548339844
2005-01-11,79.54657745361328
2005-01-12,79.80908203125
2005-01-13,79.16962432861328
2005-01-14,79.58694458007812
2005-01-18,80.41487884521484
2005-01-19,79.573486328125
2005-01-20,79.08885192871094
2005-01-21,78.60421752929688
2005-01-24,78.44940948486328
2005-01-25,78.67153930664062
2005-01-26,78.9071044921875
2005-01-27,79.041748046875
2005-01-28,79.041748046875
2005-01-31,79.53312683105469
2005-02-01,80.03791809082031
2005-02-02,80.28022003173828
2005-02-03,80.07157897949219
2005-02-04,80.92642211914062
2005-02-07,80.81873321533203
2005-02-08,80.9129638671875
2005-02-09,80.3071517944336
2005-02-10,80.59657287597656
2005-02-11,81.28987121582031
2005-02-14,81.22931671142578
2005-02-15,81.53224182128906
2005-02-16,81.58606719970703
2005-02-17,80.92642211914062
2005-02-18,81.03412628173828
2005-02-22,79.82927703857422
2005-02-23,80.40139770507812
2005-02-24,80.93316650390625
2005-02-25,81.73411560058594
2005-02-28,81.19566345214844
2005-03-01,81.59949493408203
2005-03-02,81.5591049194336
2005-03-03,81.5927734375
2005-03-04,82.60916900634766
2005-03-07,82.6495361328125
2005-03-08,82.33990478515625
2005-03-09,81.42449951171875
2005-03-10,81.60624694824219
2005-03-11,81.03412628173828
2005-03-14,81.53892517089844
2005-03-15,80.8658447265625
2005-03-16,80.17929077148438
2005-03-17,80.34082794189453
2005-03-18,80.10227966308594
2005-03-21,79.80493927001953
2005-03-22,78.99405670166016
2005-03-23,79.0616226196289
2005-03-24,79.15625
2005-03-28,79.27111053466797
2005-03-29,78.7440185546875
2005-03-30,79.8590316772461
2005-03-31,79.71035766601562
2005-04-01,79.35221862792969
2005-04-04,79.48737335205078
2005-04-05,79.86576843261719
2005-04-06,80.142822265625
2005-04-07,80.57527160644531
2005-04-08,79.7374038696289
2005-04-11,79.79817962646484
2005-04-12,80.2104263305664
2005-04-13,79.2643814086914
2005-04-14,78.23043060302734
2005-04-15,77.13578796386719
2005-04-18,77.3722915649414
2005-04-19,77.98721313476562
2005-04-20,76.8992919921875
2005-04-21,78.39268493652344
2005-04-22,78.0953598022461
2005-04-25,78.60890197753906
2005-04-26,77.84529113769531
2005-04-27,78.14936065673828
2005-04-28,77.16954803466797
2005-04-29,78.21694946289062
2005-05-02,78.65618133544922
2005-05-03,78.79136657714844
2005-05-04,79.39949798583984
2005-05-05,79.37248229980469
2005-05-06,79.12246704101562
2005-05-09,79.6157455444336
2005-05-10,78.79136657714844
2005-05-11,79.22381591796875
2005-05-12,78.35208892822266
2005-05-13,78.19670867919922
2005-05-16,78.9264907836914
2005-05-17,79.45356750488281
2005-05-18,80.27120971679688
2005-05-19,80.60906982421875
2005-05-20,80.49420928955078
2005-05-23,80.94021606445312
2005-05-24,80.75098419189453
2005-05-25,80.69013977050781
2005-05-26,81.1226577758789
2005-05-27,81.25778198242188
2005-05-31,80.73748779296875
2005-06-01,81.42671966552734
2005-06-02,81.6024398803711
2005-06-03,81.19023895263672
2005-06-06,81.11590576171875
2005-06-07,81.17671203613281
2005-06-08,81.02804565429688
2005-06-09,81.41322326660156
2005-06-10,81.22400665283203
2005-06-13,81.48076629638672
2005-06-14,81.67000579833984
2005-06-15,81.82543182373047
2005-06-16,82.03489685058594
2005-06-17,82.33888244628906
2005-06-20,82.3659896850586
2005-06-21,82.41345977783203
2005-06-22,82.48130798339844
2005-06-23,81.3211441040039
2005-06-24,80.72410583496094
2005-06-27,80.83946228027344
2005-06-28,81.51789093017578
2005-06-29,81.30079650878906
2005-06-30,80.85979461669922
2005-07-01,81.09725189208984
2005-07-05,81.74858093261719
2005-07-06,81.06333923339844
2005-07-07,81.38221740722656
2005-07-08,82.31171417236328
2005-07-11,82.73238372802734
2005-07-12,82.949462890625
2005-07-13,83.06483459472656
2005-07-14,83.39047241210938
2005-07-15,83.3429946899414
2005-07-18,83.01052856445312
2005-07-19,83.46510314941406
2005-07-20,83.75006103515625
2005-07-21,83.26158142089844
2005-07-22,83.81790161132812
2005-07-25,83.58045196533203
2005-07-26,83.68224334716797
2005-07-27,83.98753356933594
2005-07-28,84.51673889160156
2005-07-29,83.9535903930664
2005-08-01,83.89254760742188
2005-08-02,84.39461517333984
2005-08-03,84.61851501464844
2005-08-04,83.94003295898438
2005-08-05,83.3701171875
2005-08-08,83.21408081054688
2005-08-09,83.71613311767578
2005-08-10,83.67542266845703
2005-08-11,84.00787353515625
2005-08-12,83.49222564697266
2005-08-15,84.00787353515625
2005-08-16,82.91554260253906
2005-08-17,82.90878295898438
2005-08-18,82.90198516845703
2005-08-19,83.09194946289062
2005-08-22,83.09194946289062
2005-08-23,82.93587493896484
2005-08-24,82.19635009765625
2005-08-25,82.49491882324219
2005-08-26,81.9317626953125
2005-08-29,82.5627670288086
2005-08-30,82.12853240966797
2005-08-31,83.1666030883789
2005-09-01,83.10554504394531
2005-09-02,82.95623779296875
2005-09-06,83.92646789550781
2005-09-07,84.06895446777344
2005-09-08,83.79081726074219
2005-09-09,84.5370864868164
2005-09-12,84.36746215820312
2005-09-13,83.89933776855469
2005-09-14,83.59402465820312
2005-09-15,83.55330657958984
2005-09-16,84.1474838256836
2005-09-19,83.86811065673828
2005-09-20,83.15947723388672
2005-09-21,82.38272857666016
2005-09-22,82.67572021484375
2005-09-23,82.74388122558594
2005-09-26,82.8392562866211
2005-09-27,82.81880187988281
2005-09-28,82.90057373046875
2005-09-29,83.57511138916016
2005-09-30,83.83404541015625
2005-10-03,83.53422546386719
2005-10-04,82.59396362304688
2005-10-05,81.51057434082031
2005-10-06,81.21761322021484
2005-10-07,81.49698638916016
2005-10-10,80.808837890625
2005-10-11,80.69298553466797
2005-10-12,80.05928802490234
2005-10-13,80.01165008544922
2005-10-14,80.85648345947266
2005-10-17,81.15631103515625
2005-10-18,80.2773666381836
2005-10-19,81.61279296875
2005-10-20,80.17516326904297
2005-10-21,80.48857879638672
2005-10-24,81.7354507446289
2005-10-25,81.57191467285156
2005-10-26,81.33348083496094
2005-10-27,80.46810150146484
2005-10-28,81.62642669677734
2005-10-31,81.85127258300781
2005-11-01,82.09660339355469
2005-11-02,82.955078125
2005-11-03,83.30935668945312
2005-11-04,83.20037078857422
2005-11-07,83.2821273803711
2005-11-08,83.2821273803711
2005-11-09,83.39115905761719
2005-11-10,84.03845977783203
2005-11-11,84.32459259033203
2005-11-14,84.27691650390625
2005-11-15,83.97028350830078
2005-11-16,84.14065551757812
2005-11-17,84.92420959472656
2005-11-18,85.25807189941406
2005-11-21,85.68733215332031
2005-11-22,86.05525970458984
2005-11-23,86.5525894165039
2005-11-25,86.62075805664062
2005-11-28,86.00758361816406
2005-11-29,85.91218566894531
2005-11-30,85.44886779785156
2005-12-01,86.32096862792969
2005-12-02,86.43000030517578
2005-12-05,86.24600982666016
2005-12-06,86.4095687866211
2005-12-07,85.90535736083984
2005-12-08,85.85083770751953
2005-12-09,86.07569122314453
2005-12-12,86.15746307373047
2005-12-13,86.74343872070312
2005-12-14,87.08409118652344
2005-12-15,86.83201599121094
2005-12-16,86.5525131225586
2005-12-19,86.10729217529297
2005-12-20,86.18949127197266
2005-12-21,86.3265151977539
2005-12-22,86.7785415649414
2005-12-23,86.82654571533203
2005-12-27,85.94291687011719
2005-12-28,86.13467407226562
2005-12-29,85.75111389160156
2005-12-30,85.28533935546875
2006-01-03,86.785400390625
2006-01-04,87.19640350341797
2006-01-05,87.251220703125
2006-01-06,87.97726440429688
2006-01-09,88.20330810546875
2006-01-10,88.29235076904297
2006-01-11,88.57319641113281
2006-01-12,88.22384643554688
2006-01-13,88.1416244506836
2006-01-17,87.90193939208984
2006-01-18,87.55257415771484
2006-01-19,87.88819885253906
2006-01-20,86.28536224365234
2006-01-23,86.5936279296875
2006-01-24,86.68265533447266
2006-01-25,86.75800323486328
2006-01-26,87.23748779296875
2006-01-27,88.04573059082031
2006-01-30,87.97726440429688
2006-01-31,87.33340454101562
2006-02-01,87.94302368164062
2006-02-02,86.92240142822266
2006-02-03,86.49088287353516
2006-02-06,86.7168960571289
2006-02-07,85.94973754882812
2006-02-08,86.73062133789062
2006-02-09,86.58677673339844
2006-02-10,86.74431610107422
2006-02-13,86.58677673339844
2006-02-14,87.504638671875
2006-02-15,87.81285858154297
2006-02-16,88.47042846679688
2006-02-17,88.2306900024414
2006-02-21,88.01150512695312
2006-02-22,88.5457992553711
2006-02-23,88.41564178466797
2006-02-24,88.64167022705078
2006-02-27,88.6759033203125
2006-02-28,87.83342742919922
2006-03-01,88.61427307128906
2006-03-02,88.60742950439453
2006-03-03,88.19644927978516
2006-03-06,87.79229736328125
2006-03-07,87.65532684326172
2006-03-08,87.84027099609375
2006-03-09,87.251220703125
2006-03-10,88.07996368408203
2006-03-13,88.24440002441406
2006-03-14,89.16905975341797
2006-03-15,89.56637573242188
2006-03-16,89.7513427734375
2006-03-17,89.82630920410156
2006-03-20,89.68186950683594
2006-03-21,89.11795806884766
2006-03-22,89.6612548828125
2006-03-23,89.4755630493164
2006-03-24,89.54434967041016
2006-03-27,89.4136734008789
2006-03-28,88.86351776123047
2006-03-29,89.42053985595703
2006-03-30,89.26237487792969
2006-03-31,89.2829818725586
2006-04-03,89.21424102783203
2006-04-04,89.7850112915039
2006-04-05,90.09446716308594
2006-04-06,89.99822235107422
2006-04-07,89.08355712890625
2006-04-10,89.22110748291016
2006-04-11,88.46467590332031
2006-04-12,88.62974548339844
2006-04-13,88.51278686523438
2006-04-17,88.4783935546875
2006-04-18,89.88126373291016
2006-04-19,90.05323028564453
2006-04-20,90.17701721191406
2006-04-21,90.19076538085938
2006-04-24,90.02568817138672
2006-04-25,89.65438079833984
2006-04-26,89.67498779296875
2006-04-27,90.1082534790039
2006-04-28,90.41081237792969
2006-05-01,89.67498779296875
2006-05-02,90.34892272949219
2006-05-03,90.0119857788086
2006-05-04,90.33516693115234
2006-05-05,91.1329116821289
2006-05-08,91.02290344238281
2006-05-09,91.2016372680664
2006-05-10,91.1535415649414
2006-05-11,90.05323028564453
2006-05-12,88.87728118896484
2006-05-15,89.05607604980469
2006-05-16,88.92540740966797
2006-05-17,87.23368072509766
2006-05-18,86.79354095458984
2006-05-19,87.4056167602539
2006-05-22,86.7385482788086
2006-05-23,86.07833862304688
2006-05-24,86.76603698730469
2006-05-25,87.8388442993164
2006-05-26,88.2858657836914
2006-05-30,86.71790313720703
2006-05-31,87.68751525878906
2006-06-01,88.52654266357422
2006-06-02,88.71222686767578
2006-06-05,87.41936492919922
2006-06-06,87.20616149902344
2006-06-07,86.55287170410156
2006-06-08,86.47722625732422
2006-06-09,86.20214080810547
2006-06-12,85.26689147949219
2006-06-13,84.276611328125
2006-06-14,84.9299087524414
2006-06-15,86.73165893554688
2006-06-16,86.09965515136719
2006-06-19,85.42271423339844
2006-06-20,85.71281433105469
2006-06-21,86.34830474853516
2006-06-22,85.96841430664062
2006-06-23,85.9546127319336
2006-06-26,86.33448791503906
2006-06-27,85.58850860595703
2006-06-28,86.16873931884766
2006-06-29,87.90935516357422
2006-06-30,87.91627502441406
2006-07-03,88.27542877197266
2006-07-05,87.7712173461914
2006-07-06,88.02680969238281
2006-07-07,87.4534912109375
2006-07-10,87.61924743652344
2006-07-11,88.00606536865234
2006-07-12,87.06668090820312
2006-07-13,85.650634765625
2006-07-14,85.31913757324219
2006-07-17,85.19481658935547
2006-07-18,85.62992858886719
2006-07-19,86.81800842285156
2006-07-20,86.2239990234375
2006-07-21,85.61614990234375
2006-07-24,87.17719268798828
2006-07-25,87.48802947998047
2006-07-26,87.60543060302734
2006-07-27,87.52255249023438
2006-07-28,88.39981079101562
2006-07-31,88.30995178222656
2006-08-01,87.87481689453125
2006-08-02,88.4688491821289
2006-08-03,88.70370483398438
2006-08-04,88.55177307128906
2006-08-07,88.34455108642578
2006-08-08,88.00606536865234
2006-08-09,87.70907592773438
2006-08-10,87.97844696044922
2006-08-11,87.72976684570312
2006-08-14,87.798828125
2006-08-15,88.84876251220703
2006-08-16,89.58782958984375
2006-08-17,89.81576538085938
2006-08-18,90.27168273925781
2006-08-21,89.88484191894531
2006-08-22,89.8779296875
2006-08-23,89.62930297851562
2006-08-24,89.55332946777344
2006-08-25,89.66380310058594
2006-08-28,90.0920639038086
2006-08-29,90.1956787109375
2006-08-30,90.25093841552734
2006-08-31,90.23709106445312
2006-09-01,90.77590942382812
2006-09-05,90.94856262207031
2006-09-06,90.14730834960938
2006-09-07,89.73291015625
2006-09-08,89.98845672607422
2006-09-11,90.07827758789062
2006-09-12,90.96238708496094
2006-09-13,91.32848358154297
2006-09-14,91.33539581298828
2006-09-15,91.54975128173828
2006-09-18,91.6746826171875
2006-09-19,91.44570922851562
2006-09-20,91.93133544921875
2006-09-21,91.4873275756836
2006-09-22,91.20980834960938
2006-09-25,91.9105453491211
2006-09-26,92.67363739013672
2006-09-27,92.7846908569336
2006-09-28,92.74999237060547
2006-09-29,92.67363739013672
2006-10-02,92.3267593383789
2006-10-03,92.52104949951172
2006-10-04,93.60334777832031
2006-10-05,93.78368377685547
2006-10-06,93.6657485961914
2006-10-09,93.72122192382812
2006-10-10,93.84614562988281
2006-10-11,93.73513793945312
2006-10-12,94.5468521118164
2006-10-13,94.78968048095703
2006-10-16,94.93534088134766
2006-10-17,94.6370620727539
2006-10-18,94.76190948486328
2006-10-19,94.91451263427734
2006-10-20,94.93534088134766
2006-10-23,95.37242889404297
2006-10-24,95.65685272216797
2006-10-25,95.98296356201172
2006-10-26,96.28126525878906
2006-10-27,95.67766571044922
2006-10-30,95.60831451416016
2006-10-31,95.5944595336914
2006-11-01,94.94921875
2006-11-02,94.89375305175781
2006-11-03,94.72722625732422
2006-11-06,95.79564666748047
2006-11-07,96.16332244873047
2006-11-08,96.3714599609375
2006-11-09,95.86497497558594
2006-11-10,95.9066390991211
2006-11-13,96.14250183105469
2006-11-14,96.864013671875
2006-11-15,97.14154815673828
2006-11-16,97.39128875732422
2006-11-17,97.4190673828125
2006-11-20,97.47455596923828
2006-11-21,97.57170104980469
2006-11-22,97.76591491699219
2006-11-24,97.3705062866211
2006-11-27,96.03150939941406
2006-11-28,96.44780731201172
2006-11-29,97.4537353515625
2006-11-30,97.495361328125
2006-12-01,97.28030395507812
2006-12-04,98.02264404296875
2006-12-05,98.44586181640625
2006-12-06,98.36261749267578
2006-12-07,97.93246459960938
2006-12-08,98.11280059814453
2006-12-11,98.39728546142578
2006-12-12,98.32090759277344
2006-12-13,98.42500305175781
2006-12-14,99.29219818115234
2006-12-15,99.30126190185547
2006-12-18,99.02921295166016
2006-12-19,99.21755981445312
2006-12-20,99.1617660522461
2006-12-21,98.79898071289062
2006-12-22,98.19208526611328
2006-12-26,98.77106475830078
2006-12-27,99.4199447631836
2006-12-28,99.21062469482422
2006-12-29,98.79898071289062
2007-01-03,98.62460327148438
2007-01-04,98.8338623046875
2007-01-05,98.04553985595703
2007-01-08,98.49903869628906
2007-01-09,98.415283203125
2007-01-10,98.7431640625
2007-01-11,99.17573547363281
2007-01-12,99.92918395996094
2007-01-16,99.7337875366211
2007-01-17,99.77572631835938
2007-01-18,99.44082641601562
2007-01-19,99.63623046875
2007-01-22,99.32919311523438
2007-01-23,99.62223052978516
2007-01-24,100.42447662353516
2007-01-25,99.2454833984375
2007-01-26,99.1547622680664
2007-01-29,99.0989761352539
2007-01-30,99.61526489257812
2007-01-31,100.28497314453125
2007-02-01,100.8848876953125
2007-02-02,101.02444458007812
2007-02-05,101.0523681640625
2007-02-06,101.08025360107422
2007-02-07,101.30349731445312
2007-02-08,101.17096710205078
2007-02-09,100.41752624511719
2007-02-12,100.0756607055664
2007-02-13,100.91978454589844
2007-02-14,101.58255767822266
2007-02-15,101.71513366699219
2007-02-16,101.66630554199219
2007-02-20,101.88251495361328
2007-02-21,101.84069061279297
2007-02-22,101.7639389038086
2007-02-23,101.36630249023438
2007-02-26,101.2755355834961
2007-02-27,97.32001495361328
2007-02-28,98.31764221191406
2007-03-01,98.0246353149414
2007-03-02,96.7409439086914
2007-03-05,95.82008361816406
2007-03-06,97.45952606201172
2007-03-07,97.36184692382812
2007-03-08,98.18505096435547
2007-03-09,98.21295928955078
2007-03-12,98.35948944091797
2007-03-13,96.4479751586914
2007-03-14,97.16650390625
2007-03-15,97.29908752441406
2007-03-16,97.026611328125
2007-03-19,98.19630432128906
2007-03-20,98.73561096191406
2007-03-21,100.36053466796875
2007-03-22,100.28348541259766
2007-03-23,100.43061828613281
2007-03-26,100.2974853515625
2007-03-27,100.05937957763672
2007-03-28,99.33097839355469
2007-03-29,99.43599700927734
2007-03-30,99.45700073242188
2007-04-02,99.56910705566406
2007-04-03,100.64068603515625
2007-04-04,100.75276947021484
2007-04-05,101.02587890625
2007-04-09,101.1659927368164
2007-04-10,101.28506469726562
2007-04-11,100.87183380126953
2007-04-12,101.32009887695312
2007-04-13,101.7823715209961
2007-04-16,102.74893951416016
2007-04-17,103.02205657958984
2007-04-18,103.14813232421875
2007-04-19,103.12013244628906
2007-04-20,104.09371948242188
2007-04-23,103.70142364501953
2007-04-24,103.74346160888672
2007-04-25,104.69599914550781
2007-04-26,104.81507110595703
2007-04-27,104.73104858398438
2007-04-30,103.862548828125
2007-05-01,104.12873840332031
2007-05-02,104.73802185058594
2007-05-03,105.3053970336914
2007-05-04,105.70460510253906
2007-05-07,105.72560119628906
2007-05-08,105.58554077148438
2007-05-09,105.87271881103516
2007-05-10,104.76606750488281
2007-05-11,105.66255950927734
2007-05-14,105.43148040771484
2007-05-15,105.45945739746094
2007-05-16,106.18083190917969
2007-05-17,105.9707260131836
2007-05-18,106.89531707763672
2007-05-21,106.8392333984375
2007-05-22,106.7552490234375
2007-05-23,106.76925659179688
2007-05-24,105.8026351928711
2007-05-25,106.243896484375
2007-05-29,106.62914276123047
2007-05-30,107.49769592285156
2007-05-31,107.38557434082031
2007-06-01,107.91783905029297
2007-06-04,107.9319076538086
2007-06-05,107.504638671875
2007-06-06,106.34894561767578
2007-06-07,104.42984771728516
2007-06-08,105.78862762451172
2007-06-11,105.9707260131836
2007-06-12,104.81507110595703
2007-06-13,106.38398742675781
2007-06-14,107.06338500976562
2007-06-15,107.67253875732422
2007-06-18,107.5458984375
2007-06-19,107.81316375732422
2007-06-20,106.31489562988281
2007-06-21,106.90579223632812
2007-06-22,105.89993286132812
2007-06-25,105.39347839355469
2007-06-26,104.31021118164062
2007-06-27,105.79438781738281
2007-06-28,105.78034210205078
2007-06-29,105.81549072265625
2007-07-02,106.77216339111328
2007-07-03,107.15904235839844
2007-07-05,107.0465087890625
2007-07-06,107.6092529296875
2007-07-09,107.69367218017578
2007-07-10,106.16023254394531
2007-07-11,106.91285705566406
2007-07-12,108.60104370117188
2007-07-13,108.92462158203125
2007-07-16,108.91059875488281
2007-07-17,108.85427856445312
2007-07-18,108.6573486328125
2007-07-19,109.07941436767578
2007-07-20,107.97501373291016
2007-07-23,108.30560302734375
2007-07-24,106.42750549316406
2007-07-25,106.64555358886719
2007-07-26,104.12026977539062
2007-07-27,102.07331848144531
2007-07-30,103.67010498046875
2007-07-31,102.50243377685547
2007-08-01,103.00180053710938
2007-08-02,103.8248291015625
2007-08-03,101.15180969238281
2007-08-06,102.84705352783203
2007-08-07,103.94444274902344
2007-08-08,105.39347839355469
2007-08-09,102.2702865600586
2007-08-10,101.79193115234375
2007-08-13,102.15774536132812
2007-08-14,100.59613037109375
2007-08-15,99.2104263305664
2007-08-16,99.95598602294922
2007-08-17,101.79193115234375
2007-08-20,101.74271392822266
2007-08-21,101.94671630859375
2007-08-22,103.15660095214844
2007-08-23,103.06514739990234
2007-08-24,104.33834075927734
2007-08-27,103.36756134033203
2007-08-28,101.0955810546875
2007-08-29,103.07915496826172
2007-08-30,102.80489349365234
2007-08-31,103.81776428222656
2007-09-04,104.86585235595703
2007-09-05,103.95848083496094
2007-09-06,104.19762420654297
2007-09-07,102.74859619140625
2007-09-10,102.55165100097656
2007-09-11,103.7474136352539
2007-09-12,104.01476287841797
2007-09-13,104.7463150024414
2007-09-14,104.73926544189453
2007-09-17,104.17655944824219
2007-09-18,107.24342346191406
2007-09-19,107.87654113769531
2007-09-20,107.1168212890625
2007-09-21,107.40596771240234
2007-09-24,107.20805358886719
2007-09-25,106.99593353271484
2007-09-26,107.56140899658203
2007-09-27,108.19749450683594
2007-09-28,107.83702850341797
2007-10-01,109.05266571044922
2007-10-02,108.90424346923828
2007-10-03,108.68515014648438
2007-10-04,108.85478210449219
2007-10-05,110.14817810058594
2007-10-08,109.56153106689453
2007-10-09,110.5934066772461
2007-10-10,110.40960693359375
2007-10-11,109.87954711914062
2007-10-12,110.48735046386719
2007-10-15,109.554443359375
2007-10-16,108.68515014648438
2007-10-17,109.01728057861328
2007-10-18,108.62146759033203
2007-10-19,105.7803955078125
2007-10-22,106.39525604248047
2007-10-23,107.25746154785156
2007-10-24,107.05960845947266
2007-10-25,107.31401062011719
2007-10-26,108.57208251953125
2007-10-29,108.93251037597656
2007-10-30,108.17628479003906
2007-10-31,109.30003356933594
2007-11-01,106.74159240722656
2007-11-02,106.8616943359375
2007-11-05,106.04898071289062
2007-11-06,107.47654724121094
2007-11-07,104.53645324707031
2007-11-08,104.00634765625
2007-11-09,102.57874298095703
2007-11-12,101.56104278564453
2007-11-13,104.65663146972656
2007-11-14,104.3668441772461
2007-11-15,102.8614501953125
2007-11-16,103.03816986083984
2007-11-19,101.60340881347656
2007-11-20,102.22537994384766
2007-11-21,100.13339233398438
2007-11-23,101.86495971679688
2007-11-26,99.61743927001953
2007-11-27,100.76239776611328
2007-11-28,103.9852066040039
2007-11-29,104.0205307006836
2007-11-30,105.06657409667969
2007-12-03,104.37395477294922
2007-12-04,103.44100952148438
2007-12-05,105.17254638671875
2007-12-06,106.67794799804688
2007-12-07,106.65673065185547
2007-12-10,107.4836654663086
2007-12-11,104.53645324707031
2007-12-12,105.5683364868164
2007-12-13,105.34925079345703
2007-12-14,104.013427734375
2007-12-17,102.5292739868164
2007-12-18,103.10173034667969
2007-12-19,103.10173034667969
2007-12-20,103.7519760131836
2007-12-21,105.24759674072266
2007-12-24,106.0291519165039
2007-12-26,106.25653076171875
2007-12-27,104.92078399658203
2007-12-28,104.65787506103516
2007-12-31,103.88340759277344
2008-01-02,102.97398376464844
2008-01-03,102.9242172241211
2008-01-04,100.40190124511719
2008-01-07,100.31668853759766
2008-01-08,98.69670867919922
2008-01-09,99.7340316772461
2008-01-10,100.3877182006836
2008-01-11,99.57774353027344
2008-01-14,100.38064575195312
2008-01-15,98.17092895507812
2008-01-16,97.32540893554688
2008-01-17,94.80309295654297
2008-01-18,93.82972717285156
2008-01-22,92.87767028808594
2008-01-23,95.10860443115234
2008-01-24,95.91149139404297
2008-01-25,94.52603149414062
2008-01-28,96.08914947509766
2008-01-29,96.56520080566406
2008-01-30,95.85465240478516
2008-01-31,97.60253143310547
2008-02-01,99.17278289794922
2008-02-04,97.92224884033203
2008-02-05,95.30046844482422
2008-02-06,94.53312683105469
2008-02-07,95.15837097167969
2008-02-08,94.5473403930664
2008-02-11,95.03048706054688
2008-02-12,95.91149139404297
2008-02-13,96.89203643798828
2008-02-14,96.0394058227539
2008-02-15,96.01809692382812
2008-02-19,96.28809356689453
2008-02-20,96.57231140136719
2008-02-21,95.76940155029297
2008-02-22,96.35916137695312
2008-02-25,97.57410430908203
2008-02-26,98.30591583251953
2008-02-27,98.20645904541016
2008-02-28,97.24722290039062
2008-02-29,95.0802230834961
2008-03-03,94.85286712646484
2008-03-04,94.49052429199219
2008-03-05,95.08733367919922
2008-03-06,93.11921691894531
2008-03-07,92.15999603271484
2008-03-10,90.94503021240234
2008-03-11,94.21342468261719
2008-03-12,93.33235168457031
2008-03-13,93.53840637207031
2008-03-14,92.08897399902344
2008-03-17,91.1582260131836
2008-03-18,94.94522857666016
2008-03-19,92.59344482421875
2008-03-20,94.30852508544922
2008-03-24,96.19351196289062
2008-03-25,96.28638458251953
2008-03-26,95.10823822021484
2008-03-27,94.80834197998047
2008-03-28,93.90155029296875
2008-03-31,94.22998809814453
2008-04-01,97.5430679321289
2008-04-02,97.60730743408203
2008-04-03,97.85009002685547
2008-04-04,97.74299621582031
2008-04-07,97.7929916381836
2008-04-08,97.69302368164062
2008-04-09,96.98615264892578
2008-04-10,97.12178039550781
2008-04-11,95.23677062988281
2008-04-14,94.91548919677734
2008-04-15,95.13677978515625
2008-04-16,97.71443176269531
2008-04-17,97.8572769165039
2008-04-18,98.87826538085938
2008-04-21,98.92830657958984
2008-04-22,98.49276733398438
2008-04-23,98.33560943603516
2008-04-24,98.76406860351562
2008-04-25,99.67801666259766
2008-04-28,99.69942474365234
2008-04-29,99.30670928955078
2008-04-30,98.72119140625
2008-05-01,100.76332092285156
2008-05-02,101.04179382324219
2008-05-05,100.5562973022461
2008-05-06,101.4273910522461
2008-05-07,99.62088775634766
2008-05-08,99.36384582519531
2008-05-09,99.17819213867188
2008-05-12,100.29210662841797
2008-05-13,100.30632781982422
2008-05-14,100.513427734375
2008-05-15,101.77009582519531
2008-05-16,101.86293029785156
2008-05-19,102.14140319824219
2008-05-20,101.31311798095703
2008-05-21,99.59944915771484
2008-05-22,99.61372375488281
2008-05-23,98.27851104736328
2008-05-27,99.00685119628906
2008-05-28,99.46378326416016
2008-05-29,99.96363067626953
2008-05-30,100.2135238647461
2008-06-02,99.17819213867188
2008-06-03,98.59983825683594
2008-06-04,98.54988098144531
2008-06-05,100.52055358886719
2008-06-06,97.31459045410156
2008-06-09,97.55023193359375
2008-06-10,97.06466674804688
2008-06-11,95.63663482666016
2008-06-12,96.00074005126953
2008-06-13,97.21461486816406
2008-06-16,97.27172088623047
2008-06-17,96.80052185058594
2008-06-18,95.85799407958984
2008-06-19,95.97933197021484
2008-06-20,94.42144775390625
2008-06-23,94.32815551757812
2008-06-24,94.14154815673828
2008-06-25,94.58649444580078
2008-06-26,92.01749420166016
2008-06-27,91.51519775390625
2008-06-30,91.83811950683594
2008-07-01,92.12516021728516
2008-07-02,90.54641723632812
2008-07-03,90.63971710205078
2008-07-07,89.7139892578125
2008-07-08,91.30705261230469
2008-07-09,89.54896545410156
2008-07-10,89.91493225097656
2008-07-11,88.86724853515625
2008-07-14,88.06359100341797
2008-07-15,86.82209777832031
2008-07-16,88.9533462524414
2008-07-17,89.84320068359375
2008-07-18,90.40288543701172
2008-07-21,90.45315551757812
2008-07-22,91.47929382324219
2008-07-23,91.97444915771484
2008-07-24,90.06562805175781
2008-07-25,90.04413604736328
2008-07-28,88.72373962402344
2008-07-29,90.6181640625
2008-07-30,92.23274993896484
2008-07-31,91.0128402709961
2008-08-01,90.53209686279297
2008-08-04,89.6924819946289
2008-08-05,92.11077880859375
2008-08-06,92.51979064941406
2008-08-07,91.14205169677734
2008-08-08,92.8355484008789
2008-08-11,93.79715728759766
2008-08-12,92.82120513916016
2008-08-13,92.2614974975586
2008-08-14,92.95755767822266
2008-08-15,93.40962982177734
2008-08-18,92.13231658935547
2008-08-19,91.1276626586914
2008-08-20,91.55107116699219
2008-08-21,91.70894622802734
2008-08-22,93.0364990234375
2008-08-25,91.14918518066406
2008-08-26,91.41471862792969
2008-08-27,92.3045425415039
2008-08-28,93.4239730834961
2008-08-29,92.41934967041016
2008-09-02,91.84525299072266
2008-09-03,91.76634979248047
2008-09-04,89.00359344482422
2008-09-05,89.28345489501953
2008-09-08,91.1276626586914
2008-09-09,88.42232513427734
2008-09-10,88.78114318847656
2008-09-11,90.06562805175781
2008-09-12,90.48182678222656
2008-09-15,86.1762466430664
2008-09-16,87.61861419677734
2008-09-17,83.67902374267578
2008-09-18,86.1618881225586
2008-09-19,89.58372497558594
2008-09-22,87.55562591552734
2008-09-23,85.56356811523438
2008-09-24,85.83782958984375
2008-09-25,87.18032836914062
2008-09-26,87.22356414794922
2008-09-29,80.38861846923828
2008-09-30,83.71586608886719
2008-10-01,83.76644897460938
2008-10-02,80.72784423828125
2008-10-03,79.63799285888672
2008-10-06,75.58175659179688
2008-10-07,72.19674682617188
2008-10-08,70.37789916992188
2008-10-09,65.46277618408203
2008-10-10,63.87495422363281
2008-10-13,73.14946746826172
2008-10-14,72.06682586669922
2008-10-15,64.97203826904297
2008-10-16,67.67857360839844
2008-10-17,67.27437591552734
2008-10-20,71.31620788574219
2008-10-21,69.18704986572266
2008-10-22,65.41950988769531
2008-10-23,66.1773452758789
2008-10-24,62.82120895385742
2008-10-27,60.59097671508789
2008-10-28,67.67137145996094
2008-10-29,67.18057250976562
2008-10-30,69.50462341308594
2008-10-31,69.88712310791016
2008-11-03,70.08921813964844
2008-11-04,72.47100830078125
2008-11-05,69.42523193359375
2008-11-06,65.57827758789062
2008-11-07,67.74353790283203
2008-11-10,66.85579681396484
2008-11-11,64.7916030883789
2008-11-12,61.940696716308594
2008-11-13,65.802001953125
2008-11-14,62.51808166503906
2008-11-17,61.68804168701172
2008-11-18,62.85008239746094
2008-11-19,58.82271194458008
2008-11-20,54.45610427856445
2008-11-21,57.39361572265625
2008-11-24,61.37049865722656
2008-11-25,61.825199127197266
2008-11-26,64.21417236328125
2008-11-28,65.0225601196289
2008-12-01,59.26295852661133
2008-12-02,61.54370880126953
2008-12-03,63.02326965332031
2008-12-04,61.56535339355469
2008-12-05,63.463584899902344
2008-12-08,65.67933654785156
2008-12-09,64.59673309326172
2008-12-10,65.03692626953125
2008-12-11,63.47077941894531
2008-12-12,64.22860717773438
2008-12-15,63.33365249633789
2008-12-16,66.31449890136719
2008-12-17,65.67212677001953
2008-12-18,64.44514465332031
2008-12-19,64.16793823242188
2008-12-22,63.34572219848633
2008-12-23,62.69089126586914
2008-12-24,63.0546875
2008-12-26,63.41847229003906
2008-12-29,63.23659133911133
2008-12-30,64.73542022705078
2008-12-31,65.65953826904297
2009-01-02,67.63861083984375
2009-01-05,67.5585708618164
2009-01-06,68.00971221923828
2009-01-07,65.97238159179688
2009-01-08,66.24161529541016
2009-01-09,64.82275390625
2009-01-12,63.26565170288086
2009-01-13,63.3820915222168
2009-01-14,61.38842010498047
2009-01-15,61.4102783203125
2009-01-16,61.89048385620117
2009-01-20,58.623538970947266
2009-01-21,61.15562438964844
2009-01-22,60.20974349975586
2009-01-23,60.47167205810547
2009-01-26,60.88642883300781
2009-01-27,61.50489044189453
2009-01-28,63.58580780029297
2009-01-29,61.519432067871094
2009-01-30,60.267921447753906
2009-02-02,60.08600997924805
2009-02-03,60.93006134033203
2009-02-04,60.631717681884766
2009-02-05,61.533992767333984
2009-02-06,63.287506103515625
2009-02-09,63.374813079833984
2009-02-10,60.47167205810547
2009-02-11,60.82819747924805
2009-02-12,60.87186050415039
2009-02-13,60.21699905395508
2009-02-17,57.641239166259766
2009-02-18,57.50300598144531
2009-02-19,56.88454818725586
2009-02-20,56.331573486328125
2009-02-23,54.316078186035156
2009-02-24,56.3752326965332
2009-02-25,55.931373596191406
2009-02-26,55.02186584472656
2009-02-27,53.79221725463867
2009-03-02,51.36927032470703
2009-03-03,50.98363494873047
2009-03-04,52.19147491455078
2009-03-05,50.0595817565918
2009-03-06,50.146881103515625
2009-03-09,49.557518005371094
2009-03-10,52.51161193847656
2009-03-11,52.853599548339844
2009-03-12,54.93454360961914
2009-03-13,55.363826751708984
2009-03-16,55.19649124145508
2009-03-17,56.88454818725586
2009-03-18,58.15786361694336
2009-03-19,57.43753433227539
2009-03-20,56.214454650878906
2009-03-23,60.25226593017578
2009-03-24,59.06513214111328
2009-03-25,59.68800735473633
2009-03-26,60.904483795166016
2009-03-27,59.80524444580078
2009-03-30,57.73870086669922
2009-03-31,58.273643493652344
2009-04-01,59.40220260620117
2009-04-02,61.13899612426758
2009-04-03,61.74722671508789
2009-04-06,61.263572692871094
2009-04-07,59.834564208984375
2009-04-08,60.479461669921875
2009-04-09,62.88307571411133
2009-04-13,62.89774703979492
2009-04-14,61.813175201416016
2009-04-15,62.47274398803711
2009-04-16,63.388729095458984
2009-04-17,63.81379699707031
2009-04-20,61.13899612426758
2009-04-21,62.33347702026367
2009-04-22,61.952396392822266
2009-04-23,62.5606803894043
2009-04-24,63.505985260009766
2009-04-27,62.90509033203125
2009-04-28,62.70722961425781
2009-04-29,64.04094696044922
2009-04-30,64.06292724609375
2009-05-01,64.40737915039062
2009-05-04,66.59846496582031
2009-05-05,66.37130737304688
2009-05-06,67.5218505859375
2009-05-07,66.58380889892578
2009-05-08,68.13742065429688
2009-05-11,66.86228942871094
2009-05-12,66.66443634033203
2009-05-13,64.98628997802734
2009-05-14,65.543212890625
2009-05-15,65.00825500488281
2009-05-18,66.85497283935547
2009-05-19,66.77433776855469
2009-05-20,66.32733154296875
2009-05-21,65.37467956542969
2009-05-22,65.23545837402344
2009-05-26,66.90626525878906
2009-05-27,65.71177673339844
2009-05-28,66.62779235839844
2009-05-29,67.80760955810547
2009-06-01,69.44915008544922
2009-06-02,69.50775909423828
2009-06-03,68.62838745117188
2009-06-04,69.27327728271484
2009-06-05,69.28791046142578
2009-06-08,69.00215148925781
2009-06-09,69.35389709472656
2009-06-10,69.1780014038086
2009-06-11,69.48578643798828
2009-06-12,69.67628479003906
2009-06-15,68.07878112792969
2009-06-16,67.15544128417969
2009-06-17,67.0894775390625
2009-06-18,67.5804672241211
2009-06-19,67.82952880859375
2009-06-22,65.79554748535156
2009-06-23,65.84711456298828
2009-06-24,66.41460418701172
2009-06-25,67.85901641845703
2009-06-26,67.68215942382812
2009-06-29,68.31592559814453
2009-06-30,67.76323699951172
2009-07-01,68.04325103759766
2009-07-02,66.18610382080078
2009-07-06,66.17876434326172
2009-07-07,64.89645385742188
2009-07-08,64.85226440429688
2009-07-09,64.9775161743164
2009-07-10,64.82276153564453
2009-07-13,66.39986419677734
2009-07-14,66.77570343017578
2009-07-15,68.72863006591797
2009-07-16,68.61805725097656
2009-07-17,69.36978149414062
2009-07-20,70.10671997070312
2009-07-21,70.43102264404297
2009-07-22,70.41630554199219
2009-07-23,71.97123718261719
2009-07-24,72.26600646972656
2009-07-27,72.4797592163086
2009-07-28,72.14077758789062
2009-07-29,71.96387481689453
2009-07-30,72.715576171875
2009-07-31,72.81874084472656
2009-08-03,74.0199966430664
2009-08-04,74.21161651611328
2009-08-05,73.9979019165039
2009-08-06,73.61466979980469
2009-08-07,74.580078125
2009-08-10,74.42533111572266
2009-08-11,73.49675750732422
2009-08-12,74.28529357910156
2009-08-13,74.8527603149414
2009-08-14,74.27790832519531
2009-08-17,72.45026397705078
2009-08-18,73.02509307861328
2009-08-19,73.66622924804688
2009-08-20,74.42533111572266
2009-08-21,75.88450622558594
2009-08-24,75.87712860107422
2009-08-25,76.0245132446289
2009-08-26,76.03187561035156
2009-08-27,76.20140075683594
2009-08-28,76.18663024902344
2009-08-31,75.50863647460938
2009-09-01,73.84312438964844
2009-09-02,73.56306457519531
2009-09-03,74.17472839355469
2009-09-04,75.21383666992188
2009-09-08,75.86237335205078
2009-09-09,76.44456481933594
2009-09-10,77.22576904296875
2009-09-11,77.21102142333984
2009-09-14,77.58683776855469
2009-09-15,77.9111557006836
2009-09-16,79.09024810791016
2009-09-17,78.97235870361328
2009-09-18,79.02271270751953
2009-09-21,78.82279968261719
2009-09-22,79.28184509277344
2009-09-23,78.62284851074219
2009-09-24,77.75645446777344
2009-09-25,77.34184265136719
2009-09-28,78.72652435302734
2009-09-29,78.48959350585938
2009-09-30,78.18596649169922
2009-10-01,76.24595642089844
2009-10-02,75.89051818847656
2009-10-05,77.02344512939453
2009-10-06,78.12676239013672
2009-10-07,78.34149932861328
2009-10-08,78.9412612915039
2009-10-09,79.42256164550781
2009-10-12,79.73353576660156
2009-10-13,79.57064819335938
2009-10-14,80.94049072265625
2009-10-15,81.23672485351562
2009-10-16,80.62950134277344
2009-10-19,81.29593658447266
2009-10-20,80.86647033691406
2009-10-21,80.14081573486328
2009-10-22,80.95535278320312
2009-10-23,80.02976989746094
2009-10-26,79.16339874267578
2009-10-27,78.80056762695312
2009-10-28,77.31221008300781
2009-10-29,78.97086334228516
2009-10-30,76.68281555175781
2009-11-02,77.24555969238281
2009-11-03,77.48991394042969
2009-11-04,77.68988800048828
2009-11-05,79.11898040771484
2009-11-06,79.32627868652344
2009-11-09,81.13301849365234
2009-11-10,81.14783477783203
2009-11-11,81.5625
2009-11-12,80.7331771850586
2009-11-13,81.1700439453125
2009-11-16,82.34740447998047
2009-11-17,82.44365692138672
2009-11-18,82.39183044433594
2009-11-19,81.31815338134766
2009-11-20,81.02937316894531
2009-11-23,82.05858612060547
2009-11-24,82.1844711303711
2009-11-25,82.4732894897461
2009-11-27,81.13301849365234
2009-11-30,81.40702819824219
2009-12-01,82.41405487060547
2009-12-02,82.37702178955078
2009-12-03,81.7328109741211
2009-12-04,82.19929504394531
2009-12-07,82.07344055175781
2009-12-08,81.16265106201172
2009-12-09,81.46623992919922
2009-12-10,81.92530822753906
2009-12-11,82.27336883544922
2009-12-14,82.83609771728516
2009-12-15,82.45106506347656
2009-12-16,82.57693481445312
2009-12-17,81.584716796875
2009-12-18,82.04627227783203
2009-12-21,82.88005828857422
2009-12-22,83.1778564453125
2009-12-23,83.34161376953125
2009-12-24,83.73619842529297
2009-12-28,83.91484069824219
2009-12-29,83.79574584960938
2009-12-30,83.76598358154297
2009-12-31,82.96195220947266
2010-01-04,84.36897277832031
2010-01-05,84.59232330322266
2010-01-06,84.65184020996094
2010-01-07,85.00918579101562
2010-01-08,85.29208374023438
2010-01-11,85.4112319946289
2010-01-12,84.61463928222656
2010-01-13,85.329345703125
2010-01-14,85.56010437011719
2010-01-15,84.59974670410156
2010-01-19,85.6568832397461
2010-01-20,84.7858657836914
2010-01-21,83.15553283691406
2010-01-22,81.3018569946289
2010-01-25,81.71869659423828
2010-01-26,81.37625885009766
2010-01-27,81.76337432861328
2010-01-28,80.82538604736328
2010-01-29,79.94688415527344
2010-02-01,81.1901626586914
2010-02-02,82.17284393310547
2010-02-03,81.76337432861328
2010-02-04,79.23968505859375
2010-02-05,79.4034652709961
2010-02-08,78.83023834228516
2010-02-09,79.82038116455078
2010-02-10,79.66401672363281
2010-02-11,80.497802734375
2010-02-12,80.43081665039062
2010-02-16,81.69639587402344
2010-02-17,82.08348083496094
2010-02-18,82.56741333007812
2010-02-19,82.73861694335938
2010-02-22,82.7535171508789
2010-02-23,81.74848175048828
2010-02-24,82.50037384033203
2010-02-25,82.38874053955078
2010-02-26,82.44085693359375
2010-03-01,83.29696655273438
2010-03-02,83.52771759033203
2010-03-03,83.60222625732422
2010-03-04,83.85527801513672
2010-03-05,85.05384826660156
2010-03-08,85.06875610351562
2010-03-09,85.210205078125
2010-03-10,85.58989715576172
2010-03-11,85.94721984863281
2010-03-12,85.95465850830078
2010-03-15,85.97698974609375
2010-03-16,86.66188049316406
2010-03-17,87.17556762695312
2010-03-18,87.13091278076172
2010-03-19,86.68988037109375
2010-03-22,87.1533203125
2010-03-23,87.76628112792969
2010-03-24,87.3402099609375
2010-03-25,87.19815826416016
2010-03-26,87.14586639404297
2010-03-29,87.69902038574219
2010-03-30,87.75883483886719
2010-03-31,87.4598159790039
2010-04-01,88.05782318115234
2010-04-05,88.77546691894531
2010-04-06,88.98473358154297
2010-04-07,88.47642517089844
2010-04-08,88.78291320800781
2010-04-09,89.365966796875
2010-04-12,89.50800323486328
2010-04-13,89.57528686523438
2010-04-14,90.59192657470703
2010-04-15,90.66668701171875
2010-04-16,89.22395324707031
2010-04-19,89.56035614013672
2010-04-20,90.36018371582031
2010-04-21,90.19570922851562
2010-04-22,90.46483612060547
2010-04-23,91.05537414550781
2010-04-26,90.71150970458984
2010-04-27,88.566162109375
2010-04-28,89.2389144897461
2010-04-29,90.34524536132812
2010-04-30,88.81281280517578
2010-05-03,89.96401977539062
2010-05-04,87.84851837158203
2010-05-05,87.32524108886719
2010-05-06,84.42488098144531
2010-05-07,83.16902160644531
2010-05-10,86.83191680908203
2010-05-11,86.58521270751953
2010-05-12,87.79617309570312
2010-05-13,86.70478057861328
2010-05-14,85.13501739501953
2010-05-17,85.17987823486328
2010-05-18,84.02120971679688
2010-05-19,83.54283905029297
2010-05-20,80.38824462890625
2010-05-21,81.5619125366211
2010-05-24,80.51534271240234
2010-05-25,80.59757995605469
2010-05-26,80.11167907714844
2010-05-27,82.79524993896484
2010-05-28,81.75623321533203
2010-06-01,80.38078308105469
2010-06-02,82.4738540649414
2010-06-03,82.7579116821289
2010-06-04,79.85005187988281
2010-06-07,78.8558349609375
2010-06-08,79.7005615234375
2010-06-09,79.27447509765625
2010-06-10,81.59180450439453
2010-06-11,81.98799133300781
2010-06-14,81.86091613769531
2010-06-15,83.72221374511719
2010-06-16,83.69229888916016
2010-06-17,83.8268814086914
2010-06-18,83.91771697998047
2010-06-21,83.67741394042969
2010-06-22,82.29540252685547
2010-06-23,82.04006958007812
2010-06-24,80.68058776855469
2010-06-25,81.01858520507812
2010-06-28,80.7632064819336
2010-06-29,78.26966857910156
2010-06-30,77.526123046875
2010-07-01,77.18058013916016
2010-07-02,76.7599868774414
2010-07-06,77.26319122314453
2010-07-07,79.69669342041016
2010-07-08,80.48531341552734
2010-07-09,81.086181640625
2010-07-12,81.13874816894531
2010-07-13,82.363037109375
2010-07-14,82.35551452636719
2010-07-15,82.37802124023438
2010-07-16,80.10980987548828
2010-07-19,80.58296203613281
2010-07-20,81.47676086425781
2010-07-21,80.41773223876953
2010-07-22,82.2127914428711
2010-07-23,82.92634582519531
2010-07-26,83.79005432128906
2010-07-27,83.78254699707031
2010-07-28,83.24176788330078
2010-07-29,82.83617401123047
2010-07-30,82.82122039794922
2010-08-02,84.69136047363281
2010-08-03,84.28580474853516
2010-08-04,84.84906768798828
2010-08-05,84.75895690917969
2010-08-06,84.4134521484375
2010-08-09,84.86410522460938
2010-08-10,84.40594482421875
2010-08-11,82.0926284790039
2010-08-12,81.58942413330078
2010-08-13,81.34907531738281
2010-08-16,81.3115005493164
2010-08-17,82.31046295166016
2010-08-18,82.46065521240234
2010-08-19,81.02609252929688
2010-08-20,80.7632064819336
2010-08-23,80.45527648925781
2010-08-24,79.26109313964844
2010-08-25,79.56902313232422
2010-08-26,79.03575897216797
2010-08-27,80.26001739501953
2010-08-30,79.09580993652344
2010-08-31,79.09580993652344
2010-09-01,81.46173095703125
2010-09-02,82.2203140258789
2010-09-03,83.28682708740234
2010-09-07,82.34800720214844
2010-09-08,82.92634582519531
2010-09-09,83.30936431884766
2010-09-10,83.73001098632812
2010-09-13,84.66131591796875
2010-09-14,84.60869598388672
2010-09-15,84.93170166015625
2010-09-16,84.90917205810547
2010-09-17,84.94087982177734
2010-09-20,86.23963928222656
2010-09-21,86.06596374511719
2010-09-22,85.64314270019531
2010-09-23,84.94844055175781
2010-09-24,86.70027160644531
2010-09-27,86.28495025634766
2010-09-28,86.58699798583984
2010-09-29,86.43597412109375
2010-09-30,86.17922973632812
2010-10-01,86.54167938232422
2010-10-04,85.89227294921875
2010-10-05,87.62149047851562
2010-10-06,87.6139144897461
2010-10-07,87.5082015991211
2010-10-08,87.9990234375
2010-10-11,88.08207702636719
2010-10-12,88.35391235351562
2010-10-13,89.04104614257812
2010-10-14,88.69371032714844
2010-10-15,88.87492370605469
2010-10-18,89.3128890991211
2010-10-19,88.1424560546875
2010-10-20,89.00331115722656
2010-10-21,89.1995849609375
2010-10-22,89.36573028564453
2010-10-25,89.63004302978516
2010-10-26,89.64514923095703
2010-10-27,89.38841247558594
2010-10-28,89.40351104736328
2010-10-29,89.4714584350586
2010-11-01,89.50166320800781
2010-11-02,90.2114486694336
2010-11-03,90.57390594482422
2010-11-04,92.31817626953125
2010-11-05,92.66551208496094
2010-11-08,92.4918441772461
2010-11-09,91.82734680175781
2010-11-10,92.19738006591797
2010-11-11,91.85006713867188
2010-11-12,90.76264953613281
2010-11-15,90.63432312011719
2010-11-16,89.22227478027344
2010-11-17,89.267578125
2010-11-18,90.5814437866211
2010-11-19,90.83060455322266
2010-11-22,90.75513458251953
2010-11-23,89.44123840332031
2010-11-24,90.76264953613281
2010-11-26,89.70556640625
2010-11-29,89.97737884521484
2010-11-30,89.4714584350586
2010-12-01,91.37429809570312
2010-12-02,92.54471588134766
2010-12-03,92.79389190673828
2010-12-06,92.69574737548828
2010-12-07,92.74861907958984
2010-12-08,93.08838653564453
2010-12-09,93.4507827758789
2010-12-10,93.99451446533203
2010-12-13,94.05488586425781
2010-12-14,94.13797760009766
2010-12-15,93.70755004882812
2010-12-16,94.2512435913086
2010-12-17,94.3521957397461
2010-12-20,94.57991790771484
2010-12-21,95.1795654296875
2010-12-22,95.47557830810547
2010-12-23,95.3389663696289
2010-12-27,95.37693786621094
2010-12-28,95.5135498046875
2010-12-29,95.58187103271484
2010-12-30,95.4300765991211
2010-12-31,95.45283508300781
2011-01-03,96.43964385986328
2011-01-04,96.3864974975586
2011-01-05,96.88748931884766
2011-01-06,96.69769287109375
2011-01-07,96.50794219970703
2011-01-10,96.3864974975586
2011-01-11,96.72805786132812
2011-01-12,97.60100555419922
2011-01-13,97.44159698486328
2011-01-14,98.14751434326172
2011-01-18,98.31449890136719
2011-01-19,97.3504867553711
2011-01-20,97.2214584350586
2011-01-21,97.44159698486328
2011-01-24,97.9957275390625
2011-01-25,98.048828125
2011-01-26,98.42838287353516
2011-01-27,98.67127227783203
2011-01-28,96.9482192993164
2011-01-31,97.67688751220703
2011-02-01,99.24058532714844
2011-02-02,99.05082702636719
2011-02-03,99.27093505859375
2011-02-04,99.55179595947266
2011-02-07,100.17425537109375
2011-02-08,100.62966918945312
2011-02-09,100.40198516845703
2011-02-10,100.43990325927734
2011-02-11,101.03955841064453
2011-02-14,101.28245544433594
2011-02-15,100.96366882324219
2011-02-16,101.60128021240234
2011-02-17,101.90492248535156
2011-02-18,102.11749267578125
2011-02-22,100.0679931640625
2011-02-23,99.45310974121094
2011-02-24,99.38478088378906
2011-02-25,100.44751739501953
2011-02-28,101.06993103027344
2011-03-01,99.38478088378906
2011-03-02,99.59732818603516
2011-03-03,101.31287384033203
2011-03-04,100.55377197265625
2011-03-07,99.76435852050781
2011-03-08,100.63727569580078
2011-03-09,100.49304962158203
2011-03-10,98.6333236694336
2011-03-11,99.31646728515625
2011-03-14,98.71682739257812
2011-03-15,97.58583068847656
2011-03-16,95.7791976928711
2011-03-17,97.0468521118164
2011-03-18,97.39983367919922
2011-03-21,98.9093246459961
2011-03-22,98.56626892089844
2011-03-23,98.84833526611328
2011-03-24,99.79366302490234
2011-03-25,100.0986099243164
2011-03-28,99.85467529296875
2011-03-29,100.52558135986328
2011-03-30,101.21927642822266
2011-03-31,101.08207702636719
2011-04-01,101.50899505615234
2011-04-04,101.59284973144531
2011-04-05,101.57764434814453
2011-04-06,101.89784240722656
2011-04-07,101.63862609863281
2011-04-08,101.28789520263672
2011-04-11,100.98296356201172
2011-04-12,100.22821807861328
2011-04-13,100.22061157226562
2011-04-14,100.29683685302734
2011-04-15,100.66276550292969
2011-04-18,99.53450012207031
2011-04-19,100.10624694824219
2011-04-20,101.47090911865234
2011-04-21,101.98930358886719
2011-04-25,101.88258361816406
2011-04-26,102.75931549072266
2011-04-27,103.43016052246094
2011-04-28,103.76556396484375
2011-04-29,104.00955200195312
2011-05-02,103.84947967529297
2011-05-03,103.47591400146484
2011-05-04,102.7897720336914
2011-05-05,101.85967254638672
2011-05-06,102.30947875976562
2011-05-09,102.70589447021484
2011-05-10,103.58263397216797
2011-05-11,102.49244689941406
2011-05-12,102.98040008544922
2011-05-13,102.1875
2011-05-16,101.53951263427734
2011-05-17,101.52424621582031
2011-05-18,102.43145751953125
2011-05-19,102.67538452148438
2011-05-20,101.85967254638672
2011-05-23,100.67803192138672
2011-05-24,100.59416198730469
2011-05-25,100.92961883544922
2011-05-26,101.39463806152344
2011-05-27,101.78345489501953
2011-05-31,102.84314727783203
2011-06-01,100.53317260742188
2011-06-02,100.42642974853516
2011-06-03,99.42774963378906
2011-06-06,98.37567901611328
2011-06-07,98.31465911865234
2011-06-08,97.90300750732422
2011-06-09,98.65013122558594
2011-06-10,97.27788543701172
2011-06-13,97.35411071777344
2011-06-14,98.58914947509766
2011-06-15,96.83572387695312
2011-06-16,97.04917907714844
2011-06-17,97.33877563476562
2011-06-20,97.8367691040039
2011-06-21,99.1775131225586
2011-06-22,98.57991027832031
2011-06-23,98.29646301269531
2011-06-24,97.15485382080078
2011-06-27,98.02063751220703
2011-06-28,99.30008697509766
2011-06-29,100.15052032470703
2011-06-30,101.10820770263672
2011-07-01,102.6021957397461
2011-07-05,102.5179214477539
2011-07-06,102.6405029296875
2011-07-07,103.7054443359375
2011-07-08,102.96993255615234
2011-07-11,101.10820770263672
2011-07-12,100.6715087890625
2011-07-13,101.00862121582031
2011-07-14,100.3113784790039
2011-07-15,100.89368438720703
2011-07-18,100.06623077392578
2011-07-19,101.69044494628906
2011-07-20,101.6291732788086
2011-07-21,103.03886413574219
2011-07-22,103.10784912109375
2011-07-25,102.53324890136719
2011-07-26,102.15019226074219
2011-07-27,100.05860900878906
2011-07-28,99.76747131347656
2011-07-29,99.08558654785156
2011-08-01,98.66419982910156
2011-08-02,96.14356994628906
2011-08-03,96.66456604003906
2011-08-04,92.13665008544922
2011-08-05,91.99870300292969
2011-08-08,86.00748443603516
2011-08-09,90.00672149658203
2011-08-10,86.03047180175781
2011-08-11,89.89180755615234
2011-08-12,90.4970932006836
2011-08-15,92.4124526977539
2011-08-16,91.62332916259766
2011-08-17,91.68461608886719
2011-08-18,87.7313232421875
2011-08-19,86.2986068725586
2011-08-22,86.3675537109375
2011-08-23,89.20999145507812
2011-08-24,90.46644592285156
2011-08-25,89.08741760253906
2011-08-26,90.38218688964844
2011-08-29,92.97941589355469
2011-08-30,93.22457885742188
2011-08-31,93.63829040527344
2011-09-01,92.6576156616211
2011-09-02,90.29023742675781
2011-09-06,89.63136291503906
2011-09-07,92.15962982177734
2011-09-08,91.2019271850586
2011-09-09,88.81155395507812
2011-09-12,89.38618469238281
2011-09-13,90.2059326171875
2011-09-14,91.45478057861328
2011-09-15,93.03303527832031
2011-09-16,93.58365631103516
2011-09-19,92.65181732177734
2011-09-20,92.54402160644531
2011-09-21,89.81779479980469
2011-09-22,86.91451263427734
2011-09-23,87.43819427490234
2011-09-26,89.51748657226562
2011-09-27,90.51863098144531
2011-09-28,88.67037200927734
2011-09-29,89.37117767333984
2011-09-30,87.13787078857422
2011-10-03,84.65809631347656
2011-10-04,86.51402282714844
2011-10-05,88.11589050292969
2011-10-06,89.70999145507812
2011-10-07,89.10932159423828
2011-10-10,92.08966064453125
2011-10-11,92.18205261230469
2011-10-12,92.99065399169922
2011-10-13,92.80585479736328
2011-10-14,94.39228057861328
2011-10-17,92.59021759033203
2011-10-18,94.39998626708984
2011-10-19,93.28331756591797
2011-10-20,93.69144439697266
2011-10-21,95.47041320800781
2011-10-24,96.64098358154297
2011-10-25,94.76192474365234
2011-10-26,95.72456359863281
2011-10-27,99.05913543701172
2011-10-28,99.03604888916016
2011-10-31,96.6487045288086
2011-11-01,93.95329284667969
2011-11-02,95.48580169677734
2011-11-03,97.22627258300781
2011-11-04,96.63330078125
2011-11-07,97.23397064208984
2011-11-08,98.48153686523438
2011-11-09,94.84664916992188
2011-11-10,95.73997497558594
2011-11-11,97.54203033447266
2011-11-14,96.61785888671875
2011-11-15,97.09536743164062
2011-11-16,95.55514526367188
2011-11-17,94.03804016113281
2011-11-18,93.93790435791016
2011-11-21,92.15126037597656
2011-11-22,91.78929138183594
2011-11-23,89.7638931274414
2011-11-25,89.594482421875
2011-11-28,92.18976593017578
2011-11-29,92.45159149169922
2011-11-30,96.25594329833984
2011-12-01,96.24051666259766
2011-12-02,96.15583038330078
2011-12-05,97.20315551757812
2011-12-06,97.23397064208984
2011-12-07,97.5959243774414
2011-12-08,95.45503997802734
2011-12-09,97.07222747802734
2011-12-12,95.6552505493164
2011-12-13,94.76192474365234
2011-12-14,93.75306701660156
2011-12-15,94.0919418334961
2011-12-16,94.23143005371094
2011-12-19,93.22392272949219
2011-12-20,96.044921875
2011-12-21,96.23090362548828
2011-12-22,97.08341979980469
2011-12-23,97.95137786865234
2011-12-27,98.02887725830078
2011-12-28,96.7424087524414
2011-12-29,97.74217224121094
2011-12-30,97.26165008544922
2012-01-03,98.81167602539062
2012-01-04,98.96662902832031
2012-01-05,99.23014068603516
2012-01-06,98.97440338134766
2012-01-09,99.21466827392578
2012-01-10,100.07490539550781
2012-01-11,100.129150390625
2012-01-12,100.36939239501953
2012-01-13,99.85010528564453
2012-01-17,100.23766326904297
2012-01-18,101.34587860107422
2012-01-19,101.88062286376953
2012-01-20,102.26033782958984
2012-01-23,101.99684143066406
2012-01-24,101.88062286376953
2012-01-25,102.73308563232422
2012-01-26,102.20613098144531
2012-01-27,102.15961456298828
2012-01-30,101.81087493896484
2012-01-31,101.77213287353516
2012-02-01,102.66336059570312
2012-02-02,102.82609558105469
2012-02-03,104.26760864257812
2012-02-06,104.19783020019531
2012-02-07,104.46137237548828
2012-02-08,104.77133178710938
2012-02-09,104.90311431884766
2012-02-10,104.12808990478516
2012-02-13,104.90311431884766
2012-02-14,104.77133178710938
2012-02-15,104.2831039428711
2012-02-16,105.4378433227539
2012-02-17,105.71683502197266
2012-02-21,105.76332092285156
2012-02-22,105.42230224609375
2012-02-23,105.88732147216797
2012-02-24,106.11983489990234
2012-02-27,106.29808044433594
2012-02-28,106.60803985595703
2012-02-29,106.1895751953125
2012-03-01,106.73980712890625
2012-03-02,106.41431427001953
2012-03-05,105.9803466796875
2012-03-06,104.43032836914062
2012-03-07,105.15885925292969
2012-03-08,106.20503997802734
2012-03-09,106.61581420898438
2012-03-12,106.62356567382812
2012-03-13,108.5455551147461
2012-03-14,108.4293212890625
2012-03-15,109.05705261230469
2012-03-16,109.20805358886719
2012-03-19,109.63622283935547
2012-03-20,109.31707000732422
2012-03-21,109.13802337646484
2012-03-22,108.35182189941406
2012-03-23,108.70210266113281
2012-03-26,110.22774505615234
2012-03-27,109.88526153564453
2012-03-28,109.34041595458984
2012-03-29,109.15357971191406
2012-03-30,109.60504913330078
2012-04-02,110.40681457519531
2012-04-03,109.95531463623047
2012-04-04,108.86557006835938
2012-04-05,108.81107330322266
2012-04-09,107.58899688720703
2012-04-10,105.78311920166016
2012-04-11,106.63935089111328
2012-04-12,108.0326919555664
2012-04-13,106.74837493896484
2012-04-16,106.67829895019531
2012-04-17,108.25841522216797
2012-04-18,107.89258575439453
2012-04-19,107.1998062133789
2012-04-20,107.37885284423828
2012-04-23,106.47589874267578
2012-04-24,106.88066101074219
2012-04-25,108.34403228759766
2012-04-26,109.09908294677734
2012-04-27,109.27814483642578
2012-04-30,108.87334442138672
2012-05-01,109.55057525634766
2012-05-02,109.22367095947266
2012-05-03,108.39075469970703
2012-05-04,106.63935089111328
2012-05-07,106.71720886230469
2012-05-08,106.28909301757812
2012-05-09,105.65860748291016
2012-05-10,105.87655639648438
2012-05-11,105.55742645263672
2012-05-14,104.38985443115234
2012-05-15,103.79044342041016
2012-05-16,103.39350128173828
2012-05-17,101.86007690429688
2012-05-18,100.9882583618164
2012-05-21,102.72411346435547
2012-05-22,102.90309143066406
2012-05-23,102.9576187133789
2012-05-24,103.15998077392578
2012-05-25,102.82525634765625
2012-05-29,104.0707015991211
2012-05-30,102.56063079833984
2012-05-31,102.3348617553711
2012-06-01,99.75841522216797
2012-06-04,99.71170043945312
2012-06-05,100.46673583984375
2012-06-06,102.72411346435547
2012-06-07,102.7863540649414
2012-06-08,103.6036605834961
2012-06-11,102.28819274902344
2012-06-12,103.46355438232422
2012-06-13,102.80192565917969
2012-06-14,103.89171600341797
2012-06-15,104.95421600341797
2012-06-18,105.15762329101562
2012-06-19,106.1748046875
2012-06-20,106.00263214111328
2012-06-21,103.62407684326172
2012-06-22,104.42216491699219
2012-06-25,102.74777221679688
2012-06-26,103.26415252685547
2012-06-27,104.19525909423828
2012-06-28,103.8979263305664
2012-06-29,106.48777770996094
2012-07-02,106.80853271484375
2012-07-03,107.51273345947266
2012-07-05,107.02758026123047
2012-07-06,106.01045989990234
2012-07-09,105.87749481201172
2012-07-10,104.95421600341797
2012-07-11,104.96983337402344
2012-07-12,104.46125793457031
2012-07-13,106.21387481689453
2012-07-16,105.9635009765625
2012-07-17,106.6911849975586
2012-07-18,107.48139190673828
2012-07-19,107.7630844116211
2012-07-20,106.77721405029297
2012-07-23,105.69747161865234
2012-07-24,104.78987121582031
2012-07-25,104.8133773803711
2012-07-26,106.54249572753906
2012-07-27,108.50635528564453
2012-07-30,108.50635528564453
2012-07-31,107.74745178222656
2012-08-01,107.65353393554688
2012-08-02,106.91024017333984
2012-08-03,109.03065490722656
2012-08-06,109.24185180664062
2012-08-07,109.78958129882812
2012-08-08,109.92259216308594
2012-08-09,110.01649475097656
2012-08-10,110.1964111328125
2012-08-13,110.14167785644531
2012-08-14,110.1572494506836
2012-08-15,110.28250122070312
2012-08-16,111.09622955322266
2012-08-17,111.244873046875
2012-08-20,111.252685546875
2012-08-21,110.9162368774414
2012-08-22,110.96322631835938
2012-08-23,110.0555648803711
2012-08-24,110.72066497802734
2012-08-27,110.74410247802734
2012-08-28,110.63455200195312
2012-08-29,110.72066497802734
2012-08-30,109.92259216308594
2012-08-31,110.44682312011719
2012-09-04,110.3450927734375
2012-09-05,110.25119018554688
2012-09-06,112.48892211914062
2012-09-07,112.92707824707031
2012-09-10,112.28551483154297
2012-09-11,112.5985107421875
2012-09-12,112.97402954101562
2012-09-13,114.69538116455078
2012-09-14,115.20397186279297
2012-09-17,114.81267547607422
2012-09-18,114.71880340576172
2012-09-19,114.7813949584961
2012-09-20,114.78926086425781
2012-09-21,114.74124145507812
2012-09-24,114.56818389892578
2012-09-25,113.34901428222656
2012-09-26,112.71186065673828
2012-09-27,113.77375793457031
2012-09-28,113.24675750732422
2012-10-01,113.54561614990234
2012-10-02,113.66366577148438
2012-10-03,114.1277084350586
2012-10-04,114.94579315185547
2012-10-05,114.95366668701172
2012-10-08,114.56034851074219
2012-10-09,113.42766571044922
2012-10-10,112.7039794921875
2012-10-11,112.76692962646484
2012-10-12,112.397216796875
2012-10-15,113.33325958251953
2012-10-16,114.48168182373047
2012-10-17,115.0008316040039
2012-10-18,114.70191955566406
2012-10-19,112.79051208496094
2012-10-22,112.80623626708984
2012-10-23,111.24089813232422
2012-10-24,110.92627716064453
2012-10-25,111.24874877929688
2012-10-26,111.18583679199219
2012-10-31,111.18583679199219
2012-11-01,112.35000610351562
2012-11-02,111.35102081298828
2012-11-05,111.57914733886719
2012-11-06,112.4522705078125
2012-11-07,109.90365600585938
2012-11-08,108.5821762084961
2012-11-09,108.67656707763672
2012-11-12,108.76309204101562
2012-11-13,108.38555145263672
2012-11-14,106.92245483398438
2012-11-15,106.74156188964844
2012-11-16,107.26856994628906
2012-11-19,109.43962860107422
2012-11-20,109.48678588867188
2012-11-21,109.69123840332031
2012-11-23,111.18583679199219
2012-11-26,110.94987487792969
2012-11-27,110.38353729248047
2012-11-28,111.27238464355469
2012-11-29,111.79151153564453
2012-11-30,111.81512451171875
2012-12-03,111.26449584960938
2012-12-04,111.10718536376953
2012-12-05,111.3038330078125
2012-12-06,111.68138122558594
2012-12-07,112.01966857910156
2012-12-10,112.06681823730469
2012-12-11,112.8298110961914
2012-12-12,112.8849105834961
2012-12-13,112.19267272949219
2012-12-14,111.77578735351562
2012-12-17,113.08940887451172
2012-12-18,114.34796905517578
2012-12-19,113.49842071533203
2012-12-20,114.15132904052734
2012-12-21,113.11514282226562
2012-12-24,112.7666244506836
2012-12-26,112.29125213623047
2012-12-27,112.14079284667969
2012-12-28,110.92872619628906
2012-12-31,112.81415557861328
2013-01-02,115.70558166503906
2013-01-03,115.44412231445312
2013-01-04,115.95114135742188
2013-01-07,115.63426971435547
2013-01-08,115.30158233642578
2013-01-09,115.59467315673828
2013-01-10,116.51360321044922
2013-01-11,116.50565338134766
2013-01-14,116.42646026611328
2013-01-15,116.50565338134766
2013-01-16,116.48983764648438
2013-01-17,117.24239349365234
2013-01-18,117.50382995605469
2013-01-22,118.1375503540039
2013-01-23,118.32766723632812
2013-01-24,118.3593521118164
2013-01-25,119.02482604980469
2013-01-28,118.88219451904297
2013-01-29,119.3496322631836
2013-01-30,118.88219451904297
2013-01-31,118.589111328125
2013-02-01,119.80907440185547
2013-02-04,118.46237182617188
2013-02-05,119.65856170654297
2013-02-06,119.74567413330078
2013-02-07,119.58720397949219
2013-02-08,120.252685546875
2013-02-11,120.22891235351562
2013-02-12,120.4269790649414
2013-02-13,120.52992248535156
2013-02-14,120.64081573486328
2013-02-15,120.49826049804688
2013-02-19,121.4013442993164
2013-02-20,119.88826751708984
2013-02-21,119.15948486328125
2013-02-22,120.32394409179688
2013-02-25,118.03457641601562
2013-02-26,118.84257507324219
2013-02-27,120.33982849121094
2013-02-28,120.10216522216797
2013-03-01,120.49826049804688
2013-03-04,121.13990783691406
2013-03-05,122.22520446777344
2013-03-06,122.39157104492188
2013-03-07,122.61338806152344
2013-03-08,123.13623809814453
2013-03-11,123.60360717773438
2013-03-12,123.32630920410156
2013-03-13,123.50059509277344
2013-03-14,124.1581039428711
2013-03-15,123.99419403076172
2013-03-18,123.30988311767578
2013-03-19,123.02342987060547
2013-03-20,123.8828125
2013-03-21,122.82451629638672
2013-03-22,123.81121063232422
2013-03-25,123.2939682006836
2013-03-26,124.2806625366211
2013-03-27,124.2806625366211
2013-03-28,124.66262817382812
2013-04-01,124.16923522949219
2013-04-02,124.7819595336914
2013-04-03,123.51678466796875
2013-04-04,124.0180892944336
2013-04-05,123.46113586425781
2013-04-08,124.29656982421875
2013-04-09,124.72626495361328
2013-04-10,126.25396728515625
2013-04-11,126.66776275634766
2013-04-12,126.3573989868164
2013-04-15,123.42924499511719
2013-04-16,125.25144958496094
2013-04-17,123.42122650146484
2013-04-18,122.6494369506836
2013-04-19,123.71566772460938
2013-04-22,124.26473236083984
2013-04-23,125.5457992553711
2013-04-24,125.62539672851562
2013-04-25,126.13459777832031
2013-04-26,125.91182708740234
2013-04-29,126.75529479980469
2013-04-30,127.05758666992188
2013-05-01,125.94366455078125
2013-05-02,127.11334228515625
2013-05-03,128.40234375
2013-05-06,128.7286376953125
2013-05-07,129.38111877441406
2013-05-08,129.9699249267578
2013-05-09,129.60389709472656
2013-05-10,130.02561950683594
2013-05-13,130.12904357910156
2013-05-14,131.4737548828125
2013-05-15,132.18194580078125
2013-05-16,131.56134033203125
2013-05-17,132.83445739746094
2013-05-20,132.8264923095703
2013-05-21,133.0174102783203
2013-05-22,132.03079223632812
2013-05-23,131.64883422851562
2013-05-24,131.53746032714844
2013-05-28,132.32521057128906
2013-05-29,131.46580505371094
2013-05-30,131.95118713378906
2013-05-31,130.05738830566406
2013-06-03,130.77357482910156
2013-06-04,130.14498901367188
2013-06-05,128.3228759765625
2013-06-06,129.48452758789062
2013-06-07,131.13160705566406
2013-06-10,131.13160705566406
2013-06-11,129.77896118164062
2013-06-12,128.70477294921875
2013-06-13,130.6621551513672
2013-06-14,129.84255981445312
2013-06-17,130.84519958496094
2013-06-18,131.87957763671875
2013-06-19,130.05738830566406
2013-06-20,126.83487701416016
2013-06-21,127.24200439453125
2013-06-24,125.63419342041016
2013-06-25,126.84204864501953
2013-06-26,128.09796142578125
2013-06-27,128.8498992919922
2013-06-28,128.3218994140625
2013-07-01,129.07382202148438
2013-07-02,128.953857421875
2013-07-03,129.00982666015625
2013-07-05,130.40164184570312
2013-07-08,131.14553833007812
2013-07-09,132.08944702148438
2013-07-10,132.1374969482422
2013-07-11,133.9373321533203
2013-07-12,133.99331665039062
2013-07-15,134.5051727294922
2013-07-16,134.00131225585938
2013-07-17,134.34519958496094
2013-07-18,135.08114624023438
2013-07-19,135.32110595703125
2013-07-22,135.5850830078125
2013-07-23,135.29713439941406
2013-07-24,134.8012237548828
2013-07-25,135.12908935546875
2013-07-26,135.2731170654297
2013-07-29,134.857177734375
2013-07-30,134.857177734375
2013-07-31,134.9532012939453
2013-08-01,136.5130615234375
2013-08-02,136.74497985839844
2013-08-05,136.54493713378906
2013-08-06,135.76904296875
2013-08-07,135.3291015625
2013-08-08,135.82505798339844
2013-08-09,135.43310546875
2013-08-12,135.2731170654297
2013-08-13,135.673095703125
2013-08-14,134.97718811035156
2013-08-15,133.08938598632812
2013-08-16,132.64939880371094
2013-08-19,131.80149841308594
2013-08-20,132.44944763183594
2013-08-21,131.63348388671875
2013-08-22,132.83335876464844
2013-08-23,133.28134155273438
2013-08-26,132.7854461669922
2013-08-27,130.64956665039062
2013-08-28,131.1136016845703
2013-08-29,131.321533203125
2013-08-30,130.90560913085938
2013-09-03,131.4974822998047
2013-09-04,132.5854034423828
2013-09-05,132.75338745117188
2013-09-06,132.81735229492188
2013-09-09,134.0892333984375
2013-09-10,135.08114624023438
2013-09-11,135.50511169433594
2013-09-12,135.14512634277344
2013-09-13,135.4490966796875
2013-09-16,136.2330322265625
2013-09-17,136.8409881591797
2013-09-18,138.4248046875
2013-09-19,138.1927947998047
2013-09-20,137.22666931152344
2013-09-23,136.5915985107422
2013-09-24,136.27005004882812
2013-09-25,135.87619018554688
2013-09-26,136.39871215820312
2013-09-27,135.77169799804688
2013-09-30,135.04830932617188
2013-10-01,136.11737060546875
2013-10-02,135.98876953125
2013-10-03,134.7348175048828
2013-10-04,135.75559997558594
2013-10-07,134.58212280273438
2013-10-08,133.0146484375
2013-10-09,133.11109924316406
2013-10-10,135.9807586669922
2013-10-11,136.85687255859375
2013-10-14,137.40350341796875
2013-10-15,136.40675354003906
2013-10-16,138.31182861328125
2013-10-17,139.23611450195312
2013-10-18,140.17657470703125
2013-10-21,140.18466186523438
2013-10-22,140.99649047851562
2013-10-23,140.3213348388672
2013-10-24,140.78753662109375
2013-10-25,141.4305419921875
2013-10-28,141.65557861328125
2013-10-29,142.4112091064453
2013-10-30,141.703857421875
2013-10-31,141.30191040039062
2013-11-01,141.6396026611328
2013-11-04,142.13796997070312
2013-11-05,141.68783569335938
2013-11-06,142.4112091064453
2013-11-07,140.61070251464844
2013-11-08,142.50762939453125
2013-11-11,142.53175354003906
2013-11-12,142.24246215820312
2013-11-13,143.3838348388672
2013-11-14,144.09921264648438
2013-11-15,144.72618103027344
2013-11-18,144.2198028564453
2013-11-19,143.9062957763672
2013-11-20,143.4561767578125
2013-11-21,144.61366271972656
2013-11-22,145.33706665039062
2013-11-25,145.1923828125
2013-11-26,145.2326202392578
2013-11-27,145.58621215820312
2013-11-29,145.48976135253906
2013-12-02,145.11199951171875
2013-12-03,144.48509216308594
2013-12-04,144.4689483642578
2013-12-05,143.83399963378906
2013-12-06,145.4416046142578
2013-12-09,145.81134033203125
2013-12-10,145.28883361816406
2013-12-11,143.65704345703125
2013-12-12,143.1829071044922
2013-12-13,143.16680908203125
2013-12-16,144.05902099609375
2013-12-17,143.600830078125
2013-12-18,146.052490234375
2013-12-19,145.88363647460938
2013-12-20,146.7322540283203
2013-12-23,147.5161590576172
2013-12-24,147.83944702148438
2013-12-26,148.5909881591797
2013-12-27,148.58299255371094
2013-12-30,148.5587615966797
2013-12-31,149.26187133789062
2014-01-02,147.8313751220703
2014-01-03,147.80714416503906
2014-01-06,147.37875366210938
2014-01-07,148.28395080566406
2014-01-08,148.31629943847656
2014-01-09,148.41331481933594
2014-01-10,148.8173370361328
2014-01-13,146.8372802734375
2014-01-14,148.43746948242188
2014-01-15,149.23760986328125
2014-01-16,149.04364013671875
2014-01-17,148.41331481933594
2014-01-21,148.8496856689453
2014-01-22,148.94662475585938
2014-01-23,147.726318359375
2014-01-24,144.57437133789062
2014-01-27,143.8632354736328
2014-01-28,144.7199249267578
2014-01-29,143.329833984375
2014-01-30,144.84922790527344
2014-01-31,144.00064086914062
2014-02-03,140.75982666015625
2014-02-04,141.74583435058594
2014-02-05,141.5680694580078
2014-02-06,143.43490600585938
2014-02-07,145.21287536621094
2014-02-10,145.4795684814453
2014-02-11,147.07171630859375
2014-02-12,147.14439392089844
2014-02-13,147.90419006347656
2014-02-14,148.72035217285156
2014-02-18,148.8981475830078
2014-02-19,147.9121856689453
2014-02-20,148.78501892089844
2014-02-21,148.61526489257812
2014-02-24,149.4396514892578
2014-02-25,149.38304138183594
2014-02-26,149.3911895751953
2014-02-27,150.17510986328125
2014-02-28,150.55490112304688
2014-03-03,149.49618530273438
2014-03-04,151.59750366210938
2014-03-05,151.73483276367188
2014-03-06,152.08241271972656
2014-03-07,152.1470184326172
2014-03-10,152.06617736816406
2014-03-11,151.3146209716797
2014-03-12,151.3550262451172
2014-03-13,149.65792846679688
2014-03-14,149.23760986328125
2014-03-17,150.58724975585938
2014-03-18,151.66217041015625
2014-03-19,150.85394287109375
2014-03-20,151.73483276367188
2014-03-21,151.1463623046875
2014-03-24,150.52134704589844
2014-03-25,151.2356414794922
2014-03-26,150.14793395996094
2014-03-27,149.83139038085938
2014-03-28,150.57000732421875
2014-03-31,151.8038330078125
2014-04-01,152.81040954589844
2014-04-02,153.32180786132812
2014-04-03,153.11891174316406
2014-04-04,151.30870056152344
2014-04-07,149.63648986816406
2014-04-08,150.25341796875
2014-04-09,151.86883544921875
2014-04-10,148.6787109375
2014-04-11,147.33921813964844
2014-04-14,148.50010681152344
2014-04-15,149.52284240722656
2014-04-16,151.0895233154297
2014-04-17,151.30050659179688
2014-04-21,151.82818603515625
2014-04-22,152.5182342529297
2014-04-23,152.16099548339844
2014-04-24,152.46949768066406
2014-04-25,151.21937561035156
2014-04-28,151.6983642578125
2014-04-29,152.40451049804688
2014-04-30,152.8590850830078
2014-05-01,152.87530517578125
2014-05-02,152.65615844726562
2014-05-05,152.94837951660156
2014-05-06,151.61717224121094
2014-05-07,152.51011657714844
2014-05-08,152.34771728515625
2014-05-09,152.5750274658203
2014-05-12,154.06048583984375
2014-05-13,154.19851684570312
2014-05-14,153.46792602539062
2014-05-15,152.12042236328125
2014-05-16,152.6480712890625
2014-05-19,153.20816040039062
2014-05-20,152.2421875
2014-05-21,153.52476501464844
2014-05-22,153.8981475830078
2014-05-23,154.5150909423828
2014-05-27,155.46482849121094
2014-05-28,155.3511199951172
2014-05-29,156.15478515625
2014-05-30,156.40647888183594
2014-06-02,156.58497619628906
2014-06-03,156.50379943847656
2014-06-04,156.82044982910156
2014-06-05,157.8431854248047
2014-06-06,158.59817504882812
2014-06-09,158.76048278808594
2014-06-10,158.77674865722656
2014-06-11,158.22470092773438
2014-06-12,157.10450744628906
2014-06-13,157.58348083496094
2014-06-16,157.71331787109375
2014-06-17,158.15164184570312
2014-06-18,159.3124237060547
2014-06-19,159.49105834960938
2014-06-20,159.81484985351562
2014-06-23,159.76593017578125
2014-06-24,158.80348205566406
2014-06-25,159.52122497558594
2014-06-26,159.40701293945312
2014-06-27,159.7169647216797
2014-06-30,159.6354217529297
2014-07-01,160.703857421875
2014-07-02,160.86705017089844
2014-07-03,161.65818786621094
2014-07-07,161.09542846679688
2014-07-08,160.0594940185547
2014-07-09,160.7772979736328
2014-07-10,160.14109802246094
2014-07-11,160.361328125
2014-07-14,161.1687774658203
2014-07-15,160.86705017089844
2014-07-16,161.4624786376953
2014-07-17,159.62730407714844
2014-07-18,161.25852966308594
2014-07-21,160.95668029785156
2014-07-22,161.65818786621094
2014-07-23,162.01707458496094
2014-07-24,162.02523803710938
2014-07-25,161.2666778564453
2014-07-28,161.33197021484375
2014-07-29,160.63864135742188
2014-07-30,160.66311645507812
2014-07-31,157.49029541015625
2014-08-01,157.0091094970703
2014-08-04,158.1427764892578
2014-08-05,156.60939025878906
2014-08-06,156.6583251953125
2014-08-07,155.81008911132812
2014-08-08,157.6126251220703
2014-08-11,158.0694122314453
2014-08-12,157.8491973876953
2014-08-13,158.9176025390625
2014-08-14,159.6680450439453
2014-08-15,159.6354217529297
2014-08-18,160.97305297851562
2014-08-19,161.8131561279297
2014-08-20,162.24542236328125
2014-08-21,162.718505859375
2014-08-22,162.46566772460938
2014-08-25,163.28948974609375
2014-08-26,163.3954620361328
2014-08-27,163.3302459716797
2014-08-28,163.24057006835938
2014-08-29,163.7054901123047
2014-09-02,163.6238555908203
2014-09-03,163.5341339111328
2014-09-04,163.29759216308594
2014-09-05,164.03163146972656
2014-09-08,163.60755920410156
2014-09-09,162.57167053222656
2014-09-10,163.18344116210938
2014-09-11,163.37100219726562
2014-09-12,162.416748046875
2014-09-15,162.29444885253906
2014-09-16,163.51783752441406
2014-09-17,163.7380828857422
2014-09-18,164.6107940673828
2014-09-19,164.46250915527344
2014-09-22,163.1923370361328
2014-09-23,162.2581787109375
2014-09-24,163.52825927734375
2014-09-25,160.88963317871094
2014-09-26,162.16798400878906
2014-09-29,161.87298583984375
2014-09-30,161.44686889648438
2014-10-01,159.2589874267578
2014-10-02,159.2835693359375
2014-10-03,161.03721618652344
2014-10-06,160.84869384765625
2014-10-07,158.36578369140625
2014-10-08,161.13551330566406
2014-10-09,157.93968200683594
2014-10-10,156.13687133789062
2014-10-13,153.572021484375
2014-10-14,153.80966186523438
2014-10-15,152.76895141601562
2014-10-16,152.6378631591797
2014-10-17,154.44064331054688
2014-10-20,155.94021606445312
2014-10-21,159.02952575683594
2014-10-22,157.89871215820312
2014-10-23,159.73423767089844
2014-10-24,160.9634246826172
2014-10-27,160.7421875
2014-10-28,162.58592224121094
2014-10-29,162.34007263183594
2014-10-30,163.3807830810547
2014-10-31,165.24913024902344
2014-11-03,165.3393096923828
2014-11-04,164.7656707763672
2014-11-05,165.80642700195312
2014-11-06,166.47007751464844
2014-11-07,166.6258087158203
2014-11-10,167.15020751953125
2014-11-11,167.3140869140625
2014-11-12,167.1338653564453
2014-11-13,167.322265625
2014-11-14,167.36328125
2014-11-17,167.4698028564453
2014-11-18,168.43673706054688
2014-11-19,168.1663360595703
2014-11-20,168.46131896972656
2014-11-21,169.36268615722656
2014-11-24,169.83802795410156
2014-11-25,169.715087890625
2014-11-26,170.14939880371094
2014-11-28,169.78884887695312
2014-12-01,168.6088409423828
2014-12-02,169.6986846923828
2014-12-03,170.3542022705078
2014-12-04,170.16580200195312
2014-12-05,170.4444122314453
2014-12-08,169.30538940429688
2014-12-09,169.19064331054688
2014-12-10,166.47828674316406
2014-12-11,167.322265625
2014-12-12,164.6181640625
2014-12-15,163.48733520507812
2014-12-16,162.17620849609375
2014-12-17,165.35568237304688
2014-12-18,169.4446563720703
2014-12-19,170.16567993164062
2014-12-22,170.9484100341797
2014-12-23,171.1791534423828
2014-12-24,171.19561767578125
2014-12-26,171.74769592285156
2014-12-29,171.97836303710938
2014-12-30,171.05555725097656
2014-12-31,169.35816955566406
2015-01-02,169.26754760742188
2015-01-05,166.21060180664062
2015-01-06,164.64505004882812
2015-01-07,166.6967315673828
2015-01-08,169.65476989746094
2015-01-09,168.2952423095703
2015-01-12,166.97689819335938
2015-01-13,166.5072479248047
2015-01-14,165.50204467773438
2015-01-15,163.98590087890625
2015-01-16,166.1364288330078
2015-01-20,166.4907684326172
2015-01-21,167.33120727539062
2015-01-22,169.81961059570312
2015-01-23,168.88851928710938
2015-01-26,169.28399658203125
2015-01-27,167.05105590820312
2015-01-28,164.90870666503906
2015-01-29,166.43310546875
2015-01-30,164.34024047851562
2015-02-02,166.37539672851562
2015-02-03,168.78140258789062
2015-02-04,168.13868713378906
2015-02-05,169.83607482910156
2015-02-06,169.36643981933594
2015-02-09,168.60841369628906
2015-02-10,170.4046173095703
2015-02-11,170.5035400390625
2015-02-12,172.14320373535156
2015-02-13,172.8518524169922
2015-02-17,173.12367248535156
2015-02-18,173.14013671875
2015-02-19,173.0165252685547
2015-02-20,174.0547637939453
2015-02-23,174.0300750732422
2015-02-24,174.5244598388672
2015-02-25,174.3760986328125
2015-02-26,174.17013549804688
2015-02-27,173.57687377929688
2015-03-02,174.67274475097656
2015-03-03,173.95594787597656
2015-03-04,173.2225341796875
2015-03-05,173.4120635986328
2015-03-06,170.97314453125
2015-03-09,171.68173217773438
2015-03-10,168.896728515625
2015-03-11,168.501220703125
2015-03-12,170.64358520507812
2015-03-13,169.59710693359375
2015-03-16,171.8629608154297
2015-03-17,171.3521728515625
2015-03-18,173.4120635986328
2015-03-19,172.62103271484375
2015-03-20,174.14476013183594
2015-03-23,173.8053741455078
2015-03-24,172.8287811279297
2015-03-25,170.29620361328125
2015-03-26,169.8906707763672
2015-03-27,170.27964782714844
2015-03-30,172.35711669921875
2015-03-31,170.85069274902344
2015-04-01,170.24655151367188
2015-04-02,170.8590545654297
2015-04-06,172.0094757080078
2015-04-07,171.55421447753906
2015-04-08,172.13357543945312
2015-04-09,172.89498901367188
2015-04-10,173.83853149414062
2015-04-13,173.0522918701172
2015-04-14,173.38328552246094
2015-04-15,174.1613006591797
2015-04-16,174.11167907714844
2015-04-17,172.10873413085938
2015-04-20,173.68136596679688
2015-04-21,173.47433471679688
2015-04-22,174.3268280029297
2015-04-23,174.76559448242188
2015-04-24,175.17105102539062
2015-04-27,174.44276428222656
2015-04-28,174.9972381591797
2015-04-29,174.27720642089844
2015-04-30,172.53085327148438
2015-05-01,174.40135192871094
2015-05-04,174.89794921875
2015-05-05,172.89498901367188
2015-05-06,172.1832275390625
2015-05-07,172.8701629638672
2015-05-08,175.14622497558594
2015-05-11,174.31028747558594
2015-05-12,173.7888946533203
2015-05-13,173.82199096679688
2015-05-14,175.63449096679688
2015-05-15,175.8249053955078
2015-05-18,176.37110900878906
2015-05-19,176.31321716308594
2015-05-20,176.1890869140625
2015-05-21,176.7021942138672
2015-05-22,176.28016662597656
2015-05-26,174.38475036621094
2015-05-27,176.04006958007812
2015-05-28,175.84146118164062
2015-05-29,174.74896240234375
2015-06-01,175.1048583984375
2015-06-02,174.9310302734375
2015-06-03,175.39451599121094
2015-06-04,173.9130401611328
2015-06-05,173.61505126953125
2015-06-08,172.54739379882812
2015-06-09,172.5225830078125
2015-06-10,174.59170532226562
2015-06-11,175.154541015625
2015-06-12,173.81370544433594
2015-06-15,173.06883239746094
2015-06-16,174.0123291015625
2015-06-17,174.2937469482422
2015-06-18,176.10626220703125
2015-06-19,175.32449340820312
2015-06-22,176.22271728515625
2015-06-23,176.34744262695312
2015-06-24,175.06668090820312
2015-06-25,174.53445434570312
2015-06-26,174.50112915039062
2015-06-29,170.84181213378906
2015-06-30,171.1994171142578
2015-07-01,172.5717010498047
2015-07-02,172.41363525390625
2015-07-06,171.92294311523438
2015-07-07,173.0041961669922
2015-07-08,170.1016082763672
2015-07-09,170.40928649902344
2015-07-10,172.55508422851562
2015-07-13,174.4595947265625
2015-07-14,175.21636962890625
2015-07-15,175.158203125
2015-07-16,176.56370544433594
2015-07-17,176.71337890625
2015-07-20,176.80491638183594
2015-07-21,176.1062774658203
2015-07-22,175.7902374267578
2015-07-23,174.80056762695312
2015-07-24,172.98756408691406
2015-07-27,171.98121643066406
2015-07-28,174.0936279296875
2015-07-29,175.29129028320312
2015-07-30,175.3328094482422
2015-07-31,175.06668090820312
2015-08-03,174.47622680664062
2015-08-04,174.13525390625
2015-08-05,174.70912170410156
2015-08-06,173.27862548828125
2015-08-07,172.94593811035156
2015-08-10,175.1249542236328
2015-08-11,173.5447540283203
2015-08-12,173.75267028808594
2015-08-13,173.5364227294922
2015-08-14,174.16847229003906
2015-08-17,175.1415252685547
2015-08-18,174.63424682617188
2015-08-19,173.253662109375
2015-08-20,169.63592529296875
2015-08-21,164.52943420410156
2015-08-24,157.6016387939453
2015-08-25,155.74700927734375
2015-08-26,161.72666931152344
2015-08-27,165.72706604003906
2015-08-28,165.7353515625
2015-08-31,164.39633178710938
2015-09-01,159.48948669433594
2015-09-02,162.5167999267578
2015-09-03,162.63316345214844
2015-09-04,160.1714630126953
2015-09-08,164.19679260253906
2015-09-09,162.00112915039062
2015-09-10,162.88279724121094
2015-09-11,163.62286376953125
2015-09-14,163.01580810546875
2015-09-15,165.05332946777344
2015-09-16,166.4838409423828
2015-09-17,166.10955810546875
2015-09-18,163.39511108398438
2015-09-21,164.23948669433594
2015-09-22,162.10775756835938
2015-09-23,161.8485107421875
2015-09-24,161.2633514404297
2015-09-25,161.2215576171875
2015-09-28,157.17532348632812
2015-09-29,157.26730346679688
2015-09-30,160.20162963867188
2015-10-01,160.6196746826172
2015-10-02,163.01895141601562
2015-10-05,165.91983032226562
2015-10-06,165.351318359375
2015-10-07,166.7056427001953
2015-10-08,168.21047973632812
2015-10-09,168.31077575683594
2015-10-12,168.4696044921875
2015-10-13,167.40792846679688
2015-10-14,166.60536193847656
2015-10-15,169.1635284423828
2015-10-16,169.9326171875
2015-10-19,170.01617431640625
2015-10-20,169.79888916015625
2015-10-21,168.7454833984375
2015-10-22,171.5962371826172
2015-10-23,173.47718811035156
2015-10-26,173.05087280273438
2015-10-27,172.7165069580078
2015-10-28,174.6810302734375
2015-10-29,174.58078002929688
2015-10-30,173.82833862304688
2015-11-02,175.88491821289062
2015-11-03,176.3948211669922
2015-11-04,175.8598175048828
2015-11-05,175.6842803955078
2015-11-06,175.59228515625
2015-11-09,173.9537353515625
2015-11-10,174.3550262451172
2015-11-11,173.6694793701172
2015-11-12,171.24508666992188
2015-11-13,169.3223419189453
2015-11-16,171.8971710205078
2015-11-17,171.7718048095703
2015-11-18,174.4971160888672
2015-11-19,174.34661865234375
2015-11-20,174.9819793701172
2015-11-23,174.78131103515625
2015-11-24,175.01547241210938
2015-11-25,174.99038696289062
2015-11-27,175.19094848632812
2015-11-30,174.4636688232422
2015-12-01,176.12734985351562
2015-12-02,174.3299102783203
2015-12-03,171.88882446289062
2015-12-04,175.24118041992188
2015-12-07,174.17947387695312
2015-12-08,173.009033203125
2015-12-09,171.6631317138672
2015-12-10,172.106201171875
2015-12-11,168.7705841064453
2015-12-14,169.62330627441406
2015-12-15,171.40394592285156
2015-12-16,173.91192626953125
2015-12-17,171.2617645263672
2015-12-18,168.21083068847656
2015-12-21,169.5983428955078
2015-12-22,171.13735961914062
2015-12-23,173.25660705566406
2015-12-24,172.97067260742188
2015-12-28,172.5753936767578
2015-12-29,174.41712951660156
2015-12-30,173.18089294433594
2015-12-31,171.44851684570312
2016-01-04,169.05178833007812
2016-01-05,169.33767700195312
2016-01-06,167.20169067382812
2016-01-07,163.1902313232422
2016-01-08,161.39892578125
2016-01-11,161.5587615966797
2016-01-12,162.8622283935547
2016-01-13,158.80035400390625
2016-01-14,161.4073944091797
2016-01-15,157.94252014160156
2016-01-19,158.15280151367188
2016-01-20,156.12606811523438
2016-01-21,157.00062561035156
2016-01-22,160.2216033935547
2016-01-25,157.79959106445312
2016-01-26,159.95245361328125
2016-01-27,158.21168518066406
2016-01-28,159.03578186035156
2016-01-29,162.91270446777344
2016-02-01,162.8538055419922
2016-02-02,159.91888427734375
2016-02-03,160.87757873535156
2016-02-04,161.12985229492188
2016-02-05,158.06027221679688
2016-02-08,155.9326171875
2016-02-09,155.94100952148438
2016-02-10,155.8065185546875
2016-02-11,153.77972412109375
2016-02-12,156.9501953125
2016-02-16,159.59921264648438
2016-02-17,162.20631408691406
2016-02-18,161.54190063476562
2016-02-19,161.46621704101562
2016-02-22,163.80410766601562
2016-02-23,161.73538208007812
2016-02-24,162.4754180908203
2016-02-25,164.4432830810547
2016-02-26,164.06483459472656
2016-02-29,162.7781219482422
2016-03-01,166.6045379638672
2016-03-02,167.35302734375
2016-03-03,168.0089874267578
2016-03-04,168.55557250976562
2016-03-07,168.6901397705078
2016-03-08,166.84841918945312
2016-03-09,167.67259216308594
2016-03-10,167.80714416503906
2016-03-11,170.51499938964844
2016-03-14,170.29641723632812
2016-03-15,170.0188751220703
2016-03-16,171.0028533935547
2016-03-17,172.087646484375
2016-03-18,172.76390075683594
2016-03-21,173.00904846191406
2016-03-22,172.9160919189453
2016-03-23,171.77488708496094
2016-03-24,171.6988067626953
2016-03-28,171.8002471923828
2016-03-29,173.38941955566406
2016-03-30,174.1501922607422
2016-03-31,173.72752380371094
2016-04-01,174.91098022460938
2016-04-04,174.34466552734375
2016-04-05,172.6033172607422
2016-04-06,174.48831176757812
2016-04-07,172.40040588378906
2016-04-08,172.8653564453125
2016-04-11,172.45960998535156
2016-04-12,174.065673828125
2016-04-13,175.8238983154297
2016-04-14,175.83236694335938
2016-04-15,175.63796997070312
2016-04-18,176.87213134765625
2016-04-19,177.42999267578125
2016-04-20,177.59910583496094
2016-04-21,176.64385986328125
2016-04-22,176.64385986328125
2016-04-25,176.3395538330078
2016-04-26,176.60159301757812
2016-04-27,176.96510314941406
2016-04-28,175.3590087890625
2016-04-29,174.41229248046875
2016-05-02,175.798583984375
2016-05-03,174.26852416992188
2016-05-04,173.29641723632812
2016-05-05,173.26263427734375
2016-05-06,173.89659118652344
2016-05-09,174.04034423828125
2016-05-10,176.2042694091797
2016-05-11,174.55596923828125
2016-05-12,174.60670471191406
2016-05-13,173.0850830078125
2016-05-16,174.79266357421875
2016-05-17,173.1611785888672
2016-05-18,173.21192932128906
2016-05-19,172.61170959472656
2016-05-20,173.70216369628906
2016-05-23,173.4654998779297
2016-05-24,175.71400451660156
2016-05-25,176.90591430664062
2016-05-26,176.9566192626953
2016-05-27,177.71742248535156
2016-05-31,177.37924194335938
2016-06-01,177.7427978515625
2016-06-02,178.28375244140625
2016-06-03,177.75120544433594
2016-06-06,178.6557159423828
2016-06-07,178.9346466064453
2016-06-08,179.51791381835938
2016-06-09,179.2727508544922
2016-06-10,177.57374572753906
2016-06-13,176.2042694091797
2016-06-14,175.85772705078125
2016-06-15,175.61260986328125
2016-06-16,176.13670349121094
2016-06-17,175.480712890625
2016-06-20,176.61083984375
2016-06-21,177.11216735839844
2016-06-22,176.8232421875
2016-06-23,179.12594604492188
2016-06-24,172.69366455078125
2016-06-27,169.60079956054688
2016-06-28,172.6597137451172
2016-06-29,175.5996856689453
2016-06-30,177.99583435058594
2016-07-01,178.3697052001953
2016-07-05,177.086669921875
2016-07-06,178.1487579345703
2016-07-07,178.0382843017578
2016-07-08,180.68942260742188
2016-07-11,181.32667541503906
2016-07-12,182.64369201660156
2016-07-13,182.61817932128906
2016-07-14,183.6378631591797
2016-07-15,183.39146423339844
2016-07-18,183.88429260253906
2016-07-19,183.6973114013672
2016-07-20,184.46206665039062
2016-07-21,183.7653350830078
2016-07-22,184.58953857421875
2016-07-25,184.08815002441406
2016-07-26,184.17320251464844
2016-07-27,183.977783203125
2016-07-28,184.1902313232422
2016-07-29,184.48757934570312
2016-08-01,184.33462524414062
2016-08-02,183.1535186767578
2016-08-03,183.6888427734375
2016-08-04,183.88429260253906
2016-08-05,185.38827514648438
2016-08-08,185.27780151367188
2016-08-09,185.38827514648438
2016-08-10,184.92942810058594
2016-08-11,185.7876434326172
2016-08-12,185.6261444091797
2016-08-15,186.1614990234375
2016-08-16,185.20132446289062
2016-08-17,185.5496826171875
2016-08-18,185.96607971191406
2016-08-19,185.69410705566406
2016-08-22,185.6855926513672
2016-08-23,186.05950927734375
2016-08-24,185.1078643798828
2016-08-25,184.9803924560547
2016-08-26,184.63198852539062
2016-08-29,185.54124450683594
2016-08-30,185.23532104492188
2016-08-31,184.7085418701172
2016-09-01,184.7169952392578
2016-09-02,185.5496826171875
2016-09-06,186.11045837402344
2016-09-07,186.093505859375
2016-09-08,185.66868591308594
2016-09-09,181.2247314453125
2016-09-12,183.82476806640625
2016-09-13,181.1822052001953
2016-09-14,181.11427307128906
2016-09-15,182.924072265625
2016-09-16,182.2169952392578
2016-09-19,182.2511444091797
2016-09-20,182.2596893310547
2016-09-21,184.3092803955078
2016-09-22,185.47071838378906
2016-09-23,184.45445251464844
2016-09-26,182.95997619628906
2016-09-27,184.0957794189453
2016-09-28,185.00950622558594
2016-09-29,183.335693359375
2016-09-30,184.71917724609375
2016-10-03,184.2750701904297
2016-10-04,183.335693359375
2016-10-05,184.14703369140625
2016-10-06,184.2750701904297
2016-10-07,183.64312744140625
2016-10-10,184.5996551513672
2016-10-11,182.2682342529297
2016-10-12,182.50733947753906
2016-10-13,181.90957641601562
2016-10-14,182.00350952148438
2016-10-17,181.3715362548828
2016-10-18,182.50733947753906
2016-10-19,182.99417114257812
2016-10-20,182.65252685546875
2016-10-21,182.7379150390625
2016-10-24,183.51507568359375
2016-10-25,182.90017700195312
2016-10-26,182.5330047607422
2016-10-27,182.0461883544922
2016-10-28,181.50816345214844
2016-10-31,181.5167236328125
2016-11-01,180.20159912109375
2016-11-02,179.11697387695312
2016-11-03,178.2971649169922
2016-11-04,178.1007537841797
2016-11-07,182.02911376953125
2016-11-08,182.8489532470703
2016-11-09,184.78756713867188
2016-11-10,185.24871826171875
2016-11-11,184.82164001464844
2016-11-14,184.96688842773438
2016-11-15,186.41014099121094
2016-11-16,186.0599822998047
2016-11-17,187.0164337158203
2016-11-18,186.59803771972656
2016-11-21,188.00706481933594
2016-11-22,188.37428283691406
2016-11-23,188.476806640625
2016-11-25,189.17706298828125
2016-11-28,188.28890991210938
2016-11-29,188.6561279296875
2016-11-30,188.20355224609375
2016-12-01,187.51177978515625
2016-12-02,187.60569763183594
2016-12-05,188.7329864501953
2016-12-06,189.33074951171875
2016-12-07,191.807373046875
2016-12-08,192.2770538330078
2016-12-09,193.43849182128906
2016-12-12,193.2164306640625
2016-12-13,194.50596618652344
2016-12-14,192.90048217773438
2016-12-15,193.69467163085938
2016-12-16,193.31585693359375
2016-12-19,193.73681640625
2016-12-20,194.484130859375
2016-12-21,193.94297790527344
2016-12-22,193.60791015625
2016-12-23,193.8914794921875
2016-12-27,194.3725128173828
2016-12-28,192.76605224609375
2016-12-29,192.7230682373047
2016-12-30,192.01869201660156
2017-01-03,193.48770141601562
2017-01-04,194.63876342773438
2017-01-05,194.484130859375
2017-01-06,195.17999267578125
2017-01-09,194.53573608398438
2017-01-10,194.53573608398438
2017-01-11,195.0854949951172
2017-01-12,194.59580993652344
2017-01-13,195.0425567626953
2017-01-17,194.3552703857422
2017-01-18,194.78480529785156
2017-01-19,194.063232421875
2017-01-20,194.77622985839844
2017-01-23,194.26934814453125
2017-01-24,195.51495361328125
2017-01-25,197.2073211669922
2017-01-26,197.00111389160156
2017-01-27,196.69186401367188
2017-01-30,195.4720001220703
2017-01-31,195.45484924316406
2017-02-01,195.5321502685547
2017-02-02,195.6610565185547
2017-02-03,197.0096893310547
2017-02-06,196.6575164794922
2017-02-07,196.66607666015625
2017-02-08,196.9237823486328
2017-02-09,198.09205627441406
2017-02-10,198.87380981445312
2017-02-13,199.95616149902344
2017-02-14,200.7550811767578
2017-02-15,201.80308532714844
2017-02-16,201.63125610351562
2017-02-17,201.94912719726562
2017-02-21,203.15174865722656
2017-02-22,202.9713592529297
2017-02-23,203.1088104248047
2017-02-24,203.36648559570312
2017-02-27,203.6843719482422
2017-02-28,203.13462829589844
2017-03-01,205.97796630859375
2017-03-02,204.68084716796875
2017-03-03,204.80967712402344
2017-03-06,204.1997833251953
2017-03-07,203.58987426757812
2017-03-08,203.21185302734375
2017-03-09,203.46957397460938
2017-03-10,204.1826171875
2017-03-13,204.28570556640625
2017-03-14,203.50396728515625
2017-03-15,205.2649688720703
2017-03-16,204.8612518310547
2017-03-17,204.50148010253906
2017-03-20,204.2771453857422
2017-03-21,201.6543426513672
2017-03-22,202.12884521484375
2017-03-23,201.9131622314453
2017-03-24,201.7664337158203
2017-03-27,201.55941772460938
2017-03-28,203.026123046875
2017-03-29,203.21588134765625
2017-03-30,203.8629608154297
2017-03-31,203.3884735107422
2017-04-03,203.0347137451172
2017-04-04,203.1641387939453
2017-04-05,202.56019592285156
2017-04-06,203.1296844482422
2017-04-07,202.9225616455078
2017-04-10,203.0433807373047
2017-04-11,202.80178833007812
2017-04-12,201.9131622314453
2017-04-13,200.60169982910156
2017-04-17,202.37901306152344
2017-04-18,201.7750701904297
2017-04-19,201.40414428710938
2017-04-20,203.0433807373047
2017-04-21,202.396240234375
2017-04-24,204.6222686767578
2017-04-25,205.8129119873047
2017-04-26,205.68344116210938
2017-04-27,205.85601806640625
2017-04-28,205.40733337402344
2017-05-01,205.9250030517578
2017-05-02,206.00265502929688
2017-05-03,205.75245666503906
2017-05-04,205.99403381347656
2017-05-05,206.80503845214844
2017-05-08,206.77052307128906
2017-05-09,206.58070373535156
2017-05-10,206.95166015625
2017-05-11,206.52894592285156
2017-05-12,206.18386840820312
2017-05-15,207.32272338867188
2017-05-16,207.1328887939453
2017-05-17,203.45748901367188
2017-05-18,204.2771453857422
2017-05-19,205.60580444335938
2017-05-22,206.64974975585938
2017-05-23,207.1070098876953
2017-05-24,207.59014892578125
2017-05-25,208.58236694335938
2017-05-26,208.53915405273438
2017-05-30,208.3580780029297
2017-05-31,208.30621337890625
2017-06-01,209.9627227783203
2017-06-02,210.66159057617188
2017-06-05,210.50631713867188
2017-06-06,209.83331298828125
2017-06-07,210.22157287597656
2017-06-08,210.3251190185547
2017-06-09,210.00587463378906
2017-06-12,209.9627227783203
2017-06-13,210.98948669433594
2017-06-14,210.7220458984375
2017-06-15,210.3164825439453
2017-06-16,210.3624267578125
2017-06-19,212.11376953125
2017-06-20,210.6832275390625
2017-06-21,210.6312255859375
2017-06-22,210.53585815429688
2017-06-23,210.7872772216797
2017-06-26,210.92599487304688
2017-06-27,209.2266845703125
2017-06-28,211.09934997558594
2017-06-29,209.2440948486328
2017-06-30,209.63418579101562
2017-07-03,209.9896240234375
2017-07-05,210.47515869140625
2017-07-06,208.5504608154297
2017-07-07,209.90292358398438
2017-07-10,210.12838745117188
2017-07-11,209.97232055664062
2017-07-12,211.55018615722656
2017-07-13,211.90562438964844
2017-07-14,212.8939971923828
2017-07-17,212.86798095703125
2017-07-18,212.98072814941406
2017-07-19,214.1337890625
2017-07-20,214.22911071777344
2017-07-21,214.0384063720703
2017-07-24,213.98643493652344
2017-07-25,214.50657653808594
2017-07-26,214.51522827148438
2017-07-27,214.31585693359375
2017-07-28,214.06442260742188
2017-07-31,213.9430389404297
2017-08-01,214.41986083984375
2017-08-02,214.52392578125
2017-08-03,214.1077880859375
2017-08-04,214.49795532226562
2017-08-07,214.89669799804688
2017-08-08,214.36785888671875
2017-08-09,214.35919189453125
2017-08-10,211.33346557617188
2017-08-11,211.64552307128906
2017-08-14,213.74362182617188
2017-08-15,213.71762084960938
2017-08-16,214.09046936035156
2017-08-17,210.75257873535156
2017-08-18,210.42315673828125
2017-08-21,210.5878448486328
2017-08-22,212.79000854492188
2017-08-23,212.02703857421875
2017-08-24,211.5328826904297
2017-08-25,212.02703857421875
2017-08-28,212.03570556640625
2017-08-29,212.2784423828125
2017-08-30,213.2841339111328
2017-08-31,214.56724548339844
2017-09-01,214.8707275390625
2017-09-05,213.3274688720703
2017-09-06,214.05577087402344
2017-09-07,214.02972412109375
2017-09-08,213.77833557128906
2017-09-11,216.05844116210938
2017-09-12,216.7867431640625
2017-09-13,216.89076232910156
2017-09-14,216.82138061523438
2017-09-15,217.11326599121094
2017-09-18,217.57501220703125
2017-09-19,217.7928924560547
2017-09-20,217.8712615966797
2017-09-21,217.2875518798828
2017-09-22,217.33111572265625
2017-09-25,216.88674926757812
2017-09-26,217.0174560546875
2017-09-27,217.86260986328125
2017-09-28,218.1239776611328
2017-09-29,218.89065551757812
2017-10-02,219.84036254882812
2017-10-03,220.31080627441406
2017-10-04,220.57225036621094
2017-10-05,221.87918090820312
2017-10-06,221.62644958496094
2017-10-09,221.260498046875
2017-10-10,221.84429931640625
2017-10-11,222.1928253173828
2017-10-12,221.86172485351562
2017-10-13,222.13185119628906
2017-10-16,222.42803955078125
2017-10-17,222.58489990234375
2017-10-18,222.802734375
2017-10-19,222.8637237548828
2017-10-20,224.0137939453125
2017-10-23,223.14248657226562
2017-10-24,223.5346221923828
2017-10-25,222.42803955078125
2017-10-26,222.715576171875
2017-10-27,224.53660583496094
2017-10-30,223.70016479492188
2017-10-31,224.0486297607422
2017-11-01,224.34483337402344
2017-11-02,224.4320068359375
2017-11-03,225.1813201904297
2017-11-06,225.52981567382812
2017-11-07,225.37298583984375
2017-11-08,225.7563018798828
2017-11-09,224.93734741210938
2017-11-10,224.86764526367188
2017-11-13,225.0767059326172
2017-11-14,224.55398559570312
2017-11-15,223.4300079345703
2017-11-16,225.32936096191406
2017-11-17,224.66726684570312
2017-11-20,225.0506134033203
2017-11-21,226.52305603027344
2017-11-22,226.32260131835938
2017-11-24,226.84544372558594
2017-11-27,226.73223876953125
2017-11-28,229.0323028564453
2017-11-29,228.89288330078125
2017-11-30,230.89686584472656
2017-12-01,230.41761779785156
2017-12-04,230.1388702392578
2017-12-05,229.31118774414062
2017-12-06,229.35467529296875
2017-12-07,230.07786560058594
2017-12-08,231.33251953125
2017-12-11,232.02952575683594
2017-12-12,232.4390411376953
2017-12-13,232.4128875732422
2017-12-14,231.46316528320312
2017-12-15,233.39064025878906
2017-12-18,234.87069702148438
2017-12-19,233.96865844726562
2017-12-20,233.84603881835938
2017-12-21,234.3276824951172
2017-12-22,234.266357421875
2017-12-26,233.98619079589844
2017-12-27,234.10006713867188
2017-12-28,234.58160400390625
2017-12-29,233.69723510742188
2018-01-02,235.36981201171875
2018-01-03,236.8585662841797
2018-01-04,237.8568878173828
2018-01-05,239.4419708251953
2018-01-08,239.87982177734375
2018-01-09,240.4228057861328
2018-01-10,240.0549774169922
2018-01-11,241.80633544921875
2018-01-12,243.3828125
2018-01-16,242.55078125
2018-01-17,244.8626708984375
2018-01-18,244.451171875
2018-01-19,245.56332397460938
2018-01-22,247.56002807617188
2018-01-23,248.08538818359375
2018-01-24,247.98919677734375
2018-01-25,248.0941162109375
2018-01-26,250.96649169921875
2018-01-29,249.30262756347656
2018-01-30,246.74554443359375
2018-01-31,246.86817932128906
2018-02-01,246.58799743652344
2018-02-02,241.2196807861328
2018-02-05,231.13131713867188
2018-02-06,235.68511962890625
2018-02-07,234.406494140625
2018-02-08,225.6142120361328
2018-02-09,229.00328063964844
2018-02-12,232.36605834960938
2018-02-13,232.94406127929688
2018-02-14,236.0879364013672
2018-02-15,239.1004638671875
2018-02-16,239.17041015625
2018-02-20,237.67300415039062
2018-02-21,236.49075317382812
2018-02-22,236.79727172851562
2018-02-23,240.57164001464844
2018-02-26,243.3652801513672
2018-02-27,240.3264923095703
2018-02-28,237.89195251464844
2018-03-01,234.4328155517578
2018-03-02,235.64126586914062
2018-03-05,238.36488342285156
2018-03-06,238.96910095214844
2018-03-07,238.88156127929688
2018-03-08,240.0374755859375
2018-03-09,244.2146453857422
2018-03-12,243.90818786621094
2018-03-13,242.3318328857422
2018-03-14,241.08827209472656
2018-03-15,240.82559204101562
2018-03-16,241.08680725097656
2018-03-19,237.82484436035156
2018-03-20,238.2292938232422
2018-03-21,237.77206420898438
2018-03-22,231.82843017578125
2018-03-23,226.88705444335938
2018-03-26,233.09442138671875
2018-03-27,229.1291046142578
2018-03-28,228.45211791992188
2018-03-29,231.37120056152344
2018-04-02,226.37713623046875
2018-04-03,229.2786102294922
2018-04-04,231.731689453125
2018-04-05,233.56051635742188
2018-04-06,228.35540771484375
2018-04-09,229.48089599609375
2018-04-10,233.12960815429688
2018-04-11,231.90756225585938
2018-04-12,233.81544494628906
2018-04-13,233.12960815429688
2018-04-16,235.04635620117188
2018-04-17,237.56105041503906
2018-04-18,237.73690795898438
2018-04-19,236.41799926757812
2018-04-20,234.41334533691406
2018-04-23,234.37815856933594
2018-04-24,231.22171020507812
2018-04-25,231.7932586669922
2018-04-26,234.14956665039062
2018-04-27,234.36940002441406
2018-04-30,232.5669403076172
2018-05-01,232.98020935058594
2018-05-02,231.41514587402344
2018-05-03,230.9052276611328
2018-05-04,233.89459228515625
2018-05-07,234.68592834472656
2018-05-08,234.68592834472656
2018-05-09,236.9543914794922
2018-05-10,239.16995239257812
2018-05-11,239.89984130859375
2018-05-14,240.0141143798828
2018-05-15,238.361083984375
2018-05-16,239.3634490966797
2018-05-17,239.16122436523438
2018-05-18,238.5633544921875
2018-05-21,240.35704040527344
2018-05-22,239.6887969970703
2018-05-23,240.34823608398438
2018-05-24,239.85574340820312
2018-05-25,239.2843475341797
2018-05-29,236.5323486328125
2018-05-30,239.6887969970703
2018-05-31,238.2203826904297
2018-06-01,240.5592498779297
2018-06-04,241.70223999023438
2018-06-05,241.87808227539062
2018-06-06,243.90028381347656
2018-06-07,243.87387084960938
2018-06-08,244.59495544433594
2018-06-11,244.92019653320312
2018-06-12,245.23670959472656
2018-06-13,244.45423889160156
2018-06-14,245.06968688964844
2018-06-15,244.75701904296875
2018-06-18,244.25363159179688
2018-06-19,243.3175048828125
2018-06-20,243.7325897216797
2018-06-21,242.2046661376953
2018-06-22,242.64622497558594
2018-06-25,239.34317016601562
2018-06-26,239.87306213378906
2018-06-27,237.8858642578125
2018-06-28,239.24594116210938
2018-06-29,239.59039306640625
2018-07-02,240.1026153564453
2018-07-03,239.2547149658203
2018-07-05,241.2066192626953
2018-07-06,243.24684143066406
2018-07-09,245.4370880126953
2018-07-10,246.3203125
2018-07-11,244.51853942871094
2018-07-12,246.7353973388672
2018-07-13,246.92970275878906
2018-07-16,246.70887756347656
2018-07-17,247.70693969726562
2018-07-18,248.2279815673828
2018-07-19,247.29180908203125
2018-07-20,247.00909423828125
2018-07-23,247.46849060058594
2018-07-24,248.7136688232422
2018-07-25,250.8333740234375
2018-07-26,250.24156188964844
2018-07-27,248.54588317871094
2018-07-30,247.24766540527344
2018-07-31,248.46632385253906
2018-08-01,248.05126953125
2018-08-02,249.4026641845703
2018-08-03,250.4713592529297
2018-08-06,251.38966369628906
2018-08-07,252.21994018554688
2018-08-08,252.11398315429688
2018-08-09,251.76963806152344
2018-08-10,250.08270263671875
2018-08-13,249.14649963378906
2018-08-14,250.73619079589844
2018-08-15,248.86395263671875
2018-08-16,250.87757873535156
2018-08-17,251.76071166992188
2018-08-20,252.2994842529297
2018-08-21,252.89122009277344
2018-08-22,252.7410888671875
2018-08-23,252.40542602539062
2018-08-24,253.92457580566406
2018-08-27,255.92933654785156
2018-08-28,256.05303955078125
2018-08-29,257.4306945800781
2018-08-30,256.38861083984375
2018-08-31,256.3974914550781
2018-09-04,255.95591735839844
2018-09-05,255.2670135498047
2018-09-06,254.49851989746094
2018-09-07,254.00392150878906
2018-09-10,254.445556640625
2018-09-11,255.2846221923828
2018-09-12,255.34646606445312
2018-09-13,256.856689453125
2018-09-14,256.90081787109375
2018-09-17,255.5406951904297
2018-09-18,256.92742919921875
2018-09-19,257.201171875
2018-09-20,259.2854309082031
2018-09-21,259.0484924316406
2018-09-24,258.18798828125
2018-09-25,257.9483337402344
2018-09-26,257.17657470703125
2018-09-27,257.8952331542969
2018-09-28,257.9218444824219
2018-10-01,258.8179626464844
2018-10-02,258.6671447753906
2018-10-03,258.8090515136719
2018-10-04,256.7862243652344
2018-10-05,255.3490447998047
2018-10-08,255.3490447998047
2018-10-09,254.9764404296875
2018-10-10,246.90304565429688
2018-10-11,241.4646453857422
2018-10-12,244.8181610107422
2018-10-15,243.44302368164062
2018-10-16,248.76612854003906
2018-10-17,248.81053161621094
2018-10-18,245.21731567382812
2018-10-19,245.0842742919922
2018-10-22,243.984130859375
2018-10-23,242.74209594726562
2018-10-24,235.38742065429688
2018-10-25,239.61038208007812
2018-10-26,235.39627075195312
2018-10-29,234.0921173095703
2018-10-30,237.5609893798828
2018-10-31,240.0983428955078
2018-11-01,242.6533966064453
2018-11-02,241.21621704101562
2018-11-05,242.54690551757812
2018-11-06,244.08175659179688
2018-11-07,249.3072967529297
2018-11-08,248.8549346923828
2018-11-09,246.4239501953125
2018-11-12,241.8195037841797
2018-11-13,241.36697387695312
2018-11-14,239.7168731689453
2018-11-15,242.21876525878906
2018-11-16,242.8485870361328
2018-11-19,238.740966796875
2018-11-20,234.32275390625
2018-11-21,235.12120056152344
2018-11-23,233.5508270263672
2018-11-26,237.3214874267578
2018-11-27,238.11997985839844
2018-11-28,243.60272216796875
2018-11-29,243.07041931152344
2018-11-30,244.55201721191406
2018-12-03,247.79017639160156
2018-12-04,239.76121520996094
2018-12-06,239.3974151611328
2018-12-07,233.8348388671875
2018-12-10,234.2784423828125
2018-12-11,234.33168029785156
2018-12-12,235.51162719726562
2018-12-13,235.4317169189453
2018-12-14,231.08456420898438
2018-12-17,226.55101013183594
2018-12-18,226.30262756347656
2018-12-19,222.9136505126953
2018-12-20,219.2850341796875
2018-12-21,214.7919921875
2018-12-24,209.11656188964844
2018-12-26,219.68209838867188
2018-12-27,221.36868286132812
2018-12-28,221.08311462402344
2018-12-31,223.0195770263672
2019-01-02,223.2515869140625
2019-01-03,217.9241485595703
2019-01-04,225.22369384765625
2019-01-07,226.99952697753906
2019-01-08,229.13221740722656
2019-01-09,230.203125
2019-01-10,231.01516723632812
2019-01-11,231.10438537597656
2019-01-14,229.6944122314453
2019-01-15,232.32691955566406
2019-01-16,232.88909912109375
2019-01-17,234.656005859375
2019-01-18,237.7792510986328
2019-01-22,234.56675720214844
2019-01-23,235.0576171875
2019-01-24,235.18243408203125
2019-01-25,237.1724395751953
2019-01-28,235.3699188232422
2019-01-29,235.0576171875
2019-01-30,238.77871704101562
2019-01-31,240.87570190429688
2019-02-01,240.9917755126953
2019-02-04,242.6872100830078
2019-02-05,243.70455932617188
2019-02-06,243.3833465576172
2019-02-07,241.06320190429688
2019-02-08,241.35760498046875
2019-02-11,241.49154663085938
2019-02-12,244.59695434570312
2019-02-13,245.39109802246094
2019-02-14,244.84683227539062
2019-02-15,247.51498413085938
2019-02-19,247.94332885742188
2019-02-20,248.44300842285156
2019-02-21,247.5595703125
2019-02-22,249.09446716308594
2019-02-25,249.43348693847656
2019-02-26,249.25503540039062
2019-02-27,249.1479949951172
2019-02-28,248.68397521972656
2019-03-01,250.2366943359375
2019-03-04,249.32643127441406
2019-03-05,248.9873809814453
2019-03-06,247.4792938232422
2019-03-07,245.40895080566406
2019-03-08,244.91818237304688
2019-03-11,248.46983337402344
2019-03-12,249.40673828125
2019-03-13,251.0576629638672
2019-03-14,250.89703369140625
2019-03-15,252.13658142089844
2019-03-18,253.05078125
2019-03-19,253.11346435546875
2019-03-20,252.35171508789062
2019-03-21,255.2020263671875
2019-03-22,250.2901153564453
2019-03-25,250.10202026367188
2019-03-26,251.96629333496094
2019-03-27,250.6487274169922
2019-03-28,251.59878540039062
2019-03-29,253.18519592285156
2019-04-01,256.1878356933594
2019-04-02,256.313232421875
2019-04-03,256.7166442871094
2019-04-04,257.3977966308594
2019-04-05,258.64361572265625
2019-04-08,258.8408203125
2019-04-09,257.5143127441406
2019-04-10,258.39276123046875
2019-04-11,258.3210754394531
2019-04-12,260.0688171386719
2019-04-15,259.89849853515625
2019-04-16,260.0688171386719
2019-04-17,259.432373046875
2019-04-18,259.9433288574219
2019-04-22,260.16741943359375
2019-04-23,262.5067443847656
2019-04-24,261.92413330078125
2019-04-25,261.7627258300781
2019-04-26,262.9818420410156
2019-04-29,263.39404296875
2019-04-30,263.52850341796875
2019-05-01,261.54766845703125
2019-05-02,260.9830017089844
2019-05-03,263.53741455078125
2019-05-06,262.452880859375
2019-05-07,258.070068359375
2019-05-08,257.7114562988281
2019-05-09,256.9317321777344
2019-05-10,258.2224426269531
2019-05-13,251.73318481445312
2019-05-14,254.00991821289062
2019-05-15,255.4976806640625
2019-05-16,257.86395263671875
2019-05-17,256.19683837890625
2019-05-20,254.50282287597656
2019-05-21,256.7972717285156
2019-05-22,256.0085144042969
2019-05-23,252.8805389404297
2019-05-24,253.4541778564453
2019-05-28,251.09690856933594
2019-05-29,249.41177368164062
2019-05-30,250.093017578125
2019-05-31,246.72293090820312
2019-06-03,246.09556579589844
2019-06-04,251.43743896484375
2019-06-05,253.61546325683594
2019-06-06,255.26461791992188
2019-06-07,257.819091796875
2019-06-10,259.00225830078125
2019-06-11,258.93951416015625
2019-06-12,258.48236083984375
2019-06-13,259.5489807128906
2019-06-14,259.2620849609375
2019-06-17,259.36065673828125
2019-06-18,262.0765686035156
2019-06-19,262.66802978515625
2019-06-20,265.17767333984375
2019-06-21,264.7921447753906
2019-06-24,264.4679870605469
2019-06-25,261.8740234375
2019-06-26,261.61297607421875
2019-06-27,262.54052734375
2019-06-28,263.8915100097656
2019-07-01,266.2873229980469
2019-07-02,266.9808654785156
2019-07-03,269.1153564453125
2019-07-05,268.80914306640625
2019-07-08,267.33203125
2019-07-09,267.66522216796875
2019-07-10,268.9442138671875
2019-07-11,269.57470703125
2019-07-12,270.7815246582031
2019-07-15,270.8716125488281
2019-07-16,269.998046875
2019-07-17,268.1606140136719
2019-07-18,269.1423645019531
2019-07-19,267.64727783203125
2019-07-22,268.30474853515625
2019-07-23,270.2230529785156
2019-07-24,271.4930725097656
2019-07-25,270.19610595703125
2019-07-26,272.0064697265625
2019-07-29,271.510986328125
2019-07-30,270.8445739746094
2019-07-31,267.8814392089844
2019-08-01,265.5487365722656
2019-08-02,263.5492858886719
2019-08-05,255.62355041503906
2019-08-06,259.2081604003906
2019-08-07,259.3612060546875
2019-08-08,264.4499816894531
2019-08-09,262.6487731933594
2019-08-12,259.4513244628906
2019-08-13,263.4861755371094
2019-08-14,255.69557189941406
2019-08-15,256.3710632324219
2019-08-16,260.1537780761719
2019-08-19,263.2880859375
2019-08-20,261.2706604003906
2019-08-21,263.3962097167969
2019-08-22,263.31512451171875
2019-08-23,256.55120849609375
2019-08-26,259.3882141113281
2019-08-27,258.3704833984375
2019-08-28,260.18975830078125
2019-08-29,263.51324462890625
2019-08-30,263.3962097167969
2019-09-03,261.85614013671875
2019-09-04,264.8282165527344
2019-09-05,268.23272705078125
2019-09-06,268.4398498535156
2019-09-09,268.574951171875
2019-09-10,268.5118713378906
2019-09-11,270.4212951660156
2019-09-12,271.35797119140625
2019-09-13,271.1778564453125
2019-09-16,270.3402099609375
2019-09-17,271.024658203125
2019-09-18,271.18695068359375
2019-09-19,271.1688232421875
2019-09-20,269.8876953125
2019-09-23,269.8242492675781
2019-09-24,267.7070007324219
2019-09-25,269.29046630859375
2019-09-26,268.72943115234375
2019-09-27,267.2817687988281
2019-09-30,268.5212707519531
2019-10-01,265.327392578125
2019-10-02,260.64031982421875
2019-10-03,262.77581787109375
2019-10-04,266.3316345214844
2019-10-07,265.18255615234375
2019-10-08,261.06561279296875
2019-10-09,263.5449523925781
2019-10-10,265.327392578125
2019-10-11,268.0780029296875
2019-10-14,267.7793884277344
2019-10-15,270.4305114746094
2019-10-16,269.99615478515625
2019-10-17,270.79241943359375
2019-10-18,269.6070251464844
2019-10-21,271.434814453125
2019-10-22,270.5480651855469
2019-10-23,271.3353576660156
2019-10-24,271.7787170410156
2019-10-25,272.8915710449219
2019-10-28,274.42974853515625
2019-10-29,274.348388671875
2019-10-30,275.1898498535156
2019-10-31,274.45684814453125
2019-11-01,276.9994812011719
2019-11-04,278.1123352050781
2019-11-05,277.8046875
2019-11-06,277.8680114746094
2019-11-07,278.84521484375
2019-11-08,279.532958984375
2019-11-11,278.9991149902344
2019-11-12,279.587158203125
2019-11-13,279.6777038574219
2019-11-14,280.0848693847656
2019-11-15,282.1116027832031
2019-11-18,282.31976318359375
2019-11-19,282.23828125
2019-11-20,281.18865966796875
2019-11-21,280.73626708984375
2019-11-22,281.360595703125
2019-11-25,283.54119873046875
2019-11-26,284.1836242675781
2019-11-27,285.4503479003906
2019-11-29,284.3917541503906
2019-12-02,281.9759216308594
2019-12-03,280.0848693847656
2019-12-04,281.81304931640625
2019-12-05,282.31976318359375
2019-12-06,284.8984680175781
2019-12-09,284.00262451171875
2019-12-10,283.6860046386719
2019-12-11,284.4913024902344
2019-12-12,286.9433288574219
2019-12-13,287.1152038574219
2019-12-16,289.0876770019531
2019-12-17,289.1511535644531
2019-12-18,289.1692199707031
2019-12-19,290.3543701171875
2019-12-20,291.6274719238281
2019-12-23,292.0729675292969
2019-12-24,292.0820007324219
2019-12-26,293.636962890625
2019-12-27,293.5641174316406
2019-12-30,291.9457092285156
2019-12-31,292.6549072265625
2020-01-02,295.3918151855469
2020-01-03,293.1549377441406
2020-01-06,294.2734375
2020-01-07,293.44598388671875
2020-01-08,295.0098876953125
2020-01-09,297.01025390625
2020-01-10,296.1555480957031
2020-01-13,298.1923828125
2020-01-14,297.7377014160156
2020-01-15,298.41046142578125
2020-01-16,300.8928527832031
2020-01-17,301.829345703125
2020-01-21,301.2383117675781
2020-01-22,301.274658203125
2020-01-23,301.6201477050781
2020-01-24,298.9378662109375
2020-01-27,294.1460876464844
2020-01-28,297.2284851074219
2020-01-29,296.98291015625
2020-01-30,297.94683837890625
2020-01-31,292.53668212890625
2020-02-03,294.7098083496094
2020-02-04,299.20147705078125
2020-02-05,302.6567687988281
2020-02-06,303.67510986328125
2020-02-07,302.0566711425781
2020-02-10,304.3116455078125
2020-02-11,304.8389587402344
2020-02-12,306.8030090332031
2020-02-13,306.4757385253906
2020-02-14,306.9667663574219
2020-02-18,306.1756896972656
2020-02-19,307.6396484375
2020-02-20,306.3756408691406
2020-02-21,303.2205505371094
2020-02-24,293.1639404296875
2020-02-25,284.28057861328125
2020-02-26,283.2349853515625
2020-02-27,270.51434326171875
2020-02-28,269.3777770996094
2020-03-02,281.0437316894531
2020-03-03,272.9966735839844
2020-03-04,284.4715576171875
2020-03-05,275.01519775390625
2020-03-06,270.4689025878906
2020-03-09,249.3468475341797
2020-03-10,262.24920654296875
2020-03-11,249.4649658203125
2020-03-12,225.5968780517578
2020-03-13,244.88232421875
2020-03-16,218.0863494873047
2020-03-17,229.86129760742188
2020-03-18,218.2227325439453
2020-03-19,218.6864776611328
2020-03-20,209.26234436035156
2020-03-23,203.91192626953125
2020-03-24,222.3870391845703
2020-03-25,225.7161407470703
2020-03-26,238.89566040039062
2020-03-27,231.77999877929688
2020-03-30,239.30723571777344
2020-03-31,235.740234375
2020-04-01,225.13079833984375
2020-04-02,230.3257598876953
2020-04-03,226.9966278076172
2020-04-06,242.2431182861328
2020-04-07,242.49008178710938
2020-04-08,250.6300811767578
2020-04-09,254.4439697265625
2020-04-13,252.12086486816406
2020-04-14,259.55670166015625
2020-04-15,254.04151916503906
2020-04-16,255.26719665527344
2020-04-17,262.1632385253906
2020-04-20,257.5445251464844
2020-04-21,249.7246551513672
2020-04-22,255.26719665527344
2020-04-23,255.2488250732422
2020-04-24,258.8066101074219
2020-04-27,262.5382995605469
2020-04-28,261.3310852050781
2020-04-29,268.1722412109375
2020-04-30,265.67535400390625
2020-05-01,258.6419982910156
2020-05-04,259.3554992675781
2020-05-05,261.751708984375
2020-05-06,259.9774169921875
2020-05-07,263.1144714355469
2020-05-08,267.4679260253906
2020-05-11,267.5229187011719
2020-05-12,262.1907043457031
2020-05-13,257.55364990234375
2020-05-14,260.63592529296875
2020-05-15,261.8340148925781
2020-05-18,269.8094177246094
2020-05-19,267.03814697265625
2020-05-20,271.5745849609375
2020-05-21,269.69970703125
2020-05-22,270.21185302734375
2020-05-26,273.5409851074219
2020-05-27,277.6109619140625
2020-05-28,277.098876953125
2020-05-29,278.33355712890625
2020-06-01,279.4585266113281
2020-06-02,281.77252197265625
2020-06-03,285.5223693847656
2020-06-04,284.7723388671875
2020-06-05,292.0709533691406
2020-06-08,295.601318359375
2020-06-09,293.3972473144531
2020-06-10,291.76007080078125
2020-06-11,274.9403076171875
2020-06-12,278.23297119140625
2020-06-15,280.83050537109375
2020-06-16,286.23577880859375
2020-06-17,285.0467529296875
2020-06-18,285.1565856933594
2020-06-19,283.52685546875
2020-06-22,285.345703125
2020-06-23,286.6593933105469
2020-06-24,279.3471374511719
2020-06-25,282.34185791015625
2020-06-26,275.6357727050781
2020-06-29,279.68701171875
2020-06-30,283.2696228027344
2020-07-01,285.2539367675781
2020-07-02,286.82476806640625
2020-07-06,291.25250244140625
2020-07-07,288.24859619140625
2020-07-08,290.4533386230469
2020-07-09,288.7999267578125
2020-07-10,291.7486572265625
2020-07-13,289.2223815917969
2020-07-14,292.97039794921875
2020-07-15,295.6620178222656
2020-07-16,294.68829345703125
2020-07-17,295.5425720214844
2020-07-20,297.9310607910156
2020-07-21,298.5648498535156
2020-07-22,300.2644348144531
2020-07-23,296.6817321777344
2020-07-24,294.7709655761719
2020-07-27,296.9205627441406
2020-07-28,295.037353515625
2020-07-29,298.6659240722656
2020-07-30,297.600341796875
2020-07-31,299.9520568847656
2020-08-03,302.03741455078125
2020-08-04,303.20404052734375
2020-08-05,305.087158203125
2020-08-06,307.12652587890625
2020-08-07,307.3470764160156
2020-08-10,308.2656555175781
2020-08-11,305.7210388183594
2020-08-12,309.9834899902344
2020-08-13,309.42315673828125
2020-08-14,309.43231201171875
2020-08-17,310.415283203125
2020-08-18,311.0859069824219
2020-08-19,309.7906188964844
2020-08-20,310.75518798828125
2020-08-21,311.8575744628906
2020-08-24,315.01763916015625
2020-08-25,316.1199645996094
2020-08-26,319.2892761230469
2020-08-27,319.9874572753906
2020-08-28,322.05438232421875
2020-08-31,320.8877258300781
2020-09-01,323.9100036621094
2020-09-02,328.59503173828125
2020-09-03,317.28668212890625
2020-09-04,314.696044921875
2020-09-08,306.09771728515625
2020-09-09,312.1423645019531
2020-09-10,306.7223815917969
2020-09-11,306.87847900390625
2020-09-14,310.9205627441406
2020-09-15,312.49139404296875
2020-09-16,311.2512512207031
2020-09-17,308.51373291015625
2020-09-18,304.9618835449219
2020-09-21,301.5677185058594
2020-09-22,304.6390380859375
2020-09-23,297.5741882324219
2020-09-24,298.3673400878906
2020-09-25,303.1910095214844
2020-09-28,308.22686767578125
2020-09-29,306.5482482910156
2020-09-30,308.87255859375
2020-10-01,310.8554382324219
2020-10-02,307.9040222167969
2020-10-05,313.3641357421875
2020-10-06,308.9093933105469
2020-10-07,314.2864990234375
2020-10-08,317.07177734375
2020-10-09,319.90325927734375
2020-10-12,325.04986572265625
2020-10-13,322.9284973144531
2020-10-14,320.89947509765625
2020-10-15,320.5028076171875
2020-10-16,320.3090515136719
2020-10-19,315.4393005371094
2020-10-20,316.7029113769531
2020-10-21,316.1033935546875
2020-10-22,317.8373718261719
2020-10-23,318.91644287109375
2020-10-26,313.02288818359375
2020-10-27,311.9437561035156
2020-10-28,301.2818908691406
2020-10-29,304.343994140625
2020-10-30,301.1712341308594
2020-11-02,304.5468444824219
2020-11-03,309.92388916015625
2020-11-04,316.8504638671875
2020-11-05,323.0299377441406
2020-11-06,322.9561462402344
2020-11-09,327.0142822265625
2020-11-10,326.53485107421875
2020-11-11,328.9604187011719
2020-11-12,325.76922607421875
2020-11-13,330.2792663574219
2020-11-16,334.4020690917969
2020-11-17,332.6034851074219
2020-11-18,328.6007080078125
2020-11-19,329.9841003417969
2020-11-20,327.7244873046875
2020-11-23,329.6890563964844
2020-11-24,335.00152587890625
2020-11-25,334.4850769042969
2020-11-27,335.4165954589844
2020-11-30,333.9316711425781
2020-12-01,337.5840148925781
2020-12-02,338.294189453125
2020-12-03,338.2019348144531
2020-12-04,341.116455078125
2020-12-07,340.41546630859375
2020-12-08,341.41168212890625
2020-12-09,338.34954833984375
2020-12-10,338.2388610839844
2020-12-11,337.8422546386719
2020-12-14,336.32965087890625
2020-12-15,340.87664794921875
2020-12-16,341.41168212890625
2020-12-17,343.3207702636719
2020-12-18,341.9499206542969
2020-12-21,340.7272644042969
2020-12-22,340.15301513671875
2020-12-23,340.4587097167969
2020-12-24,341.7833251953125
2020-12-28,344.71942138671875
2020-12-29,344.0617980957031
2020-12-30,344.5527038574219
2020-12-31,346.3033447265625
2021-01-04,341.58868408203125
2021-01-05,343.94134521484375
2021-01-06,345.99755859375
2021-01-07,351.13818359375
2021-01-08,353.1390075683594
2021-01-11,350.75848388671875
2021-01-12,350.8325500488281
2021-01-13,351.7773742675781
2021-01-14,350.54547119140625
2021-01-15,347.9890441894531
2021-01-19,350.7214050292969
2021-01-20,355.574951171875
2021-01-21,355.8991394042969
2021-01-22,354.6394348144531
2021-01-25,356.0380859375
2021-01-26,355.4823303222656
2021-01-27,346.79412841796875
2021-01-28,349.77667236328125
2021-01-29,342.7743225097656
2021-02-01,348.48004150390625
2021-02-02,353.40753173828125
2021-02-03,353.68548583984375
2021-02-04,357.7052917480469
2021-02-05,359.1132507324219
2021-02-08,361.7066955566406
2021-02-09,361.4658203125
2021-02-10,361.308349609375
2021-02-11,361.8919372558594
2021-02-12,363.6795959472656
2021-02-16,363.36468505859375
2021-02-17,363.447998046875
2021-02-18,361.9011535644531
2021-02-19,361.2620849609375
2021-02-22,358.48333740234375
2021-02-23,358.9186706542969
2021-02-24,362.8736877441406
2021-02-25,354.1300354003906
2021-02-26,352.3053283691406
2021-03-01,360.8453063964844
2021-03-02,358.029541015625
2021-03-03,353.28717041015625
2021-03-04,348.91534423828125
2021-03-05,355.334228515625
2021-03-08,353.5650939941406
2021-03-09,358.6130065917969
2021-03-10,360.8453063964844
2021-03-11,364.50396728515625
2021-03-12,364.99481201171875
2021-03-15,367.1715393066406
2021-03-16,366.7083740234375
2021-03-17,367.9588317871094
2021-03-18,362.6051025390625
2021-03-19,361.9341735839844
2021-03-22,364.8241882324219
2021-03-23,361.9528503417969
2021-03-24,360.11279296875
2021-03-25,362.1386413574219
2021-03-26,367.9745178222656
2021-03-29,367.7886657714844
2021-03-30,366.8128662109375
2021-03-31,368.2997741699219
2021-04-01,372.2770080566406
2021-04-05,377.620361328125
2021-04-06,377.3973083496094
2021-04-07,377.8340759277344
2021-04-08,379.6275939941406
2021-04-09,382.3875427246094
2021-04-12,382.52691650390625
2021-04-13,383.66058349609375
2021-04-14,382.3504333496094
2021-04-15,386.4577941894531
2021-04-16,387.74945068359375
2021-04-19,385.84442138671875
2021-04-20,383.01947021484375
2021-04-21,386.64361572265625
2021-04-22,383.11236572265625
2021-04-23,387.2662353515625
2021-04-26,388.0747375488281
2021-04-27,387.9910583496094
2021-04-28,387.8795166015625
2021-04-29,390.3514709472656
2021-04-30,387.78662109375
2021-05-03,388.6229553222656
2021-05-04,386.2254638671875
2021-05-05,386.3462219238281
2021-05-06,389.4314880371094
2021-05-07,392.2656555175781
2021-05-10,388.38140869140625
2021-05-11,384.9151611328125
2021-05-12,376.7375793457031
2021-05-13,381.2630920410156
2021-05-14,387.1175231933594
2021-05-17,386.13250732421875
2021-05-18,382.8056945800781
2021-05-19,381.80206298828125
2021-05-20,385.9095153808594
2021-05-21,385.5935974121094
2021-05-24,389.5244140625
2021-05-25,388.66015625
2021-05-26,389.4314880371094
2021-05-27,389.63592529296875
2021-05-28,390.3328552246094
2021-06-01,389.9889831542969
2021-06-02,390.602294921875
2021-06-03,389.15264892578125
2021-06-04,392.7118225097656
2021-06-07,392.330810546875
2021-06-08,392.4144287109375
2021-06-09,391.8289794921875
2021-06-10,393.6503601074219
2021-06-11,394.3008117675781
2021-06-14,395.1836853027344
2021-06-15,394.4587707519531
2021-06-16,392.25640869140625
2021-06-17,392.1263427734375
2021-06-18,386.8363952636719
2021-06-21,392.3742980957031
2021-06-22,394.4720153808594
2021-06-23,393.9966125488281
2021-06-24,396.3273010253906
2021-06-25,397.735107421875
2021-06-28,398.5369873046875
2021-06-29,398.75140380859375
2021-06-30,399.0869445800781
2021-07-01,401.2966003417969
2021-07-02,404.3638916015625
2021-07-06,403.62738037109375
2021-07-07,405.0537414550781
2021-07-08,401.75341796875
2021-07-09,406.0420837402344
2021-07-12,407.4964599609375
2021-07-13,406.10736083984375
2021-07-14,406.71337890625
2021-07-15,405.32421875
2021-07-16,402.1449890136719
2021-07-19,396.2062072753906
2021-07-20,401.8840026855469
2021-07-21,405.13775634765625
2021-07-22,405.9861755371094
2021-07-23,410.1629943847656
2021-07-26,411.1698303222656
2021-07-27,409.2958984375
2021-07-28,409.1280212402344
2021-07-29,410.824951171875
2021-07-30,408.8297119140625
2021-08-02,407.97198486328125
2021-08-03,411.2910461425781
2021-08-04,409.26788330078125
2021-08-05,411.8597106933594
2021-08-06,412.5403747558594
2021-08-09,412.2047119140625
2021-08-10,412.7174377441406
2021-08-11,413.7430725097656
2021-08-12,414.98291015625
2021-08-13,415.7381591796875
2021-08-16,416.71710205078125
2021-08-17,413.98541259765625
2021-08-18,409.454345703125
2021-08-19,410.0883483886719
2021-08-20,413.35137939453125
2021-08-23,416.9874267578125
2021-08-24,417.6494140625
2021-08-25,418.5257873535156
2021-08-26,416.0551452636719
2021-08-27,419.7751159667969
2021-08-30,421.62109375
2021-08-31,420.9964294433594
2021-09-01,421.22015380859375
2021-09-02,422.5161437988281
2021-09-03,422.4136047363281
2021-09-07,420.9031982421875
2021-09-08,420.3905334472656
2021-09-09,418.5911560058594
2021-09-10,415.2906188964844
2021-09-13,416.35345458984375
2021-09-14,414.1066589355469
2021-09-15,417.5655212402344
2021-09-16,416.9035339355469
2021-09-17,412.8424072265625
2021-09-20,405.9586181640625
2021-09-21,405.57513427734375
2021-09-22,409.5315246582031
2021-09-23,414.50732421875
2021-09-24,415.1900939941406
2021-09-27,414.0022888183594
2021-09-28,405.65936279296875
2021-09-29,406.3421325683594
2021-09-30,401.3757019042969
2021-10-01,406.1457214355469
2021-10-04,400.9080505371094
2021-10-05,405.0794677734375
2021-10-06,406.762939453125
2021-10-07,410.27978515625
2021-10-08,409.5315246582031
2021-10-11,406.566650390625
2021-10-12,405.5657958984375
2021-10-13,407.02490234375
2021-10-14,413.871337890625
2021-10-15,417.0232849121094
2021-10-18,418.2578430175781
2021-10-19,421.4847717285156
2021-10-20,423.1401672363281
2021-10-21,424.2438049316406
2021-10-22,423.8042297363281
2021-10-25,426.07708740234375
2021-10-26,426.4604187011719
2021-10-27,424.5711975097656
2021-10-28,428.6678466796875
2021-10-29,429.53765869140625
2021-11-01,430.27655029296875
2021-11-02,432.0162353515625
2021-11-03,434.6537170410156
2021-11-04,436.7020568847656
2021-11-05,438.2172546386719
2021-11-08,438.5914306640625
2021-11-09,437.1416015625
2021-11-10,433.62493896484375
2021-11-11,433.7651672363281
2021-11-12,437.0387878417969
2021-11-15,437.18841552734375
2021-11-16,438.918701171875
2021-11-17,437.8524169921875
2021-11-18,439.3396301269531
2021-11-19,438.553955078125
2021-11-22,437.3194274902344
2021-11-23,437.8992614746094
2021-11-24,439.0683898925781
2021-11-26,429.2757873535156
2021-11-29,434.5415344238281
2021-11-30,426.08636474609375
2021-12-01,421.3537902832031
2021-12-02,427.8073425292969
2021-12-03,424.0848388671875
2021-12-06,429.10736083984375
2021-12-07,437.98345947265625
2021-12-08,439.14324951171875
2021-12-09,436.1783142089844
2021-12-10,440.2842712402344
2021-12-13,436.384033203125
2021-12-14,433.3817138671875
2021-12-15,440.1532897949219
2021-12-16,436.27178955078125
2021-12-17,431.6286315917969
2021-12-20,427.0389404296875
2021-12-21,434.6227111816406
2021-12-22,438.9684143066406
2021-12-23,441.6996765136719
2021-12-27,447.9506530761719
2021-12-28,447.58465576171875
2021-12-29,448.1572265625
2021-12-30,446.9182434082031
2021-12-31,445.7919616699219
2022-01-03,448.373046875
2022-01-04,448.22283935546875
2022-01-05,439.61602783203125
2022-01-06,439.2030334472656
2022-01-07,437.4666442871094
2022-01-10,436.9222412109375
2022-01-11,440.9019775390625
2022-01-12,442.0939025878906
2022-01-13,436.0024108886719
2022-01-14,436.1808166503906
2022-01-18,428.45611572265625
2022-01-19,424.00732421875
2022-01-20,419.31439208984375
2022-01-21,411.08294677734375
2022-01-24,412.8287048339844
2022-01-25,407.7884826660156
2022-01-26,406.7654113769531
2022-01-27,404.7568359375
2022-01-28,414.80914306640625
2022-01-31,422.2803955078125
2022-02-01,425.13360595703125
2022-02-02,429.2633361816406
2022-02-03,419.1735534667969
2022-02-04,421.1446838378906
2022-02-07,419.7929992675781
2022-02-08,423.24713134765625
2022-02-09,429.4417724609375
2022-02-10,421.7265625
2022-02-11,413.41064453125
2022-02-14,412.0589904785156
2022-02-15,418.7042541503906
2022-02-16,419.1735534667969
2022-02-17,410.2194519042969
2022-02-18,407.563232421875
2022-02-22,403.1894226074219
2022-02-23,396.0373840332031
2022-02-24,401.9974060058594
2022-02-25,410.8670654296875
2022-02-28,409.8158264160156
2022-03-01,403.57421875
2022-03-02,410.9985046386719
2022-03-03,408.9523010253906
2022-03-04,405.6297912597656
2022-03-07,393.672119140625
2022-03-08,390.6874694824219
2022-03-09,401.162109375
2022-03-10,399.3506164550781
2022-03-11,394.2727966308594
2022-03-14,391.39129638671875
2022-03-15,399.9982604980469
2022-03-16,408.86785888671875
2022-03-17,413.9831848144531
2022-03-18,418.5174560546875
2022-03-21,418.39508056640625
2022-03-22,423.2908935546875
2022-03-23,417.83953857421875
2022-03-24,424.13824462890625
2022-03-25,426.20953369140625
2022-03-28,429.2411804199219
2022-03-29,434.55126953125
2022-03-30,431.8679504394531
2022-03-31,425.2209777832031
2022-04-01,426.42608642578125
2022-04-04,430.0790710449219
2022-04-05,424.6465759277344
2022-04-06,420.40045166015625
2022-04-07,422.51885986328125
2022-04-08,421.38909912109375
2022-04-11,414.1865234375
2022-04-12,412.65185546875
2022-04-13,417.3782653808594
2022-04-14,412.18115234375
2022-04-18,412.3506164550781
2022-04-19,419.0070495605469
2022-04-20,418.6963195800781
2022-04-21,412.43536376953125
2022-04-22,401.1184997558594
2022-04-25,403.4439697265625
2022-04-26,391.7598876953125
2022-04-27,392.8614807128906
2022-04-28,402.7849426269531
2022-04-29,387.8997497558594
2022-05-02,390.234619140625
2022-05-03,392.0234680175781
2022-05-04,403.96185302734375
2022-05-05,389.60382080078125
2022-05-06,387.2783203125
2022-05-09,374.8787536621094
2022-05-10,375.7449035644531
2022-05-11,369.77581787109375
2022-05-12,369.3897399902344
2022-05-13,378.2210998535156
2022-05-16,376.68646240234375
2022-05-17,384.4350280761719
2022-05-18,368.9377136230469
2022-05-19,366.6781921386719
2022-05-20,366.8382873535156
2022-05-23,373.7019348144531
2022-05-24,370.8491516113281
2022-05-25,374.1255798339844
2022-05-26,381.60107421875
2022-05-27,390.9691162109375
2022-05-31,388.7752990722656
2022-06-01,385.6307373046875
2022-06-02,392.97442626953125
2022-06-03,386.52520751953125
2022-06-06,387.7020263671875
2022-06-07,391.42095947265625
2022-06-08,387.1653747558594
2022-06-09,377.9575500488281
2022-06-10,366.9982604980469
2022-06-13,353.0640869140625
2022-06-14,352.0002136230469
2022-06-15,357.01837158203125
2022-06-16,345.2025451660156
2022-06-17,345.9466857910156
2022-06-21,354.65533447265625
2022-06-22,354.0124206542969
2022-06-23,357.482666015625
2022-06-24,368.848388671875
2022-06-27,367.4394836425781
2022-06-28,359.93170166015625
2022-06-29,359.6385498046875
2022-06-30,356.71673583984375
2022-07-01,360.4895935058594
2022-07-05,361.17047119140625
2022-07-06,362.3902282714844
2022-07-07,367.81781005859375
2022-07-08,367.5151672363281
2022-07-11,363.3168640136719
2022-07-12,360.1018371582031
2022-07-13,358.21075439453125
2022-07-14,357.3408203125
2022-07-15,364.1678771972656
2022-07-18,361.1609802246094
2022-07-19,370.9192199707031
2022-07-20,373.2831726074219
2022-07-21,377.0843811035156
2022-07-22,373.5857849121094
2022-07-25,374.0396423339844
2022-07-26,369.6143493652344
2022-07-27,379.2118835449219
2022-07-28,383.96820068359375
2022-07-29,389.5658874511719
2022-08-01,388.4123229980469
2022-08-02,385.8498229980469
2022-08-03,391.89202880859375
2022-08-04,391.62725830078125
2022-08-05,390.9653015136719
2022-08-08,390.51141357421875
2022-08-09,388.96075439453125
2022-08-10,397.1304016113281
2022-08-11,397.1304016113281
2022-08-12,403.853515625
2022-08-15,405.5177307128906
2022-08-16,406.31195068359375
2022-08-17,403.4279479980469
2022-08-18,404.6004638671875
2022-08-19,399.1634826660156
2022-08-22,390.8518981933594
2022-08-23,389.90631103515625
2022-08-24,391.15447998046875
2022-08-25,396.6765441894531
2022-08-26,383.24945068359375
2022-08-29,380.71533203125
2022-08-30,376.5359191894531
2022-08-31,373.6708679199219
2022-09-01,374.8433837890625
2022-09-02,370.890869140625
2022-09-06,369.4913330078125
2022-09-07,376.1293029785156
2022-09-08,378.58782958984375
2022-09-09,384.46929931640625
2022-09-12,388.60137939453125
2022-09-13,371.7040710449219
2022-09-14,373.1224365234375
2022-09-15,368.88623046875
2022-09-16,366.072021484375
2022-09-19,368.910888671875
2022-09-20,364.6763916015625
2022-09-21,358.3149719238281
2022-09-22,355.3052673339844
2022-09-23,349.3521423339844
2022-09-26,345.89617919921875
2022-09-27,345.0131530761719
2022-09-28,351.8017272949219
2022-09-29,344.45306396484375
2022-09-30,339.12646484375
2022-10-03,348.0798645019531
2022-10-04,358.86566162109375
2022-10-05,358.0301513671875
2022-10-06,354.3368835449219
2022-10-07,344.45306396484375
2022-10-10,341.8229675292969
2022-10-11,339.6581726074219
2022-10-12,338.5378112792969
2022-10-13,347.4722595214844
2022-10-14,339.5538330078125
2022-10-17,348.2792663574219
2022-10-18,352.3714294433594
2022-10-19,349.8743591308594
2022-10-20,346.94049072265625
2022-10-21,355.3716735839844
2022-10-24,359.72015380859375
2022-10-25,365.46441650390625
2022-10-26,362.71099853515625
2022-10-27,360.7741394042969
2022-10-28,369.3571472167969
2022-10-31,366.689208984375
2022-11-01,365.0845947265625
2022-11-02,355.92236328125
2022-11-03,352.25750732421875
2022-11-04,357.3276062011719
2022-11-07,360.7456359863281
2022-11-08,362.6920166015625
2022-11-09,355.21978759765625
2022-11-10,374.74066162109375
2022-11-11,378.36749267578125
2022-11-14,375.14886474609375
2022-11-15,378.3484802246094
2022-11-16,375.46221923828125
2022-11-17,374.3133544921875
2022-11-18,376.0129089355469
2022-11-21,374.6456604003906
2022-11-22,379.6872863769531
2022-11-23,382.07989501953125
2022-11-25,381.9944152832031
2022-11-28,375.8989562988281
2022-11-29,375.2532958984375
2022-11-30,387.0740051269531
2022-12-01,386.7892150878906
2022-12-02,386.3429870605469
2022-12-05,379.39288330078125
2022-12-06,373.924072265625
2022-12-07,373.2879333496094
2022-12-08,376.21221923828125
2022-12-09,373.40185546875
2022-12-12,378.7853088378906
2022-12-13,381.6526184082031
2022-12-14,379.2124938964844
2022-12-15,369.936279296875
2022-12-16,365.5688171386719
2022-12-19,362.4689025878906
2022-12-20,362.96490478515625
2022-12-21,368.3921203613281
2022-12-22,363.1365966796875
2022-12-23,365.2255554199219
2022-12-27,363.78515625
2022-12-28,359.2640380859375
2022-12-29,365.73101806640625
2022-12-30,364.7676086425781
2023-01-03,363.23199462890625
2023-01-04,366.0361633300781
2023-01-05,361.8584899902344
2023-01-06,370.1566467285156
2023-01-09,369.94677734375
2023-01-10,372.5411682128906
2023-01-11,377.2530822753906
2023-01-12,378.6265563964844
2023-01-13,380.09539794921875
2023-01-17,379.399169921875
2023-01-18,373.40911865234375
2023-01-19,370.69085693359375
2023-01-20,377.5964660644531
2023-01-23,382.1270751953125
2023-01-24,381.7169189453125
2023-01-25,381.8600158691406
2023-01-26,386.0567626953125
2023-01-27,386.94384765625
2023-01-30,382.0888977050781
2023-01-31,387.70684814453125
2023-02-01,391.827392578125
2023-02-02,397.5311584472656
2023-02-03,393.3057861328125
2023-02-06,390.9021911621094
2023-02-07,396.0146179199219
2023-02-08,391.6842956542969
2023-02-09,388.2886962890625
2023-02-10,389.1948547363281
2023-02-13,393.7635803222656
2023-02-14,393.5823974609375
2023-02-15,394.8604736328125
2023-02-16,389.42376708984375
2023-02-17,388.4508972167969
2023-02-21,380.6581726074219
2023-02-22,380.1336975097656
2023-02-23,382.1556091308594
2023-02-24,378.07342529296875
2023-02-27,379.3610534667969
2023-02-28,377.9588623046875
2023-03-01,376.50909423828125
2023-03-02,379.437255859375
2023-03-03,385.52264404296875
2023-03-06,385.789794921875
2023-03-07,379.8760681152344
2023-03-08,380.49603271484375
2023-03-09,373.4759826660156
2023-03-10,368.08685302734375
2023-03-13,367.562255859375
2023-03-14,373.6380920410156
2023-03-15,371.3012390136719
2023-03-16,377.81585693359375
2023-03-17,373.39813232421875
2023-03-20,376.98858642578125
2023-03-21,381.9386291503906
2023-03-22,375.4278869628906
2023-03-23,376.44287109375
2023-03-24,378.9130859375
2023-03-27,379.62152099609375
2023-03-28,378.7694091796875
2023-03-29,384.2747802734375
2023-03-30,386.5248718261719
2023-03-31,391.9728088378906
2023-04-03,393.46636962890625
2023-04-04,391.28338623046875
2023-04-05,390.2589416503906
2023-04-06,391.78131103515625
2023-04-10,392.18341064453125
2023-04-11,392.2887268066406
2023-04-12,390.6898193359375
2023-04-13,395.8791809082031
2023-04-14,394.9121398925781
2023-04-17,396.3291015625
2023-04-18,396.58770751953125
2023-04-19,396.52069091796875
2023-04-20,394.3568115234375
2023-04-21,394.6632385253906
2023-04-24,395.0749206542969
2023-04-25,388.8035888671875
2023-04-26,387.15679931640625
2023-04-27,394.8642272949219
2023-04-28,398.2345275878906
2023-05-01,397.83245849609375
2023-05-02,393.3610534667969
2023-05-03,390.6610412597656
2023-05-04,387.89404296875
2023-05-05,395.0749206542969
2023-05-08,395.18017578125
2023-05-09,393.4472351074219
2023-05-10,395.2855529785156
2023-05-11,394.5962219238281
2023-05-12,394.07916259765625
2023-05-15,395.4387512207031
2023-05-16,392.7961730957031
2023-05-17,397.5643310546875
2023-05-18,401.3941650390625
2023-05-19,400.81005859375
2023-05-22,400.9728088378906
2023-05-23,396.4728088378906
2023-05-24,393.60040283203125
2023-05-25,397.00897216796875
2023-05-26,402.1505432128906
2023-05-30,402.30377197265625
2023-05-31,400.0728759765625
2023-06-01,403.8738708496094
2023-06-02,409.7144775390625
2023-06-05,408.9293212890625
2023-06-06,409.8197326660156
2023-06-07,408.4027099609375
2023-06-08,410.8729553222656
2023-06-09,411.61016845703125
2023-06-12,415.34423828125
2023-06-13,418.08258056640625
2023-06-14,418.5804748535156
2023-06-15,423.7698669433594
2023-06-16,422.326416015625
2023-06-20,420.13531494140625
2023-06-21,417.9826354980469
2023-06-22,419.4914855957031
2023-06-23,416.3200378417969
2023-06-26,414.61907958984375
2023-06-27,419.1647644042969
2023-06-28,419.3760986328125
2023-06-29,421.029052734375
2023-06-30,425.9975280761719
2023-07-03,426.4875793457031
2023-07-05,425.8533020019531
2023-07-06,422.5186462402344
2023-07-07,421.4518737792969
2023-07-10,422.5186462402344
2023-07-11,425.2094421386719
2023-07-12,428.63067626953125
2023-07-13,432.03265380859375
2023-07-14,431.7635803222656
2023-07-17,433.26275634765625
2023-07-18,436.48211669921875
2023-07-19,437.4527587890625
2023-07-20,434.55047607421875
2023-07-21,434.55047607421875
2023-07-24,436.4917297363281
2023-07-25,437.6834411621094
2023-07-26,437.75067138671875
2023-07-27,434.8484191894531
2023-07-28,439.1057434082031
2023-07-31,439.9418640136719
2023-08-01,438.6828308105469
2023-08-02,432.5804138183594
2023-08-03,431.3407287597656
2023-08-04,429.389892578125
2023-08-07,433.1378173828125
2023-08-08,431.25421142578125
2023-08-09,428.3712158203125
2023-08-10,428.52496337890625
2023-08-11,428.27508544921875
2023-08-14,430.6391906738281
2023-08-15,425.6227111816406
2023-08-16,422.4993896484375
2023-08-17,419.280029296875
2023-08-18,419.4819030761719
2023-08-21,422.2111511230469
2023-08-22,421.0674743652344
2023-08-23,425.75726318359375
2023-08-24,419.8566589355469
2023-08-25,422.8165283203125
2023-08-28,425.497802734375
2023-08-29,431.64825439453125
2023-08-30,433.4261169433594
2023-08-31,432.7918701171875
2023-09-01,433.5990905761719
2023-09-05,431.7251281738281
2023-09-06,428.8228759765625
2023-09-07,427.5061950683594
2023-09-08,428.1501159667969
2023-09-11,430.9659423828125
2023-09-12,428.6018371582031
2023-09-13,429.1015319824219
2023-09-14,432.8014831542969
2023-09-15,427.5869140625
2023-09-18,427.8377380371094
2023-09-19,426.9504089355469
2023-09-20,423.0253601074219
2023-09-21,416.03338623046875
2023-09-22,415.0979309082031
2023-09-25,416.843505859375
2023-09-26,410.719482421875
2023-09-27,410.88348388671875
2023-09-28,413.2655334472656
2023-09-29,412.26251220703125
2023-10-02,412.0986633300781
2023-10-03,406.5822448730469
2023-10-04,409.54296875
2023-10-05,409.388671875
2023-10-06,414.249267578125
2023-10-09,416.9013671875
2023-10-10,419.0712890625
2023-10-11,420.78790283203125
2023-10-12,418.2226257324219
2023-10-13,416.1394348144531
2023-10-16,420.5178527832031
2023-10-17,420.49853515625
2023-10-18,414.8953552246094
2023-10-19,411.2499694824219
2023-10-20,406.1965026855469
2023-10-23,405.4924621582031
2023-10-24,408.5496826171875
2023-10-25,402.6860046386719
2023-10-26,397.864013671875
2023-10-27,396.06060791015625
2023-10-30,400.7958679199219
2023-10-31,403.31292724609375
2023-11-01,407.6141662597656
2023-11-02,415.4258117675781
2023-11-03,419.21588134765625
2023-11-06,420.1803283691406
2023-11-07,421.37615966796875
2023-11-08,421.6847839355469
2023-11-09,418.3961486816406
2023-11-10,424.9251403808594
2023-11-13,424.5201416015625
2023-11-14,432.7561340332031
2023-11-15,433.6723327636719
2023-11-16,434.2027587890625
2023-11-17,434.7428283691406
2023-11-20,438.08929443359375
2023-11-21,437.1344909667969
2023-11-22,438.82220458984375
2023-11-24,439.09222412109375
2023-11-27,438.3014831542969
2023-11-28,438.7354431152344
2023-11-29,438.4267578125
2023-11-30,440.1531066894531
2023-12-01,442.7569885253906
2023-12-04,440.4327392578125
2023-12-05,440.3459777832031
2023-12-06,438.571533203125
2023-12-07,441.9179382324219
2023-12-08,443.81787109375
2023-12-11,445.5441589355469
2023-12-12,447.5789794921875
2023-12-13,453.751220703125
2023-12-14,455.2073974609375
2023-12-15,454.4578857421875
2023-12-18,457.0142517089844
2023-12-19,459.7933044433594
2023-12-20,453.4218444824219
2023-12-21,457.72113037109375
2023-12-22,458.6410217285156
2023-12-26,460.5776062011719
2023-12-27,461.410400390625
2023-12-28,461.584716796875
2023-12-29,460.24847412109375
2024-01-02,457.6727294921875
2024-01-03,453.9350280761719
2024-01-04,452.4729309082031
2024-01-05,453.0926208496094
2024-01-08,459.5609436035156
2024-01-09,458.8637390136719
2024-01-10,461.4588317871094
2024-01-11,461.2555236816406
2024-01-12,461.5749816894531
2024-01-16,459.8804931640625
2024-01-17,457.32415771484375
2024-01-18,461.39105224609375
2024-01-19,467.142822265625
2024-01-22,468.1304931640625
2024-01-23,469.49578857421875
2024-01-24,470.0090026855469
2024-01-25,472.5653381347656
2024-01-26,471.9649963378906
2024-01-29,475.70269775390625
2024-01-30,475.33477783203125
2024-01-31,467.57855224609375
2024-02-01,473.69830322265625
2024-02-02,478.6850891113281
2024-02-05,476.94207763671875
2024-02-06,478.32684326171875
2024-02-07,482.3162536621094
2024-02-08,482.529296875
2024-02-09,485.31805419921875
2024-02-12,485.10498046875
2024-02-13,478.4236755371094
2024-02-14,482.7713928222656
2024-02-15,486.1024169921875
2024-02-16,483.68157958984375
2024-02-20,481.01873779296875
2024-02-21,481.4544372558594
2024-02-22,491.41839599609375
2024-02-23,491.7572937011719
2024-02-26,489.95623779296875
2024-02-27,490.8664245605469
2024-02-28,490.2176513671875
2024-02-29,491.9800109863281
2024-03-01,496.59881591796875
2024-03-04,496.0662536621094
2024-03-05,491.1085205078125
2024-03-06,493.59710693359375
2024-03-07,498.49676513671875
2024-03-08,495.504638671875
2024-03-11,495.0786437988281
2024-03-12,500.4043273925781
2024-03-13,499.6200256347656
2024-03-14,498.63232421875
2024-03-15,495.20843505859375
2024-03-18,498.1514892578125
2024-03-19,500.9198303222656
2024-03-20,505.5530700683594
2024-03-21,507.2237243652344
2024-03-22,506.2620544433594
2024-03-25,504.8633728027344
2024-03-26,503.93084716796875
2024-03-27,508.1658935546875
2024-03-28,508.0686950683594
2024-04-01,507.184814453125
2024-04-02,503.9599914550781
2024-04-03,504.5136413574219
2024-04-04,498.35552978515625
2024-04-05,503.561767578125
2024-04-08,503.8434753417969
2024-04-09,504.4262390136719
2024-04-10,499.3753662109375
2024-04-11,503.1441345214844
2024-04-12,496.1991882324219
2024-04-15,489.98272705078125
2024-04-16,489.08905029296875
2024-04-17,486.19451904296875
2024-04-18,485.1941223144531
2024-04-19,480.95916748046875
2024-04-22,485.38836669921875
2024-04-23,491.14825439453125
2024-04-24,490.9152526855469
2024-04-25,489.05023193359375
2024-04-26,493.6835021972656
2024-04-29,495.4317932128906
2024-04-30,487.5836181640625
2024-05-01,486.0003356933594
2024-05-02,490.54608154296875
2024-05-03,496.6265869140625
2024-05-06,501.7550964355469
2024-05-07,502.3087158203125
2024-05-08,502.35736083984375
2024-05-09,505.25189208984375
2024-05-10,505.9027099609375
2024-05-13,505.9706726074219
2024-05-14,508.2921447753906
2024-05-15,514.5862426757812
2024-05-16,513.527587890625
2024-05-17,514.2658081054688
2024-05-20,514.8583374023438
2024-05-21,516.1210327148438
2024-05-22,514.6349487304688
2024-05-23,510.87579345703125
2024-05-24,514.2559814453125
2024-05-28,514.6156005859375
2024-05-29,511.0117492675781
2024-05-30,507.6218566894531
2024-05-31,512.2454223632812
2024-06-03,512.6630249023438
2024-06-04,513.2362670898438
2024-06-05,519.3360595703125
2024-06-06,519.3263549804688
2024-06-07,518.6949462890625
2024-06-10,520.297607421875
2024-06-11,521.5506591796875
2024-06-12,525.834228515625
2024-06-13,526.8928833007812
2024-06-14,527.2134399414062
2024-06-17,531.4094848632812
2024-06-18,532.7598266601562
2024-06-20,531.3123779296875
2024-06-21,530.60009765625
2024-06-24,528.875244140625
2024-06-25,530.9119873046875
2024-06-26,531.5745239257812
2024-06-27,532.41259765625
2024-06-28,530.3175048828125
2024-07-01,531.4089965820312
2024-07-02,534.9850463867188
2024-07-03,537.3726196289062
2024-07-05,540.4713745117188
2024-07-08,541.094970703125
2024-07-09,541.6211547851562
2024-07-10,546.9806518554688
2024-07-11,542.2642822265625
2024-07-12,545.6845703125
2024-07-15,547.1854248046875
2024-07-16,550.4303588867188
2024-07-17,542.712646484375
2024-07-18,538.5418701171875
2024-07-19,534.9655151367188
2024-07-22,540.4810791015625
2024-07-23,539.63330078125
2024-07-24,527.40380859375
2024-07-25,524.6558837890625
2024-07-26,530.5318603515625
2024-07-29,530.8436889648438
2024-07-30,528.1542358398438
2024-07-31,536.7391967773438
2024-08-01,529.1384887695312
2024-08-02,519.2868041992188
2024-08-05,504.1632080078125
2024-08-06,508.8113708496094
2024-08-07,505.410400390625
2024-08-08,517.09423828125
2024-08-09,519.3743286132812
2024-08-12,519.6472778320312
2024-08-13,528.1931762695312
2024-08-14,529.8594970703125
2024-08-15,538.94140625
2024-08-16,540.1497192382812
2024-08-19,545.3143310546875
2024-08-20,544.4276733398438
2024-08-21,546.2985229492188
2024-08-22,542.0109252929688
2024-08-23,547.7699584960938
2024-08-26,546.4642333984375
2024-08-27,547.214599609375
2024-08-28,544.0377807617188
2024-08-29,544.08642578125
2024-08-30,549.2803955078125
2024-09-03,537.9767456054688
2024-09-04,536.8756103515625
2024-09-05,535.56982421875
2024-09-06,526.55615234375
2024-09-09,532.4514770507812
2024-09-10,534.770751953125
2024-09-11,540.2569580078125
2024-09-12,544.8076782226562
2024-09-13,547.6531372070312
2024-09-16,548.4619140625
2024-09-17,548.68603515625
2024-09-18,547.0587158203125
2024-09-19,556.3938598632812
2024-09-20,555.43212890625
2024-09-23,556.8200073242188
2024-09-24,558.4132690429688
2024-09-25,557.181640625
2024-09-26,559.3908081054688
2024-09-27,558.5794677734375
2024-09-30,560.8178100585938
2024-10-01,555.7937622070312
2024-10-02,556.0283813476562
2024-10-03,555.01171875
2024-10-04,560.0554809570312
2024-10-07,554.9921264648438
2024-10-08,560.2410888671875
2024-10-09,564.1216430664062
2024-10-10,563.1343383789062
2024-10-11,566.5064697265625
2024-10-14,571.1395874023438
2024-10-15,566.7019653320312
2024-10-16,569.1652221679688
2024-10-17,569.2139892578125
2024-10-18,571.403564453125
2024-10-21,570.4651489257812
2024-10-22,570.1621704101562
2024-10-23,564.9524536132812
2024-10-24,566.1741333007812
2024-10-25,565.9786987304688
2024-10-28,567.7283325195312
2024-10-29,568.647216796875
2024-10-30,566.9268188476562
2024-10-31,555.8134155273438
2024-11-01,558.1591796875
2024-11-04,556.9568481445312
2024-11-05,563.6915283203125
2024-11-06,577.7080078125
2024-11-07,582.1749267578125
2024-11-08,584.69677734375
2024-11-11,585.25390625
2024-11-12,583.4358520507812
2024-11-13,583.7193603515625
2024-11-14,579.9659423828125
2024-11-15,572.537353515625
2024-11-18,574.8832397460938
2024-11-19,576.9847412109375
2024-11-20,577.1802978515625
2024-11-21,580.2786865234375
2024-11-22,582.0772705078125
2024-11-25,584.0516967773438
2024-11-26,587.1012573242188
2024-11-27,585.3223876953125
2024-11-29,588.9584350585938
2024-12-02,590.0140380859375
2024-12-03,590.2876586914062
2024-12-04,593.953125
2024-12-05,592.9757690429688
2024-12-06,594.0997924804688
2024-12-09,591.0403442382812
2024-12-10,589.2027587890625
2024-12-11,593.7576293945312
2024-12-12,590.6982421875
2024-12-13,590.5809936523438
2024-12-16,593.1027221679688
2024-12-17,590.6590576171875
2024-12-18,573.055419921875
2024-12-19,572.87939453125
2024-12-20,579.7603149414062
2024-12-23,583.2321166992188
2024-12-24,589.7147827148438
2024-12-26,589.7540283203125
2024-12-27,583.5458984375
2024-12-30,576.88671875
2024-12-31,574.7879028320312
2025-01-02,573.375732421875
2025-01-03,580.544921875
2025-01-06,583.88916015625
2025-01-07,577.2888793945312
2025-01-08,578.1322021484375
2025-01-10,569.3055419921875
2025-01-13,570.1882934570312
2025-01-14,570.972900390625
2025-01-15,581.3589477539062
2025-01-16,580.2409057617188
2025-01-17,586.06640625
2025-01-21,591.4310302734375
2025-01-22,594.7557373046875
2025-01-23,598.0018920898438
2025-01-24,596.256103515625
2025-01-27,587.8219604492188
2025-01-28,592.8726806640625
2025-01-29,590.21484375
2025-01-30,593.3826293945312
2025-01-31,590.2246704101562
2025-02-03,586.252685546875
2025-02-04,590.1854858398438
2025-02-05,592.578369140625
2025-02-06,594.637939453125
2025-02-07,589.1949462890625
2025-02-10,593.1962890625
2025-02-11,593.6474609375
2025-02-12,591.7349853515625
2025-02-13,597.9822387695312
2025-02-14,597.9528198242188
2025-02-18,599.7083740234375
2025-02-19,601.1205444335938
2025-02-20,598.6197509765625
2025-02-21,588.3809814453125
2025-02-24,585.7035522460938
2025-02-25,582.790771484375
2025-02-26,583.0848388671875
2025-02-27,573.77783203125
2025-02-28,582.73193359375
2025-03-03,572.5225219726562
2025-03-04,565.74560546875
2025-03-05,571.826171875
2025-03-06,561.6755981445312
2025-03-07,564.8236694335938
2025-03-10,549.779296875
2025-03-11,545.2090454101562
2025-03-12,548.1022338867188
2025-03-13,540.7957763671875
2025-03-14,551.9662475585938
2025-03-17,556.2225952148438
2025-03-18,550.2108154296875
2025-03-19,556.2030029296875
2025-03-20,554.5946655273438
2025-03-21,554.7776489257812
2025-03-24,564.712890625
2025-03-25,566.0703125
2025-03-26,559.3125
2025-03-27,557.8270874023438
2025-03-28,546.5933227539062
2025-03-31,550.2625122070312
2025-04-01,551.8167114257812
2025-04-02,555.3087768554688
2025-04-03,527.9428100585938
2025-04-04,497.0354309082031
2025-04-07,496.1501159667969
2025-04-08,488.3790588378906
2025-04-09,539.6683349609375
2025-04-10,516.0205688476562
2025-04-11,525.2277221679688
2025-04-14,530.3233032226562
2025-04-15,528.837890625
2025-04-16,517.0829467773438
2025-04-17,517.8206787109375
2025-04-21,505.4951171875
2025-04-22,518.64697265625
2025-04-23,526.6836547851562
2025-04-24,537.7698364257812
2025-04-25,541.6553344726562
2025-04-28,541.8617553710938
2025-04-29,545.2753295898438
2025-04-30,545.4916381835938
2025-05-01,549.3575439453125
2025-05-02,557.51220703125
2025-05-05,554.3153686523438
2025-05-06,549.68212890625
2025-05-07,551.9938354492188
2025-05-08,555.8400268554688
2025-05-09,555.1317749023438
2025-05-12,573.4774169921875
2025-05-13,577.2646484375
2025-05-14,578.00244140625
2025-05-15,580.8255615234375
2025-05-16,584.5045776367188
2025-05-19,585.1439208984375
2025-05-20,583.1765747070312
2025-05-21,573.3495483398438
2025-05-22,573.5758666992188
2025-05-23,569.6607055664062
2025-05-27,581.50439453125
2025-05-28,578.14013671875
2025-05-29,580.4223022460938
2025-05-30,579.7730712890625
2025-06-02,583.0388793945312
2025-06-03,586.3637084960938
2025-06-04,586.2062377929688
2025-06-05,583.373291015625
2025-06-06,589.3639526367188
2025-06-09,589.8951416015625
2025-06-10,593.2396850585938
2025-06-11,591.5477294921875
2025-06-12,593.8987426757812
2025-06-13,587.2589111328125
2025-06-16,592.8461303710938
2025-06-17,587.7802734375
2025-06-18,587.691650390625
2025-06-20,586.3114624023438
2025-06-23,592.1027221679688
2025-06-24,598.643798828125
2025-06-25,598.979248046875
2025-06-26,603.6655883789062
2025-06-27,606.6647338867188
2025-06-30,609.5653686523438
2025-07-01,609.3681030273438
2025-07-02,612.130615234375
2025-07-03,616.9549560546875
2025-07-07,612.3573608398438
2025-07-08,612.0220336914062
2025-07-09,615.692138671875
2025-07-10,617.4285278320312
2025-07-11,615.258056640625
2025-07-14,616.4320678710938
2025-07-15,613.7979125976562
2025-07-16,615.8499145507812
2025-07-17,619.6187133789062
2025-07-18,619.1649169921875
2025-07-21,620.3389892578125
2025-07-22,620.4277954101562
2025-07-23,625.7059936523438
2025-07-24,625.9131469726562
2025-07-25,628.5572509765625
2025-07-28,628.3994750976562
2025-07-29,626.7420043945312
2025-07-30,625.9526977539062
2025-07-31,623.6046142578125
2025-08-01,613.3834838867188
2025-08-04,622.706787109375
2025-08-05,619.5496826171875
2025-08-06,624.2952270507812
2025-08-07,623.7722778320312
2025-08-08,628.6361694335938
2025-08-11,627.3931274414062
2025-08-12,634.0723266601562
2025-08-13,636.242919921875
2025-08-14,636.302001953125
2025-08-15,634.8123168945312
2025-08-18,634.674072265625
2025-08-19,631.23095703125
2025-08-20,629.5537109375
2025-08-21,627.0281372070312
2025-08-22,636.6572265625
2025-08-25,633.8552856445312
2025-08-26,636.5092163085938
2025-08-27,637.9595336914062
2025-08-28,640.21875
2025-08-29,636.4006958007812
2025-09-02,631.684814453125
2025-09-03,635.1082763671875
2025-09-04,640.4160766601562
2025-09-05,638.561279296875
2025-09-08,640.1299438476562
2025-09-09,641.60986328125
2025-09-10,643.4646606445312
2025-09-11,648.81201171875
2025-09-12,648.5949096679688
2025-09-15,652.0480346679688
2025-09-16,651.150146484375
2025-09-17,650.3411865234375
2025-09-18,653.3798828125
2025-09-19,656.6160278320312
2025-09-22,659.722412109375
2025-09-23,656.1312866210938
2025-09-24,654.0436401367188
2025-09-25,651.0263061523438
2025-09-26,654.7560424804688
2025-09-29,656.5962524414062
2025-09-30,659.0695190429688
2025-10-01,661.3153686523438
2025-10-02,662.0770263671875
2025-10-03,662.0671997070312
2025-10-06,664.4415283203125
2025-10-07,661.9781494140625
2025-10-08,665.925537109375
2025-10-09,663.996337890625
2025-10-10,646.0499877929688
2025-10-13,655.9630126953125
2025-10-14,655.1616821289062
2025-10-15,658.0703125
2025-10-16,653.5887451171875
2025-10-17,657.2986450195312
2025-10-20,664.1348876953125
2025-10-21,664.1249389648438
2025-10-22,660.6722412109375
2025-10-23,664.5899658203125
2025-10-24,670.0213623046875
2025-10-27,677.9260864257812
2025-10-28,679.7266235351562
2025-10-29,680.0531616210938
2025-10-30,672.5737915039062
2025-10-31,674.780029296875
2025-11-03,676.04638671875
2025-11-04,668.0328369140625
2025-11-05,670.347900390625
2025-11-06,663.1554565429688
2025-11-07,663.808349609375
2025-11-10,674.1666870117188
2025-11-11,675.7099609375
2025-11-12,676.0859375
2025-11-13,664.866943359375
2025-11-14,664.7581787109375
2025-11-17,658.5648803710938
2025-11-18,653.0346069335938
2025-11-19,655.5574340820312
2025-11-20,645.5652465820312
2025-11-21,651.995849609375
2025-11-24,661.59228515625
2025-11-25,667.8151245117188
2025-11-26,672.4254760742188
2025-11-28,676.0958251953125
2025-12-01,673.0091552734375
2025-12-02,674.2557373046875
2025-12-03,676.5905151367188
2025-12-04,677.085205078125
2025-12-05,678.3712768554688
2025-12-08,676.3333129882812
2025-12-09,675.74951171875
2025-12-10,680.2312622070312
2025-12-11,681.8141479492188
2025-12-12,674.4832153320312
2025-12-15,673.4641723632812
2025-12-16,671.6240844726562
2025-12-17,664.2338256835938
2025-12-18,669.2496337890625
2025-12-19,675.3153686523438
2025-12-22,679.5224609375
2025-12-23,682.628173828125
2025-12-24,685.0294799804688
2025-12-26,684.9600219726562
2025-12-29,682.51904296875
2025-12-30,681.685546875
2025-12-31,676.635009765625
2026-01-02,677.8753051757812
2026-01-05,682.3900756835938
2026-01-06,686.4483642578125
2026-01-07,684.2356567382812
2026-01-08,684.1661987304688
2026-01-09,688.6908569335938
2026-01-12,689.7723999023438
2026-01-13,688.3931884765625
2026-01-14,685.0095825195312
2026-01-15,686.8750610351562
2026-01-16,686.2994995117188
2026-01-20,672.32861328125
2026-01-21,680.0880737304688
2026-01-22,683.6403198242188
2026-01-23,683.8883056640625
2026-01-26,687.3612670898438
2026-01-27,690.0997924804688
2026-01-28,690.0303344726562
2026-01-29,688.6610717773438
2026-01-30,686.607177734375
2026-02-02,690.0204467773438
2026-02-03,684.18603515625
2026-02-04,680.8719482421875
2026-02-05,672.3683471679688
2026-02-06,685.267578125
2026-02-09,688.57177734375
2026-02-10,686.7559204101562
2026-02-11,686.5972290039062
2026-02-12,675.9901123046875
2026-02-13,676.46630859375
2026-02-17,677.5578002929688
2026-02-18,680.9711303710938
2026-02-19,679.1751708984375
2026-02-20,684.0868530273438
2026-02-23,677.1013793945312
2026-02-24,682.0228881835938
2026-02-25,687.7780151367188
2026-02-26,683.957763671875
2026-02-27,680.6734619140625
2026-03-02,681.0604248046875
2026-03-03,675.057373046875
2026-03-04,679.8201904296875
2026-03-05,676.0297241210938
2026-03-06,667.1688842773438
2026-03-09,673.0133056640625
2026-03-10,671.9317626953125
2026-03-11,671.08837890625
2026-03-12,660.89794921875
2026-03-13,657.1571655273438
2026-03-16,663.844970703125
2026-03-17,665.5912475585938
2026-03-18,656.3037719726562
2026-03-19,654.6864013671875
2026-03-20,645.301025390625
2026-03-23,652.07666015625
2026-03-24,649.8877563476562
2026-03-25,653.5093994140625
2026-03-26,641.8385620117188
2026-03-27,630.8939819335938
2026-03-30,628.78466796875
2026-03-31,647.0620727539062
2026-04-01,651.9373779296875
2026-04-02,652.5244140625
2026-04-06,655.6088256835938
2026-04-07,655.8972778320312
2026-04-08,672.6027221679688
2026-04-09,676.4829711914062
2026-04-10,676.0353393554688
2026-04-13,682.641845703125
2026-04-14,690.959716796875
2026-04-15,696.412109375
2026-04-16,698.1234130859375
2026-04-17,706.5607299804688
2026-04-20,705.1477661132812
2026-04-21,700.53125
2026-04-22,707.6253051757812
2026-04-23,704.8792114257812
2026-04-24,710.341552734375
2026-04-27,711.5653076171875
2026-04-28,708.1028442382812
2026-04-29,707.993408203125
2026-04-30,715.0377197265625
2026-05-01,717.0177001953125
2026-05-04,714.3909912109375
2026-05-05,720.1220092773438
2026-05-06,730.1312866210938
2026-05-07,727.8926391601562
2026-05-08,733.9021606445312
2026-05-11,735.5736694335938
2026-05-12,734.4593505859375
2026-05-13,738.5685424804688
2026-05-14,744.3989868164062
2026-05-15,735.4443969726562
2026-05-18,734.927001953125
2026-05-19,730.0317993164062
2026-05-20,737.5138549804688
2026-05-21,738.9764404296875
2026-05-22,741.8817749023438
2026-05-26,746.8068237304688
2026-05-27,746.677490234375
2026-05-28,750.7965698242188
2026-05-29,752.6671142578125
2026-06-01,754.7167358398438
2026-06-02,755.7415771484375
2026-06-03,750.4384155273438
2026-06-04,753.2740478515625
2026-06-05,733.83251953125
2026-06-08,735.4940795898438
2026-06-09,733.3350219726562
2026-06-10,721.7736206054688
2026-06-11,734.04150390625
2026-06-12,738.0113525390625
2026-06-15,751.0254516601562
2026-06-16,746.5481567382812
2026-06-17,737.225341796875
2026-06-18,744.8902587890625
2026-06-22,742.546142578125
2026-06-23,731.7628784179688
2026-06-24,731.4237060546875
2026-06-25,732.4810791015625
2026-06-26,727.1842651367188
2026-06-29,739.1644897460938
2026-06-30,744.9202270507812
2026-07-01,743.9127197265625
2026-07-02,742.9351806640625
2026-07-06,749.4190673828125
2026-07-07,745.85791015625
2026-07-08,743.5536499023438
2026-07-09,749.8480224609375
2026-07-10,753.0799560546875
2026-07-13,747.3142700195312
2026-07-14,749.9677124023438
2026-07-15,752.9403076171875
2026-07-16,748.8604125976562
2026-07-17,741.4487915039062
2026-07-20,740.2518310546875
2026-07-21,746.426513671875
2026-07-22,745.55859375
2026-07-23,736.3515014648438
2026-07-24,737.099609375
2026-07-27,737.25927734375
2026-07-28,739.0248413085938
2026-07-29,727.6531372070312
2026-07-30,739.852783203125
2026-07-31,745.1796264648438
2026-08-03,755.793212890625
2026-08-04,769.4193725585938
2026-08-05,767.8831787109375
2026-08-06,766.65625
2026-08-07,771.3446044921875
2026-08-10,771.1151733398438
2026-08-11,768.6513061523438
2026-08-12,770.5764770507812
2026-08-13,775.9531860351562
2026-08-14,774.4169921875
2026-08-17,770.7560424804688
2026-08-18,765.5490112304688
2026-08-19,767.1549682617188
2026-08-20,760.7109985351562
2026-08-21,763.8232421875
2026-08-24,761.5787963867188
2026-08-25,764.0127563476562
2026-08-26,764.182373046875
2026-08-27,769.18994140625
2026-08-28,767.4442749023438
2026-08-31,765.1499633789062
2026-09-01,759.89306640625
2026-09-02,763.2646484375
2026-09-03,771.2548217773438
2026-09-04,768.2822265625
2026-09-08,764.0626831054688
2026-09-09,760.5115356445312
2026-09-10,755.9528198242188
2026-09-11,762.3967895507812
2026-09-14,758.9952392578125
2026-09-15,755.513916015625
2026-09-16,752.1821899414062
2026-09-17,760.7109985351562
2026-09-18,761.6900024414062
