date,close
2002-07-30,35.555686950683594
2002-07-31,35.996177673339844
2002-08-01,36.201168060302734
2002-08-02,36.5719108581543
2002-08-05,36.73330307006836
2002-08-06,36.419254302978516
2002-08-07,36.50650405883789
2002-08-08,36.50650405883789
2002-08-09,37.02116394042969
2002-08-12,37.247947692871094
2002-08-13,37.70591735839844
2002-08-14,37.84988784790039
2002-08-15,37.51834487915039
2002-08-16,37.09966278076172
2002-08-19,37.213069915771484
2002-08-20,37.627410888671875
2002-08-21,37.4267463684082
2002-08-22,37.09966278076172
2002-08-23,37.46601104736328
2002-08-26,37.50090789794922
2002-08-27,37.26539611816406
2002-08-28,37.45292282104492
2002-08-29,37.753868103027344
2002-08-30,37.9807014465332
2002-09-03,38.56460952758789
2002-09-04,38.55583190917969
2002-09-05,38.76609802246094
2002-09-06,38.31050491333008
2002-09-09,38.253604888916016
2002-09-10,38.437599182128906
2002-09-11,38.236053466796875
2002-09-12,38.5339241027832
2002-09-13,38.88874816894531
2002-09-16,38.9544563293457
2002-09-17,39.028907775878906
2002-09-18,39.03769302368164
2002-09-19,39.30049133300781
2002-09-20,39.11649703979492
2002-09-23,39.46693801879883
2002-09-24,39.72101974487305
2002-09-25,39.23917007446289
2002-09-26,39.14718246459961
2002-09-27,39.44066619873047
2002-09-30,39.598331451416016
2002-10-01,39.107200622558594
2002-10-02,39.33141326904297
2002-10-03,39.23473358154297
2002-10-04,39.35783004760742
2002-10-07,39.423797607421875
2002-10-08,39.43696975708008
2002-10-09,39.639259338378906
2002-10-10,39.32706069946289
2002-10-11,38.860984802246094
2002-10-14,38.8038330078125
2002-10-15,37.884830474853516
2002-10-16,37.90239334106445
2002-10-17,37.440738677978516
2002-10-18,37.537452697753906
2002-10-21,37.17249298095703
2002-10-22,37.066959381103516
2002-10-23,37.080162048339844
2002-10-24,37.40555953979492
2002-10-25,37.5418586730957
2002-10-28,37.489078521728516
2002-10-29,37.977203369140625
2002-10-30,37.963993072509766
2002-10-31,38.13543701171875
2002-11-01,37.97601318359375
2002-11-04,37.80818176269531
2002-11-05,37.662418365478516
2002-11-06,37.812591552734375
2002-11-07,38.74897766113281
2002-11-08,39.062557220458984
2002-11-11,39.274574279785156
2002-11-12,39.04933166503906
2002-11-13,39.13322067260742
2002-11-14,38.32051086425781
2002-11-15,38.475135803222656
2002-11-18,38.64739227294922
2002-11-19,38.78876495361328
2002-11-20,38.408878326416016
2002-11-21,38.03785705566406
2002-11-22,38.002525329589844
2002-11-25,37.93180465698242
2002-11-26,38.408878326416016
2002-11-27,37.54315948486328
2002-11-29,37.786102294921875
2002-12-02,37.82109832763672
2002-12-03,37.87437057495117
2002-12-04,38.06962203979492
2002-12-05,38.1672248840332
2002-12-06,38.23375701904297
2002-12-09,38.446773529052734
2002-12-10,38.54879379272461
2002-12-11,38.80614471435547
2002-12-12,38.77067565917969
2002-12-13,38.39350891113281
2002-12-16,38.105064392089844
2002-12-17,38.105064392089844
2002-12-18,38.40241241455078
2002-12-19,38.744022369384766
2002-12-20,38.77067565917969
2002-12-23,38.779541015625
2002-12-24,38.996971130371094
2002-12-26,39.072364807128906
2002-12-27,39.50278854370117
2002-12-30,39.595951080322266
2002-12-31,39.49604797363281
2003-01-02,38.474891662597656
2003-01-03,38.564083099365234
2003-01-06,38.461483001708984
2003-01-07,38.59972381591797
2003-01-08,38.79148483276367
2003-01-09,38.04680633544922
2003-01-10,38.14488220214844
2003-01-13,38.207332611083984
2003-01-14,38.341094970703125
2003-01-15,38.528350830078125
2003-01-16,38.581912994384766
2003-01-17,38.77367401123047
2003-01-21,38.996604919433594
2003-01-22,39.18836212158203
2003-01-23,38.996604919433594
2003-01-24,39.228492736816406
2003-01-27,39.0858154296875
2003-01-28,39.0858154296875
2003-01-29,38.87174987792969
2003-01-30,39.161651611328125
2003-01-31,39.26862335205078
2003-02-03,39.325897216796875
2003-02-04,39.500423431396484
2003-02-05,39.16035461425781
2003-02-06,39.47807693481445
2003-02-07,39.56754684448242
2003-02-10,39.29011154174805
2003-02-11,39.28114700317383
2003-02-12,39.41986083984375
2003-02-13,39.63466262817383
2003-02-14,39.29461669921875
2003-02-18,39.343814849853516
2003-02-19,39.612300872802734
2003-02-20,39.746559143066406
2003-02-21,39.51387023925781
2003-02-24,39.70183181762695
2003-02-25,39.88527297973633
2003-02-26,40.16273880004883
2003-02-27,40.229820251464844
2003-02-28,40.48494338989258
2003-03-03,40.53432083129883
2003-03-04,40.56128692626953
2003-03-05,40.696041107177734
2003-03-06,40.538814544677734
2003-03-07,40.67804718017578
2003-03-10,40.889183044433594
2003-03-11,40.81734848022461
2003-03-12,40.96554183959961
2003-03-13,40.21092224121094
2003-03-14,40.40858840942383
2003-03-17,39.923439025878906
2003-03-18,39.5461311340332
2003-03-19,39.2541618347168
2003-03-20,39.191314697265625
2003-03-21,38.65224075317383
2003-03-24,39.2631721496582
2003-03-25,39.218231201171875
2003-03-26,39.29907989501953
2003-03-27,39.3260383605957
2003-03-28,39.4159049987793
2003-03-31,39.93244171142578
2003-04-01,39.81873321533203
2003-04-02,39.403724670410156
2003-04-03,39.38119125366211
2003-04-04,39.268436431884766
2003-04-07,39.17818069458008
2003-04-08,39.493980407714844
2003-04-09,39.611244201660156
2003-04-10,39.42631149291992
2003-04-11,39.363155364990234
2003-04-14,39.25490188598633
2003-04-15,39.466915130615234
2003-04-16,39.6292839050293
2003-04-17,39.69241714477539
2003-04-21,39.60673522949219
2003-04-22,39.58422088623047
2003-04-23,39.665382385253906
2003-04-24,40.02174758911133
2003-04-25,40.111976623535156
2003-04-28,40.0488166809082
2003-04-29,39.981117248535156
2003-04-30,40.351051330566406
2003-05-01,40.37056350708008
2003-05-02,40.053138732910156
2003-05-05,40.266231536865234
2003-05-06,40.46577835083008
2003-05-07,40.93742752075195
2003-05-08,41.03721237182617
2003-05-09,41.07799530029297
2003-05-12,41.33649444580078
2003-05-13,41.427188873291016
2003-05-14,42.062129974365234
2003-05-15,42.1936149597168
2003-05-16,42.50200653076172
2003-05-19,42.35689926147461
2003-05-20,42.98276138305664
2003-05-21,42.97819900512695
2003-05-22,43.359134674072266
2003-05-23,43.46797180175781
2003-05-27,42.68341827392578
2003-05-28,42.61083984375
2003-05-29,42.98276138305664
2003-05-30,42.901084899902344
2003-06-02,42.58594512939453
2003-06-03,42.9275016784668
2003-06-04,43.05500030517578
2003-06-05,42.718040466308594
2003-06-06,42.87282943725586
2003-06-09,43.15979766845703
2003-06-10,43.67439651489258
2003-06-11,43.619728088378906
2003-06-12,43.961326599121094
2003-06-13,44.2573127746582
2003-06-16,43.83836364746094
2003-06-17,43.49222183227539
2003-06-18,42.93659210205078
2003-06-19,42.85463333129883
2003-06-20,42.695213317871094
2003-06-23,42.95029830932617
2003-06-24,43.346466064453125
2003-06-25,42.65428924560547
2003-06-26,42.0804328918457
2003-06-27,41.930145263671875
2003-06-30,42.125946044921875
2003-07-01,41.917083740234375
2003-07-02,42.02220916748047
2003-07-03,41.41875457763672
2003-07-07,41.15354537963867
2003-07-08,41.19013595581055
2003-07-09,41.32274627685547
2003-07-10,41.30903244018555
2003-07-11,41.5056266784668
2003-07-14,41.0301513671875
2003-07-15,40.07011032104492
2003-07-16,40.298709869384766
2003-07-17,40.17525100708008
2003-07-18,40.09297180175781
2003-07-21,39.24265670776367
2003-07-22,39.43466567993164
2003-07-23,39.567264556884766
2003-07-24,39.219825744628906
2003-07-25,39.114646911621094
2003-07-28,38.588871002197266
2003-07-29,38.06318283081055
2003-07-30,38.492897033691406
2003-07-31,37.921470642089844
2003-08-01,37.89300537109375
2003-08-04,38.21910858154297
2003-08-05,37.67257308959961
2003-08-06,38.416526794433594
2003-08-07,38.57727813720703
2003-08-08,38.42112350463867
2003-08-11,38.228240966796875
2003-08-12,38.04911422729492
2003-08-13,37.31433868408203
2003-08-14,37.681732177734375
2003-08-15,37.65877151489258
2003-08-18,37.83324432373047
2003-08-19,38.416526794433594
2003-08-20,38.20989227294922
2003-08-21,38.11802673339844
2003-08-22,38.287960052490234
2003-08-25,37.98943328857422
2003-08-26,38.287960052490234
2003-08-27,38.11343002319336
2003-08-28,38.50840377807617
2003-08-29,38.416526794433594
2003-09-02,37.85469055175781
2003-09-03,37.914634704589844
2003-09-04,38.12682342529297
2003-09-05,38.7818717956543
2003-09-08,38.380577087402344
2003-09-09,38.6573371887207
2003-09-10,39.0494499206543
2003-09-11,38.79572296142578
2003-09-12,39.06331253051758
2003-09-15,39.00330352783203
2003-09-16,38.943328857421875
2003-09-17,39.427703857421875
2003-09-18,39.45537185668945
2003-09-19,39.50151824951172
2003-09-22,39.187835693359375
2003-09-23,39.45537185668945
2003-09-24,39.796756744384766
2003-09-25,39.9951057434082
2003-09-26,40.35493850708008
2003-09-29,40.03207015991211
2003-09-30,40.69630813598633
2003-10-01,40.54207992553711
2003-10-02,40.35675048828125
2003-10-03,39.509033203125
2003-10-06,39.680450439453125
2003-10-07,39.22183609008789
2003-10-08,39.212547302246094
2003-10-09,38.93464279174805
2003-10-10,39.166263580322266
2003-10-13,39.01338195800781
2003-10-14,38.744720458984375
2003-10-15,38.55479049682617
2003-10-16,38.40191650390625
2003-10-17,38.6983757019043
2003-10-20,38.82810592651367
2003-10-21,38.971683502197266
2003-10-22,39.35150909423828
2003-10-23,39.0643310546875
2003-10-24,39.49977111816406
2003-10-27,39.421024322509766
2003-10-28,39.62948226928711
2003-10-29,39.27278137207031
2003-10-30,39.09676742553711
2003-10-31,39.46274948120117
2003-11-03,39.27574157714844
2003-11-04,39.49898910522461
2003-11-05,39.229190826416016
2003-11-06,38.861778259277344
2003-11-07,38.8385124206543
2003-11-10,38.80597686767578
2003-11-11,38.810611724853516
2003-11-12,39.09433364868164
2003-11-13,39.69901657104492
2003-11-14,39.964149475097656
2003-11-17,40.02460861206055
2003-11-18,40.27111053466797
2003-11-19,39.82457733154297
2003-11-20,40.21063995361328
2003-11-21,40.233924865722656
2003-11-24,39.90365982055664
2003-11-25,40.122276306152344
2003-11-26,39.9594841003418
2003-11-28,39.5966911315918
2003-12-01,39.376033782958984
2003-12-02,39.544342041015625
2003-12-03,39.385379791259766
2003-12-04,39.47420120239258
2003-12-05,40.1052131652832
2003-12-08,39.82475280761719
2003-12-09,39.544342041015625
2003-12-10,39.60974884033203
2003-12-11,39.894893646240234
2003-12-12,39.969688415527344
2003-12-15,39.9463005065918
2003-12-16,40.07717514038086
2003-12-17,40.348304748535156
2003-12-18,40.7128791809082
2003-12-19,40.69886016845703
2003-12-22,40.586673736572266
2003-12-23,40.12862014770508
2003-12-24,40.50723648071289
2003-12-26,40.65679931640625
2003-12-29,40.292213439941406
2003-12-30,40.12862014770508
2003-12-31,40.128623962402344
2004-01-02,39.654300689697266
2004-01-05,39.550968170166016
2004-01-06,39.98773956298828
2004-01-07,40.14738082885742
2004-01-08,40.13328170776367
2004-01-09,40.83305358886719
2004-01-12,40.80017852783203
2004-01-13,41.07723617553711
2004-01-14,41.279170989990234
2004-01-15,41.43411636352539
2004-01-16,41.14295959472656
2004-01-20,41.133575439453125
2004-01-21,41.23218536376953
2004-01-22,41.532779693603516
2004-01-23,41.03492736816406
2004-01-26,40.78605651855469
2004-01-27,41.03965759277344
2004-01-28,40.67803955078125
2004-01-29,40.593528747558594
2004-01-30,40.87528991699219
2004-02-02,40.78946304321289
2004-02-03,40.99697494506836
2004-02-04,40.91677474975586
2004-02-05,40.75644302368164
2004-02-06,41.20441436767578
2004-02-09,41.3270378112793
2004-02-10,41.095970153808594
2004-02-11,41.402469635009766
2004-02-12,41.22803497314453
2004-02-13,41.402469635009766
2004-02-17,41.37420654296875
2004-02-18,41.430789947509766
2004-02-19,41.47322082519531
2004-02-20,41.1855583190918
2004-02-23,41.44022750854492
2004-02-24,41.51567840576172
2004-02-25,41.5816650390625
2004-02-26,41.449642181396484
2004-02-27,41.80805587768555
2004-03-01,41.79193115234375
2004-03-02,41.526790618896484
2004-03-03,41.4510498046875
2004-03-04,41.63572692871094
2004-03-05,42.44055938720703
2004-03-08,42.69151306152344
2004-03-09,42.97556686401367
2004-03-10,42.94716262817383
2004-03-11,43.008731842041016
2004-03-12,42.743553161621094
2004-03-15,42.81460189819336
2004-03-16,43.16969680786133
2004-03-17,43.098670959472656
2004-03-18,42.871402740478516
2004-03-19,42.81460189819336
2004-03-22,43.07500457763672
2004-03-23,43.150779724121094
2004-03-24,43.1270637512207
2004-03-25,42.96136474609375
2004-03-26,42.50685501098633
2004-03-29,42.22279357910156
2004-03-30,42.19436264038086
2004-03-31,42.39796829223633
2004-04-01,42.259185791015625
2004-04-02,41.213478088378906
2004-04-05,40.89027404785156
2004-04-06,41.1136474609375
2004-04-07,41.018592834472656
2004-04-08,40.89977264404297
2004-04-12,40.75246047973633
2004-04-13,40.31040573120117
2004-04-14,40.27714538574219
2004-04-15,40.03949737548828
2004-04-16,40.19160079956055
2004-04-19,40.106082916259766
2004-04-20,39.740089416503906
2004-04-21,39.934940338134766
2004-04-22,40.172584533691406
2004-04-23,39.94443130493164
2004-04-26,40.01100158691406
2004-04-27,40.16307830810547
2004-04-28,39.78761672973633
2004-04-29,39.59269714355469
2004-04-30,39.75434875488281
2004-05-03,39.80441665649414
2004-05-04,39.53245162963867
2004-05-05,39.42272186279297
2004-05-06,39.31772232055664
2004-05-07,38.80237579345703
2004-05-10,38.711727142333984
2004-05-11,38.8883056640625
2004-05-12,38.63063049316406
2004-05-13,38.482696533203125
2004-05-14,38.797637939453125
2004-05-17,39.141178131103516
2004-05-18,38.988521575927734
2004-05-19,38.85962677001953
2004-05-20,39.16027069091797
2004-05-21,39.0028076171875
2004-05-24,39.12684631347656
2004-05-25,39.24137878417969
2004-05-26,39.45133972167969
2004-05-27,39.76148223876953
2004-05-28,39.651729583740234
2004-06-01,39.28863525390625
2004-06-02,39.18805694580078
2004-06-03,39.269493103027344
2004-06-04,39.03957748413086
2004-06-07,39.04909896850586
2004-06-08,39.120967864990234
2004-06-09,38.95331954956055
2004-06-10,39.029964447021484
2004-06-14,38.718597412109375
2004-06-15,39.537723541259766
2004-06-16,39.38445281982422
2004-06-17,39.643104553222656
2004-06-18,39.5568962097168
2004-06-21,39.58562469482422
2004-06-22,39.465858459472656
2004-06-23,39.54253387451172
2004-06-24,39.78203582763672
2004-06-25,39.82036209106445
2004-06-28,39.41318130493164
2004-06-29,39.662254333496094
2004-06-30,40.069435119628906
2004-07-01,40.14447021484375
2004-07-02,40.567691802978516
2004-07-06,40.500335693359375
2004-07-07,40.51478576660156
2004-07-08,40.5388069152832
2004-07-09,40.582115173339844
2004-07-12,40.63983917236328
2004-07-13,40.519615173339844
2004-07-14,40.534027099609375
2004-07-15,40.577362060546875
2004-07-16,41.11598205566406
2004-07-19,41.14481735229492
2004-07-20,40.77450180053711
2004-07-21,40.66388702392578
2004-07-22,40.721580505371094
2004-07-23,40.85628128051758
2004-07-26,40.66388702392578
2004-07-27,40.115604400634766
2004-07-28,40.120418548583984
2004-07-29,40.211814880371094
2004-07-30,40.68310546875
2004-08-02,40.736263275146484
2004-08-03,40.900421142578125
2004-08-04,40.91968536376953
2004-08-05,41.03561019897461
2004-08-06,41.72602462768555
2004-08-09,41.581180572509766
2004-08-10,41.43146896362305
2004-08-11,41.610130310058594
2004-08-12,41.69703674316406
2004-08-13,41.832244873046875
2004-08-16,41.68740463256836
2004-08-17,41.924007415771484
2004-08-18,41.72119903564453
2004-08-19,41.82260513305664
2004-08-20,41.783958435058594
2004-08-23,41.542572021484375
2004-08-24,41.56671142578125
2004-08-25,41.711544036865234
2004-08-26,41.94812774658203
2004-08-27,41.919166564941406
2004-08-30,42.11711883544922
2004-08-31,42.37782669067383
2004-09-01,42.42148971557617
2004-09-02,42.00457763671875
2004-09-03,42.00944900512695
2004-09-07,41.96582794189453
2004-09-08,42.319679260253906
2004-09-09,42.15971374511719
2004-09-10,42.22273635864258
2004-09-13,42.406925201416016
2004-09-14,42.45056915283203
2004-09-15,42.35361862182617
2004-09-16,42.8335075378418
2004-09-17,42.620243072509766
2004-09-20,42.90139389038086
2004-09-21,43.027408599853516
2004-09-22,43.47339630126953
2004-09-23,43.29889678955078
2004-09-24,43.35221481323242
2004-09-27,43.541290283203125
2004-09-28,43.366783142089844
2004-09-29,42.94502258300781
2004-09-30,42.78019714355469
2004-10-01,42.56650924682617
2004-10-04,42.62977600097656
2004-10-05,42.62977600097656
2004-10-06,42.435096740722656
2004-10-07,42.25010299682617
2004-10-08,42.80987548828125
2004-10-11,42.85370635986328
2004-10-12,42.9510498046875
2004-10-13,43.10682678222656
2004-10-14,43.311275482177734
2004-10-15,43.16036605834961
2004-10-18,43.1798095703125
2004-10-19,43.29176330566406
2004-10-20,43.588687896728516
2004-10-21,43.617923736572266
2004-10-22,43.72011184692383
2004-10-25,43.754180908203125
2004-10-26,43.622779846191406
2004-10-27,43.19442367553711
2004-10-28,43.33560562133789
2004-10-29,43.535133361816406
2004-11-01,43.264400482177734
2004-11-02,43.32789993286133
2004-11-03,43.34748458862305
2004-11-04,43.39142990112305
2004-11-05,42.91737365722656
2004-11-08,42.765869140625
2004-11-09,42.741416931152344
2004-11-10,42.58015441894531
2004-11-11,42.48726272583008
2004-11-12,42.94668197631836
2004-11-15,42.985782623291016
2004-11-16,42.985782623291016
2004-11-17,43.35237503051758
2004-11-18,43.48433303833008
2004-11-19,43.137306213378906
2004-11-22,43.36212921142578
2004-11-23,43.41588592529297
2004-11-24,43.41588592529297
2004-11-26,43.132442474365234
2004-11-29,42.673004150390625
2004-11-30,42.49213790893555
2004-12-01,42.425907135009766
2004-12-02,42.254146575927734
2004-12-03,42.91173553466797
2004-12-06,43.058990478515625
2004-12-07,43.11297607421875
2004-12-08,43.7852897644043
2004-12-09,43.49578094482422
2004-12-10,43.6037483215332
2004-12-13,43.69695281982422
2004-12-14,43.86872482299805
2004-12-15,44.266212463378906
2004-12-16,43.61354064941406
2004-12-17,43.55464553833008
2004-12-20,43.633174896240234
2004-12-21,43.76564025878906
2004-12-22,43.618446350097656
2004-12-23,43.47612380981445
2004-12-27,43.13747787475586
2004-12-28,43.10315704345703
2004-12-29,43.058990478515625
2004-12-30,43.34851837158203
2004-12-31,43.62196350097656
2005-01-03,43.71552276611328
2005-01-04,43.257389068603516
2005-01-05,43.488922119140625
2005-01-06,43.5184326171875
2005-01-07,43.61698913574219
2005-01-10,43.68597412109375
2005-01-11,43.94211959838867
2005-01-12,44.0012321472168
2005-01-13,44.424930572509766
2005-01-14,44.41994857788086
2005-01-18,44.567779541015625
2005-01-19,44.695865631103516
2005-01-20,44.7845344543457
2005-01-21,44.833805084228516
2005-01-24,45.02588653564453
2005-01-25,44.60227584838867
2005-01-26,44.685977935791016
2005-01-27,44.60227584838867
2005-01-28,45.050533294677734
2005-01-31,45.17861557006836
2005-02-01,45.106971740722656
2005-02-02,45.21076583862305
2005-02-03,45.186058044433594
2005-02-04,45.814048767089844
2005-02-07,46.15522003173828
2005-02-08,46.417354583740234
2005-02-09,46.54090881347656
2005-02-10,45.912925720214844
2005-02-11,45.88326644897461
2005-02-14,46.026668548583984
2005-02-15,45.79426193237305
2005-02-16,45.62120819091797
2005-02-17,45.334381103515625
2005-02-18,44.92893600463867
2005-02-22,44.73112869262695
2005-02-23,44.879486083984375
2005-02-24,44.780574798583984
2005-02-25,44.998146057128906
2005-02-28,44.51353454589844
2005-03-01,44.499656677246094
2005-03-02,44.440147399902344
2005-03-03,44.41533660888672
2005-03-04,44.89649963378906
2005-03-07,45.075069427490234
2005-03-08,44.6484375
2005-03-09,43.919349670410156
2005-03-10,44.187156677246094
2005-03-11,43.864715576171875
2005-03-14,44.127628326416016
2005-03-15,43.849876403808594
2005-03-16,44.11768341064453
2005-03-17,44.26156234741211
2005-03-18,43.98380661010742
2005-03-21,43.8597526550293
2005-03-22,43.48772430419922
2005-03-23,43.69605255126953
2005-03-24,43.785335540771484
2005-03-28,43.51750946044922
2005-03-29,43.77544403076172
2005-03-30,43.99367904663086
2005-03-31,44.31117248535156
2005-04-01,44.46050262451172
2005-04-04,44.45056915283203
2005-04-05,44.336055755615234
2005-04-06,44.49039840698242
2005-04-07,44.13188934326172
2005-04-08,44.2862548828125
2005-04-11,44.52523422241211
2005-04-12,44.9384765625
2005-04-13,44.82895278930664
2005-04-14,44.75923538208008
2005-04-15,45.351722717285156
2005-04-18,45.316871643066406
2005-04-19,45.75497817993164
2005-04-20,45.64048385620117
2005-04-21,45.162532806396484
2005-04-22,45.540916442871094
2005-04-25,45.67533874511719
2005-04-26,45.605648040771484
2005-04-27,45.764991760253906
2005-04-28,46.103515625
2005-04-29,46.02387619018555
2005-05-02,46.013885498046875
2005-05-03,46.138824462890625
2005-05-04,45.734066009521484
2005-05-05,45.83897018432617
2005-05-06,45.49919128417969
2005-05-09,45.54418182373047
2005-05-10,45.868980407714844
2005-05-11,46.00886154174805
2005-05-12,46.18875503540039
2005-05-13,46.368614196777344
2005-05-16,46.313690185546875
2005-05-17,46.44356918334961
2005-05-18,46.75335693359375
2005-05-19,46.63344192504883
2005-05-20,46.68844223022461
2005-05-23,47.05317687988281
2005-05-24,47.18308639526367
2005-05-25,46.85331726074219
2005-05-26,46.838287353515625
2005-05-27,46.88825607299805
2005-05-31,47.46786880493164
2005-06-01,48.049129486083984
2005-06-02,48.164466857910156
2005-06-03,47.76832580566406
2005-06-06,48.01905059814453
2005-06-07,48.40016174316406
2005-06-08,48.16950988769531
2005-06-09,48.12937927246094
2005-06-10,47.587730407714844
2005-06-13,47.30189895629883
2005-06-14,46.99095153808594
2005-06-15,47.07622528076172
2005-06-16,47.31193542480469
2005-06-17,47.30686950683594
2005-06-20,47.22667694091797
2005-06-21,47.572689056396484
2005-06-22,48.14945602416992
2005-06-23,48.099266052246094
2005-06-24,48.34001159667969
2005-06-27,48.470375061035156
2005-06-28,48.139408111572266
2005-06-29,48.06416702270508
2005-06-30,48.49544906616211
2005-07-01,47.90768814086914
2005-07-05,47.454776763916016
2005-07-06,47.71647644042969
2005-07-07,47.817142486572266
2005-07-08,47.62087631225586
2005-07-11,47.62087631225586
2005-07-12,47.35414123535156
2005-07-13,47.28364562988281
2005-07-14,47.16294479370117
2005-07-15,47.288734436035156
2005-07-18,46.93644332885742
2005-07-19,47.10255432128906
2005-07-20,47.35920333862305
2005-07-21,46.71503829956055
2005-07-22,47.077362060546875
2005-07-25,46.9062385559082
2005-07-26,46.98174285888672
2005-07-27,46.9062385559082
2005-07-28,47.32393264770508
2005-07-29,46.8559455871582
2005-08-01,46.68167495727539
2005-08-02,46.53013610839844
2005-08-03,46.757450103759766
2005-08-04,46.661502838134766
2005-08-05,46.297821044921875
2005-08-08,46.21194076538086
2005-08-09,46.3836669921875
2005-08-10,46.333152770996094
2005-08-11,46.65643310546875
2005-08-12,47.13117980957031
2005-08-15,47.0100212097168
2005-08-16,47.33833694458008
2005-08-17,47.025123596191406
2005-08-18,47.373653411865234
2005-08-19,47.368614196777344
2005-08-22,47.318115234375
2005-08-23,47.53533935546875
2005-08-24,47.580745697021484
2005-08-25,47.73227310180664
2005-08-26,47.71715545654297
2005-08-29,47.77774429321289
2005-08-30,48.08082962036133
2005-08-31,48.48491287231445
2005-09-01,48.19295883178711
2005-09-02,48.233516693115234
2005-09-06,47.89387893676758
2005-09-07,47.442771911621094
2005-09-08,47.49348068237305
2005-09-09,47.645538330078125
2005-09-12,47.316036224365234
2005-09-13,47.56439971923828
2005-09-14,47.38198471069336
2005-09-15,46.99167251586914
2005-09-16,46.68252182006836
2005-09-19,46.78386306762695
2005-09-20,46.90550231933594
2005-09-21,47.34138488769531
2005-09-22,47.295799255371094
2005-09-23,46.94098663330078
2005-09-26,46.72811508178711
2005-09-27,46.79399490356445
2005-09-28,47.1082649230957
2005-09-29,46.89533996582031
2005-09-30,46.73314666748047
2005-10-03,46.36780548095703
2005-10-04,46.52046203613281
2005-10-05,46.72401428222656
2005-10-06,46.5459098815918
2005-10-07,46.734153747558594
2005-10-10,46.703643798828125
2005-10-11,46.60696029663086
2005-10-12,46.15408706665039
2005-10-13,45.986141204833984
2005-10-14,45.9149169921875
2005-10-17,45.90475082397461
2005-10-18,45.95562744140625
2005-10-19,45.97593307495117
2005-10-20,46.09808349609375
2005-10-21,46.52555847167969
2005-10-24,46.16425704956055
2005-10-25,45.767330169677734
2005-10-26,45.431480407714844
2005-10-27,45.59432601928711
2005-10-28,45.59941101074219
2005-10-31,45.68588638305664
2005-11-01,45.63328170776367
2005-11-02,45.418601989746094
2005-11-03,45.11193084716797
2005-11-04,45.04036331176758
2005-11-07,45.193695068359375
2005-11-08,45.63328170776367
2005-11-09,45.16303634643555
2005-11-10,45.71501922607422
2005-11-11,45.7405891418457
2005-11-14,45.39817810058594
2005-11-15,45.69462966918945
2005-11-16,46.17504119873047
2005-11-17,46.287513732910156
2005-11-18,46.072845458984375
2005-11-21,46.21083068847656
2005-11-22,46.272193908691406
2005-11-23,46.09328842163086
2005-11-25,46.26194763183594
2005-11-28,46.49195861816406
2005-11-29,46.052406311035156
2005-11-30,46.001285552978516
2005-12-01,45.92940902709961
2005-12-02,45.9448356628418
2005-12-05,45.73944091796875
2005-12-06,46.206634521484375
2005-12-07,46.03208541870117
2005-12-08,46.3298454284668
2005-12-09,45.96535110473633
2005-12-12,45.87807846069336
2005-12-13,46.047515869140625
2005-12-14,46.5197868347168
2005-12-15,46.4068489074707
2005-12-16,46.56085968017578
2005-12-19,46.60699462890625
2005-12-20,46.55059051513672
2005-12-21,46.468414306640625
2005-12-22,46.838050842285156
2005-12-23,47.12551498413086
2005-12-27,47.510528564453125
2005-12-28,47.37807083129883
2005-12-29,47.48114776611328
2005-12-30,47.37287521362305
2006-01-03,47.31103515625
2006-01-04,47.4244270324707
2006-01-05,47.36771774291992
2006-01-06,47.280094146728516
2006-01-09,47.31103515625
2006-01-10,46.92963409423828
2006-01-11,46.8522834777832
2006-01-12,47.16671371459961
2006-01-13,47.439910888671875
2006-01-17,47.65122985839844
2006-01-18,47.63579177856445
2006-01-19,47.49665069580078
2006-01-20,47.62034606933594
2006-01-23,47.604881286621094
2006-01-24,47.37287521362305
2006-01-25,46.8574104309082
2006-01-26,46.65636444091797
2006-01-27,46.65636444091797
2006-01-30,46.61001205444336
2006-01-31,46.738861083984375
2006-02-01,46.578975677490234
2006-02-02,46.6669807434082
2006-02-03,46.998043060302734
2006-02-06,47.09111785888672
2006-02-07,46.86867904663086
2006-02-08,46.76008605957031
2006-02-09,46.97216796875
2006-02-10,46.7134895324707
2006-02-13,46.718719482421875
2006-02-14,46.553123474121094
2006-02-15,46.6669807434082
2006-02-16,46.67728042602539
2006-02-17,47.04975891113281
2006-02-21,46.97216796875
2006-02-22,47.29289245605469
2006-02-23,47.17390823364258
2006-02-24,47.10146713256836
2006-02-27,47.023895263671875
2006-02-28,47.256690979003906
2006-03-01,46.97116470336914
2006-03-02,46.644100189208984
2006-03-03,46.37417984008789
2006-03-06,45.96923828125
2006-03-07,46.000396728515625
2006-03-08,45.984825134277344
2006-03-09,46.000396728515625
2006-03-10,45.8291130065918
2006-03-13,45.79271697998047
2006-03-14,46.09901428222656
2006-03-15,45.84983444213867
2006-03-16,46.26511764526367
2006-03-17,46.12497329711914
2006-03-20,46.19770050048828
2006-03-21,45.958858489990234
2006-03-22,46.05751419067383
2006-03-23,45.91212844848633
2006-03-24,46.249595642089844
2006-03-27,46.07827377319336
2006-03-28,45.64737319946289
2006-03-29,45.42938232421875
2006-03-30,45.112674713134766
2006-03-31,45.09710693359375
2006-04-03,45.111698150634766
2006-04-04,45.06480026245117
2006-04-05,45.127323150634766
2006-04-06,44.783416748046875
2006-04-07,44.34565734863281
2006-04-10,44.42902755737305
2006-04-11,44.58538055419922
2006-04-12,44.314369201660156
2006-04-13,44.00172424316406
2006-04-17,44.16332244873047
2006-04-18,44.2414436340332
2006-04-19,43.970497131347656
2006-04-20,43.933998107910156
2006-04-21,44.189327239990234
2006-04-24,44.36650085449219
2006-04-25,43.840213775634766
2006-04-26,43.76726150512695
2006-04-27,43.8245849609375
2006-04-28,43.85582733154297
2006-05-01,43.52626419067383
2006-05-02,43.641326904296875
2006-05-03,43.54716873168945
2006-05-04,43.47394943237305
2006-05-05,43.7354850769043
2006-05-08,43.76166915893555
2006-05-09,43.7354850769043
2006-05-10,43.813968658447266
2006-05-11,43.5994873046875
2006-05-12,43.23849105834961
2006-05-15,43.411190032958984
2006-05-16,43.7354850769043
2006-05-17,43.46349334716797
2006-05-18,44.05463790893555
2006-05-19,44.16972351074219
2006-05-22,44.26388931274414
2006-05-23,44.237735748291016
2006-05-24,44.258670806884766
2006-05-25,44.08600997924805
2006-05-26,44.05463790893555
2006-05-30,44.03369903564453
2006-05-31,43.77214431762695
2006-06-01,43.967552185058594
2006-06-02,44.53478240966797
2006-06-05,44.477012634277344
2006-06-06,44.687095642089844
2006-06-07,44.69760513305664
2006-06-08,44.78688049316406
2006-06-09,45.02326202392578
2006-06-12,45.06000518798828
2006-06-13,45.09152603149414
2006-06-14,44.63983154296875
2006-06-15,44.38246154785156
2006-06-16,44.28265380859375
2006-06-19,44.21966552734375
2006-06-20,44.1461067199707
2006-06-21,44.156612396240234
2006-06-22,43.904518127441406
2006-06-23,43.815208435058594
2006-06-26,43.73115158081055
2006-06-27,43.94652557373047
2006-06-28,43.71538162231445
2006-06-29,43.862483978271484
2006-06-30,44.287899017333984
2006-07-03,44.2441520690918
2006-07-05,43.89085388183594
2006-07-06,44.1597785949707
2006-07-07,44.44452667236328
2006-07-10,44.48667526245117
2006-07-11,44.62907791137695
2006-07-12,44.639591217041016
2006-07-13,44.813621520996094
2006-07-14,44.83993911743164
2006-07-17,44.908531188964844
2006-07-18,44.523616790771484
2006-07-19,44.94541931152344
2006-07-20,45.077274322509766
2006-07-21,44.99289321899414
2006-07-24,44.96651840209961
2006-07-25,44.83469772338867
2006-07-26,44.99813461303711
2006-07-27,44.9295768737793
2006-07-28,45.188018798828125
2006-07-31,45.245994567871094
2006-08-01,45.24177932739258
2006-08-02,45.411163330078125
2006-08-03,45.4217414855957
2006-08-04,45.697021484375
2006-08-07,45.72348403930664
2006-08-08,45.62291717529297
2006-08-09,45.47466278076172
2006-08-10,45.40585708618164
2006-08-11,45.209964752197266
2006-08-14,45.13056182861328
2006-08-15,45.51177215576172
2006-08-16,45.81880187988281
2006-08-17,45.802886962890625
2006-08-18,45.93522644042969
2006-08-21,46.099361419677734
2006-08-22,46.11526870727539
2006-08-23,46.13642120361328
2006-08-24,46.22112274169922
2006-08-25,46.289939880371094
2006-08-28,46.3322868347168
2006-08-29,46.395835876464844
2006-08-30,46.5175895690918
2006-08-31,46.6287727355957
2006-09-01,46.644676208496094
2006-09-05,46.352386474609375
2006-09-06,46.28861618041992
2006-09-07,46.37896728515625
2006-09-08,46.4161376953125
2006-09-11,46.373619079589844
2006-09-12,46.60752487182617
2006-09-13,46.62875747680664
2006-09-14,46.52242660522461
2006-09-15,46.48524856567383
2006-09-18,46.41080093383789
2006-09-19,46.93171310424805
2006-09-20,47.00083923339844
2006-09-21,47.43132781982422
2006-09-22,47.665191650390625
2006-09-25,48.00003433227539
2006-09-26,47.79808807373047
2006-09-27,47.65987014770508
2006-09-28,47.58012008666992
2006-09-29,47.52170181274414
2006-10-02,47.65190124511719
2006-10-03,47.587852478027344
2006-10-04,47.9346809387207
2006-10-05,47.5984992980957
2006-10-06,47.10225296020508
2006-10-09,47.23032760620117
2006-10-10,46.85679244995117
2006-10-11,46.718082427978516
2006-10-12,46.74471664428711
2006-10-13,46.50994110107422
2006-10-16,46.718082427978516
2006-10-17,46.75540542602539
2006-10-18,46.8514518737793
2006-10-19,46.76609420776367
2006-10-20,46.718082427978516
2006-10-23,46.53124237060547
2006-10-24,46.53124237060547
2006-10-25,46.89947509765625
2006-10-26,47.203651428222656
2006-10-27,47.42240524291992
2006-10-30,47.55582046508789
2006-10-31,47.924015045166016
2006-11-01,48.18918228149414
2006-11-02,47.99099349975586
2006-11-03,47.42316818237305
2006-11-06,47.56241989135742
2006-11-07,47.78205871582031
2006-11-08,47.95345687866211
2006-11-09,47.926700592041016
2006-11-10,48.13560104370117
2006-11-13,48.12490463256836
2006-11-14,48.312355041503906
2006-11-15,48.13025665283203
2006-11-16,47.910648345947266
2006-11-17,48.18379592895508
2006-11-20,48.25883483886719
2006-11-21,48.37666320800781
2006-11-22,48.45700454711914
2006-11-24,48.54271697998047
2006-11-27,48.719505310058594
2006-11-28,48.82129669189453
2006-11-29,48.70878982543945
2006-11-30,49.03019714355469
2006-12-01,49.15491485595703
2006-12-04,49.24094772338867
2006-12-05,49.00971984863281
2006-12-06,48.9129638671875
2006-12-07,48.875335693359375
2006-12-08,48.52043533325195
2006-12-11,48.73013687133789
2006-12-12,48.832313537597656
2006-12-13,48.39679718017578
2006-12-14,48.219390869140625
2006-12-15,48.24625015258789
2006-12-18,48.2623405456543
2006-12-19,48.19782257080078
2006-12-20,48.192508697509766
2006-12-21,48.43442916870117
2006-12-22,48.063411712646484
2006-12-26,48.208621978759766
2006-12-27,47.854129791259766
2006-12-28,47.746246337890625
2006-12-29,47.70848846435547
2007-01-03,48.04835891723633
2007-01-04,48.33971405029297
2007-01-05,48.129276275634766
2007-01-08,48.215614318847656
2007-01-09,48.215614318847656
2007-01-10,47.99979782104492
2007-01-11,47.719268798828125
2007-01-12,47.498104095458984
2007-01-16,47.60056686401367
2007-01-17,47.454891204833984
2007-01-18,47.60056686401367
2007-01-19,47.4710807800293
2007-01-22,47.58440017700195
2007-01-23,47.2714958190918
2007-01-24,47.26609420776367
2007-01-25,46.92620086669922
2007-01-26,46.888423919677734
2007-01-29,46.785926818847656
2007-01-30,46.839847564697266
2007-01-31,47.23374938964844
2007-02-01,47.176856994628906
2007-02-02,47.23640060424805
2007-02-05,47.301414489746094
2007-02-06,47.561466217041016
2007-02-07,47.7022819519043
2007-02-08,47.74020767211914
2007-02-09,47.4693717956543
2007-02-12,47.36103820800781
2007-02-13,47.25807571411133
2007-02-14,47.707725524902344
2007-02-15,47.84853744506836
2007-02-16,48.0164680480957
2007-02-20,48.12483215332031
2007-02-21,48.043540954589844
2007-02-22,47.783546447753906
2007-02-23,48.12483215332031
2007-02-26,48.444400787353516
2007-02-27,49.056541442871094
2007-02-28,48.83446502685547
2007-03-01,48.8034553527832
2007-03-02,49.04817199707031
2007-03-05,49.12970733642578
2007-03-06,48.98287582397461
2007-03-07,49.1732063293457
2007-03-08,49.12970733642578
2007-03-09,48.61310958862305
2007-03-12,48.8034553527832
2007-03-13,49.09709930419922
2007-03-14,48.87409973144531
2007-03-15,48.86871337890625
2007-03-16,48.85781478881836
2007-03-19,48.754512786865234
2007-03-20,48.78169250488281
2007-03-21,48.8034553527832
2007-03-22,48.41737365722656
2007-03-23,48.281410217285156
2007-03-26,48.34123992919922
2007-03-27,48.25967788696289
2007-03-28,48.16178512573242
2007-03-29,48.096561431884766
2007-03-30,48.00410842895508
2007-04-02,48.08380889892578
2007-04-03,48.023765563964844
2007-04-04,48.07290267944336
2007-04-05,47.89276123046875
2007-04-09,47.57621383666992
2007-04-10,47.71812438964844
2007-04-11,47.68537521362305
2007-04-12,47.69627380371094
2007-04-13,47.54894256591797
2007-04-16,47.810916900634766
2007-04-17,48.07833480834961
2007-04-18,48.31850051879883
2007-04-19,48.23658752441406
2007-04-20,48.11107635498047
2007-04-23,48.28574752807617
2007-04-24,48.465904235839844
2007-04-25,48.29666519165039
2007-04-26,47.94736099243164
2007-04-27,47.93644714355469
2007-04-30,48.43855285644531
2007-05-01,48.47361755371094
2007-05-02,48.446205139160156
2007-05-03,48.33665084838867
2007-05-04,48.533897399902344
2007-05-07,48.66535949707031
2007-05-08,48.555763244628906
2007-05-09,48.364078521728516
2007-05-10,48.4791145324707
2007-05-11,48.309303283691406
2007-05-14,48.18328094482422
2007-05-15,48.166831970214844
2007-05-16,48.13399124145508
2007-05-17,47.93674850463867
2007-05-18,47.61907958984375
2007-05-21,47.761478424072266
2007-05-22,47.515018463134766
2007-05-23,47.37807083129883
2007-05-24,47.4218864440918
2007-05-25,47.31234359741211
2007-05-29,47.306827545166016
2007-05-30,47.40541076660156
2007-05-31,47.317771911621094
2007-06-01,47.06918716430664
2007-06-04,47.283695220947266
2007-06-05,46.98671340942383
2007-06-06,46.9647331237793
2007-06-07,46.12335205078125
2007-06-08,46.08483123779297
2007-06-11,45.952857971191406
2007-06-12,45.28739547729492
2007-06-13,45.82632827758789
2007-06-14,45.710899353027344
2007-06-15,46.02435302734375
2007-06-18,45.930870056152344
2007-06-19,46.359806060791016
2007-06-20,45.985836029052734
2007-06-21,45.765865325927734
2007-06-22,46.06279754638672
2007-06-25,46.31578826904297
2007-06-26,46.326759338378906
2007-06-27,46.370784759521484
2007-06-28,46.359806060791016
2007-06-29,46.8382568359375
2007-07-02,47.08448028564453
2007-07-03,46.79740905761719
2007-07-05,46.27293014526367
2007-07-06,46.08524703979492
2007-07-09,46.2508659362793
2007-07-10,47.03474807739258
2007-07-11,46.548954010009766
2007-07-12,46.38885498046875
2007-07-13,46.515838623046875
2007-07-16,46.962974548339844
2007-07-17,46.86361312866211
2007-07-18,47.040287017822266
2007-07-19,47.02924346923828
2007-07-20,47.45437240600586
2007-07-23,47.37704849243164
2007-07-24,47.55369186401367
2007-07-25,47.64754104614258
2007-07-26,48.045021057128906
2007-07-27,48.18306350708008
2007-07-30,48.045021057128906
2007-07-31,48.3928337097168
2007-08-01,48.28807067871094
2007-08-02,48.40996551513672
2007-08-03,48.7314453125
2007-08-06,48.376731872558594
2007-08-07,48.33797073364258
2007-08-08,47.7504768371582
2007-08-09,47.81697082519531
2007-08-10,47.706146240234375
2007-08-13,47.8447265625
2007-08-14,47.97217559814453
2007-08-15,47.80038833618164
2007-08-16,48.29363250732422
2007-08-17,48.099632263183594
2007-08-20,48.12732696533203
2007-08-21,48.36008834838867
2007-08-22,48.282493591308594
2007-08-23,48.448787689208984
2007-08-24,48.68708419799805
2007-08-27,48.942054748535156
2007-08-28,49.0251350402832
2007-08-29,48.89219284057617
2007-08-30,49.219146728515625
2007-08-31,49.25796127319336
2007-09-04,49.281333923339844
2007-09-05,49.6764030456543
2007-09-06,49.54841232299805
2007-09-07,50.24959182739258
2007-09-10,50.63911437988281
2007-09-11,50.60014343261719
2007-09-12,50.410945892333984
2007-09-13,49.96018981933594
2007-09-14,50.032554626464844
2007-09-17,50.27184295654297
2007-09-18,49.89344024658203
2007-09-19,49.43152618408203
2007-09-20,48.49665832519531
2007-09-21,48.9084587097168
2007-09-24,49.04759216308594
2007-09-25,48.87509536743164
2007-09-26,48.919620513916016
2007-09-27,49.259056091308594
2007-09-28,49.37034225463867
2007-10-01,49.6524543762207
2007-10-02,49.80889129638672
2007-10-03,49.66362762451172
2007-10-04,49.85357666015625
2007-10-05,49.31726837158203
2007-10-08,49.27819061279297
2007-10-09,49.2166862487793
2007-10-10,49.24463653564453
2007-10-11,49.19438171386719
2007-10-12,48.95414733886719
2007-10-15,48.96531295776367
2007-10-16,48.98208236694336
2007-10-17,49.51839065551758
2007-10-18,49.79212951660156
2007-10-19,50.535118103027344
2007-10-22,50.540679931640625
2007-10-23,50.473663330078125
2007-10-24,50.84794616699219
2007-10-25,50.674781799316406
2007-10-26,50.557498931884766
2007-10-29,50.75296401977539
2007-10-30,50.72504425048828
2007-10-31,50.266990661621094
2007-11-01,50.92008972167969
2007-11-02,51.08280944824219
2007-11-05,51.06035614013672
2007-11-06,50.8134651184082
2007-11-07,50.90324783325195
2007-11-08,50.8134651184082
2007-11-09,51.24551773071289
2007-11-12,51.43071365356445
2007-11-13,51.23991775512695
2007-11-14,51.29602813720703
2007-11-15,51.778594970703125
2007-11-16,51.851539611816406
2007-11-19,52.188167572021484
2007-11-20,52.13203811645508
2007-11-21,52.43506622314453
2007-11-23,52.59217071533203
2007-11-26,53.630226135253906
2007-11-27,53.119606018066406
2007-11-28,52.760536193847656
2007-11-29,53.21501922607422
2007-11-30,52.9569206237793
2007-12-03,53.37715530395508
2007-12-04,53.371551513671875
2007-12-05,52.73494338989258
2007-12-06,52.272972106933594
2007-12-07,51.687110900878906
2007-12-10,51.37725830078125
2007-12-11,52.38563919067383
2007-12-12,51.84483337402344
2007-12-13,51.281517028808594
2007-12-14,51.04487609863281
2007-12-17,51.50120544433594
2007-12-18,51.83356475830078
2007-12-19,52.520904541015625
2007-12-20,52.40819549560547
2007-12-21,51.64207077026367
2007-12-24,51.39982223510742
2007-12-26,50.94914245605469
2007-12-27,51.50457763671875
2007-12-28,52.3077278137207
2007-12-31,52.624488830566406
2008-01-02,53.38240432739258
2008-01-03,53.308837890625
2008-01-04,53.320159912109375
2008-01-07,53.552066802978516
2008-01-08,53.4898796081543
2008-01-09,53.591670989990234
2008-01-10,52.86769104003906
2008-01-11,53.28059005737305
2008-01-14,53.47856903076172
2008-01-15,54.07807540893555
2008-01-16,53.687801361083984
2008-01-17,54.3835334777832
2008-01-18,54.01022720336914
2008-01-22,54.587135314941406
2008-01-23,54.46274185180664
2008-01-24,53.371055603027344
2008-01-25,54.2703971862793
2008-01-28,54.066795349121094
2008-01-29,53.69914627075195
2008-01-30,53.34843826293945
2008-01-31,53.727413177490234
2008-02-01,54.050357818603516
2008-02-04,53.49413299560547
2008-02-05,53.90282440185547
2008-02-06,53.73817825317383
2008-02-07,52.580352783203125
2008-02-08,53.18196105957031
2008-02-11,53.40333557128906
2008-02-12,53.085479736328125
2008-02-13,52.52360534667969
2008-02-14,51.751651763916016
2008-02-15,52.149009704589844
2008-02-19,51.62113571166992
2008-02-20,51.97871398925781
2008-02-21,52.52924346923828
2008-02-22,52.22844696044922
2008-02-25,51.694889068603516
2008-02-26,51.7119255065918
2008-02-27,51.75737762451172
2008-02-28,52.67677307128906
2008-02-29,53.48283386230469
2008-03-03,53.34491729736328
2008-03-04,52.8265380859375
2008-03-05,52.19417953491211
2008-03-06,52.47332000732422
2008-03-07,52.541664123535156
2008-03-10,53.31638717651367
2008-03-11,52.86067199707031
2008-03-12,53.88039016723633
2008-03-13,53.45885467529297
2008-03-14,54.11969757080078
2008-03-17,54.53555679321289
2008-03-18,54.32481002807617
2008-03-19,55.2248649597168
2008-03-20,55.36157989501953
2008-03-24,54.29058837890625
2008-03-25,54.51848220825195
2008-03-26,54.29058837890625
2008-03-27,53.90890884399414
2008-03-28,54.43301773071289
2008-03-31,54.626712799072266
2008-04-01,53.737640380859375
2008-04-02,53.85204315185547
2008-04-03,53.972164154052734
2008-04-04,54.464229583740234
2008-04-07,54.17818832397461
2008-04-08,53.9893913269043
2008-04-09,54.55004119873047
2008-04-10,54.3669548034668
2008-04-11,54.73311233520508
2008-04-14,54.412696838378906
2008-04-15,53.737640380859375
2008-04-16,53.21132278442383
2008-04-17,53.11979675292969
2008-04-18,53.074012756347656
2008-04-21,53.285675048828125
2008-04-22,53.46876525878906
2008-04-23,53.29143524169922
2008-04-24,52.83946990966797
2008-04-25,52.530452728271484
2008-04-28,52.690711975097656
2008-04-29,52.890933990478516
2008-04-30,53.268531799316406
2008-05-01,53.27195358276367
2008-05-02,52.60017776489258
2008-05-05,52.60017776489258
2008-05-06,52.22118377685547
2008-05-07,52.445186614990234
2008-05-08,52.91596221923828
2008-05-09,53.111236572265625
2008-05-12,53.030826568603516
2008-05-13,52.45094299316406
2008-05-14,52.47386932373047
2008-05-15,52.950443267822266
2008-05-16,52.73226547241211
2008-05-19,52.80116271972656
2008-05-20,53.076759338378906
2008-05-21,53.0882682800293
2008-05-22,52.46236038208008
2008-05-23,52.69205856323242
2008-05-27,52.33610916137695
2008-05-28,51.87100601196289
2008-05-29,51.49776077270508
2008-05-30,51.83652114868164
2008-06-02,52.03651809692383
2008-06-03,52.411075592041016
2008-06-04,51.94427490234375
2008-06-05,51.63312911987305
2008-06-06,52.301578521728516
2008-06-09,52.301578521728516
2008-06-10,51.96160888671875
2008-06-11,51.8405876159668
2008-06-12,51.32194137573242
2008-06-13,51.212459564208984
2008-06-16,51.22398376464844
2008-06-17,51.32771301269531
2008-06-18,51.75987243652344
2008-06-19,51.45447540283203
2008-06-20,51.754093170166016
2008-06-23,51.863624572753906
2008-06-24,52.20939254760742
2008-06-25,52.23242950439453
2008-06-26,52.5839729309082
2008-06-27,53.20050048828125
2008-06-30,53.21208572387695
2008-07-01,53.085975646972656
2008-07-02,53.36356735229492
2008-07-03,53.24794387817383
2008-07-07,53.49089050292969
2008-07-08,53.83784103393555
2008-07-09,54.07497787475586
2008-07-10,54.06917953491211
2008-07-11,53.299991607666016
2008-07-14,53.76844024658203
2008-07-15,53.751060485839844
2008-07-16,52.77951431274414
2008-07-17,52.5077018737793
2008-07-18,52.31098175048828
2008-07-21,52.51344680786133
2008-07-22,52.253170013427734
2008-07-23,52.149105072021484
2008-07-24,52.65802001953125
2008-07-25,52.1317138671875
2008-07-28,52.65802001953125
2008-07-29,52.44399642944336
2008-07-30,52.49612045288086
2008-07-31,53.0165901184082
2008-08-01,53.133827209472656
2008-08-04,53.011966705322266
2008-08-05,52.617271423339844
2008-08-06,52.402488708496094
2008-08-07,53.25574493408203
2008-08-08,53.40086364746094
2008-08-11,52.89009094238281
2008-08-12,53.383453369140625
2008-08-13,53.19768524169922
2008-08-14,53.54017639160156
2008-08-15,54.0045051574707
2008-08-18,54.219303131103516
2008-08-19,54.01034164428711
2008-08-20,54.1612663269043
2008-08-21,54.06260681152344
2008-08-22,54.02774429321289
2008-08-25,54.567535400390625
2008-08-26,54.61400604248047
2008-08-27,54.70686340332031
2008-08-28,54.71263885498047
2008-08-29,54.46889114379883
2008-09-02,54.975730895996094
2008-09-03,55.20866394042969
2008-09-04,55.65146255493164
2008-09-05,55.62230682373047
2008-09-08,55.855342864990234
2008-09-09,56.40873336791992
2008-09-10,56.05924606323242
2008-09-11,56.030120849609375
2008-09-12,55.307777404785156
2008-09-15,57.10203170776367
2008-09-16,57.090370178222656
2008-09-17,57.37580871582031
2008-09-18,56.536922454833984
2008-09-19,54.74266815185547
2008-09-22,54.73681640625
2008-09-23,54.52711868286133
2008-09-24,54.765995025634766
2008-09-25,54.6552734375
2008-09-26,55.05144500732422
2008-09-29,56.6534423828125
2008-09-30,55.272804260253906
2008-10-01,55.96817398071289
2008-10-02,56.418128967285156
2008-10-03,56.914794921875
2008-10-06,57.949058532714844
2008-10-07,57.77378463745117
2008-10-08,56.943992614746094
2008-10-09,56.464881896972656
2008-10-10,56.06755065917969
2008-10-13,55.34877014160156
2008-10-14,54.9922981262207
2008-10-15,55.518226623535156
2008-10-16,55.231895446777344
2008-10-17,54.85209274291992
2008-10-20,55.29032516479492
2008-10-21,55.582481384277344
2008-10-22,56.71025466918945
2008-10-23,57.13101577758789
2008-10-24,56.52333068847656
2008-10-27,56.56418228149414
2008-10-28,55.74027633666992
2008-10-29,55.45981216430664
2008-10-30,54.957210540771484
2008-10-31,54.24437713623047
2008-11-03,54.39097595214844
2008-11-04,55.411869049072266
2008-11-05,56.06892776489258
2008-11-06,55.66413497924805
2008-11-07,55.300357818603516
2008-11-10,55.570274353027344
2008-11-11,55.734493255615234
2008-11-12,56.092384338378906
2008-11-13,54.74887466430664
2008-11-14,55.83428955078125
2008-11-17,56.08066177368164
2008-11-18,56.802242279052734
2008-11-19,58.257240295410156
2008-11-20,61.266910552978516
2008-11-21,60.381046295166016
2008-11-24,59.436466217041016
2008-11-25,61.18478012084961
2008-11-26,61.266910552978516
2008-11-28,62.02372360229492
2008-12-01,64.39900970458984
2008-12-02,64.6461410522461
2008-12-03,64.82866668701172
2008-12-04,66.1060562133789
2008-12-05,65.0346908569336
2008-12-08,64.89341735839844
2008-12-09,66.17666625976562
2008-12-10,66.01774597167969
2008-12-11,66.14725494384766
2008-12-12,66.14725494384766
2008-12-15,66.9007568359375
2008-12-16,68.5548095703125
2008-12-17,70.4150390625
2008-12-18,71.89257049560547
2008-12-19,71.96908569335938
2008-12-22,71.41572570800781
2008-12-23,71.321533203125
2008-12-24,71.16852569580078
2008-12-26,71.40396118164062
2008-12-29,71.31829833984375
2008-12-30,71.99752044677734
2008-12-31,70.49140930175781
2009-01-02,68.71953582763672
2009-01-05,66.94763946533203
2009-01-06,66.2743148803711
2009-01-07,66.53421783447266
2009-01-08,66.48107147216797
2009-01-09,66.58142852783203
2009-01-12,67.27252197265625
2009-01-13,67.3434066772461
2009-01-14,68.4537353515625
2009-01-15,68.56599426269531
2009-01-16,67.50877380371094
2009-01-20,67.49699401855469
2009-01-21,65.36479949951172
2009-01-22,64.10675811767578
2009-01-23,63.604698181152344
2009-01-26,63.04951477050781
2009-01-27,64.53202056884766
2009-01-28,62.9195442199707
2009-01-29,61.472537994384766
2009-01-30,61.27763366699219
2009-02-02,62.41774368286133
2009-02-03,60.931190490722656
2009-02-04,60.71794509887695
2009-02-05,60.77128219604492
2009-02-06,60.581756591796875
2009-02-09,60.7772102355957
2009-02-10,62.09794998168945
2009-02-11,62.90336227416992
2009-02-12,62.311153411865234
2009-02-13,60.65279006958008
2009-02-17,62.54209899902344
2009-02-18,62.00905990600586
2009-02-19,60.954830169677734
2009-02-20,61.5471305847168
2009-02-23,62.11564254760742
2009-02-24,62.05051040649414
2009-02-25,61.33384704589844
2009-02-26,60.68830108642578
2009-02-27,60.338966369628906
2009-03-02,61.337833404541016
2009-03-03,60.928070068359375
2009-03-04,60.6489372253418
2009-03-05,62.3355827331543
2009-03-06,61.919925689697266
2009-03-09,61.557594299316406
2009-03-10,60.375732421875
2009-03-11,61.029014587402344
2009-03-12,61.320045471191406
2009-03-13,61.01118850708008
2009-03-16,60.04911422729492
2009-03-17,59.72243118286133
2009-03-18,61.98522186279297
2009-03-19,62.062408447265625
2009-03-20,61.717933654785156
2009-03-23,61.18345642089844
2009-03-24,61.765445709228516
2009-03-25,60.93406677246094
2009-03-26,61.64076232910156
2009-03-27,62.09810256958008
2009-03-30,62.3355827331543
2009-03-31,62.781044006347656
2009-04-01,63.35395431518555
2009-04-02,62.57974624633789
2009-04-03,61.299163818359375
2009-04-06,61.0371208190918
2009-04-07,61.19192886352539
2009-04-08,61.73395538330078
2009-04-09,60.959659576416016
2009-04-13,61.5195198059082
2009-04-14,61.841163635253906
2009-04-15,61.73395538330078
2009-04-16,61.245582580566406
2009-04-17,60.572532653808594
2009-04-20,61.48971939086914
2009-04-21,60.88225555419922
2009-04-22,60.51295852661133
2009-04-23,60.507057189941406
2009-04-24,59.899513244628906
2009-04-27,60.15562057495117
2009-04-28,59.17286682128906
2009-04-29,58.64874267578125
2009-04-30,58.41646957397461
2009-05-01,58.01438522338867
2009-05-04,58.20561218261719
2009-05-05,58.13390350341797
2009-05-06,57.99652862548828
2009-05-07,56.58061599731445
2009-05-08,56.71802520751953
2009-05-11,57.52452850341797
2009-05-12,57.73365783691406
2009-05-13,58.36093521118164
2009-05-14,58.58792495727539
2009-05-15,58.570011138916016
2009-05-18,57.661903381347656
2009-05-19,57.35725021362305
2009-05-20,57.96064376831055
2009-05-21,56.50297164916992
2009-05-22,55.87569808959961
2009-05-26,55.03330993652344
2009-05-27,54.0595703125
2009-05-28,54.8421745300293
2009-05-29,56.258026123046875
2009-06-01,54.594844818115234
2009-06-02,54.888511657714844
2009-06-03,55.40395736694336
2009-06-04,54.25920486450195
2009-06-05,53.84560775756836
2009-06-08,53.70779800415039
2009-06-09,53.70180130004883
2009-06-10,52.856712341308594
2009-06-11,53.444053649902344
2009-06-12,53.92354965209961
2009-06-15,54.40903854370117
2009-06-16,55.35597610473633
2009-06-17,55.044307708740234
2009-06-18,54.21125411987305
2009-06-19,54.954437255859375
2009-06-22,55.48786544799805
2009-06-23,56.14115524291992
2009-06-24,55.57779312133789
2009-06-25,56.5966682434082
2009-06-26,56.69255447387695
2009-06-29,56.77644729614258
2009-06-30,56.68056106567383
2009-07-01,56.56816864013672
2009-07-02,56.700416564941406
2009-07-06,56.592185974121094
2009-07-07,56.9709587097168
2009-07-08,58.02317428588867
2009-07-09,57.33176040649414
2009-07-10,57.86089324951172
2009-07-13,57.53620147705078
2009-07-14,56.58013916015625
2009-07-15,55.125099182128906
2009-07-16,55.72032928466797
2009-07-17,54.86046600341797
2009-07-20,55.14909362792969
2009-07-21,56.24943542480469
2009-07-22,55.74436569213867
2009-07-23,54.722206115722656
2009-07-24,54.98677444458008
2009-07-27,54.35543441772461
2009-07-28,54.83647155761719
2009-07-29,55.13706970214844
2009-07-30,55.91876220703125
2009-07-31,57.00705337524414
2009-08-03,56.143150329589844
2009-08-04,55.69673156738281
2009-08-05,54.86414337158203
2009-08-06,55.05116271972656
2009-08-07,54.59264373779297
2009-08-10,55.274410247802734
2009-08-11,55.91390609741211
2009-08-12,55.316619873046875
2009-08-13,56.10088348388672
2009-08-14,56.318058013916016
2009-08-17,57.150665283203125
2009-08-18,56.818809509277344
2009-08-19,57.28943634033203
2009-08-20,57.76001739501953
2009-08-21,56.571441650390625
2009-08-24,57.59706115722656
2009-08-25,57.92285919189453
2009-08-26,58.18829345703125
2009-08-27,57.959068298339844
2009-08-28,58.22446823120117
2009-08-31,58.27878189086914
2009-09-01,58.13777160644531
2009-09-02,58.985164642333984
2009-09-03,58.62195587158203
2009-09-04,57.62333679199219
2009-09-08,57.217857360839844
2009-09-09,57.151248931884766
2009-09-10,58.20435333251953
2009-09-11,58.52513885498047
2009-09-14,57.944129943847656
2009-09-15,57.64756774902344
2009-09-16,57.75043487548828
2009-09-17,58.47676467895508
2009-09-18,57.95623779296875
2009-09-21,58.08941650390625
2009-09-22,58.21041488647461
2009-09-23,58.385955810546875
2009-09-24,58.55539321899414
2009-09-25,59.299827575683594
2009-09-28,59.820308685302734
2009-09-29,59.765830993652344
2009-09-30,59.7114372253418
2009-10-01,60.52914810180664
2009-10-02,60.1102180480957
2009-10-05,60.11632537841797
2009-10-06,59.52136993408203
2009-10-07,60.219581604003906
2009-10-08,59.58817672729492
2009-10-09,58.222129821777344
2009-10-12,58.31319808959961
2009-10-13,58.61676788330078
2009-10-14,57.748592376708984
2009-10-15,57.4814453125
2009-10-16,57.94892883300781
2009-10-19,58.40428161621094
2009-10-20,58.719940185546875
2009-10-21,58.367862701416016
2009-10-22,58.082454681396484
2009-10-23,57.64539337158203
2009-10-26,56.898658752441406
2009-10-27,57.675750732421875
2009-10-28,57.94892883300781
2009-10-29,57.31751251220703
2009-10-30,58.14925765991211
2009-11-02,57.8922004699707
2009-11-03,57.31362533569336
2009-11-04,56.789852142333984
2009-11-05,56.789852142333984
2009-11-06,56.84469223022461
2009-11-09,56.91168975830078
2009-11-10,56.80811309814453
2009-11-11,57.04566192626953
2009-11-12,56.94215393066406
2009-11-13,57.20393371582031
2009-11-16,57.8740234375
2009-11-17,58.18461227416992
2009-11-18,57.84355163574219
2009-11-19,57.94702911376953
2009-11-20,57.93490982055664
2009-11-23,57.86178970336914
2009-11-24,58.22721862792969
2009-11-25,58.49525451660156
2009-11-27,58.71449661254883
2009-11-30,58.85456466674805
2009-12-01,58.19902038574219
2009-12-02,58.247859954833984
2009-12-03,57.64295196533203
2009-12-04,57.03190994262695
2009-12-07,57.1052360534668
2009-12-08,57.19076156616211
2009-12-09,56.92809295654297
2009-12-10,56.274269104003906
2009-12-11,56.2681884765625
2009-12-14,56.33540344238281
2009-12-15,56.084877014160156
2009-12-16,56.01766586303711
2009-12-17,56.9403190612793
2009-12-18,56.695858001708984
2009-12-21,55.68770980834961
2009-12-22,55.37607955932617
2009-12-23,55.38834762573242
2009-12-24,54.81393051147461
2009-12-28,54.66121292114258
2009-12-29,55.021759033203125
2009-12-30,55.38356018066406
2009-12-31,55.11983108520508
2010-01-04,55.070838928222656
2010-01-05,55.42648696899414
2010-01-06,54.68455123901367
2010-01-07,54.776451110839844
2010-01-08,54.75193786621094
2010-01-11,54.45149612426758
2010-01-12,55.38356018066406
2010-01-13,54.739707946777344
2010-01-14,55.50616455078125
2010-01-15,55.84958267211914
2010-01-19,55.69012451171875
2010-01-20,56.25430679321289
2010-01-21,56.51179122924805
2010-01-22,56.4136962890625
2010-01-25,56.15618896484375
2010-01-26,56.17459487915039
2010-01-27,56.14387130737305
2010-01-28,56.11323547363281
2010-01-29,56.603790283203125
2010-02-01,56.08998489379883
2010-02-02,56.24998092651367
2010-02-03,55.59767532348633
2010-02-04,56.477657318115234
2010-02-05,56.60074234008789
2010-02-08,56.674530029296875
2010-02-09,56.108421325683594
2010-02-10,55.57308578491211
2010-02-11,55.27159118652344
2010-02-12,55.49924087524414
2010-02-16,55.603858947753906
2010-02-17,54.97004699707031
2010-02-18,54.748504638671875
2010-02-19,55.04384994506836
2010-02-22,54.816200256347656
2010-02-23,55.67149353027344
2010-02-24,55.80692672729492
2010-02-25,56.1207275390625
2010-02-26,56.41001510620117
2010-03-01,56.3852653503418
2010-03-02,56.31121826171875
2010-03-03,56.16920471191406
2010-03-04,56.46550750732422
2010-03-05,55.724735260009766
2010-03-08,55.43458557128906
2010-03-09,55.44697952270508
2010-03-10,55.30495834350586
2010-03-11,55.50867462158203
2010-03-12,55.85437774658203
2010-03-15,55.780330657958984
2010-03-16,56.22476577758789
2010-03-17,56.46550750732422
2010-03-18,56.28030776977539
2010-03-19,56.33589553833008
2010-03-22,56.39757537841797
2010-03-23,56.132164001464844
2010-03-24,55.107418060302734
2010-03-25,54.75558090209961
2010-03-26,54.909881591796875
2010-03-29,54.70002365112305
2010-03-30,54.87285232543945
2010-03-31,55.249420166015625
2010-04-01,55.11433410644531
2010-04-05,54.19729232788086
2010-04-06,54.2840461730957
2010-04-07,54.977989196777344
2010-04-08,55.0027961730957
2010-04-09,55.13290786743164
2010-04-12,55.424129486083984
2010-04-13,55.60383605957031
2010-04-14,55.2134895324707
2010-04-15,55.27540969848633
2010-04-16,55.678184509277344
2010-04-19,55.5418586730957
2010-04-20,55.74015808105469
2010-04-21,56.19868469238281
2010-04-22,56.03133773803711
2010-04-23,55.83309555053711
2010-04-26,55.895084381103516
2010-04-27,56.68195343017578
2010-04-28,56.19868469238281
2010-04-29,56.4340934753418
2010-04-30,57.0847053527832
2010-05-03,57.01008605957031
2010-05-04,58.03602981567383
2010-05-05,58.37797546386719
2010-05-06,60.18111801147461
2010-05-07,59.42879104614258
2010-05-10,58.19765090942383
2010-05-11,58.0484504699707
2010-05-12,57.606990814208984
2010-05-13,57.986263275146484
2010-05-14,58.99350357055664
2010-05-17,58.77590560913086
2010-05-18,59.67747116088867
2010-05-19,59.87642288208008
2010-05-20,61.13863754272461
2010-05-21,61.200782775878906
2010-05-24,60.98943328857422
2010-05-25,61.287845611572266
2010-05-26,61.11373519897461
2010-05-27,59.72722244262695
2010-05-28,60.00080108642578
2010-06-01,60.42251968383789
2010-06-02,59.84859848022461
2010-06-03,59.41187286376953
2010-06-04,61.00895309448242
2010-06-07,61.47688674926758
2010-06-08,61.17123031616211
2010-06-09,61.102569580078125
2010-06-10,60.010765075683594
2010-06-11,60.771881103515625
2010-06-14,60.45995330810547
2010-06-15,60.210445404052734
2010-06-16,60.55360412597656
2010-06-17,61.04643249511719
2010-06-18,60.94657897949219
2010-06-21,60.771881103515625
2010-06-22,61.49559783935547
2010-06-23,61.9135856628418
2010-06-24,61.545501708984375
2010-06-25,61.795101165771484
2010-06-28,62.37529373168945
2010-06-29,63.0553092956543
2010-06-30,63.479591369628906
2010-07-01,63.57965087890625
2010-07-02,63.072757720947266
2010-07-06,63.592159271240234
2010-07-07,62.84751510620117
2010-07-08,62.446956634521484
2010-07-09,62.09029769897461
2010-07-12,62.06526184082031
2010-07-13,61.533348083496094
2010-07-14,62.15288162231445
2010-07-15,62.772369384765625
2010-07-16,63.07905197143555
2010-07-19,62.691036224365234
2010-07-20,62.78493118286133
2010-07-21,63.848724365234375
2010-07-22,63.11030960083008
2010-07-23,62.44074249267578
2010-07-26,62.33435821533203
2010-07-27,61.733585357666016
2010-07-28,61.93386459350586
2010-07-29,61.915077209472656
2010-07-30,62.87879943847656
2010-08-02,61.99610900878906
2010-08-03,62.35393142700195
2010-08-04,61.876827239990234
2010-08-05,62.165626525878906
2010-08-06,62.8436393737793
2010-08-09,62.611366271972656
2010-08-10,62.743186950683594
2010-08-11,63.584468841552734
2010-08-12,63.427494049072266
2010-08-13,64.21853637695312
2010-08-16,65.82569885253906
2010-08-17,65.44902038574219
2010-08-18,65.62480163574219
2010-08-19,66.64811706542969
2010-08-20,66.57279968261719
2010-08-23,66.58533477783203
2010-08-24,67.65265655517578
2010-08-25,67.43293762207031
2010-08-26,68.0669937133789
2010-08-27,66.13965606689453
2010-08-30,67.40779876708984
2010-08-31,68.15491485595703
2010-09-01,66.74571228027344
2010-09-02,66.04045867919922
2010-09-03,65.22186279296875
2010-09-07,66.55677032470703
2010-09-08,66.02787780761719
2010-09-09,64.72441864013672
2010-09-10,64.428466796875
2010-09-13,64.74335479736328
2010-09-14,65.36666870117188
2010-09-15,64.39700317382812
2010-09-16,63.76103973388672
2010-09-17,64.0191879272461
2010-09-20,64.39067840576172
2010-09-21,65.28486633300781
2010-09-22,65.87042236328125
2010-09-23,66.059326171875
2010-09-24,65.17149353027344
2010-09-27,66.30487060546875
2010-09-28,66.75823211669922
2010-09-29,66.48123168945312
2010-09-30,66.43714141845703
2010-10-01,66.11603546142578
2010-10-04,66.2867431640625
2010-10-05,65.88851928710938
2010-10-06,66.71647644042969
2010-10-07,66.1603012084961
2010-10-08,65.86954498291016
2010-10-11,65.88226318359375
2010-10-12,65.231201171875
2010-10-13,65.13011169433594
2010-10-14,64.15682220458984
2010-10-15,63.37308120727539
2010-10-18,63.88500213623047
2010-10-19,64.27054595947266
2010-10-20,64.40960693359375
2010-10-21,63.644813537597656
2010-10-22,64.07464599609375
2010-10-25,64.2579116821289
2010-10-26,63.265647888183594
2010-10-27,62.70941925048828
2010-10-28,62.88008117675781
2010-10-29,63.46788024902344
2010-11-01,63.19457244873047
2010-11-02,64.02518463134766
2010-11-03,62.71908187866211
2010-11-04,63.20729446411133
2010-11-05,62.1230583190918
2010-11-08,62.402008056640625
2010-11-09,61.026187896728516
2010-11-10,61.108642578125
2010-11-11,61.076908111572266
2010-11-12,60.7471923828125
2010-11-15,59.47914505004883
2010-11-16,60.956478118896484
2010-11-17,60.62040328979492
2010-11-18,60.86771774291992
2010-11-19,61.2418098449707
2010-11-22,61.50173568725586
2010-11-23,61.80611801147461
2010-11-24,60.70286560058594
2010-11-26,61.54612731933594
2010-11-29,62.07233428955078
2010-11-30,62.39574432373047
2010-12-01,61.008731842041016
2010-12-02,60.84968566894531
2010-12-03,60.372493743896484
2010-12-06,61.22504806518555
2010-12-07,59.91437530517578
2010-12-08,59.33543014526367
2010-12-09,59.62807846069336
2010-12-10,59.265438079833984
2010-12-13,59.48812484741211
2010-12-14,58.62285614013672
2010-12-15,57.8593635559082
2010-12-16,58.260162353515625
2010-12-17,59.32270431518555
2010-12-20,59.259098052978516
2010-12-21,59.67264938354492
2010-12-22,59.246368408203125
2010-12-23,59.12546157836914
2010-12-27,59.65353775024414
2010-12-28,58.485252380371094
2010-12-29,59.47483825683594
2010-12-30,59.43009567260742
2010-12-31,60.08768081665039
2011-01-03,59.6344108581543
2011-01-04,59.70464324951172
2011-01-05,58.38947677612305
2011-01-06,58.64485168457031
2011-01-07,58.957664489746094
2011-01-10,59.27684783935547
2011-01-11,58.94485855102539
2011-01-12,58.485252380371094
2011-01-13,59.00873947143555
2011-01-14,58.632102966308594
2011-01-18,58.357601165771484
2011-01-19,58.778926849365234
2011-01-20,57.96818923950195
2011-01-21,58.427799224853516
2011-01-24,58.45330810546875
2011-01-25,59.00873947143555
2011-01-26,58.1150016784668
2011-01-27,58.37674331665039
2011-01-28,58.683189392089844
2011-01-31,58.23627471923828
2011-02-01,57.94794845581055
2011-02-02,57.96078109741211
2011-02-03,57.48023986816406
2011-02-04,56.897281646728516
2011-02-07,57.19196319580078
2011-02-08,56.66664505004883
2011-02-09,57.159942626953125
2011-02-10,56.50004196166992
2011-02-11,57.313724517822266
2011-02-14,57.35215377807617
2011-02-15,57.608402252197266
2011-02-16,57.42259979248047
2011-02-17,57.5123176574707
2011-02-18,57.332881927490234
2011-02-22,58.191410064697266
2011-02-23,58.402828216552734
2011-02-24,58.7744255065918
2011-02-25,59.12038803100586
2011-02-28,59.197242736816406
2011-03-01,59.36884689331055
2011-03-02,58.456172943115234
2011-03-03,57.884159088134766
2011-03-04,58.3661994934082
2011-03-07,57.99343490600586
2011-03-08,57.639923095703125
2011-03-09,58.19906997680664
2011-03-10,59.176029205322266
2011-03-11,58.841800689697266
2011-03-14,58.816131591796875
2011-03-15,59.696659088134766
2011-03-16,60.371517181396484
2011-03-17,59.90876007080078
2011-03-18,60.0694465637207
2011-03-21,59.71593475341797
2011-03-22,59.915218353271484
2011-03-23,59.837989807128906
2011-03-24,59.388145446777344
2011-03-25,59.240333557128906
2011-03-28,59.32388687133789
2011-03-29,58.8675422668457
2011-03-30,59.33672332763672
2011-03-31,59.214599609375
2011-04-01,59.50250244140625
2011-04-04,59.5670280456543
2011-04-05,59.32821273803711
2011-04-06,58.437503814697266
2011-04-07,58.32139205932617
2011-04-08,58.01156234741211
2011-04-11,58.063167572021484
2011-04-12,58.689231872558594
2011-04-13,59.05712127685547
2011-04-14,59.01191711425781
2011-04-15,59.8122444152832
2011-04-18,59.947818756103516
2011-04-19,60.205963134765625
2011-04-20,59.81874084472656
2011-04-21,59.767120361328125
2011-04-25,59.993003845214844
2011-04-26,60.57393264770508
2011-04-27,59.95429229736328
2011-04-28,60.412513732910156
2011-04-29,60.59971237182617
2011-05-02,60.69692611694336
2011-05-03,61.040462493896484
2011-05-04,61.31267166137695
2011-05-05,61.89612579345703
2011-05-06,61.62387466430664
2011-05-09,61.55903244018555
2011-05-10,61.1182746887207
2011-05-11,61.46833038330078
2011-05-12,61.0793571472168
2011-05-13,61.63036346435547
2011-05-16,61.973876953125
2011-05-17,62.60908889770508
2011-05-18,61.77941131591797
2011-05-19,61.7535285949707
2011-05-20,61.78590774536133
2011-05-23,62.08406448364258
2011-05-24,62.317420959472656
2011-05-25,62.0257568359375
2011-05-26,62.557281494140625
2011-05-27,62.53135681152344
2011-05-31,62.67393112182617
2011-06-01,63.52091598510742
2011-06-02,62.31092834472656
2011-06-03,62.66877365112305
2011-06-06,62.19384002685547
2011-06-07,62.480072021484375
2011-06-08,62.96799087524414
2011-06-09,62.71426773071289
2011-06-10,63.19569778442383
2011-06-13,62.87691879272461
2011-06-14,61.927127838134766
2011-06-15,63.05255889892578
2011-06-16,63.33881759643555
2011-06-17,63.039493560791016
2011-06-20,63.11761474609375
2011-06-21,62.83786392211914
2011-06-22,62.87691879272461
2011-06-23,63.358306884765625
2011-06-24,63.0915641784668
2011-06-27,62.226322174072266
2011-06-28,61.725433349609375
2011-06-29,61.3155517578125
2011-06-30,61.21800231933594
2011-07-01,61.12009811401367
2011-07-05,61.25708770751953
2011-07-06,61.57045364379883
2011-07-07,61.38766860961914
2011-07-08,62.255863189697266
2011-07-11,63.18937683105469
2011-07-12,63.404788970947266
2011-07-13,63.581050872802734
2011-07-14,62.67364501953125
2011-07-15,62.77815246582031
2011-07-18,62.17106246948242
2011-07-19,63.46351623535156
2011-07-20,62.71282196044922
2011-07-21,62.22978591918945
2011-07-22,62.699806213378906
2011-07-25,62.014347076416016
2011-07-26,62.43865966796875
2011-07-27,62.44516372680664
2011-07-28,62.6801872253418
2011-07-29,63.92048645019531
2011-08-01,64.56564331054688
2011-08-02,66.50432586669922
2011-08-03,66.63529205322266
2011-08-04,69.00623321533203
2011-08-05,67.01516723632812
2011-08-08,69.13066864013672
2011-08-09,69.34024810791016
2011-08-10,71.40338134765625
2011-08-11,67.8010482788086
2011-08-12,69.14378356933594
2011-08-15,68.4429931640625
2011-08-16,69.5760498046875
2011-08-17,70.79427337646484
2011-08-18,72.24823760986328
2011-08-19,72.83116149902344
2011-08-22,72.64779663085938
2011-08-23,71.64569854736328
2011-08-24,69.60877990722656
2011-08-25,70.36198425292969
2011-08-26,71.05624389648438
2011-08-29,70.07382202148438
2011-08-30,71.20028686523438
2011-08-31,70.09999084472656
2011-09-01,71.58600616455078
2011-09-02,73.91151428222656
2011-09-06,74.68013763427734
2011-09-07,73.25456237792969
2011-09-08,73.91151428222656
2011-09-09,74.69981384277344
2011-09-12,74.77870178222656
2011-09-13,73.71444702148438
2011-09-14,74.33856201171875
2011-09-15,73.2020492553711
2011-09-16,73.73413848876953
2011-09-19,75.14002227783203
2011-09-20,75.4553451538086
2011-09-21,77.95165252685547
2011-09-22,80.88157653808594
2011-09-23,79.37718963623047
2011-09-26,78.10276794433594
2011-09-27,76.90716552734375
2011-09-28,76.88092803955078
2011-09-29,77.41299438476562
2011-09-30,79.35749053955078
2011-10-03,81.54144287109375
2011-10-04,80.50743865966797
2011-10-05,79.92789459228516
2011-10-06,78.45256042480469
2011-10-07,77.8730239868164
2011-10-10,76.77318572998047
2011-10-11,76.51632690429688
2011-10-12,75.40328216552734
2011-10-13,76.15408325195312
2011-10-14,75.0476303100586
2011-10-17,76.3450927734375
2011-10-18,75.8708724975586
2011-10-19,75.84455108642578
2011-10-20,75.30445861816406
2011-10-21,74.50757598876953
2011-10-24,74.63273620605469
2011-10-25,76.5294418334961
2011-10-26,75.1925277709961
2011-10-27,72.64376068115234
2011-10-28,73.40773010253906
2011-10-31,76.31875610351562
2011-11-01,78.87344360351562
2011-11-02,77.88957214355469
2011-11-03,76.81989288330078
2011-11-04,76.91231536865234
2011-11-07,77.4009780883789
2011-11-08,76.41048431396484
2011-11-09,77.9952163696289
2011-11-10,76.83306884765625
2011-11-11,76.3642578125
2011-11-14,77.59249877929688
2011-11-15,77.48682403564453
2011-11-16,78.19332122802734
2011-11-17,78.82061767578125
2011-11-18,78.80082702636719
2011-11-21,79.26962280273438
2011-11-22,80.15443420410156
2011-11-23,80.94019317626953
2011-11-25,79.76487731933594
2011-11-28,79.72521209716797
2011-11-29,79.071533203125
2011-11-30,77.83680725097656
2011-12-01,77.44623565673828
2011-12-02,78.53176879882812
2011-12-05,78.37293243408203
2011-12-06,77.62494659423828
2011-12-07,77.90296936035156
2011-12-08,78.8759994506836
2011-12-09,77.25428771972656
2011-12-12,78.1147689819336
2011-12-13,78.84293365478516
2011-12-14,80.33224487304688
2011-12-15,80.03439331054688
2011-12-16,80.96770477294922
2011-12-19,81.9936752319336
2011-12-20,79.94830322265625
2011-12-21,78.8363265991211
2011-12-22,79.16725158691406
2011-12-23,78.286865234375
2011-12-27,78.65874481201172
2011-12-28,80.11305236816406
2011-12-29,80.25917053222656
2011-12-30,80.51811218261719
2012-01-03,79.3095703125
2012-01-04,78.36653900146484
2012-01-05,78.22713470458984
2012-01-06,78.84468841552734
2012-01-09,78.70526123046875
2012-01-10,78.57240295410156
2012-01-11,79.5950698852539
2012-01-12,79.48214721679688
2012-01-13,80.27245330810547
2012-01-17,80.64433288574219
2012-01-18,79.66815185546875
2012-01-19,78.57240295410156
2012-01-20,77.68253326416016
2012-01-23,77.19120025634766
2012-01-24,77.33064270019531
2012-01-25,77.14466094970703
2012-01-26,78.16732788085938
2012-01-27,78.41304779052734
2012-01-30,79.33611297607422
2012-01-31,80.2525405883789
2012-02-01,79.333251953125
2012-02-02,79.29994201660156
2012-02-03,77.59588623046875
2012-02-06,78.36804962158203
2012-02-07,77.39614868164062
2012-02-08,77.45606994628906
2012-02-09,76.8769760131836
2012-02-10,77.87542724609375
2012-02-13,77.97532653808594
2012-02-14,78.38799285888672
2012-02-15,78.24825286865234
2012-02-16,77.62247467041016
2012-02-17,77.60247802734375
2012-02-21,76.74385833740234
2012-02-22,77.70899200439453
2012-02-23,77.70899200439453
2012-02-24,78.21493530273438
2012-02-27,78.90719604492188
2012-02-28,78.64763641357422
2012-02-29,78.16834259033203
2012-03-01,77.43241882324219
2012-03-02,78.15965270996094
2012-03-05,77.5392074584961
2012-03-06,78.4798812866211
2012-03-07,77.99951171875
2012-03-08,77.21892547607422
2012-03-09,77.37240600585938
2012-03-12,77.35902404785156
2012-03-13,75.99800872802734
2012-03-14,74.08322143554688
2012-03-15,74.19659423828125
2012-03-16,74.34339904785156
2012-03-19,73.45610046386719
2012-03-20,73.7496109008789
2012-03-21,74.5836181640625
2012-03-22,74.8237533569336
2012-03-23,75.53097534179688
2012-03-26,75.14401245117188
2012-03-27,75.68443298339844
2012-03-28,75.57766723632812
2012-03-29,76.14478302001953
2012-03-30,74.85713958740234
2012-04-02,75.27185821533203
2012-04-03,73.96752166748047
2012-04-04,74.98420715332031
2012-04-05,75.52603149414062
2012-04-09,77.29193115234375
2012-04-10,78.16819763183594
2012-04-11,77.23175048828125
2012-04-12,76.9106674194336
2012-04-13,78.15482330322266
2012-04-16,78.0411605834961
2012-04-17,77.99430084228516
2012-04-18,78.22172546386719
2012-04-19,78.29532623291016
2012-04-20,78.30868530273438
2012-04-23,78.87723541259766
2012-04-24,78.32201385498047
2012-04-25,77.92076110839844
2012-04-26,78.38899993896484
2012-04-27,78.45585632324219
2012-04-30,78.47590637207031
2012-05-01,78.06887817382812
2012-05-02,78.6187515258789
2012-05-03,78.5986328125
2012-05-04,79.21551513671875
2012-05-07,79.22893524169922
2012-05-08,79.65137481689453
2012-05-09,79.70498657226562
2012-05-10,79.47028350830078
2012-05-11,80.12743377685547
2012-05-14,81.24716186523438
2012-05-15,81.57575988769531
2012-05-16,81.81043243408203
2012-05-17,83.25875091552734
2012-05-18,83.27887725830078
2012-05-21,83.10455322265625
2012-05-22,82.1792221069336
2012-05-23,82.74915313720703
2012-05-24,82.43400573730469
2012-05-25,82.74244689941406
2012-05-29,82.48764038085938
2012-05-30,84.57971954345703
2012-05-31,85.55863189697266
2012-06-01,87.58984375
2012-06-04,86.89773559570312
2012-06-05,85.73533630371094
2012-06-06,84.0219955444336
2012-06-07,84.14965057373047
2012-06-08,84.12946319580078
2012-06-11,84.5124740600586
2012-06-12,83.73979187011719
2012-06-13,84.56623077392578
2012-06-14,84.45877838134766
2012-06-15,84.92906951904297
2012-06-18,85.385986328125
2012-06-19,84.27058410644531
2012-06-20,84.68714904785156
2012-06-21,85.13738250732422
2012-06-22,84.0018310546875
2012-06-25,85.22467803955078
2012-06-26,84.8887710571289
2012-06-27,85.02312469482422
2012-06-28,85.23141479492188
2012-06-29,84.1227798461914
2012-07-02,84.99071502685547
2012-07-03,84.33759307861328
2012-07-05,84.7685317993164
2012-07-06,85.55635833740234
2012-07-09,86.31050109863281
2012-07-10,86.48560333251953
2012-07-11,86.59333038330078
2012-07-12,87.20606994628906
2012-07-13,86.97708892822266
2012-07-16,87.38113403320312
2012-07-17,86.69432830810547
2012-07-18,86.74146270751953
2012-07-19,86.51923370361328
2012-07-20,87.57644653320312
2012-07-23,88.06796264648438
2012-07-24,88.7615737915039
2012-07-25,88.99042510986328
2012-07-26,88.17573547363281
2012-07-27,86.51249694824219
2012-07-30,87.15889739990234
2012-07-31,87.33403778076172
2012-08-01,86.89740753173828
2012-08-02,87.38997650146484
2012-08-03,85.97974395751953
2012-08-06,86.01348876953125
2012-08-07,84.90686798095703
2012-08-08,84.45469665527344
2012-08-09,84.39405822753906
2012-08-10,84.81912231445312
2012-08-13,84.67742919921875
2012-08-14,83.5302963256836
2012-08-15,82.35619354248047
2012-08-16,81.6544189453125
2012-08-17,82.05257415771484
2012-08-20,82.22123718261719
2012-08-21,82.58561706542969
2012-08-22,83.94866180419922
2012-08-23,84.2995834350586
2012-08-24,84.21855163574219
2012-08-27,84.71116638183594
2012-08-28,84.91362762451172
2012-08-29,84.5424575805664
2012-08-30,84.98106384277344
2012-08-31,86.18212890625
2012-09-04,86.0956039428711
2012-09-05,85.68988037109375
2012-09-06,84.2630386352539
2012-09-07,83.87081909179688
2012-09-10,84.07372283935547
2012-09-11,83.54631042480469
2012-09-12,82.50491333007812
2012-09-13,82.18033599853516
2012-09-14,79.99616241455078
2012-09-17,80.956298828125
2012-09-18,81.36212158203125
2012-09-19,81.89632415771484
2012-09-20,82.09917449951172
2012-09-21,82.1938705444336
2012-09-24,82.83624267578125
2012-09-25,83.65449523925781
2012-09-26,84.5538558959961
2012-09-27,83.95198059082031
2012-09-28,83.99933624267578
2012-10-01,84.31104278564453
2012-10-02,84.19586944580078
2012-10-03,84.22297668457031
2012-10-04,83.17262268066406
2012-10-05,82.09520721435547
2012-10-08,82.78641510009766
2012-10-09,82.63731384277344
2012-10-10,83.22008514404297
2012-10-11,83.7960433959961
2012-10-12,84.00613403320312
2012-10-15,83.81636047363281
2012-10-16,82.6576156616211
2012-10-17,81.89190673828125
2012-10-18,81.39044952392578
2012-10-19,82.4949722290039
2012-10-22,81.96649169921875
2012-10-23,83.13874053955078
2012-10-24,82.31884002685547
2012-10-25,81.89871978759766
2012-10-26,83.10489654541016
2012-10-31,83.59278106689453
2012-11-01,82.90838623046875
2012-11-02,82.84738159179688
2012-11-05,83.31490325927734
2012-11-06,82.52892303466797
2012-11-07,84.02645874023438
2012-11-08,85.27328491210938
2012-11-09,85.3681640625
2012-11-12,85.51046752929688
2012-11-13,85.79505157470703
2012-11-14,85.87638854980469
2012-11-15,85.70698547363281
2012-11-16,85.63246154785156
2012-11-19,85.15131378173828
2012-11-20,84.29753112792969
2012-11-21,84.25007629394531
2012-11-23,84.16875457763672
2012-11-26,84.5685806274414
2012-11-27,84.9006118774414
2012-11-28,84.77861022949219
2012-11-29,84.7922134399414
2012-11-30,84.5617904663086
2012-12-03,84.63987731933594
2012-12-04,85.12873840332031
2012-12-05,85.08795928955078
2012-12-06,85.27129364013672
2012-12-07,84.48374938964844
2012-12-10,84.85713958740234
2012-12-11,84.21210479736328
2012-12-12,83.23438262939453
2012-12-13,83.29547119140625
2012-12-14,83.920166015625
2012-12-17,82.6640625
2012-12-18,81.82218933105469
2012-12-19,82.09371948242188
2012-12-20,82.10733032226562
2012-12-21,83.00352478027344
2012-12-24,82.85418701171875
2012-12-26,83.15222930908203
2012-12-27,83.43122100830078
2012-12-28,83.90751647949219
2012-12-31,82.45816802978516
2013-01-02,81.3558120727539
2013-01-03,80.25344848632812
2013-01-04,80.56648254394531
2013-01-07,80.60049438476562
2013-01-08,81.13127899169922
2013-01-09,81.05641174316406
2013-01-10,80.83182525634766
2013-01-11,81.55316925048828
2013-01-14,81.3285903930664
2013-01-15,81.7027816772461
2013-01-16,81.87293243408203
2013-01-17,81.05641174316406
2013-01-18,81.68246459960938
2013-01-22,81.83895874023438
2013-01-23,81.71647644042969
2013-01-24,81.43072509765625
2013-01-25,80.31471252441406
2013-01-28,80.0221176147461
2013-01-29,79.57987213134766
2013-01-30,79.44368743896484
2013-01-31,79.8315658569336
2013-02-01,78.79498291015625
2013-02-04,79.80435180664062
2013-02-05,79.09505462646484
2013-02-06,79.74295806884766
2013-02-07,79.56560516357422
2013-02-08,79.87251281738281
2013-02-11,79.81111145019531
2013-02-12,79.61334991455078
2013-02-13,78.9654769897461
2013-02-14,79.68151092529297
2013-02-15,79.44967651367188
2013-02-19,79.05409240722656
2013-02-20,79.29278564453125
2013-02-21,79.756591796875
2013-02-22,79.81111145019531
2013-02-25,81.37966918945312
2013-02-26,80.90908813476562
2013-02-27,80.67044067382812
2013-02-28,80.8204345703125
2013-03-01,81.2605972290039
2013-03-04,80.83002471923828
2013-03-05,80.59762573242188
2013-03-06,79.86634063720703
2013-03-07,79.25125122070312
2013-03-08,78.42431640625
2013-03-11,78.4994888305664
2013-03-12,79.06675720214844
2013-03-13,78.9847412109375
2013-03-14,78.74552917480469
2013-03-15,79.11458587646484
2013-03-18,79.71601867675781
2013-03-19,80.25590515136719
2013-03-20,79.36064147949219
2013-03-21,80.12606811523438
2013-03-22,80.18760681152344
2013-03-25,80.11238098144531
2013-03-26,80.20809173583984
2013-03-27,80.89151000976562
2013-03-28,80.48146057128906
2013-04-01,81.08757781982422
2013-04-02,80.75888061523438
2013-04-03,81.48482513427734
2013-04-04,82.45746612548828
2013-04-05,84.12178802490234
2013-04-08,83.47793579101562
2013-04-09,83.27249908447266
2013-04-10,82.12871551513672
2013-04-11,82.28626251220703
2013-04-12,83.51220703125
2013-04-15,84.23823547363281
2013-04-16,83.54649353027344
2013-04-17,84.10128021240234
2013-04-18,84.30672454833984
2013-04-19,84.12866973876953
2013-04-22,84.19029235839844
2013-04-23,83.89579772949219
2013-04-24,84.1081314086914
2013-04-25,83.74510192871094
2013-04-26,84.51223754882812
2013-04-29,84.20398712158203
2013-04-30,84.25190734863281
2013-05-01,85.11746215820312
2013-05-02,85.00757598876953
2013-05-03,83.00341796875
2013-05-06,82.7975082397461
2013-05-07,82.4749526977539
2013-05-08,82.60531616210938
2013-05-09,82.39257049560547
2013-05-10,81.50715637207031
2013-05-13,80.88249969482422
2013-05-14,80.00398254394531
2013-05-15,80.53933715820312
2013-05-16,81.37667846679688
2013-05-17,80.34715270996094
2013-05-20,80.25103759765625
2013-05-21,80.88249969482422
2013-05-22,79.68135833740234
2013-05-23,80.05889129638672
2013-05-24,80.1687240600586
2013-05-28,78.13704681396484
2013-05-29,79.01557922363281
2013-05-30,78.8233871459961
2013-05-31,78.55572509765625
2013-06-03,78.97190856933594
2013-06-04,78.24266052246094
2013-06-05,79.32290649414062
2013-06-06,79.2746810913086
2013-06-07,77.85736083984375
2013-06-10,77.48585510253906
2013-06-11,78.40777587890625
2013-06-12,77.28631591796875
2013-06-13,78.49722290039062
2013-06-14,78.31147766113281
2013-06-17,77.89864349365234
2013-06-18,77.93989562988281
2013-06-19,77.13496398925781
2013-06-20,75.86894989013672
2013-06-21,74.58232879638672
2013-06-24,74.89196014404297
2013-06-25,74.22453308105469
2013-06-26,74.70619201660156
2013-06-27,75.46988677978516
2013-06-28,75.98590850830078
2013-07-01,76.1390380859375
2013-07-02,76.09072875976562
2013-07-03,75.86315155029297
2013-07-05,73.27716827392578
2013-07-08,73.98748016357422
2013-07-09,74.06332397460938
2013-07-10,73.48403930664062
2013-07-11,74.34603118896484
2013-07-12,74.28395080566406
2013-07-15,74.67706298828125
2013-07-16,74.93218994140625
2013-07-17,75.07010650634766
2013-07-18,74.13227844238281
2013-07-19,75.30461120605469
2013-07-22,75.41492462158203
2013-07-23,75.09772491455078
2013-07-24,74.14606475830078
2013-07-25,74.11846923828125
2013-07-26,74.57362365722656
2013-07-29,74.02881622314453
2013-07-30,74.00123596191406
2013-07-31,74.27017974853516
2013-08-01,72.83914184570312
2013-08-02,73.6410903930664
2013-08-05,73.07417297363281
2013-08-06,73.28849792480469
2013-08-07,73.83467864990234
2013-08-08,74.03514862060547
2013-08-09,74.15267181396484
2013-08-12,73.64802551269531
2013-08-13,72.58334350585938
2013-08-14,72.69395446777344
2013-08-15,71.71227264404297
2013-08-16,71.46337127685547
2013-08-19,70.84117889404297
2013-08-20,71.38732147216797
2013-08-21,70.60615539550781
2013-08-22,71.32513427734375
2013-08-23,72.09941864013672
2013-08-26,72.4588851928711
2013-08-27,73.3714828491211
2013-08-28,72.77690887451172
2013-08-29,73.35760498046875
2013-08-30,73.2746810913086
2013-09-03,72.24114227294922
2013-09-04,72.08168029785156
2013-09-05,71.07667541503906
2013-09-06,71.43016052246094
2013-09-09,71.46479797363281
2013-09-10,70.96576690673828
2013-09-11,71.59650421142578
2013-09-12,71.49943542480469
2013-09-13,71.77674865722656
2013-09-16,71.29847717285156
2013-09-17,71.88768005371094
2013-09-18,72.77491760253906
2013-09-19,72.34516906738281
2013-09-20,72.72639465332031
2013-09-23,73.26009368896484
2013-09-24,74.05035400390625
2013-09-25,74.2027816772461
2013-09-26,73.68296813964844
2013-09-27,73.8631591796875
2013-09-30,73.75225830078125
2013-10-01,73.52848052978516
2013-10-02,73.6396713256836
2013-10-03,73.52152252197266
2013-10-04,73.4659423828125
2013-10-07,73.7647476196289
2013-10-08,73.78562927246094
2013-10-09,73.19486236572266
2013-10-10,73.31306457519531
2013-10-11,73.29217529296875
2013-10-14,72.7014389038086
2013-10-15,72.65280151367188
2013-10-16,73.56319427490234
2013-10-17,74.23040008544922
2013-10-18,74.39025115966797
2013-10-21,74.1539535522461
2013-10-22,74.98092651367188
2013-10-23,75.27284240722656
2013-10-24,74.98092651367188
2013-10-25,75.25894927978516
2013-10-28,75.00183868408203
2013-10-29,75.09913635253906
2013-10-30,74.64738464355469
2013-10-31,74.80725860595703
2013-11-01,73.99752044677734
2013-11-04,74.06716918945312
2013-11-05,73.18220520019531
2013-11-06,73.217041015625
2013-11-07,73.83724212646484
2013-11-08,72.06025695800781
2013-11-11,71.78852844238281
2013-11-12,72.12297821044922
2013-11-13,72.38778686523438
2013-11-14,72.83379364013672
2013-11-15,72.98011779785156
2013-11-18,73.4191665649414
2013-11-19,72.86163330078125
2013-11-20,71.62129211425781
2013-11-21,71.7397689819336
2013-11-22,72.40868377685547
2013-11-25,72.61771392822266
2013-11-26,72.88949584960938
2013-11-27,72.7640609741211
2013-11-29,72.78499603271484
2013-12-02,72.21887969970703
2013-12-03,72.48448181152344
2013-12-04,71.79255676269531
2013-12-05,71.58985137939453
2013-12-06,71.93231964111328
2013-12-09,72.10004425048828
2013-12-10,72.61724853515625
2013-12-11,72.05815887451172
2013-12-12,71.78556823730469
2013-12-13,72.13499450683594
2013-12-16,71.86943817138672
2013-12-17,72.19091796875
2013-12-18,71.8274917602539
2013-12-19,71.75758361816406
2013-12-20,72.86187744140625
2013-12-23,72.44950866699219
2013-12-24,71.86943817138672
2013-12-26,71.59243774414062
2013-12-27,71.38908386230469
2013-12-30,71.87992858886719
2013-12-31,71.42417907714844
2014-01-02,71.64154815673828
2014-01-03,71.64154815673828
2014-01-06,71.94303894042969
2014-01-07,72.1253433227539
2014-01-08,71.92901611328125
2014-01-09,72.34967803955078
2014-01-10,73.21221160888672
2014-01-13,73.5768814086914
2014-01-14,73.24027252197266
2014-01-15,73.16311645507812
2014-01-16,73.65393829345703
2014-01-17,73.96251678466797
2014-01-21,74.01856994628906
2014-01-22,73.83623504638672
2014-01-23,74.88108825683594
2014-01-24,75.3648910522461
2014-01-27,74.83904266357422
2014-01-28,75.02128601074219
2014-01-29,75.63834381103516
2014-01-30,75.42106628417969
2014-01-31,75.9258804321289
2014-02-03,76.85095977783203
2014-02-04,76.03556823730469
2014-02-05,75.33257293701172
2014-02-06,75.0091552734375
2014-02-07,75.07242584228516
2014-02-10,75.2833251953125
2014-02-11,74.84749603271484
2014-02-12,74.46080017089844
2014-02-13,74.88260650634766
2014-02-14,74.92477416992188
2014-02-18,75.09346771240234
2014-02-19,74.77715301513672
2014-02-20,74.59436798095703
2014-02-21,74.98804473876953
2014-02-24,74.79827117919922
2014-02-25,75.46607208251953
2014-02-26,75.8667984008789
2014-02-27,76.28157806396484
2014-02-28,76.3237533569336
2014-03-03,76.83322143554688
2014-03-04,75.67755889892578
2014-03-05,75.839599609375
2014-03-06,75.09261322021484
2014-03-07,74.62053680419922
2014-03-10,74.72621154785156
2014-03-11,74.92353820800781
2014-03-12,75.44501495361328
2014-03-13,76.45976257324219
2014-03-14,76.473876953125
2014-03-17,75.903076171875
2014-03-18,76.1778793334961
2014-03-19,75.5859375
2014-03-20,75.45208740234375
2014-03-21,76.26950073242188
2014-03-24,76.81206512451172
2014-03-25,76.52317810058594
2014-03-26,77.12220764160156
2014-03-27,77.5097427368164
2014-03-28,77.0728530883789
2014-03-31,76.88260650634766
2014-04-01,76.22552490234375
2014-04-02,75.78743743896484
2014-04-03,76.1195297241211
2014-04-04,76.62820434570312
2014-04-07,77.08747863769531
2014-04-08,77.27114868164062
2014-04-09,76.88965606689453
2014-04-10,77.60318756103516
2014-04-11,78.2320556640625
2014-04-14,78.02713012695312
2014-04-15,78.5146255493164
2014-04-16,78.61348724365234
2014-04-17,77.7515640258789
2014-04-21,77.68793487548828
2014-04-22,77.94940948486328
2014-04-23,78.39454650878906
2014-04-24,78.54289245605469
2014-04-25,78.65596771240234
2014-04-28,78.27439880371094
2014-04-29,78.16841888427734
2014-04-30,78.49340057373047
2014-05-01,79.33547973632812
2014-05-02,79.8241958618164
2014-05-05,79.34260559082031
2014-05-06,79.66126251220703
2014-05-07,79.37804412841797
2014-05-08,79.03807067871094
2014-05-09,78.78312683105469
2014-05-12,78.46438598632812
2014-05-13,79.14431762695312
2014-05-14,80.00121307373047
2014-05-15,80.63865661621094
2014-05-16,80.4119873046875
2014-05-19,79.81710815429688
2014-05-20,79.99414825439453
2014-05-21,79.50546264648438
2014-05-22,79.39218139648438
2014-05-23,79.81710815429688
2014-05-27,80.2845230102539
2014-05-28,81.2760238647461
2014-05-29,80.84404754638672
2014-05-30,80.80864715576172
2014-06-02,80.20791625976562
2014-06-03,79.22096252441406
2014-06-04,79.19963836669922
2014-06-05,79.23511505126953
2014-06-06,79.23511505126953
2014-06-09,79.12156677246094
2014-06-10,78.83040618896484
2014-06-11,78.9723892211914
2014-06-12,79.67539978027344
2014-06-13,79.63276672363281
2014-06-16,79.83160400390625
2014-06-17,79.19963836669922
2014-06-18,79.81023406982422
2014-06-19,78.7878189086914
2014-06-20,79.38426208496094
2014-06-23,79.13573455810547
2014-06-24,79.93806457519531
2014-06-25,80.14405059814453
2014-06-26,80.52741241455078
2014-06-27,80.40670776367188
2014-06-30,80.6054458618164
2014-07-01,79.93069458007812
2014-07-02,79.076416015625
2014-07-03,78.7916488647461
2014-07-07,79.3682632446289
2014-07-08,80.25812530517578
2014-07-09,80.32218933105469
2014-07-10,80.34358215332031
2014-07-11,80.85611724853516
2014-07-14,80.50732421875
2014-07-15,80.34358215332031
2014-07-16,80.77072143554688
2014-07-17,81.78865814208984
2014-07-18,81.52529907226562
2014-07-21,81.9310531616211
2014-07-22,82.10191345214844
2014-07-23,81.99512481689453
2014-07-24,81.38289642333984
2014-07-25,82.34394073486328
2014-07-28,82.2300796508789
2014-07-29,82.52906799316406
2014-07-30,81.38289642333984
2014-07-31,81.14086151123047
2014-08-01,81.7689437866211
2014-08-04,81.55485534667969
2014-08-05,81.8189697265625
2014-08-06,81.86888885498047
2014-08-07,82.63264465332031
2014-08-08,82.45420837402344
2014-08-11,82.44708251953125
2014-08-12,81.91173553466797
2014-08-13,82.44708251953125
2014-08-14,83.11088562011719
2014-08-15,84.01737976074219
2014-08-18,83.18222045898438
2014-08-19,82.92534637451172
2014-08-20,82.78965759277344
2014-08-21,83.25360870361328
2014-08-22,83.71757507324219
2014-08-25,84.03165435791016
2014-08-26,83.76038360595703
2014-08-27,84.47416687011719
2014-08-28,84.91669464111328
2014-08-29,84.97381591796875
2014-09-02,83.5079345703125
2014-09-03,83.97293090820312
2014-09-04,82.94994354248047
2014-09-05,82.7926025390625
2014-09-08,82.82833862304688
2014-09-09,82.76396942138672
2014-09-10,82.24171447753906
2014-09-11,81.96985626220703
2014-09-12,81.11134338378906
2014-09-15,81.23300170898438
2014-09-16,80.9039306640625
2014-09-17,80.69647216796875
2014-09-18,80.95401000976562
2014-09-19,81.98414611816406
2014-09-22,82.08429718017578
2014-09-23,82.59224700927734
2014-09-24,82.13440704345703
2014-09-25,83.10735321044922
2014-09-26,82.98572540283203
2014-09-29,83.65103912353516
2014-09-30,83.17884826660156
2014-10-01,84.7918472290039
2014-10-02,84.05315399169922
2014-10-03,84.41165924072266
2014-10-06,84.46188354492188
2014-10-07,85.6021728515625
2014-10-08,85.62371826171875
2014-10-09,85.25077819824219
2014-10-10,86.09707641601562
2014-10-13,86.62062072753906
2014-10-14,87.18719482421875
2014-10-15,87.87565612792969
2014-10-16,87.3162841796875
2014-10-17,86.82855987548828
2014-10-20,87.14417266845703
2014-10-21,86.44847106933594
2014-10-22,86.54171752929688
2014-10-23,85.77434539794922
2014-10-24,85.86040496826172
2014-10-27,86.0181655883789
2014-10-28,85.48030853271484
2014-10-29,85.67396545410156
2014-10-30,85.74565887451172
2014-10-31,85.5233154296875
2014-11-03,85.5233154296875
2014-11-04,85.78937530517578
2014-11-05,85.66715240478516
2014-11-06,85.1135482788086
2014-11-07,86.09127044677734
2014-11-10,85.30043029785156
2014-11-11,85.35795593261719
2014-11-12,85.28608703613281
2014-11-13,85.48739624023438
2014-11-14,85.90434265136719
2014-11-17,85.6886978149414
2014-11-18,85.92597198486328
2014-11-19,85.37950134277344
2014-11-20,85.82527160644531
2014-11-21,86.3428955078125
2014-11-24,86.41482543945312
2014-11-25,87.1336898803711
2014-11-26,87.37094116210938
2014-11-28,88.06111907958984
2014-12-01,87.5473861694336
2014-12-02,86.69711303710938
2014-12-03,87.03578186035156
2014-12-04,87.7635498046875
2014-12-05,87.25194549560547
2014-12-08,88.3183822631836
2014-12-09,88.77232360839844
2014-12-10,89.42082977294922
2014-12-11,89.78832244873047
2014-12-12,91.00609588623047
2014-12-15,90.8187255859375
2014-12-16,91.9427490234375
2014-12-17,91.11412048339844
2014-12-18,89.49285888671875
2014-12-19,90.69622802734375
2014-12-22,90.8187255859375
2014-12-23,89.01728820800781
2014-12-24,89.5018310546875
2014-12-26,89.833984375
2014-12-29,90.50553131103516
2014-12-30,90.7509994506836
2014-12-31,90.92431640625
2015-01-02,91.93524169921875
2015-01-05,93.37939453125
2015-01-06,95.06181335449219
2015-01-07,94.87410736083984
2015-01-08,93.61764526367188
2015-01-09,94.64302062988281
2015-01-12,95.1845932006836
2015-01-13,95.1845932006836
2015-01-14,95.9066162109375
2015-01-15,97.41583251953125
2015-01-16,96.1738510131836
2015-01-20,97.4519271850586
2015-01-21,96.325439453125
2015-01-22,95.97889709472656
2015-01-23,97.31471252441406
2015-01-26,97.0186996459961
2015-01-27,97.17031860351562
2015-01-28,98.75887298583984
2015-01-29,98.10906982421875
2015-01-30,99.84919738769531
2015-02-02,99.4722900390625
2015-02-03,97.36676788330078
2015-02-04,97.53318786621094
2015-02-05,96.46234893798828
2015-02-06,94.75479888916016
2015-02-09,94.60279846191406
2015-02-10,93.85038757324219
2015-02-11,94.02401733398438
2015-02-12,93.71289825439453
2015-02-13,92.75060272216797
2015-02-17,91.35416412353516
2015-02-18,91.89678955078125
2015-02-19,91.28902435302734
2015-02-20,91.55670166015625
2015-02-23,92.60586547851562
2015-02-24,93.8214111328125
2015-02-25,94.2265853881836
2015-02-26,92.9386978149414
2015-02-27,93.72010040283203
2015-03-02,91.97442626953125
2015-03-03,91.64096069335938
2015-03-04,91.66998291015625
2015-03-05,91.55394744873047
2015-03-06,89.5313949584961
2015-03-09,90.3577651977539
2015-03-10,91.54674530029297
2015-03-11,92.21369934082031
2015-03-12,92.14845275878906
2015-03-13,91.8656997680664
2015-03-16,92.75016021728516
2015-03-17,93.5185546875
2015-03-18,95.32369995117188
2015-03-19,94.83802032470703
2015-03-20,95.33820343017578
2015-03-23,95.22222137451172
2015-03-24,96.14291381835938
2015-03-25,95.33096313476562
2015-03-26,93.84483337402344
2015-03-27,95.01197814941406
2015-03-30,94.5407943725586
2015-03-31,94.74376678466797
2015-04-01,95.9881591796875
2015-04-02,94.97113800048828
2015-04-06,94.44083404541016
2015-04-07,95.23260498046875
2015-04-08,95.2617416381836
2015-04-09,94.0267333984375
2015-04-10,94.16476440429688
2015-04-13,94.29551696777344
2015-04-14,94.96389770507812
2015-04-15,94.88394927978516
2015-04-16,94.41175842285156
2015-04-17,95.49419403076172
2015-04-20,94.65148162841797
2015-04-21,94.22286224365234
2015-04-22,92.78447723388672
2015-04-23,93.18403625488281
2015-04-24,93.76518249511719
2015-04-27,93.76518249511719
2015-04-28,92.4720687866211
2015-04-29,91.33880615234375
2015-04-30,91.4986343383789
2015-05-01,90.26692962646484
2015-05-04,89.4151840209961
2015-05-05,89.29143524169922
2015-05-06,87.76272583007812
2015-05-07,88.94206237792969
2015-05-08,89.18226623535156
2015-05-11,87.01290130615234
2015-05-12,87.23860168457031
2015-05-13,86.53974914550781
2015-05-14,86.77274322509766
2015-05-15,88.51249694824219
2015-05-18,87.02751922607422
2015-05-19,86.25581359863281
2015-05-20,86.40141296386719
2015-05-21,87.6098403930664
2015-05-22,87.64622497558594
2015-05-26,89.14583587646484
2015-05-27,89.34967803955078
2015-05-28,89.13131713867188
2015-05-29,89.32789611816406
2015-06-01,88.36781311035156
2015-06-02,87.13490295410156
2015-06-03,85.73419189453125
2015-06-04,86.85035705566406
2015-06-05,85.79253387451172
2015-06-08,85.69768524169922
2015-06-09,85.01925659179688
2015-06-10,84.27510833740234
2015-06-11,86.04790496826172
2015-06-12,86.04790496826172
2015-06-15,86.1865234375
2015-06-16,86.86495208740234
2015-06-17,86.19378662109375
2015-06-18,85.77064514160156
2015-06-19,86.87223815917969
2015-06-22,85.09951782226562
2015-06-23,84.58883666992188
2015-06-24,85.31838989257812
2015-06-25,85.01925659179688
2015-06-26,84.06354522705078
2015-06-29,86.28861999511719
2015-06-30,85.69038391113281
2015-07-01,84.53376007080078
2015-07-02,84.81155395507812
2015-07-06,86.383544921875
2015-07-07,87.19508361816406
2015-07-08,87.94815826416016
2015-07-09,86.21536254882812
2015-07-10,84.84818267822266
2015-07-13,84.58491516113281
2015-07-14,84.86277770996094
2015-07-15,85.7620620727539
2015-07-16,86.35425567626953
2015-07-17,86.80023956298828
2015-07-20,86.43474578857422
2015-07-21,86.90262603759766
2015-07-22,87.44367980957031
2015-07-23,88.53307342529297
2015-07-24,88.75241088867188
2015-07-27,89.22767639160156
2015-07-28,88.57688903808594
2015-07-29,88.24795532226562
2015-07-30,88.92788696289062
2015-07-31,89.58590698242188
2015-08-03,90.52891540527344
2015-08-04,89.81087493896484
2015-08-05,89.13670349121094
2015-08-06,89.92804718017578
2015-08-07,91.10775756835938
2015-08-10,89.97938537597656
2015-08-11,91.40819549560547
2015-08-12,90.90996551513672
2015-08-13,90.61685943603516
2015-08-14,90.82933807373047
2015-08-17,91.23967742919922
2015-08-18,90.5215835571289
2015-08-19,91.41553497314453
2015-08-20,92.33875274658203
2015-08-21,92.61721801757812
2015-08-24,92.5878677368164
2015-08-25,91.10045623779297
2015-08-26,89.34193420410156
2015-08-27,89.39322662353516
2015-08-28,89.65697479248047
2015-08-31,88.96820068359375
2015-09-01,89.6092529296875
2015-09-02,88.83827209472656
2015-09-03,89.271484375
2015-09-04,90.08658599853516
2015-09-08,88.75743103027344
2015-09-09,89.18335723876953
2015-09-10,88.58120727539062
2015-09-11,89.13928985595703
2015-09-14,89.27885437011719
2015-09-15,87.5678482055664
2015-09-16,87.23739624023438
2015-09-17,88.30218505859375
2015-09-18,89.66069793701172
2015-09-21,88.19937133789062
2015-09-22,89.42566680908203
2015-09-23,89.41836547851562
2015-09-24,90.02781677246094
2015-09-25,89.24945831298828
2015-09-28,90.77684783935547
2015-09-29,91.0338363647461
2015-09-30,90.71805572509766
2015-10-01,91.10516357421875
2015-10-02,91.65702819824219
2015-10-05,90.41344451904297
2015-10-06,90.80347442626953
2015-10-07,90.50177001953125
2015-10-08,89.74383544921875
2015-10-09,89.97927856445312
2015-10-12,90.66365814208984
2015-10-13,90.81825256347656
2015-10-14,91.61289978027344
2015-10-15,91.16400909423828
2015-10-16,91.19346618652344
2015-10-19,90.94327545166016
2015-10-20,90.38404083251953
2015-10-21,91.28177642822266
2015-10-22,91.43628692626953
2015-10-23,90.65625762939453
2015-10-26,91.25968933105469
2015-10-27,91.48780822753906
2015-10-28,91.11990356445312
2015-10-29,89.67025756835938
2015-10-30,90.34722900390625
2015-11-02,89.93202209472656
2015-11-03,89.1946029663086
2015-11-04,89.29783630371094
2015-11-05,89.06185913085938
2015-11-06,87.75657653808594
2015-11-09,87.26245880126953
2015-11-10,87.52058410644531
2015-11-11,87.33622741699219
2015-11-12,87.75657653808594
2015-11-13,88.25804901123047
2015-11-16,88.17691040039062
2015-11-17,88.32441711425781
2015-11-18,88.50878143310547
2015-11-19,89.09874725341797
2015-11-20,88.82583618164062
2015-11-23,89.09874725341797
2015-11-24,89.09136199951172
2015-11-25,89.29783630371094
2015-11-27,89.2093505859375
2015-11-30,89.5633316040039
2015-12-01,90.77310180664062
2015-12-02,90.80262756347656
2015-12-03,88.33433532714844
2015-12-04,89.11031341552734
2015-12-07,89.97496032714844
2015-12-08,90.0193099975586
2015-12-09,89.92323303222656
2015-12-10,90.0414810180664
2015-12-11,91.46036529541016
2015-12-14,90.27794647216797
2015-12-15,89.7458267211914
2015-12-16,89.55372619628906
2015-12-17,90.5661392211914
2015-12-18,91.06873321533203
2015-12-21,91.0465087890625
2015-12-22,90.38878631591797
2015-12-23,89.70889282226562
2015-12-24,90.22288513183594
2015-12-28,90.48945617675781
2015-12-29,88.98612976074219
2015-12-30,88.89725494384766
2015-12-31,89.29714965820312
2016-01-04,89.94144439697266
2016-01-05,89.57855224609375
2016-01-06,90.78569793701172
2016-01-07,90.94861602783203
2016-01-08,91.35592651367188
2016-01-11,90.35615539550781
2016-01-12,91.65953826904297
2016-01-13,92.56305694580078
2016-01-14,91.69657897949219
2016-01-15,93.12586975097656
2016-01-19,92.83702087402344
2016-01-20,93.81460571289062
2016-01-21,93.17769622802734
2016-01-22,92.82222747802734
2016-01-25,93.32582092285156
2016-01-26,93.37025451660156
2016-01-27,93.34806060791016
2016-01-28,93.48133850097656
2016-01-29,94.27375030517578
2016-02-01,93.98516845703125
2016-02-02,95.728759765625
2016-02-03,94.93482208251953
2016-02-04,95.39485168457031
2016-02-05,95.50617980957031
2016-02-08,97.5614242553711
2016-02-09,97.6653060913086
2016-02-10,98.52599334716797
2016-02-11,99.21598052978516
2016-02-12,97.56883239746094
2016-02-16,96.53752136230469
2016-02-17,95.94391632080078
2016-02-18,97.12366485595703
2016-02-19,97.20527648925781
2016-02-22,97.15331268310547
2016-02-23,97.54656219482422
2016-02-24,97.35369110107422
2016-02-25,97.7023696899414
2016-02-26,96.76008605957031
2016-02-29,97.18302154541016
2016-03-01,95.47175598144531
2016-03-02,95.86575317382812
2016-03-03,96.21513366699219
2016-03-04,95.59813690185547
2016-03-07,95.56836700439453
2016-03-08,96.62399291992188
2016-03-09,96.03670501708984
2016-03-10,95.64271545410156
2016-03-11,94.67632293701172
2016-03-14,94.97371673583984
2016-03-15,95.06290435791016
2016-03-16,95.34537506103516
2016-03-17,95.73931121826172
2016-03-18,95.94007110595703
2016-03-21,95.20414733886719
2016-03-22,95.18180847167969
2016-03-23,96.25973510742188
2016-03-24,96.29689025878906
2016-03-28,96.42325592041016
2016-03-29,97.43427276611328
2016-03-30,96.4084243774414
2016-03-31,97.09229278564453
2016-04-01,97.34553527832031
2016-04-04,97.40518188476562
2016-04-05,98.47045135498047
2016-04-06,97.75526428222656
2016-04-07,98.9620361328125
2016-04-08,98.33629608154297
2016-04-11,98.20967102050781
2016-04-12,97.53174591064453
2016-04-13,97.8744125366211
2016-04-14,97.40518188476562
2016-04-15,98.23948669433594
2016-04-18,97.81485748291016
2016-04-19,97.50947570800781
2016-04-20,96.436767578125
2016-04-21,95.86322021484375
2016-04-22,95.61739349365234
2016-04-25,95.22252655029297
2016-04-26,94.79055786132812
2016-04-27,95.73654174804688
2016-04-28,96.1313705444336
2016-04-29,96.37718200683594
2016-05-02,95.40685272216797
2016-05-03,96.60856628417969
2016-05-04,97.13848114013672
2016-05-05,97.78788757324219
2016-05-06,97.36990356445312
2016-05-09,97.67596435546875
2016-05-10,97.68338775634766
2016-05-11,98.23578643798828
2016-05-12,97.78788757324219
2016-05-13,98.73587036132812
2016-05-16,97.88494873046875
2016-05-17,98.0491714477539
2016-05-18,96.6533432006836
2016-05-19,97.07133483886719
2016-05-20,97.14601135253906
2016-05-23,97.3624496459961
2016-05-24,96.92951965332031
2016-05-25,96.56380462646484
2016-05-26,97.0638427734375
2016-05-27,96.922119140625
2016-05-31,97.1534652709961
2016-06-01,97.54764556884766
2016-06-02,98.25069427490234
2016-06-03,99.64936065673828
2016-06-06,98.90892028808594
2016-06-07,99.14823913574219
2016-06-08,99.67928314208984
2016-06-09,100.32250213623047
2016-06-10,100.80872344970703
2016-06-13,101.25747680664062
2016-06-14,101.18265533447266
2016-06-15,101.57160186767578
2016-06-16,102.06526184082031
2016-06-17,101.42950439453125
2016-06-20,100.34498596191406
2016-06-21,99.8812255859375
2016-06-22,100.04574584960938
2016-06-23,98.90142822265625
2016-06-24,101.55663299560547
2016-06-27,104.09219360351562
2016-06-28,104.30911254882812
2016-06-29,103.50875091552734
2016-06-30,103.89025115966797
2016-07-01,105.33267974853516
2016-07-05,106.65153503417969
2016-07-06,106.82382202148438
2016-07-07,106.81639862060547
2016-07-08,107.60317993164062
2016-07-11,106.65898895263672
2016-07-12,104.90557098388672
2016-07-13,106.14200592041016
2016-07-14,104.59832763671875
2016-07-15,103.69913482666016
2016-07-18,103.60172271728516
2016-07-19,104.1862564086914
2016-07-20,103.61669921875
2016-07-21,103.82655334472656
2016-07-22,104.00638580322266
2016-07-25,103.93144989013672
2016-07-26,104.09630584716797
2016-07-27,105.39264678955078
2016-07-28,105.1978530883789
2016-07-29,106.07450103759766
2016-08-01,104.92443084716797
2016-08-02,103.84346008300781
2016-08-03,103.90353393554688
2016-08-04,104.68428802490234
2016-08-05,103.59573364257812
2016-08-08,103.79090881347656
2016-08-09,104.81188201904297
2016-08-10,105.21719360351562
2016-08-11,104.27887725830078
2016-08-12,105.1572036743164
2016-08-15,104.16626739501953
2016-08-16,103.8884506225586
2016-08-17,104.51161193847656
2016-08-18,104.67671203613281
2016-08-19,104.12869262695312
2016-08-22,105.00699615478516
2016-08-23,105.11961364746094
2016-08-24,104.87191772460938
2016-08-25,104.47404479980469
2016-08-26,103.86600494384766
2016-08-29,105.25481414794922
2016-08-30,104.84943389892578
2016-08-31,104.99951934814453
2016-09-01,105.1153335571289
2016-09-02,104.25798034667969
2016-09-06,105.0176010131836
2016-09-07,104.94239044189453
2016-09-08,103.62626647949219
2016-09-09,101.91907501220703
2016-09-12,101.97174835205078
2016-09-13,100.81353759765625
2016-09-14,100.96404266357422
2016-09-15,100.52780151367188
2016-09-16,101.33999633789062
2016-09-19,101.00911712646484
2016-09-20,101.3625717163086
2016-09-21,102.18231964111328
2016-09-22,102.99453735351562
2016-09-23,102.89680480957031
2016-09-26,103.55103302001953
2016-09-27,104.3106460571289
2016-09-28,104.08501434326172
2016-09-29,104.34828186035156
2016-09-30,103.41569519042969
2016-10-03,103.07438659667969
2016-10-04,101.86895751953125
2016-10-05,101.39430236816406
2016-10-06,100.82926177978516
2016-10-07,100.89706420898438
2016-10-10,100.30186462402344
2016-10-11,100.0757827758789
2016-10-12,100.17375946044922
2016-10-13,100.55048370361328
2016-10-14,99.14157104492188
2016-10-17,99.77445220947266
2016-10-18,100.09839630126953
2016-10-19,100.1812515258789
2016-10-20,100.28677368164062
2016-10-21,100.43744659423828
2016-10-24,100.00045013427734
2016-10-25,100.26416778564453
2016-10-26,99.58606719970703
2016-10-27,98.50113677978516
2016-10-28,98.28268432617188
2016-10-31,98.88545989990234
2016-11-01,98.8929672241211
2016-11-02,99.3232650756836
2016-11-03,98.56082153320312
2016-11-04,99.44403839111328
2016-11-07,98.59860229492188
2016-11-08,98.1985092163086
2016-11-09,94.03173065185547
2016-11-10,92.64277648925781
2016-11-11,92.12198638916016
2016-11-14,91.57093048095703
2016-11-15,92.02383422851562
2016-11-16,92.85416412353516
2016-11-17,91.4878921508789
2016-11-18,91.22370910644531
2016-11-21,91.45013427734375
2016-11-22,91.419921875
2016-11-23,91.0651626586914
2016-11-25,91.20103454589844
2016-11-28,91.87287902832031
2016-11-29,92.25782775878906
2016-11-30,90.7632064819336
2016-12-01,89.804931640625
2016-12-02,90.46294403076172
2016-12-05,90.3646469116211
2016-12-06,90.2965316772461
2016-12-07,91.06807708740234
2016-12-08,89.99398040771484
2016-12-09,88.87457275390625
2016-12-12,89.04100036621094
2016-12-13,89.358642578125
2016-12-14,88.36027526855469
2016-12-15,88.80653381347656
2016-12-16,88.6022720336914
2016-12-19,89.55525970458984
2016-12-20,89.10901641845703
2016-12-21,89.50234985351562
2016-12-22,89.34231567382812
2016-12-23,89.52434539794922
2016-12-27,89.23616027832031
2016-12-28,89.88835144042969
2016-12-29,90.20684814453125
2016-12-30,90.34332275390625
2017-01-03,90.73013305664062
2017-01-04,91.0790023803711
2017-01-05,92.50466918945312
2017-01-06,91.65531921386719
2017-01-09,92.39093780517578
2017-01-10,92.33026123046875
2017-01-11,92.64120483398438
2017-01-12,92.43643188476562
2017-01-13,91.99661254882812
2017-01-17,92.95968627929688
2017-01-18,91.76910400390625
2017-01-19,91.13966369628906
2017-01-20,90.95761108398438
2017-01-23,91.86766052246094
2017-01-24,91.23823547363281
2017-01-25,90.09313201904297
2017-01-26,90.39647674560547
2017-01-27,90.72254180908203
2017-01-30,90.44953155517578
2017-01-31,91.0790023803711
2017-02-01,90.51579284667969
2017-02-02,90.47782897949219
2017-02-03,90.43981170654297
2017-02-06,90.98698425292969
2017-02-07,91.65579986572266
2017-02-08,92.90225219726562
2017-02-09,91.83059692382812
2017-02-10,91.7774429321289
2017-02-13,91.48857879638672
2017-02-14,90.8274154663086
2017-02-15,90.40940856933594
2017-02-16,90.90341186523438
2017-02-17,91.44304656982422
2017-02-21,91.2834243774414
2017-02-22,91.43539428710938
2017-02-23,91.70902252197266
2017-02-24,92.72740173339844
2017-02-27,92.18022918701172
2017-02-28,92.52220916748047
2017-03-01,90.97189331054688
2017-03-02,90.64441680908203
2017-03-03,90.88050079345703
2017-03-06,90.44644927978516
2017-03-07,90.17234802246094
2017-03-08,89.68497467041016
2017-03-09,88.96924591064453
2017-03-10,89.28141784667969
2017-03-13,88.71795654296875
2017-03-14,89.14437866210938
2017-03-15,90.2332992553711
2017-03-16,89.7763442993164
2017-03-17,90.33984375
2017-03-20,90.7281723022461
2017-03-21,91.48204040527344
2017-03-22,91.84757232666016
2017-03-23,91.7181167602539
2017-03-24,92.04554748535156
2017-03-27,92.46435546875
2017-03-28,91.84757232666016
2017-03-29,92.39581298828125
2017-03-30,91.64961242675781
2017-03-31,91.91609191894531
2017-04-03,92.84323120117188
2017-04-04,92.3395767211914
2017-04-05,92.62196350097656
2017-04-06,92.48457336425781
2017-04-07,92.11071014404297
2017-04-10,92.5379867553711
2017-04-11,93.41552734375
2017-04-12,93.92681121826172
2017-04-13,94.21674346923828
2017-04-17,93.92681121826172
2017-04-18,95.15533447265625
2017-04-19,94.63648986816406
2017-04-20,94.27017974853516
2017-04-21,94.27017974853516
2017-04-24,93.80472564697266
2017-04-25,92.67532348632812
2017-04-26,93.18665313720703
2017-04-27,93.15608978271484
2017-04-28,93.36212921142578
2017-05-01,92.58599090576172
2017-05-02,93.06005859375
2017-05-03,93.12123107910156
2017-05-04,92.66246032714844
2017-05-05,92.74662017822266
2017-05-08,92.24188232421875
2017-05-09,92.23426055908203
2017-05-10,92.12716674804688
2017-05-11,92.12716674804688
2017-05-12,92.82303619384766
2017-05-15,92.57067108154297
2017-05-16,92.91481018066406
2017-05-17,94.26825714111328
2017-05-18,94.37529754638672
2017-05-19,94.59706115722656
2017-05-22,94.33707427978516
2017-05-23,93.702392578125
2017-05-24,94.23002624511719
2017-05-25,94.26058959960938
2017-05-26,94.42120361328125
2017-05-30,94.88761901855469
2017-05-31,95.12471008300781
2017-06-01,95.1346664428711
2017-06-02,96.26109313964844
2017-06-05,95.66338348388672
2017-06-06,96.18446350097656
2017-06-07,95.72471618652344
2017-06-08,95.47178649902344
2017-06-09,95.32621765136719
2017-06-12,95.29557800292969
2017-06-13,95.31089782714844
2017-06-14,96.78215789794922
2017-06-15,96.62887573242188
2017-06-16,96.82050323486328
2017-06-19,96.68256378173828
2017-06-20,97.5484390258789
2017-06-21,97.74769592285156
2017-06-22,97.96219635009766
2017-06-23,97.91631317138672
2017-06-26,98.2840576171875
2017-06-27,97.23426818847656
2017-06-28,96.91241455078125
2017-06-29,96.10018920898438
2017-06-30,95.87794494628906
2017-07-03,95.56925964355469
2017-07-05,95.59233093261719
2017-07-06,94.80138397216797
2017-07-07,94.23314666748047
2017-07-10,94.37134552001953
2017-07-11,94.53263092041016
2017-07-12,95.185302734375
2017-07-13,94.58635711669922
2017-07-14,94.7015380859375
2017-07-17,94.96261596679688
2017-07-18,95.79197692871094
2017-07-19,95.8303451538086
2017-07-20,96.10677337646484
2017-07-21,96.51373291015625
2017-07-24,96.1374740600586
2017-07-25,94.88587951660156
2017-07-26,95.03944396972656
2017-07-27,94.5710220336914
2017-07-28,95.1316146850586
2017-07-31,95.24674224853516
2017-08-01,95.91549682617188
2017-08-02,95.96936798095703
2017-08-03,96.96208190917969
2017-08-04,96.13862609863281
2017-08-07,96.24639892578125
2017-08-08,95.90009307861328
2017-08-09,96.42341613769531
2017-08-10,97.2468032836914
2017-08-11,97.2929916381836
2017-08-14,96.79275512695312
2017-08-15,96.3849105834961
2017-08-16,96.73887634277344
2017-08-17,97.46227264404297
2017-08-18,97.43916320800781
2017-08-21,97.67774200439453
2017-08-22,97.30062866210938
2017-08-23,97.96241760253906
2017-08-24,97.60077667236328
2017-08-25,97.97782897949219
2017-08-28,97.91632843017578
2017-08-29,98.23185729980469
2017-08-30,98.2010269165039
2017-08-31,98.49341583251953
2017-09-01,97.74002075195312
2017-09-05,99.29000854492188
2017-09-06,98.68081665039062
2017-09-07,99.69099426269531
2017-09-08,99.47509765625
2017-09-11,98.28754425048828
2017-09-12,97.77088928222656
2017-09-13,97.38534545898438
2017-09-14,97.78630828857422
2017-09-15,97.82488250732422
2017-09-18,97.26197814941406
2017-09-19,97.02289581298828
2017-09-20,97.09229278564453
2017-09-21,97.0383071899414
2017-09-22,97.31593322753906
2017-09-25,97.92513275146484
2017-09-26,97.74774932861328
2017-09-27,96.2749252319336
2017-09-28,95.98963928222656
2017-09-29,96.20551300048828
2017-10-02,96.0293197631836
2017-10-03,96.12207794189453
2017-10-04,96.12981414794922
2017-10-05,95.76663970947266
2017-10-06,95.49620819091797
2017-10-09,95.79753875732422
2017-10-10,95.95208740234375
2017-10-11,96.13751220703125
2017-10-12,96.54706573486328
2017-10-13,97.24248504638672
2017-10-16,97.17289733886719
2017-10-17,97.29654693603516
2017-10-18,96.6552505493164
2017-10-19,96.82518005371094
2017-10-20,95.79753875732422
2017-10-23,95.967529296875
2017-10-24,95.37257385253906
2017-10-25,94.9166488647461
2017-10-26,94.59989166259766
2017-10-27,95.22573852539062
2017-10-30,96.13751220703125
2017-10-31,96.16845703125
2017-11-01,96.59664154052734
2017-11-02,97.02253723144531
2017-11-03,97.28575897216797
2017-11-06,97.64970397949219
2017-11-07,98.06008911132812
2017-11-08,97.84330749511719
2017-11-09,97.5645523071289
2017-11-10,96.0932846069336
2017-11-13,96.29464721679688
2017-11-14,96.9450912475586
2017-11-15,97.99816131591797
2017-11-16,97.14641571044922
2017-11-17,97.86650085449219
2017-11-20,97.8277816772461
2017-11-21,98.13750457763672
2017-11-22,98.45500183105469
2017-11-24,98.18402099609375
2017-11-27,98.04458618164062
2017-11-28,98.17623138427734
2017-11-29,97.2083511352539
2017-11-30,96.88313293457031
2017-12-01,98.19054412841797
2017-12-04,98.23704528808594
2017-12-05,98.72589874267578
2017-12-06,99.06730651855469
2017-12-07,98.29138946533203
2017-12-08,98.29918670654297
2017-12-11,98.09744262695312
2017-12-12,98.05860900878906
2017-12-13,98.79574584960938
2017-12-14,99.21469116210938
2017-12-15,99.58714294433594
2017-12-18,98.6793212890625
2017-12-19,97.39910125732422
2017-12-20,96.32061767578125
2017-12-21,96.88198852539062
2017-12-22,97.0141830444336
2017-12-26,97.3018569946289
2017-12-27,98.56925201416016
2017-12-28,98.48371887207031
2017-12-29,98.63922882080078
2018-01-02,97.57402038574219
2018-01-03,98.0405502319336
2018-01-04,98.02497863769531
2018-01-05,97.7450942993164
2018-01-08,97.6828384399414
2018-01-09,96.37660217285156
2018-01-10,96.25994110107422
2018-01-11,96.65647888183594
2018-01-12,96.81977844238281
2018-01-16,97.22410583496094
2018-01-17,97.09195709228516
2018-01-18,96.18998718261719
2018-01-19,95.68456268310547
2018-01-22,95.77787780761719
2018-01-23,96.18998718261719
2018-01-24,95.66902923583984
2018-01-25,96.45433807373047
2018-01-26,96.0967025756836
2018-01-29,95.42799377441406
2018-01-30,94.86813354492188
2018-01-31,95.42799377441406
2018-02-01,94.04493713378906
2018-02-02,93.17230987548828
2018-02-05,94.05277252197266
2018-02-06,93.46835327148438
2018-02-07,92.58015441894531
2018-02-08,92.47885131835938
2018-02-09,91.89449310302734
2018-02-12,92.29960632324219
2018-02-13,92.71260833740234
2018-02-14,91.68408203125
2018-02-15,91.99577331542969
2018-02-16,92.49443054199219
2018-02-20,92.08928680419922
2018-02-21,90.95950317382812
2018-02-22,91.232177734375
2018-02-23,92.04251861572266
2018-02-26,92.07369232177734
2018-02-27,91.94123840332031
2018-02-28,92.5256118774414
2018-03-01,93.1572036743164
2018-03-02,92.39989471435547
2018-03-05,92.15007019042969
2018-03-06,92.23593139648438
2018-03-07,92.13447570800781
2018-03-08,92.66535949707031
2018-03-09,92.05635833740234
2018-03-12,92.58724975585938
2018-03-13,93.05573272705078
2018-03-14,93.87547302246094
2018-03-15,93.87547302246094
2018-03-16,93.53975677490234
2018-03-19,93.24309539794922
2018-03-20,92.86833190917969
2018-03-21,92.9698486328125
2018-03-22,93.89110565185547
2018-03-23,93.8208236694336
2018-03-26,93.46172332763672
2018-03-27,94.46102905273438
2018-03-28,94.71086883544922
2018-03-29,95.17149353027344
2018-04-02,95.35929870605469
2018-04-03,94.62381744384766
2018-04-04,94.42821502685547
2018-04-05,93.72403717041016
2018-04-06,94.74899291992188
2018-04-09,94.90547943115234
2018-04-10,94.7333755493164
2018-04-11,95.06979370117188
2018-04-12,94.37347412109375
2018-04-13,94.59251403808594
2018-04-16,94.62381744384766
2018-04-17,94.88200378417969
2018-04-18,94.12310028076172
2018-04-19,93.3563232421875
2018-04-20,92.6834487915039
2018-04-23,92.70691680908203
2018-04-24,92.284423828125
2018-04-25,91.66633605957031
2018-04-26,92.30792236328125
2018-04-27,93.0198974609375
2018-04-30,93.18421936035156
2018-05-01,92.84860229492188
2018-05-02,92.7466812133789
2018-05-03,93.16224670410156
2018-05-04,93.30342864990234
2018-05-07,93.1543960571289
2018-05-08,93.0681381225586
2018-05-09,92.51144409179688
2018-05-10,93.2563247680664
2018-05-11,93.49156951904297
2018-05-14,92.9975814819336
2018-05-15,91.93900299072266
2018-05-16,91.58613586425781
2018-05-17,91.12353515625
2018-05-18,91.90766143798828
2018-05-21,91.95474243164062
2018-05-22,91.81356048583984
2018-05-23,92.48007202148438
2018-05-24,93.21712493896484
2018-05-25,93.7973861694336
2018-05-29,95.85185241699219
2018-05-30,95.20883178710938
2018-05-31,95.05199432373047
2018-06-01,94.54979705810547
2018-06-04,93.86600494384766
2018-06-05,94.08609008789062
2018-06-06,93.32366943359375
2018-06-07,94.22749328613281
2018-06-08,93.944580078125
2018-06-11,93.77167510986328
2018-06-12,93.79527282714844
2018-06-13,93.74813079833984
2018-06-14,94.52615356445312
2018-06-15,94.61261749267578
2018-06-18,94.52615356445312
2018-06-19,95.07637786865234
2018-06-20,94.24324798583984
2018-06-21,94.73837280273438
2018-06-22,94.73055267333984
2018-06-25,94.9427490234375
2018-06-26,95.07637786865234
2018-06-27,95.97232818603516
2018-06-28,95.99592590332031
2018-06-29,95.66581726074219
2018-07-02,95.59101104736328
2018-07-03,96.10299682617188
2018-07-05,96.37873840332031
2018-07-06,96.69377899169922
2018-07-09,96.07148742675781
2018-07-10,96.06359100341797
2018-07-11,96.43388366699219
2018-07-12,96.4260025024414
2018-07-13,96.67018127441406
2018-07-16,96.26841735839844
2018-07-17,96.08728790283203
2018-07-18,95.7012939453125
2018-07-19,96.30780792236328
2018-07-20,95.126220703125
2018-07-23,93.95250701904297
2018-07-24,94.27547454833984
2018-07-25,94.12580871582031
2018-07-26,93.94461822509766
2018-07-27,94.1021728515625
2018-07-30,93.77920532226562
2018-07-31,94.29122161865234
2018-08-01,93.52307891845703
2018-08-02,93.65727996826172
2018-08-03,94.123046875
2018-08-06,94.17829132080078
2018-08-07,93.6888656616211
2018-08-08,93.78355407714844
2018-08-09,94.57305145263672
2018-08-10,95.25993347167969
2018-08-13,95.0625
2018-08-14,94.84941101074219
2018-08-15,95.40200805664062
2018-08-16,95.39412689208984
2018-08-17,95.5125732421875
2018-08-20,96.15209197998047
2018-08-21,95.82837677001953
2018-08-22,96.20730590820312
2018-08-23,96.35733032226562
2018-08-24,96.54679107666016
2018-08-27,95.99415588378906
2018-08-28,95.4178466796875
2018-08-29,95.54415130615234
2018-08-30,95.74940490722656
2018-08-31,95.52836608886719
2018-09-04,94.97607421875
2018-09-05,94.72282409667969
2018-09-06,95.07101440429688
2018-09-07,94.26390838623047
2018-09-10,94.6120834350586
2018-09-11,93.89199829101562
2018-09-12,94.11357116699219
2018-09-13,94.25599670410156
2018-09-14,93.80498504638672
2018-09-17,93.80498504638672
2018-09-18,92.82376861572266
2018-09-19,92.26991271972656
2018-09-20,92.6971664428711
2018-09-21,92.65763854980469
2018-09-24,92.42024993896484
2018-09-25,92.32530212402344
2018-09-26,92.97411346435547
2018-09-27,93.0374526977539
2018-09-28,92.79216003417969
2018-10-01,92.1109619140625
2018-10-02,92.67398071289062
2018-10-03,91.0641098022461
2018-10-04,90.4217758178711
2018-10-05,89.64460754394531
2018-10-08,89.34325408935547
2018-10-09,90.2472915649414
2018-10-10,90.00146484375
2018-10-11,91.09583282470703
2018-10-12,90.77865600585938
2018-10-15,90.73896789550781
2018-10-16,90.94515991210938
2018-10-17,90.40591430664062
2018-10-18,90.37419128417969
2018-10-19,90.1759033203125
2018-10-22,90.05696868896484
2018-10-23,90.34247589111328
2018-10-24,91.02445220947266
2018-10-25,90.6438217163086
2018-10-26,91.19100952148438
2018-10-29,90.98482513427734
2018-10-30,90.53277587890625
2018-10-31,90.07283782958984
2018-11-01,90.15631866455078
2018-11-02,89.03541564941406
2018-11-05,89.38519287109375
2018-11-06,89.32955932617188
2018-11-07,89.44879913330078
2018-11-08,89.44084930419922
2018-11-09,90.10861206054688
2018-11-12,90.69689178466797
2018-11-13,90.64124298095703
2018-11-14,90.69689178466797
2018-11-15,90.65715026855469
2018-11-16,91.18180084228516
2018-11-19,91.4361801147461
2018-11-20,91.46800231933594
2018-11-21,91.4361801147461
2018-11-23,91.53157043457031
2018-11-26,91.32487487792969
2018-11-27,91.42827606201172
2018-11-28,90.98307037353516
2018-11-29,91.34077453613281
2018-11-30,91.68262481689453
2018-12-03,92.33358764648438
2018-12-04,93.87942504882812
2018-12-06,94.17425537109375
2018-12-07,94.34955596923828
2018-12-10,94.73998260498047
2018-12-11,94.72404479980469
2018-12-12,94.30171966552734
2018-12-13,94.0786361694336
2018-12-14,94.4052963256836
2018-12-17,94.95511627197266
2018-12-18,95.5237808227539
2018-12-19,96.78569030761719
2018-12-20,96.43429565429688
2018-12-21,96.41829681396484
2018-12-24,96.89753723144531
2018-12-26,95.8592300415039
2018-12-27,95.87520599365234
2018-12-28,96.68189239501953
2018-12-31,97.04927825927734
2019-01-02,97.56046295166016
2019-01-03,98.67060089111328
2019-01-04,97.52845764160156
2019-01-07,97.24098205566406
2019-01-08,96.98533630371094
2019-01-09,96.8336181640625
2019-01-10,96.21063232421875
2019-01-11,96.58605194091797
2019-01-14,96.22662353515625
2019-01-15,95.87520599365234
2019-01-16,95.97107696533203
2019-01-17,95.99501037597656
2019-01-18,95.49183654785156
2019-01-22,96.13874053955078
2019-01-23,96.0988540649414
2019-01-24,96.72982025146484
2019-01-25,96.26649475097656
2019-01-28,96.17070007324219
2019-01-29,96.65787506103516
2019-01-30,96.58605194091797
2019-01-31,97.41667175292969
2019-02-01,96.82831573486328
2019-02-04,96.39603424072266
2019-02-05,96.83629608154297
2019-02-06,96.88435363769531
2019-02-07,97.5247802734375
2019-02-08,97.94100952148438
2019-02-11,97.55677032470703
2019-02-12,97.30860900878906
2019-02-13,96.9404067993164
2019-02-14,97.4927749633789
2019-02-15,97.6447982788086
2019-02-19,97.89299011230469
2019-02-20,97.6127700805664
2019-02-21,96.74028015136719
2019-02-22,97.31660461425781
2019-02-25,97.0284423828125
2019-02-26,97.50872802734375
2019-02-27,96.4040298461914
2019-02-28,96.07582092285156
2019-03-01,95.18782806396484
2019-03-04,95.93385314941406
2019-03-05,96.1343765258789
2019-03-06,96.48736572265625
2019-03-07,97.11307525634766
2019-03-08,97.52217864990234
2019-03-11,97.23341369628906
2019-03-12,97.91526794433594
2019-03-13,97.73079681396484
2019-03-14,97.02482604980469
2019-03-15,97.66658782958984
2019-03-18,97.61043548583984
2019-03-19,97.3938217163086
2019-03-20,98.41259765625
2019-03-21,98.62919616699219
2019-03-22,100.16140747070312
2019-03-25,100.3218002319336
2019-03-26,100.2496337890625
2019-03-27,101.17218780517578
2019-03-28,101.52510833740234
2019-03-29,101.42887878417969
2019-04-01,99.9881591796875
2019-04-02,100.17308807373047
2019-04-03,99.30481719970703
2019-04-04,99.58617401123047
2019-04-05,99.71481323242188
2019-04-08,99.36109924316406
2019-04-09,99.67462921142578
2019-04-10,99.91578674316406
2019-04-11,99.32892608642578
2019-04-12,98.6214599609375
2019-04-15,98.87067413330078
2019-04-16,98.25162506103516
2019-04-17,98.29180908203125
2019-04-18,98.80631256103516
2019-04-22,98.33199310302734
2019-04-23,98.54105377197266
2019-04-24,99.34500885009766
2019-04-25,99.20026397705078
2019-04-26,99.53792572021484
2019-04-29,98.90283966064453
2019-04-30,99.40933227539062
2019-05-01,99.81939697265625
2019-05-02,99.34406280517578
2019-05-03,99.62603759765625
2019-05-06,99.89997863769531
2019-05-07,100.66531372070312
2019-05-08,100.2303237915039
2019-05-09,100.64117431640625
2019-05-10,100.50416564941406
2019-05-13,101.29371643066406
2019-05-14,100.99560546875
2019-05-15,101.615966796875
2019-05-16,101.27762603759766
2019-05-17,101.50322723388672
2019-05-20,101.29371643066406
2019-05-21,101.13262939453125
2019-05-22,101.712646484375
2019-05-23,102.856689453125
2019-05-24,102.94528198242188
2019-05-28,103.68644714355469
2019-05-29,104.00067138671875
2019-05-30,104.89494323730469
2019-05-31,106.20814514160156
2019-06-03,106.91858673095703
2019-06-04,105.6995620727539
2019-06-05,105.1021957397461
2019-06-06,105.44122314453125
2019-06-07,106.35343933105469
2019-06-10,105.3524169921875
2019-06-11,105.4169921875
2019-06-12,105.49773406982422
2019-06-13,105.86104583740234
2019-06-14,106.12745666503906
2019-06-17,106.31314086914062
2019-06-18,106.84595489501953
2019-06-19,106.99929809570312
2019-06-20,107.2818832397461
2019-06-21,106.10316467285156
2019-06-24,106.89436340332031
2019-06-25,107.22535705566406
2019-06-26,106.5391616821289
2019-06-27,107.28992462158203
2019-06-28,107.21727752685547
2019-07-01,106.96652221679688
2019-07-02,107.79158020019531
2019-07-03,108.55998992919922
2019-07-05,107.12016296386719
2019-07-08,107.26579284667969
2019-07-09,107.22537231445312
2019-07-10,106.6349105834961
2019-07-11,105.21122741699219
2019-07-12,105.33257293701172
2019-07-15,105.9392318725586
2019-07-16,105.62378692626953
2019-07-17,106.76429748535156
2019-07-18,106.77237701416016
2019-07-19,106.52165985107422
2019-07-22,106.72386169433594
2019-07-23,106.14144897460938
2019-07-24,106.6025161743164
2019-07-25,106.09296417236328
2019-07-26,106.34371185302734
2019-07-29,106.37600708007812
2019-07-30,106.6349105834961
2019-07-31,107.49229431152344
2019-08-01,109.62712097167969
2019-08-02,110.64022827148438
2019-08-05,112.5530014038086
2019-08-06,113.45263671875
2019-08-07,113.4931411743164
2019-08-08,113.736328125
2019-08-09,113.50934600830078
2019-08-12,115.8759994506836
2019-08-13,115.47887420654297
2019-08-14,118.08049774169922
2019-08-15,119.39360046386719
2019-08-16,118.43724060058594
2019-08-19,116.74327850341797
2019-08-20,117.95081329345703
2019-08-21,117.16468811035156
2019-08-22,116.38660430908203
2019-08-23,118.29938507080078
2019-08-26,117.8212661743164
2019-08-27,119.63673400878906
2019-08-28,119.79067993164062
2019-08-29,119.33682250976562
2019-08-30,119.36922454833984
2019-09-03,119.52351379394531
2019-09-04,119.70209503173828
2019-09-05,117.5343246459961
2019-09-06,118.37062072753906
2019-09-09,116.26776123046875
2019-09-10,114.22978973388672
2019-09-11,114.02677917480469
2019-09-12,113.27982330322266
2019-09-13,110.86029052734375
2019-09-16,112.27303314208984
2019-09-17,112.8819808959961
2019-09-18,113.36105346679688
2019-09-19,113.70196533203125
2019-09-20,115.20408630371094
2019-09-23,115.17969512939453
2019-09-24,116.56814575195312
2019-09-25,114.86304473876953
2019-09-26,115.6019058227539
2019-09-27,115.8860855102539
2019-09-30,116.17024230957031
2019-10-01,116.51998138427734
2019-10-02,116.80467987060547
2019-10-03,117.87014770507812
2019-10-04,118.74044799804688
2019-10-07,117.7562484741211
2019-10-08,118.07349395751953
2019-10-09,117.40657043457031
2019-10-10,115.65790557861328
2019-10-11,114.22636413574219
2019-10-14,115.05599975585938
2019-10-15,113.66515350341797
2019-10-16,113.80338287353516
2019-10-17,113.52690124511719
2019-10-18,113.52690124511719
2019-10-21,112.67286682128906
2019-10-22,113.3316650390625
2019-10-23,113.44558715820312
2019-10-24,113.21782684326172
2019-10-25,112.66472625732422
2019-10-28,111.63986206054688
2019-10-29,111.7131118774414
2019-10-30,113.34797668457031
2019-10-31,114.87703704833984
2019-11-01,114.5234375
2019-11-04,113.0160903930664
2019-11-05,111.74504852294922
2019-11-06,112.42129516601562
2019-11-07,110.38439178466797
2019-11-08,109.92000579833984
2019-11-11,109.99334716796875
2019-11-12,110.49850463867188
2019-11-13,111.21546173095703
2019-11-14,112.36429595947266
2019-11-15,112.24205780029297
2019-11-18,112.44576263427734
2019-11-19,113.38272094726562
2019-11-20,114.55599212646484
2019-11-21,113.83900451660156
2019-11-22,113.98567199707031
2019-11-25,114.31969451904297
2019-11-26,114.9878158569336
2019-11-27,114.65379333496094
2019-11-29,114.40935516357422
2019-12-02,112.88397216796875
2019-12-03,115.2508316040039
2019-12-04,114.10005187988281
2019-12-05,113.5450210571289
2019-12-06,112.91657257080078
2019-12-09,113.16142272949219
2019-12-10,113.16963195800781
2019-12-11,114.0592269897461
2019-12-12,112.18207550048828
2019-12-13,113.47970581054688
2019-12-16,112.45952606201172
2019-12-17,112.3044662475586
2019-12-18,111.38218688964844
2019-12-19,111.56037902832031
2019-12-20,111.70748901367188
2019-12-23,111.5440673828125
2019-12-24,111.86288452148438
2019-12-26,112.13265228271484
2019-12-27,112.25524139404297
2019-12-30,111.84648895263672
2019-12-31,110.75108337402344
2020-01-02,112.0018081665039
2020-01-03,113.7266845703125
2020-01-06,113.0809097290039
2020-01-07,112.5250244140625
2020-01-08,111.78118133544922
2020-01-09,112.17346954345703
2020-01-10,113.17083740234375
2020-01-13,112.82748413085938
2020-01-14,113.40785217285156
2020-01-15,114.15996551513672
2020-01-16,113.80030822753906
2020-01-17,112.82748413085938
2020-01-21,114.01280212402344
2020-01-22,114.41339874267578
2020-01-23,115.21456146240234
2020-01-24,116.14645385742188
2020-01-27,117.95304107666016
2020-01-28,117.02931213378906
2020-01-29,118.17372131347656
2020-01-30,118.19012451171875
2020-01-31,119.26917266845703
2020-02-03,119.17253112792969
2020-02-04,117.56764221191406
2020-02-05,116.28205871582031
2020-02-06,116.80611419677734
2020-02-07,118.26361846923828
2020-02-10,118.59114837646484
2020-02-11,117.9934310913086
2020-02-12,117.39566040039062
2020-02-13,117.84606170654297
2020-02-14,118.36189270019531
2020-02-18,119.17253112792969
2020-02-19,119.1643295288086
2020-02-20,120.09780883789062
2020-02-21,121.21961212158203
2020-02-24,123.02922821044922
2020-02-25,123.68424224853516
2020-02-26,123.02922821044922
2020-02-27,124.36390686035156
2020-02-28,127.17252349853516
2020-03-02,126.23680877685547
2020-03-03,128.1967010498047
2020-03-04,126.83549499511719
2020-03-05,129.9926300048828
2020-03-06,136.7579803466797
2020-03-09,140.46449279785156
2020-03-10,133.26461791992188
2020-03-11,128.3607177734375
2020-03-12,129.15615844726562
2020-03-13,126.23680877685547
2020-03-16,134.41262817382812
2020-03-17,125.44963073730469
2020-03-18,118.3727035522461
2020-03-19,121.59542846679688
2020-03-20,130.73883056640625
2020-03-23,136.12649536132812
2020-03-24,133.59259033203125
2020-03-25,133.2891387939453
2020-03-26,133.94520568847656
2020-03-27,137.52061462402344
2020-03-30,136.38894653320312
2020-03-31,135.28192138671875
2020-04-01,137.1772918701172
2020-04-02,138.04769897460938
2020-04-03,138.3762664794922
2020-04-06,138.01492309570312
2020-04-07,136.56964111328125
2020-04-08,135.57589721679688
2020-04-09,135.82228088378906
2020-04-13,134.5821990966797
2020-04-14,134.54931640625
2020-04-15,138.11341857910156
2020-04-16,139.68199157714844
2020-04-17,137.8095703125
2020-04-20,138.91827392578125
2020-04-21,140.66738891601562
2020-04-22,139.23037719726562
2020-04-23,139.969482421875
2020-04-24,140.29791259765625
2020-04-27,137.68643188476562
2020-04-28,139.2714080810547
2020-04-29,138.5487060546875
2020-04-30,136.93092346191406
2020-05-01,138.103515625
2020-05-04,137.4539031982422
2020-05-05,136.5740509033203
2020-05-06,134.37025451660156
2020-05-07,136.61512756347656
2020-05-08,134.83905029296875
2020-05-11,133.7864532470703
2020-05-12,135.15966796875
2020-05-13,136.1053466796875
2020-05-14,137.43739318847656
2020-05-15,137.0838623046875
2020-05-18,134.0742645263672
2020-05-19,134.57589721679688
2020-05-20,134.978759765625
2020-05-21,135.31594848632812
2020-05-22,136.13002014160156
2020-05-26,134.3044891357422
2020-05-27,134.05776977539062
2020-05-28,133.564453125
2020-05-29,134.5183868408203
2020-06-01,133.61265563964844
2020-06-02,133.12689208984375
2020-06-03,131.35665893554688
2020-06-04,129.45469665527344
2020-06-05,128.53260803222656
2020-06-08,129.0265655517578
2020-06-09,130.4921417236328
2020-06-10,132.4269561767578
2020-06-11,134.92999267578125
2020-06-12,133.6291046142578
2020-06-15,133.7032012939453
2020-06-16,131.6530303955078
2020-06-17,132.19654846191406
2020-06-18,133.59620666503906
2020-06-19,133.7032012939453
2020-06-22,133.71963500976562
2020-06-23,132.8057861328125
2020-06-24,134.2301025390625
2020-06-25,134.61709594726562
2020-06-26,136.05795288085938
2020-06-29,135.6298065185547
2020-06-30,134.97113037109375
2020-07-01,134.70907592773438
2020-07-02,134.8492431640625
2020-07-06,134.296875
2020-07-07,136.18450927734375
2020-07-08,135.64041137695312
2020-07-09,137.8002166748047
2020-07-10,137.10775756835938
2020-07-13,137.56109619140625
2020-07-14,137.7589569091797
2020-07-15,137.115966796875
2020-07-16,137.76719665527344
2020-07-17,137.4786834716797
2020-07-20,137.81671142578125
2020-07-21,137.89910888671875
2020-07-22,138.3112335205078
2020-07-23,139.92689514160156
2020-07-24,139.91868591308594
2020-07-27,139.3993377685547
2020-07-28,140.36383056640625
2020-07-29,140.1248016357422
2020-07-30,141.04798889160156
2020-07-31,140.95730590820312
2020-08-03,140.2476043701172
2020-08-04,141.58448791503906
2020-08-05,140.34664916992188
2020-08-06,141.13058471679688
2020-08-07,140.18983459472656
2020-08-10,139.5626678466797
2020-08-11,137.9039306640625
2020-08-12,136.64955139160156
2020-08-13,135.18898010253906
2020-08-14,134.6608123779297
2020-08-17,134.9991455078125
2020-08-18,135.9646759033203
2020-08-19,135.11465454101562
2020-08-20,136.3360137939453
2020-08-21,137.15298461914062
2020-08-24,136.93011474609375
2020-08-25,135.8822021484375
2020-08-26,135.3622283935547
2020-08-27,133.05984497070312
2020-08-28,132.96087646484375
2020-08-31,133.84378051757812
2020-09-01,135.37466430664062
2020-09-02,136.66346740722656
2020-09-03,137.05174255371094
2020-09-04,134.449462890625
2020-09-08,135.27557373046875
2020-09-09,134.91207885742188
2020-09-10,135.5977783203125
2020-09-11,135.8868865966797
2020-09-14,135.878662109375
2020-09-15,135.54820251464844
2020-09-16,135.1433563232422
2020-09-17,135.55645751953125
2020-09-18,135.1351776123047
2020-09-21,135.82078552246094
2020-09-22,135.7134246826172
2020-09-23,135.89515686035156
2020-09-24,136.41571044921875
2020-09-25,136.41571044921875
2020-09-28,136.02734375
2020-09-29,136.18434143066406
2020-09-30,134.87896728515625
2020-10-01,135.1014404296875
2020-10-02,134.5970458984375
2020-10-05,131.96710205078125
2020-10-06,132.67837524414062
2020-10-07,131.71063232421875
2020-10-08,132.4219512939453
2020-10-09,132.39712524414062
2020-10-12,132.8189697265625
2020-10-13,133.76995849609375
2020-10-14,134.0760040283203
2020-10-15,133.84437561035156
2020-10-16,133.4722900390625
2020-10-19,132.9678192138672
2020-10-20,131.7024383544922
2020-10-21,131.2476348876953
2020-10-22,129.88296508789062
2020-10-23,130.67694091796875
2020-10-26,131.89271545410156
2020-10-27,132.777587890625
2020-10-28,132.90164184570312
2020-10-29,131.6114501953125
2020-10-30,130.31304931640625
2020-11-02,131.28912353515625
2020-11-03,130.52743530273438
2020-11-04,133.35888671875
2020-11-05,133.59072875976562
2020-11-06,131.9762725830078
2020-11-09,129.2028350830078
2020-11-10,128.45779418945312
2020-11-11,128.9213409423828
2020-11-12,131.11534118652344
2020-11-13,130.94151306152344
2020-11-16,130.62680053710938
2020-11-17,131.47962951660156
2020-11-18,131.86038208007812
2020-11-19,132.53921508789062
2020-11-20,133.7149200439453
2020-11-23,133.10226440429688
2020-11-24,131.77755737304688
2020-11-25,131.37191772460938
2020-11-27,132.64688110351562
2020-11-30,132.4813232421875
2020-12-01,130.52796936035156
2020-12-02,129.4920196533203
2020-12-03,130.5362091064453
2020-12-04,128.62185668945312
2020-12-07,129.7821502685547
2020-12-08,130.39540100097656
2020-12-09,129.96437072753906
2020-12-10,131.1163330078125
2020-12-11,131.5805206298828
2020-12-14,131.21585083007812
2020-12-15,130.77659606933594
2020-12-16,130.4285430908203
2020-12-17,130.0834503173828
2020-12-18,129.69351196289062
2020-12-21,130.20785522460938
2020-12-22,130.8798370361328
2020-12-23,129.9755096435547
2020-12-24,130.4898681640625
2020-12-28,130.54800415039062
2020-12-29,130.38204956054688
2020-12-30,130.66416931152344
2020-12-31,130.85488891601562
2021-01-04,130.6973114013672
2021-01-05,129.7266845703125
2021-01-06,127.06356811523438
2021-01-07,125.94364166259766
2021-01-08,125.53710174560547
2021-01-11,125.3297119140625
2021-01-12,125.23018646240234
2021-01-13,126.6405029296875
2021-01-14,125.45418548583984
2021-01-15,125.95197296142578
2021-01-19,126.35844421386719
2021-01-20,126.48284912109375
2021-01-21,125.59520721435547
2021-01-22,126.00176239013672
2021-01-25,127.48670196533203
2021-01-26,127.24613189697266
2021-01-27,127.56973266601562
2021-01-28,126.86454010009766
2021-01-29,126.10122680664062
2021-02-01,126.24738311767578
2021-02-02,125.43343353271484
2021-02-03,124.32050323486328
2021-02-04,123.98826599121094
2021-02-05,122.9500503540039
2021-02-08,123.48991394042969
2021-02-09,123.58126068115234
2021-02-10,124.40359497070312
2021-02-11,123.72245788574219
2021-02-12,122.18596649169922
2021-02-16,120.3254165649414
2021-02-17,121.08953857421875
2021-02-18,120.5995101928711
2021-02-19,118.99654388427734
2021-02-22,118.09115600585938
2021-02-23,117.75068664550781
2021-02-24,116.97821807861328
2021-02-25,115.06792449951172
2021-02-26,118.8719482421875
2021-03-01,117.30187225341797
2021-03-02,117.31023406982422
2021-03-03,116.03791046142578
2021-03-04,115.28953552246094
2021-03-05,115.5140380859375
2021-03-08,114.61591339111328
2021-03-09,116.20423126220703
2021-03-10,116.43706512451172
2021-03-11,115.59716033935547
2021-03-12,113.14402770996094
2021-03-15,113.80926513671875
2021-03-16,113.3519515991211
2021-03-17,112.50373077392578
2021-03-18,111.36445617675781
2021-03-19,112.05467987060547
2021-03-22,113.31035614013672
2021-03-23,114.33320617675781
2021-03-24,114.94857788085938
2021-03-25,114.04215240478516
2021-03-26,113.64299774169922
2021-03-29,112.67831420898438
2021-03-30,113.2688217163086
2021-03-31,112.63677215576172
2021-04-01,114.5062255859375
2021-04-05,114.006591796875
2021-04-06,114.78104400634766
2021-04-07,113.98164367675781
2021-04-08,114.92261505126953
2021-04-09,114.5062255859375
2021-04-12,114.4562759399414
2021-04-13,115.31396484375
2021-04-14,114.94756317138672
2021-04-15,116.87108612060547
2021-04-16,115.96347045898438
2021-04-19,115.63033294677734
2021-04-20,116.16336059570312
2021-04-21,116.39647674560547
2021-04-22,116.90441131591797
2021-04-23,116.62965393066406
2021-04-26,116.46307373046875
2021-04-27,115.44721984863281
2021-04-28,115.52207946777344
2021-04-29,115.18072509765625
2021-04-30,115.44721984863281
2021-05-03,115.51641845703125
2021-05-04,116.3003158569336
2021-05-05,116.49205780029297
2021-05-06,116.6839370727539
2021-05-07,116.10852813720703
2021-05-10,114.93267822265625
2021-05-11,114.2822036743164
2021-05-12,113.08132934570312
2021-05-13,113.25645446777344
2021-05-14,114.31555938720703
2021-05-17,114.07368469238281
2021-05-18,113.78180694580078
2021-05-19,113.50664520263672
2021-05-20,114.44064331054688
2021-05-21,114.80755615234375
2021-05-24,115.23286437988281
2021-05-25,116.3003158569336
2021-05-26,116.10015106201172
2021-05-27,115.63314819335938
2021-05-28,115.4496841430664
2021-06-01,115.4238052368164
2021-06-02,115.6910400390625
2021-06-03,115.25680541992188
2021-06-04,116.83517456054688
2021-06-07,116.47604370117188
2021-06-08,117.29448699951172
2021-06-09,118.33002471923828
2021-06-10,119.03987121582031
2021-06-11,118.84785461425781
2021-06-14,117.93757629394531
2021-06-15,117.79558563232422
2021-06-16,117.69538116455078
2021-06-17,119.45755767822266
2021-06-18,121.70397186279297
2021-06-21,119.66629791259766
2021-06-22,119.9585952758789
2021-06-23,119.64958190917969
2021-06-24,119.84165954589844
2021-06-25,118.59728240966797
2021-06-28,119.81661224365234
2021-06-29,120.01702117919922
2021-06-30,120.5515365600586
2021-07-01,120.55821228027344
2021-07-02,121.28572082519531
2021-07-06,122.7072982788086
2021-07-07,123.79442596435547
2021-07-08,124.27936553955078
2021-07-09,122.53168487548828
2021-07-12,122.37285614013672
2021-07-13,121.43624114990234
2021-07-14,122.81600952148438
2021-07-15,124.1706771850586
2021-07-16,123.9365463256836
2021-07-19,126.65434265136719
2021-07-20,125.43341827392578
2021-07-21,123.84457397460938
2021-07-22,125.0152359008789
2021-07-23,124.1790542602539
2021-07-26,123.81111145019531
2021-07-27,125.13235473632812
2021-07-28,125.14073181152344
2021-07-29,124.4466323852539
2021-07-30,125.03199005126953
2021-08-02,126.14724731445312
2021-08-03,126.21414184570312
2021-08-04,126.47370910644531
2021-08-05,125.8290786743164
2021-08-06,123.72761535644531
2021-08-09,123.28378295898438
2021-08-10,122.71452331542969
2021-08-11,122.63917541503906
2021-08-12,122.43819427490234
2021-08-13,124.37226867675781
2021-08-16,124.67369079589844
2021-08-17,124.62344360351562
2021-08-18,125.04204559326172
2021-08-19,125.96302032470703
2021-08-20,126.04679870605469
2021-08-23,125.96302032470703
2021-08-24,124.98346710205078
2021-08-25,123.9452896118164
2021-08-26,124.2885971069336
2021-08-27,125.13414764404297
2021-08-30,125.46064758300781
2021-08-31,124.606689453125
2021-09-01,124.81537628173828
2021-09-02,125.36032104492188
2021-09-03,124.2201919555664
2021-09-07,123.17233276367188
2021-09-08,124.0105972290039
2021-09-09,125.51122283935547
2021-09-10,124.4046401977539
2021-09-13,125.15911865234375
2021-09-14,126.67646789550781
2021-09-15,126.23222351074219
2021-09-16,125.65369415283203
2021-09-17,125.05013275146484
2021-09-20,126.60101318359375
2021-09-21,126.49202728271484
2021-09-22,127.24649047851562
2021-09-23,124.37109375
2021-09-24,123.15560150146484
2021-09-27,122.70287322998047
2021-09-28,120.79151916503906
2021-09-29,121.00111389160156
2021-09-30,120.98434448242188
2021-10-01,122.00253295898438
2021-10-04,121.69193267822266
2021-10-05,120.51680755615234
2021-10-06,121.19673156738281
2021-10-07,119.92929077148438
2021-10-08,119.08985900878906
2021-10-11,118.78777313232422
2021-10-12,120.81903839111328
2021-10-13,121.9941177368164
2021-10-14,122.44739532470703
2021-10-15,121.73390197753906
2021-10-18,122.30465698242188
2021-10-19,120.6175765991211
2021-10-20,119.80335235595703
2021-10-21,119.66059112548828
2021-10-22,120.9785385131836
2021-10-25,120.7938232421875
2021-10-26,121.79264068603516
2021-10-27,124.0086441040039
2021-10-28,123.58890533447266
2021-10-29,123.96666717529297
2021-11-01,123.07413482666016
2021-11-02,123.62037658691406
2021-11-03,122.34288024902344
2021-11-04,123.62879943847656
2021-11-05,125.47775268554688
2021-11-08,125.24242401123047
2021-11-09,126.8729248046875
2021-11-10,124.55326080322266
2021-11-11,124.36834716796875
2021-11-12,123.82209777832031
2021-11-15,122.26728057861328
2021-11-16,121.95632934570312
2021-11-17,122.92277526855469
2021-11-18,123.3850326538086
2021-11-19,124.6877212524414
2021-11-22,123.2253646850586
2021-11-23,121.44366455078125
2021-11-24,123.3934555053711
2021-11-26,126.5114974975586
2021-11-29,125.4946060180664
2021-11-30,127.40238952636719
2021-12-01,128.1883087158203
2021-12-02,128.3481903076172
2021-12-03,129.879638671875
2021-12-06,128.0957489013672
2021-12-07,127.06075286865234
2021-12-08,124.86451721191406
2021-12-09,125.56295013427734
2021-12-10,125.25999450683594
2021-12-13,127.11119079589844
2021-12-14,126.8083267211914
2021-12-15,125.58818054199219
2021-12-16,125.63706970214844
2021-12-17,127.06072235107422
2021-12-20,126.10879516601562
2021-12-21,125.62860107421875
2021-12-22,126.20989227294922
2021-12-23,125.11478424072266
2021-12-27,125.41800689697266
2021-12-28,124.92095947265625
2021-12-29,123.55628967285156
2021-12-30,124.59246063232422
2021-12-31,124.83670043945312
2022-01-03,121.55974578857422
2022-01-04,121.05430603027344
2022-01-05,120.39723205566406
2022-01-06,120.70893859863281
2022-01-07,119.84124755859375
2022-01-10,120.13609313964844
2022-01-11,120.9364013671875
2022-01-12,120.47300720214844
2022-01-13,121.54291534423828
2022-01-14,119.7064437866211
2022-01-18,118.0216293334961
2022-01-19,118.83883666992188
2022-01-20,119.57169342041016
2022-01-21,120.99532318115234
2022-01-24,120.0013198852539
2022-01-25,119.80755615234375
2022-01-26,118.35860443115234
2022-01-27,120.53193664550781
2022-01-28,120.57410430908203
2022-01-31,119.95075988769531
2022-02-01,119.55258178710938
2022-02-02,119.95755767822266
2022-02-03,119.02116394042969
2022-02-04,117.2664794921875
2022-02-07,117.34239196777344
2022-02-08,116.557861328125
2022-02-09,116.77720642089844
2022-02-10,114.92127227783203
2022-02-11,116.62540435791016
2022-02-14,115.17438507080078
2022-02-15,113.86685180664062
2022-02-16,114.54171752929688
2022-02-17,115.39371490478516
2022-02-18,116.60850524902344
2022-02-22,116.91220092773438
2022-02-23,115.3009262084961
2022-02-24,115.37686920166016
2022-02-25,115.46125030517578
2022-02-28,117.99197387695312
2022-03-01,119.35614776611328
2022-03-02,115.27627563476562
2022-03-03,116.45038604736328
2022-03-04,118.46078491210938
2022-03-07,117.55693054199219
2022-03-08,116.37435150146484
2022-03-09,115.2340316772461
2022-03-10,113.57838439941406
2022-03-11,113.9585189819336
2022-03-14,111.2977066040039
2022-03-15,111.10345458984375
2022-03-16,112.19306182861328
2022-03-17,111.35681915283203
2022-03-18,112.71678924560547
2022-03-21,110.10669708251953
2022-03-22,108.6960220336914
2022-03-23,111.07807922363281
2022-03-24,110.20803833007812
2022-03-25,108.67915344238281
2022-03-28,109.60830688476562
2022-03-29,110.43608856201172
2022-03-30,111.2977066040039
2022-03-31,111.5679931640625
2022-04-01,111.9926986694336
2022-04-04,111.21440124511719
2022-04-05,108.70178985595703
2022-04-06,107.82197570800781
2022-04-07,107.00980377197266
2022-04-08,105.85076904296875
2022-04-11,104.17572021484375
2022-04-12,104.03192901611328
2022-04-13,104.2433853149414
2022-04-14,102.15380859375
2022-04-18,101.6462173461914
2022-04-19,100.88480377197266
2022-04-20,102.9151611328125
2022-04-21,102.15380859375
2022-04-22,101.51082611083984
2022-04-25,102.52606964111328
2022-04-26,103.55816650390625
2022-04-27,102.22991180419922
2022-04-28,102.38220977783203
2022-04-29,101.05399322509766
2022-05-02,99.3023452758789
2022-05-03,99.9718246459961
2022-05-04,100.52266693115234
2022-05-05,97.76850128173828
2022-05-06,96.32785034179688
2022-05-09,97.17530822753906
2022-05-10,98.0566177368164
2022-05-11,99.94639587402344
2022-05-12,99.75995635986328
2022-05-13,98.28546142578125
2022-05-16,98.1837387084961
2022-05-17,96.99729919433594
2022-05-18,99.0650863647461
2022-05-19,99.3023452758789
2022-05-20,100.42945861816406
2022-05-23,98.7769546508789
2022-05-24,100.72602844238281
2022-05-25,101.1243667602539
2022-05-26,100.66671752929688
2022-05-27,100.91248321533203
2022-05-31,98.7769546508789
2022-06-01,98.6640625
2022-06-02,98.71499633789062
2022-06-03,98.50273895263672
2022-06-06,96.68601989746094
2022-06-07,97.73021697998047
2022-06-08,96.8642578125
2022-06-09,97.18687438964844
2022-06-10,96.58411407470703
2022-06-13,93.55341339111328
2022-06-14,92.3733901977539
2022-06-15,94.09672546386719
2022-06-16,94.84380340576172
2022-06-17,95.14942169189453
2022-06-21,93.53643035888672
2022-06-22,96.1087417602539
2022-06-23,96.89823913574219
2022-06-24,95.55692291259766
2022-06-27,94.74190521240234
2022-06-28,95.18338012695312
2022-06-29,96.66900634765625
2022-06-30,97.51798248291016
2022-07-01,98.5191421508789
2022-07-05,99.29322052001953
2022-07-06,97.62599182128906
2022-07-07,96.76686096191406
2022-07-08,95.69506072998047
2022-07-11,97.34529876708984
2022-07-12,97.9237289428711
2022-07-13,99.0465316772461
2022-07-14,98.23845672607422
2022-07-15,98.79135131835938
2022-07-18,97.76210021972656
2022-07-19,97.23472595214844
2022-07-20,97.4898681640625
2022-07-21,99.17411041259766
2022-07-22,100.84134674072266
2022-07-25,99.85462951660156
2022-07-26,99.93116760253906
2022-07-27,99.36978912353516
2022-07-28,100.16085815429688
2022-07-29,99.88863372802734
2022-08-01,102.2943115234375
2022-08-02,100.12982177734375
2022-08-03,101.70633697509766
2022-08-04,101.6722412109375
2022-08-05,99.25208282470703
2022-08-08,100.8541259765625
2022-08-09,100.4621810913086
2022-08-10,99.80598449707031
2022-08-11,97.47958374023438
2022-08-12,98.46809387207031
2022-08-15,98.38285064697266
2022-08-16,98.79192352294922
2022-08-17,97.76074981689453
2022-08-18,97.90564727783203
2022-08-19,96.3291244506836
2022-08-22,96.00532531738281
2022-08-23,95.47696685791016
2022-08-24,94.77818298339844
2022-08-25,96.09903717041016
2022-08-26,96.82340240478516
2022-08-29,96.02235412597656
2022-08-30,96.26097106933594
2022-08-31,95.34063720703125
2022-09-01,93.5950927734375
2022-09-02,94.12457275390625
2022-09-06,91.7932357788086
2022-09-07,93.2449722290039
2022-09-08,92.28854370117188
2022-09-09,92.49349212646484
2022-09-12,91.73345184326172
2022-09-13,91.94694519042969
2022-09-14,92.26293182373047
2022-09-15,92.20314025878906
2022-09-16,91.4345932006836
2022-09-19,91.64805603027344
2022-09-20,90.73429870605469
2022-09-21,92.25435638427734
2022-09-22,89.89739990234375
2022-09-23,90.26464080810547
2022-09-26,88.53961181640625
2022-09-27,86.2082290649414
2022-09-28,89.0947036743164
2022-09-29,88.6335220336914
2022-09-30,87.48922729492188
2022-10-03,88.87938690185547
2022-10-04,88.631103515625
2022-10-05,87.78368377685547
2022-10-06,87.29576110839844
2022-10-07,86.44829559326172
2022-10-10,85.10440826416016
2022-10-11,85.48101806640625
2022-10-12,85.90050506591797
2022-10-13,85.07869720458984
2022-10-14,84.37678527832031
2022-10-17,83.96590423583984
2022-10-18,84.16279602050781
2022-10-19,82.63053131103516
2022-10-20,81.21810913085938
2022-10-21,79.75432586669922
2022-10-24,79.09522247314453
2022-10-25,81.39784240722656
2022-10-26,82.57058715820312
2022-10-27,83.43515014648438
2022-10-28,82.86165618896484
2022-10-31,82.27098846435547
2022-11-01,83.03987884521484
2022-11-02,82.67945098876953
2022-11-03,82.23324584960938
2022-11-04,80.8516845703125
2022-11-07,80.04503631591797
2022-11-08,80.9203109741211
2022-11-09,81.18634796142578
2022-11-10,84.30986785888672
2022-11-11,84.00096893310547
2022-11-14,83.79499816894531
2022-11-15,85.15084075927734
2022-11-16,87.0129165649414
2022-11-17,86.09477996826172
2022-11-18,85.50267028808594
2022-11-21,85.86304473876953
2022-11-22,87.08161163330078
2022-11-23,88.6004867553711
2022-11-25,88.30011749267578
2022-11-28,88.5489730834961
2022-11-29,87.51065063476562
2022-11-30,88.15422821044922
2022-12-01,90.9704360961914
2022-12-02,92.11441802978516
2022-12-05,90.82415771484375
2022-12-06,91.99397277832031
2022-12-07,94.16156768798828
2022-12-08,93.90355682373047
2022-12-09,91.4607162475586
2022-12-12,91.75313568115234
2022-12-13,92.63910675048828
2022-12-14,93.03477478027344
2022-12-15,93.39778900146484
2022-12-16,92.35445404052734
2022-12-19,90.80244445800781
2022-12-20,89.19005584716797
2022-12-21,89.41423034667969
2022-12-22,89.3969955444336
2022-12-23,88.0864028930664
2022-12-27,86.34465026855469
2022-12-28,85.83594512939453
2022-12-29,86.81026458740234
2022-12-30,85.84456634521484
2023-01-03,87.48281860351562
2023-01-04,88.68133544921875
2023-01-05,89.0521011352539
2023-01-06,90.69035339355469
2023-01-09,91.17320251464844
2023-01-10,89.6642837524414
2023-01-11,91.12149047851562
2023-01-12,92.9149398803711
2023-01-13,92.0440673828125
2023-01-17,91.44913482666016
2023-01-18,93.6650619506836
2023-01-19,93.0787582397461
2023-01-20,91.56983184814453
2023-01-23,91.13871765136719
2023-01-24,92.4493408203125
2023-01-25,92.67350006103516
2023-01-26,92.24238586425781
2023-01-27,92.00955963134766
2023-01-30,91.67329406738281
2023-01-31,92.40621185302734
2023-02-01,93.51703643798828
2023-02-02,93.63807678222656
2023-02-03,92.23763275146484
2023-02-06,91.55472564697266
2023-02-07,90.8199462890625
2023-02-08,91.25216674804688
2023-02-09,90.38771057128906
2023-02-10,89.37625885009766
2023-02-13,90.12837219238281
2023-02-14,89.92090606689453
2023-02-15,89.08238220214844
2023-02-16,87.82026672363281
2023-02-17,88.50318908691406
2023-02-21,86.78292083740234
2023-02-22,87.57820892333984
2023-02-23,88.43403625488281
2023-02-24,87.2843246459961
2023-02-27,87.5263442993164
2023-02-28,87.92398834228516
2023-03-01,86.97942352294922
2023-03-02,86.20816802978516
2023-03-03,88.29661560058594
2023-03-06,87.6120376586914
2023-03-07,88.14932250976562
2023-03-08,88.2359848022461
2023-03-09,88.45259094238281
2023-03-10,91.50299072265625
2023-03-13,91.71097564697266
2023-03-14,90.203125
2023-03-15,91.94495391845703
2023-03-16,91.22570037841797
2023-03-17,92.59491729736328
2023-03-20,91.78032684326172
2023-03-21,90.9917221069336
2023-03-22,92.20494842529297
2023-03-23,92.20494842529297
2023-03-24,92.59491729736328
2023-03-27,90.41979217529297
2023-03-28,90.58441925048828
2023-03-29,90.40243530273438
2023-03-30,90.81839752197266
2023-03-31,92.178955078125
2023-04-03,92.61244201660156
2023-04-04,93.07292175292969
2023-04-05,94.04595947265625
2023-04-06,94.28923797607422
2023-04-10,92.76885223388672
2023-04-11,92.95997619628906
2023-04-12,92.86441802978516
2023-04-13,92.1346206665039
2023-04-14,91.29193115234375
2023-04-17,90.20594787597656
2023-04-18,90.52738189697266
2023-04-19,90.44051361083984
2023-04-20,91.2137222290039
2023-04-21,90.70113372802734
2023-04-24,91.57861328125
2023-04-25,92.92522430419922
2023-04-26,91.934814453125
2023-04-27,91.0225830078125
2023-04-28,92.49080657958984
2023-05-01,89.82389068603516
2023-05-02,92.06232452392578
2023-05-03,92.5761947631836
2023-05-04,91.66165161132812
2023-05-05,91.3568344116211
2023-05-08,90.07649993896484
2023-05-09,89.7542495727539
2023-05-10,90.62520599365234
2023-05-11,91.58325958251953
2023-05-12,90.81680297851562
2023-05-15,89.87615966796875
2023-05-16,89.60619354248047
2023-05-17,89.34489440917969
2023-05-18,88.68294525146484
2023-05-19,88.05582427978516
2023-05-22,87.74227905273438
2023-05-23,87.99484252929688
2023-05-24,87.55937194824219
2023-05-25,87.34160614013672
2023-05-26,88.047119140625
2023-05-30,88.92680358886719
2023-05-31,89.70197296142578
2023-06-01,90.05391693115234
2023-06-02,89.06707000732422
2023-06-05,88.90116882324219
2023-06-06,89.42513275146484
2023-06-07,88.09774780273438
2023-06-08,89.12821960449219
2023-06-09,89.00595092773438
2023-06-12,89.26795196533203
2023-06-13,88.38593292236328
2023-06-14,89.0932846069336
2023-06-15,89.9491195678711
2023-06-16,89.59977722167969
2023-06-20,90.21984100341797
2023-06-21,90.43814086914062
2023-06-22,89.34654235839844
2023-06-23,90.2373046875
2023-06-26,90.33334350585938
2023-06-27,90.09757232666016
2023-06-28,90.4818344116211
2023-06-29,88.84876251220703
2023-06-30,89.89671325683594
2023-07-03,89.38707733154297
2023-07-05,88.5376968383789
2023-07-06,87.28551483154297
2023-07-07,86.76012420654297
2023-07-10,86.87393951416016
2023-07-11,87.32051086425781
2023-07-12,88.2925033569336
2023-07-13,89.2207260131836
2023-07-14,88.69530487060547
2023-07-17,88.73908996582031
2023-07-18,89.14189910888672
2023-07-19,90.14891815185547
2023-07-20,89.0543212890625
2023-07-21,89.08060455322266
2023-07-24,88.75659942626953
2023-07-25,88.5902328491211
2023-07-26,88.67780303955078
2023-07-27,86.9527587890625
2023-07-28,87.39932250976562
2023-07-31,87.60951232910156
2023-08-01,86.1738510131836
2023-08-02,85.25189971923828
2023-08-03,83.28500366210938
2023-08-04,84.76016235351562
2023-08-07,83.9260025024414
2023-08-08,84.9006576538086
2023-08-09,85.33971405029297
2023-08-10,83.93478393554688
2023-08-11,83.7415771484375
2023-08-14,83.55718994140625
2023-08-15,83.04792022705078
2023-08-16,82.39813232421875
2023-08-17,82.04691314697266
2023-08-18,82.3366928100586
2023-08-21,81.23906707763672
2023-08-22,81.86254119873047
2023-08-23,83.89087677001953
2023-08-24,83.33768463134766
2023-08-25,83.6098861694336
2023-08-28,83.69768524169922
2023-08-29,84.56697082519531
2023-08-30,84.47917938232422
2023-08-31,84.85675048828125
2023-09-01,83.53480529785156
2023-09-05,82.36346435546875
2023-09-06,82.56604766845703
2023-09-07,82.7950210571289
2023-09-08,83.112060546875
2023-09-11,82.5132064819336
2023-09-12,82.98877716064453
2023-09-13,82.97115325927734
2023-09-14,82.37227630615234
2023-09-15,81.87027740478516
2023-09-18,82.3370590209961
2023-09-19,81.72935485839844
2023-09-20,81.9847640991211
2023-09-21,79.87989044189453
2023-09-22,80.52279663085938
2023-09-25,78.54121398925781
2023-09-26,78.26820373535156
2023-09-27,77.86308288574219
2023-09-28,78.10087585449219
2023-09-29,78.10969543457031
2023-10-02,76.80213165283203
2023-10-03,75.14997863769531
2023-10-04,76.21015167236328
2023-10-05,75.83025360107422
2023-10-06,74.91143798828125
2023-10-09,76.6695785522461
2023-10-10,76.5635757446289
2023-10-11,78.16266632080078
2023-10-12,76.04231262207031
2023-10-13,77.40286254882812
2023-10-16,76.15714263916016
2023-10-17,75.31783294677734
2023-10-18,74.65519714355469
2023-10-19,73.12675476074219
2023-10-20,73.54199981689453
2023-10-23,74.42549896240234
2023-10-24,75.40618896484375
2023-10-25,73.7275619506836
2023-10-26,74.8584213256836
2023-10-27,74.54032897949219
2023-10-30,74.20462036132812
2023-10-31,73.84239196777344
2023-11-01,75.4434585571289
2023-11-02,77.16333770751953
2023-11-03,77.68635559082031
2023-11-06,76.93281555175781
2023-11-07,78.06758880615234
2023-11-08,79.39737701416016
2023-11-09,77.57112121582031
2023-11-10,78.00552368164062
2023-11-13,77.82823181152344
2023-11-14,79.59241485595703
2023-11-15,78.47537231445312
2023-11-16,79.45056915283203
2023-11-17,79.82292175292969
2023-11-20,80.31048583984375
2023-11-21,80.2750244140625
2023-11-22,80.55873107910156
2023-11-24,79.61013793945312
2023-11-27,80.9399185180664
2023-11-28,81.09951782226562
2023-11-29,82.11901092529297
2023-11-30,81.17042541503906
2023-12-01,82.6991958618164
2023-12-04,82.37014770507812
2023-12-05,84.13993072509766
2023-12-06,85.26049041748047
2023-12-07,84.77131652832031
2023-12-08,84.07766723632812
2023-12-11,83.89979553222656
2023-12-12,84.1488037109375
2023-12-13,86.1231460571289
2023-12-14,88.36345672607422
2023-12-15,88.46160125732422
2023-12-18,87.75676727294922
2023-12-19,88.2295913696289
2023-12-20,88.82737731933594
2023-12-21,88.26529693603516
2023-12-22,87.86383056640625
2023-12-26,88.11363983154297
2023-12-27,89.67498016357422
2023-12-28,89.023681640625
2023-12-29,88.22069549560547
2024-01-02,87.7121353149414
2024-01-03,88.07793426513672
2024-01-04,86.73963165283203
2024-01-05,85.90990447998047
2024-01-08,86.75749969482422
2024-01-09,86.204345703125
2024-01-10,85.8028335571289
2024-01-11,86.28463745117188
2024-01-12,86.11507415771484
2024-01-16,84.59838104248047
2024-01-17,84.46453857421875
2024-01-18,83.67940521240234
2024-01-19,83.9470443725586
2024-01-22,84.44669342041016
2024-01-23,83.77757263183594
2024-01-24,83.28682708740234
2024-01-25,83.83110046386719
2024-01-26,83.67047882080078
2024-01-29,84.63406372070312
2024-01-30,85.40135955810547
2024-01-31,86.24004364013672
2024-02-01,87.93169403076172
2024-02-02,85.9893798828125
2024-02-05,84.25296020507812
2024-02-06,85.07646179199219
2024-02-07,84.6646957397461
2024-02-08,84.17242431640625
2024-02-09,84.0023193359375
2024-02-12,84.10081481933594
2024-02-13,82.65973663330078
2024-02-14,83.0804214477539
2024-02-15,83.51004791259766
2024-02-16,83.02672576904297
2024-02-20,83.09830474853516
2024-02-21,82.50757598876953
2024-02-22,82.91036987304688
2024-02-23,84.02024841308594
2024-02-26,83.76962280273438
2024-02-27,83.1788558959961
2024-02-28,83.70697021484375
2024-02-29,84.29771423339844
2024-03-01,84.8229751586914
2024-03-04,84.48178100585938
2024-03-05,85.68494415283203
2024-03-06,86.187744140625
2024-03-07,86.10694122314453
2024-03-08,85.95430755615234
2024-03-11,85.90940856933594
2024-03-12,85.19110107421875
2024-03-13,84.7780990600586
2024-03-14,83.47615814208984
2024-03-15,83.44918823242188
2024-03-18,83.19780731201172
2024-03-19,83.43124389648438
2024-03-20,83.404296875
2024-03-21,83.58387756347656
2024-03-22,84.38301849365234
2024-03-25,83.96100616455078
2024-03-26,84.19444274902344
2024-03-27,85.02947998046875
2024-03-28,84.9576644897461
2024-04-01,83.37396240234375
2024-04-02,82.91451263427734
2024-04-03,82.896484375
2024-04-04,83.49108123779297
2024-04-05,82.32896423339844
2024-04-08,82.31995391845703
2024-04-09,83.0857162475586
2024-04-10,81.27496337890625
2024-04-11,80.90563201904297
2024-04-12,81.3380126953125
2024-04-15,80.07684326171875
2024-04-16,79.54533386230469
2024-04-17,80.42816925048828
2024-04-18,80.02278900146484
2024-04-19,80.31105041503906
2024-04-22,80.1759262084961
2024-04-23,80.20293426513672
2024-04-24,79.63541412353516
2024-04-25,79.07687377929688
2024-04-26,79.49127960205078
2024-04-29,80.15792083740234
2024-04-30,79.47325897216797
2024-05-01,80.05904388427734
2024-05-02,80.4025650024414
2024-05-03,81.21619415283203
2024-05-06,81.5325927734375
2024-05-07,82.02980041503906
2024-05-08,81.5325927734375
2024-05-09,81.93035125732422
2024-05-10,81.4693374633789
2024-05-13,81.6772232055664
2024-05-14,82.13827514648438
2024-05-15,83.25926208496094
2024-05-16,83.17789459228516
2024-05-17,82.61738586425781
2024-05-20,82.3733139038086
2024-05-21,82.7982177734375
2024-05-22,82.89765930175781
2024-05-23,82.3642578125
2024-05-24,82.60836029052734
2024-05-28,81.4240951538086
2024-05-29,80.43875885009766
2024-05-30,81.21619415283203
2024-05-31,81.76764678955078
2024-06-03,83.09019470214844
2024-06-04,84.060791015625
2024-06-05,84.67760467529297
2024-06-06,84.55062866210938
2024-06-07,82.99945831298828
2024-06-10,82.44613647460938
2024-06-11,83.29882049560547
2024-06-12,83.9247055053711
2024-06-13,85.15838623046875
2024-06-14,85.87496185302734
2024-06-17,85.0223159790039
2024-06-18,85.80240631103516
2024-06-20,85.2309341430664
2024-06-21,85.2309341430664
2024-06-24,85.57562255859375
2024-06-25,85.72076416015625
2024-06-26,84.4961929321289
2024-06-27,84.8318099975586
2024-06-28,83.25346374511719
2024-07-01,81.81661987304688
2024-07-02,82.45360565185547
2024-07-03,83.53646850585938
2024-07-05,84.22805786132812
2024-07-08,84.41007232666016
2024-07-09,84.03694915771484
2024-07-10,84.30084228515625
2024-07-11,85.11985778808594
2024-07-12,85.48382568359375
2024-07-15,84.50104522705078
2024-07-16,85.69314575195312
2024-07-17,85.71134185791016
2024-07-18,85.05613708496094
2024-07-19,84.5556411743164
2024-07-22,84.30997467041016
2024-07-23,84.19163513183594
2024-07-24,83.28166198730469
2024-07-25,83.96414947509766
2024-07-26,84.61934661865234
2024-07-29,85.07434844970703
2024-07-30,85.40194702148438
2024-07-31,86.2755126953125
2024-08-01,87.01963806152344
2024-08-02,89.73127746582031
2024-08-05,90.2060546875
2024-08-06,88.18827056884766
2024-08-07,87.56743621826172
2024-08-08,87.02876281738281
2024-08-09,87.88700103759766
2024-08-12,88.20655059814453
2024-08-13,88.81827545166016
2024-08-14,89.3752212524414
2024-08-15,88.65393829345703
2024-08-16,88.96434783935547
2024-08-19,89.3752212524414
2024-08-20,90.08738708496094
2024-08-21,90.14213562011719
2024-08-22,89.24739837646484
2024-08-23,89.83172607421875
2024-08-26,89.60344696044922
2024-08-27,89.4482421875
2024-08-28,89.33868408203125
2024-08-29,89.04652404785156
2024-08-30,88.09696197509766
2024-09-03,89.5378646850586
2024-09-04,90.6919937133789
2024-09-05,91.20494079589844
2024-09-06,91.19575500488281
2024-09-09,91.58965301513672
2024-09-10,92.23084259033203
2024-09-11,92.15757751464844
2024-09-12,91.72705841064453
2024-09-13,91.97435760498047
2024-09-16,92.81707000732422
2024-09-17,92.36824035644531
2024-09-18,91.2232437133789
2024-09-19,90.92097473144531
2024-09-20,90.5728988647461
2024-09-23,90.38054656982422
2024-09-24,90.36222076416016
2024-09-25,89.61112976074219
2024-09-26,89.82179260253906
2024-09-27,90.28893280029297
2024-09-30,89.85841369628906
2024-10-01,90.5072021484375
2024-10-02,89.74446868896484
2024-10-03,88.89906311035156
2024-10-04,87.80551147460938
2024-10-07,87.14384460449219
2024-10-08,87.29088592529297
2024-10-09,86.79467010498047
2024-10-10,86.45465850830078
2024-10-11,86.10545349121094
2024-10-14,86.16978454589844
2024-10-15,87.21737670898438
2024-10-16,87.5849609375
2024-10-17,86.19734191894531
2024-10-18,86.26168823242188
2024-10-21,84.75458526611328
2024-10-22,84.83731079101562
2024-10-23,84.6075668334961
2024-10-24,85.14974975585938
2024-10-25,84.671875
2024-10-28,84.442138671875
2024-10-29,84.57080078125
2024-10-30,84.81893157958984
2024-10-31,84.95675659179688
2024-11-01,83.75901794433594
2024-11-04,85.05911254882812
2024-11-05,85.51091003417969
2024-11-06,83.16890716552734
2024-11-07,84.2108154296875
2024-11-08,85.28040313720703
2024-11-11,84.865478515625
2024-11-12,83.59305572509766
2024-11-13,82.80007934570312
2024-11-14,83.27955627441406
2024-11-15,83.05826568603516
2024-11-18,83.20579528808594
2024-11-19,83.62992858886719
2024-11-20,83.36254119873047
2024-11-21,83.29800415039062
2024-11-22,83.34410858154297
2024-11-25,85.5016860961914
2024-11-26,85.16976165771484
2024-11-27,85.75987243652344
2024-11-29,86.6450424194336
2024-12-02,86.85323333740234
2024-12-03,86.10377502441406
2024-12-04,87.02900695800781
2024-12-05,87.20481872558594
2024-12-06,87.3343505859375
2024-12-09,86.52938079833984
2024-12-10,86.12225341796875
2024-12-11,85.30804443359375
2024-12-12,84.27177429199219
2024-12-13,83.41130065917969
2024-12-16,83.6611099243164
2024-12-17,83.86466217041016
2024-12-18,82.81598663330078
2024-12-19,81.56204223632812
2024-12-20,82.02647399902344
2024-12-23,81.27410888671875
2024-12-24,81.61778259277344
2024-12-26,81.57132720947266
2024-12-27,80.90254974365234
2024-12-30,81.5527572631836
2024-12-31,81.11619567871094
2025-01-02,81.339111328125
2025-01-03,81.07905578613281
2025-01-06,80.71680450439453
2025-01-07,79.8065414428711
2025-01-08,79.90868377685547
2025-01-10,79.37926483154297
2025-01-13,79.35140991210938
2025-01-14,79.22135162353516
2025-01-15,80.5867691040039
2025-01-16,80.84685516357422
2025-01-17,80.98615264892578
2025-01-21,81.7106704711914
2025-01-22,81.28339385986328
2025-01-23,80.65176391601562
2025-01-24,81.01405334472656
2025-01-27,81.97074890136719
2025-01-28,81.91500854492188
2025-01-29,81.74784088134766
2025-01-30,82.05435180664062
2025-01-31,81.51559448242188
2025-02-03,82.1793212890625
2025-02-04,82.43099212646484
2025-02-05,83.79196166992188
2025-02-06,83.75467681884766
2025-02-07,83.21400451660156
2025-02-10,82.96231079101562
2025-02-11,82.43099212646484
2025-02-12,81.31239318847656
2025-02-13,82.66403198242188
2025-02-14,83.10215759277344
2025-02-18,82.12337493896484
2025-02-19,82.22590637207031
2025-02-20,82.53352355957031
2025-02-21,83.53093719482422
2025-02-24,83.7733154296875
2025-02-25,85.21814727783203
2025-02-26,85.7215347290039
2025-02-27,85.1156005859375
2025-02-28,86.15963745117188
2025-03-03,86.56172180175781
2025-03-04,85.4957046508789
2025-03-05,84.81309509277344
2025-03-06,84.53257751464844
2025-03-07,84.26141357421875
2025-03-10,85.140380859375
2025-03-11,84.53257751464844
2025-03-12,84.02761840820312
2025-03-13,84.76634216308594
2025-03-14,84.31748962402344
2025-03-17,84.7383041381836
2025-03-18,84.82244110107422
2025-03-19,85.2619400024414
2025-03-20,85.31805419921875
2025-03-21,84.81309509277344
2025-03-24,83.94346618652344
2025-03-25,83.9341049194336
2025-03-26,83.38240051269531
2025-03-27,83.13927459716797
2025-03-28,84.2894515991211
2025-03-31,85.12166595458984
2025-04-01,85.85929107666016
2025-04-02,85.802978515625
2025-04-03,86.19712829589844
2025-04-04,87.13558959960938
2025-04-07,84.5079345703125
2025-04-08,82.91256713867188
2025-04-09,83.40054321289062
2025-04-10,81.10132598876953
2025-04-11,81.54239654541016
2025-04-14,82.1242446899414
2025-04-15,82.41517639160156
2025-04-16,82.8750228881836
2025-04-17,82.14302825927734
2025-04-21,80.70716857910156
2025-04-22,81.15763854980469
2025-04-23,81.94593811035156
2025-04-24,82.809326171875
2025-04-25,83.41932678222656
2025-04-28,83.94486236572266
2025-04-29,84.64869689941406
2025-04-30,83.96363067626953
2025-05-01,83.53789520263672
2025-05-02,82.6336441040039
2025-05-05,82.17213439941406
2025-05-06,82.44526672363281
2025-05-07,82.79376983642578
2025-05-08,81.87071990966797
2025-05-09,81.9931640625
2025-05-12,81.23020935058594
2025-05-13,80.90052795410156
2025-05-14,80.3636474609375
2025-05-15,81.07007598876953
2025-05-16,81.28672790527344
2025-05-19,81.05123138427734
2025-05-20,80.46726989746094
2025-05-21,79.09207916259766
2025-05-22,79.50651550292969
2025-05-23,79.63839721679688
2025-05-27,80.74983978271484
2025-05-28,80.40132141113281
2025-05-29,81.14543914794922
2025-05-30,81.26788330078125
2025-06-02,80.51155090332031
2025-06-03,80.36973571777344
2025-06-04,81.6744155883789
2025-06-05,81.73113250732422
2025-06-06,80.691162109375
2025-06-09,80.77627563476562
2025-06-10,81.1922378540039
2025-06-11,81.43804931640625
2025-06-12,82.41183471679688
2025-06-13,81.61768341064453
2025-06-16,80.795166015625
2025-06-17,81.7784194946289
2025-06-18,81.92021942138672
2025-06-20,81.76895141601562
2025-06-23,82.03365325927734
2025-06-24,82.6292724609375
2025-06-25,82.7332763671875
2025-06-26,83.14926147460938
2025-06-27,82.61982727050781
2025-06-30,83.4328842163086
2025-07-01,83.63973999023438
2025-07-02,83.10836029052734
2025-07-03,82.52949523925781
2025-07-07,81.74185943603516
2025-07-08,81.63746643066406
2025-07-09,82.49154663085938
2025-07-10,82.5484619140625
2025-07-11,81.40974426269531
2025-07-14,81.23892211914062
2025-07-15,80.66957092285156
2025-07-16,80.78343200683594
2025-07-17,80.76446533203125
2025-07-18,80.8878173828125
2025-07-21,81.6090087890625
2025-07-22,82.10247039794922
2025-07-23,81.64698028564453
2025-07-24,81.504638671875
2025-07-25,82.0170669555664
2025-07-28,81.48565673828125
2025-07-29,82.86162567138672
2025-07-30,82.4345932006836
2025-07-31,82.48204040527344
2025-08-01,83.6546401977539
2025-08-04,83.8832778930664
2025-08-05,84.14046478271484
2025-08-06,83.6546401977539
2025-08-07,83.51176452636719
2025-08-08,83.14979553222656
2025-08-11,83.24504089355469
2025-08-12,82.82591247558594
2025-08-13,83.51176452636719
2025-08-14,82.89259338378906
2025-08-15,82.30201721191406
2025-08-18,82.0638656616211
2025-08-19,82.5401611328125
2025-08-20,82.72113037109375
2025-08-21,82.31153106689453
2025-08-22,82.92118072509766
2025-08-25,82.68303680419922
2025-08-26,82.63541412353516
2025-08-27,82.5401611328125
2025-08-28,83.08312225341797
2025-08-29,82.49250793457031
2025-09-02,81.8786392211914
2025-09-03,82.7774658203125
2025-09-04,83.4085464477539
2025-09-05,84.6802749633789
2025-09-08,85.80857849121094
2025-09-09,85.32093811035156
2025-09-10,85.80857849121094
2025-09-11,86.38230895996094
2025-09-12,86.00938415527344
2025-09-15,86.21018981933594
2025-09-16,86.39186096191406
2025-09-17,86.17196655273438
2025-09-18,85.2826919555664
2025-09-19,85.12013244628906
2025-09-22,84.81414794921875
2025-09-23,85.40699005126953
2025-09-24,85.0818862915039
2025-09-25,85.0818862915039
2025-09-26,85.0053939819336
2025-09-29,85.70340728759766
2025-09-30,85.45480346679688
2025-10-01,85.67549896240234
2025-10-02,85.92496490478516
2025-10-03,85.76183319091797
2025-10-06,85.0805892944336
2025-10-07,85.5699462890625
2025-10-08,85.6371078491211
2025-10-09,85.5699462890625
2025-10-10,86.95164489746094
2025-10-13,86.90367889404297
2025-10-14,87.18193817138672
2025-10-15,86.99003601074219
2025-10-16,87.64250183105469
2025-10-17,87.5081558227539
2025-10-20,87.84400939941406
2025-10-21,88.27579498291016
2025-10-22,88.33335876464844
2025-10-23,87.72885131835938
2025-10-24,87.76725006103516
2025-10-27,88.064697265625
2025-10-28,88.29497528076172
2025-10-29,87.4026107788086
2025-10-30,86.89407348632812
2025-10-31,86.63501739501953
2025-11-03,86.41832733154297
2025-11-04,86.61093139648438
2025-11-05,85.6672134399414
2025-11-06,86.4375991821289
2025-11-07,86.25463104248047
2025-11-10,86.2353744506836
2025-11-11,86.63019561767578
2025-11-12,86.7842788696289
2025-11-13,86.07164764404297
2025-11-14,85.58053588867188
2025-11-17,85.79238891601562
2025-11-18,85.76351165771484
2025-11-19,85.59015655517578
2025-11-20,85.92720794677734
2025-11-21,86.18722534179688
2025-11-24,86.6783447265625
2025-11-25,86.89983367919922
2025-11-26,87.28501892089844
2025-11-28,86.8709487915039
2025-12-01,85.78951263427734
2025-12-02,85.82816314697266
2025-12-03,86.06976318359375
2025-12-04,85.60589599609375
2025-12-05,85.20966339111328
2025-12-08,84.92938232421875
2025-12-09,85.01636505126953
2025-12-10,85.34496307373047
2025-12-11,85.22897338867188
2025-12-12,84.40752410888672
2025-12-15,84.46550750732422
2025-12-16,84.92938232421875
2025-12-17,84.85208892822266
2025-12-18,85.25798034667969
2025-12-19,84.93975830078125
2025-12-22,84.75542449951172
2025-12-23,84.89125061035156
2025-12-24,85.40546417236328
2025-12-26,85.12408447265625
2025-12-29,85.44425964355469
2025-12-30,85.24051666259766
2025-12-31,84.56138610839844
2026-01-02,84.43525695800781
2026-01-05,84.85242462158203
2026-01-06,84.67780303955078
2026-01-07,85.172607421875
2026-01-08,84.74571228027344
2026-01-09,85.30842590332031
2026-01-12,85.05616760253906
2026-01-13,85.20169830322266
2026-01-14,85.6965103149414
2026-01-15,85.6771011352539
2026-01-16,85.18231201171875
2026-01-20,84.06658935546875
2026-01-21,84.70690155029297
2026-01-22,85.07557678222656
2026-01-23,85.30842590332031
2026-01-26,85.71590423583984
2026-01-27,85.18231201171875
2026-01-28,84.9882583618164
2026-01-29,85.0076675415039
2026-01-30,84.53227996826172
2026-02-02,84.29075622558594
2026-02-03,84.4952621459961
2026-02-04,84.28101348876953
2026-02-05,85.19647216796875
2026-02-06,85.25491333007812
2026-02-09,85.23542785644531
2026-02-10,86.21906280517578
2026-02-11,85.7613296508789
2026-02-12,86.90079498291016
2026-02-13,87.37799835205078
2026-02-17,87.52408599853516
2026-02-18,87.19296264648438
2026-02-19,87.2806167602539
2026-02-20,87.07609558105469
2026-02-23,87.3974838256836
2026-02-24,87.55330657958984
2026-02-25,87.56304168701172
2026-02-26,87.91365051269531
2026-02-27,88.44928741455078
2026-03-02,87.56106567382812
2026-03-03,87.38520050048828
2026-03-04,87.1115951538086
2026-03-05,86.75983428955078
2026-03-06,86.43737030029297
2026-03-09,87.18976593017578
2026-03-10,86.26148223876953
2026-03-11,85.14755249023438
2026-03-12,84.98143768310547
2026-03-13,84.56127166748047
2026-03-16,85.21595001220703
2026-03-17,85.45046997070312
2026-03-18,84.97166442871094
2026-03-19,85.48954772949219
2026-03-20,83.86750793457031
2026-03-23,84.4146957397461
2026-03-24,84.04339599609375
2026-03-25,84.85440826416016
2026-03-26,84.14110565185547
2026-03-27,83.68184661865234
2026-03-30,84.79578399658203
2026-03-31,84.70783996582031
2026-04-01,84.62445831298828
2026-04-02,85.1444091796875
2026-04-06,85.00706481933594
2026-04-07,84.99724578857422
2026-04-08,85.27193450927734
2026-04-09,85.05610656738281
2026-04-10,84.85009765625
2026-04-13,85.10515594482422
2026-04-14,85.55643463134766
2026-04-15,85.18364715576172
2026-04-16,84.64408111572266
2026-04-17,85.41909790039062
2026-04-20,85.39947509765625
2026-04-21,84.92858123779297
2026-04-22,85.09534454345703
2026-04-23,84.9089584350586
2026-04-24,85.06591796875
2026-04-27,84.64408111572266
2026-04-28,84.73236846923828
2026-04-29,84.07506561279297
2026-04-30,83.99658203125
2026-05-01,84.29691314697266
2026-05-04,83.65687561035156
2026-05-05,84.11967468261719
2026-05-06,84.75969696044922
2026-05-07,84.33629608154297
2026-05-08,84.75969696044922
2026-05-11,84.24767303466797
2026-05-12,83.68641662597656
2026-05-13,83.49933624267578
2026-05-14,83.61749267578125
2026-05-15,82.37682342529297
2026-05-18,82.2783432006836
2026-05-19,81.74663543701172
2026-05-20,82.62298583984375
2026-05-21,82.92823028564453
2026-05-22,83.38117218017578
2026-05-26,83.79472351074219
2026-05-27,83.99166870117188
2026-05-28,84.42491149902344
2026-05-29,84.44461822509766
2026-06-01,84.4900894165039
2026-06-02,84.66801452636719
2026-06-03,84.33191680908203
2026-06-04,84.51973724365234
2026-06-05,84.08477783203125
2026-06-08,83.64982604980469
2026-06-09,84.14409637451172
2026-06-10,83.90684509277344
2026-06-11,84.9942398071289
2026-06-12,84.78663635253906
2026-06-15,84.73721313476562
2026-06-16,85.20182800292969
2026-06-17,85.34022521972656
2026-06-18,85.75540924072266
2026-06-22,85.10297393798828
2026-06-23,85.21170806884766
2026-06-24,86.37818145751953
2026-06-25,86.34852600097656
2026-06-26,86.35841369628906
2026-06-29,86.44738006591797
2026-06-30,85.42918395996094
2026-07-01,84.85173797607422
2026-07-02,84.8418197631836
2026-07-06,84.78227996826172
2026-07-07,83.88932037353516
2026-07-08,83.7008056640625
2026-07-09,83.82978057861328
2026-07-10,83.80994415283203
2026-07-13,83.31385040283203
2026-07-14,83.4229965209961
2026-07-15,83.58174133300781
2026-07-16,83.55197143554688
2026-07-17,83.85954284667969
2026-07-20,83.2344741821289
2026-07-21,83.00627899169922
2026-07-22,82.7879867553711
2026-07-23,82.52009582519531
2026-07-24,82.59947204589844
2026-07-27,83.09556579589844
2026-07-28,83.58174133300781
2026-07-29,82.20259857177734
2026-07-30,82.15299224853516
2026-07-31,81.60728454589844
2026-08-03,81.87625885009766
2026-08-04,82.50385284423828
2026-08-05,82.68316650390625
2026-08-06,82.20499420166016
2026-08-07,82.44408416748047
2026-08-10,81.74674987792969
2026-08-11,81.87625885009766
2026-08-12,81.79656219482422
2026-08-13,82.27472686767578
2026-08-14,81.7268295288086
2026-08-17,81.03946685791016
2026-08-18,81.3482894897461
2026-08-19,82.70308685302734
2026-08-20,82.02568054199219
2026-08-21,81.7367935180664
2026-08-24,82.24484252929688
2026-08-25,83.15137481689453
2026-08-26,82.98202514648438
2026-08-27,82.81266784667969
2026-08-28,82.5636215209961
2026-08-31,82.20499420166016
2026-09-01,81.87000274658203
2026-09-02,81.94999694824219
2026-09-03,82.06999969482422
2026-09-04,82.20999908447266
2026-09-08,82.19999694824219
2026-09-09,81.7300033569336
2026-09-10,80.77999877929688
2026-09-11,80.87000274658203
2026-09-14,80.93000030517578
2026-09-15,80.70999908447266
2026-09-16,80.87999725341797
2026-09-17,81.77999877929688
2026-09-18,81.25
