date,close
1998-12-22,5.695556163787842
1998-12-23,5.814131259918213
1998-12-24,5.78353214263916
1998-12-28,5.752930641174316
1998-12-29,5.81030797958374
1998-12-30,5.722330093383789
1998-12-31,5.714677810668945
1999-01-04,5.710854530334473
1999-01-05,5.680253982543945
1999-01-06,5.867680072784424
1999-01-07,5.840910911560059
1999-01-08,5.867680072784424
1999-01-11,5.756758213043213
1999-01-12,5.6687774658203125
1999-01-13,5.584627628326416
1999-01-14,5.477525234222412
1999-01-15,5.561678409576416
1999-01-19,5.561678409576416
1999-01-20,5.515771865844727
1999-01-21,5.561678409576416
1999-01-22,5.5310750007629395
1999-01-25,5.5234270095825195
1999-01-26,5.469872951507568
1999-01-27,5.370420932769775
1999-01-28,5.339819431304932
1999-01-29,5.339819431304932
1999-02-01,5.286271095275879
1999-02-02,5.293920516967773
1999-02-03,5.416322708129883
1999-02-04,5.4469218254089355
1999-02-05,5.599925994873047
1999-02-08,5.676429271697998
1999-02-09,5.569327354431152
1999-02-10,5.584627628326416
1999-02-11,5.538724422454834
1999-02-12,5.423972129821777
1999-02-16,5.3857197761535645
1999-02-17,5.3321733474731445
1999-02-18,5.347469329833984
1999-02-19,5.316871166229248
1999-02-22,5.370420932769775
1999-02-23,5.324521541595459
1999-02-24,5.301570892333984
1999-02-25,5.32834529876709
1999-02-26,5.293920516967773
1999-03-01,5.2403693199157715
1999-03-02,5.186816692352295
1999-03-03,5.301570892333984
1999-03-04,5.492823600769043
1999-03-05,5.596099853515625
1999-03-08,5.676429271697998
1999-03-09,5.615228176116943
1999-03-10,5.936535358428955
1999-03-11,6.020687580108643
1999-03-12,5.997736930847168
1999-03-15,5.951836109161377
1999-03-16,5.921233177185059
1999-03-17,6.0742387771606445
1999-03-18,6.150740146636963
1999-03-19,6.088398456573486
1999-03-22,6.126781940460205
1999-03-23,6.019299507141113
1999-03-24,5.988585472106934
1999-03-25,6.003944396972656
1999-03-26,6.080715656280518
1999-03-29,6.24962854385376
1999-03-30,6.134462833404541
1999-03-31,6.042330265045166
1999-04-01,6.034651279449463
1999-04-05,6.1805291175842285
1999-04-06,6.119108200073242
1999-04-07,6.057685852050781
1999-04-08,6.119108200073242
1999-04-09,6.2342705726623535
1999-04-12,6.280336380004883
1999-04-13,6.272663116455078
1999-04-14,6.195882797241211
1999-04-15,6.464601993560791
1999-04-16,6.668064594268799
1999-04-19,6.748676300048828
1999-04-20,6.641188621520996
1999-04-21,6.541378974914551
1999-04-22,6.6565446853637695
1999-04-23,6.5720906257629395
1999-04-26,6.426211833953857
1999-04-27,6.629673480987549
1999-04-28,6.848482131958008
1999-04-29,7.055781841278076
1999-04-30,6.93678092956543
1999-05-03,7.109528541564941
1999-05-04,7.117205619812012
1999-05-05,7.013558387756348
1999-05-06,6.994363784790039
1999-05-07,7.0365891456604
1999-05-10,6.9559712409973145
1999-05-11,6.979005813598633
1999-05-12,6.848482131958008
1999-05-13,6.88303804397583
1999-05-14,6.8331298828125
1999-05-17,6.806258678436279
1999-05-18,6.648865699768066
1999-05-19,6.741000175476074
1999-05-20,6.817777156829834
1999-05-21,6.925261497497559
1999-05-24,6.760192394256592
1999-05-25,6.73332405090332
1999-05-26,6.925261497497559
1999-05-27,6.717963695526123
1999-05-28,6.7870635986328125
1999-06-01,6.748676300048828
1999-06-02,6.8254499435424805
1999-06-03,6.848482131958008
1999-06-04,6.9559712409973145
1999-06-07,7.0365891456604
1999-06-08,6.925261497497559
1999-06-09,6.940620422363281
1999-06-10,6.979005813598633
1999-06-11,7.03275203704834
1999-06-14,7.094171047210693
1999-06-15,7.182466983795166
1999-06-16,7.109528541564941
1999-06-17,7.117205619812012
1999-06-18,7.130107402801514
1999-06-21,6.964202880859375
1999-06-22,6.8908915519714355
1999-06-23,6.944907188415527
1999-06-24,6.829160690307617
1999-06-25,6.775145053863525
1999-06-28,6.732707977294922
1999-06-29,6.825303077697754
1999-06-30,6.925619125366211
1999-07-01,6.9796342849731445
1999-07-02,7.002781867980957
1999-07-06,7.133967876434326
1999-07-07,7.114677429199219
1999-07-08,7.160972595214844
1999-07-09,7.157114028930664
1999-07-12,7.2304253578186035
1999-07-13,7.160972595214844
1999-07-14,7.172548770904541
1999-07-15,7.23814058303833
1999-07-16,7.191840171813965
1999-07-19,7.16483211517334
1999-07-20,6.9757795333862305
1999-07-21,7.052944660186768
1999-07-22,6.948767185211182
1999-07-23,6.983489990234375
1999-07-26,6.8523101806640625
1999-07-27,6.8523101806640625
1999-07-28,6.952630043029785
1999-07-29,6.91018533706665
1999-07-30,7.056800842285156
1999-08-02,6.902469635009766
1999-08-03,6.991206645965576
1999-08-04,7.087667465209961
1999-08-05,7.2111310958862305
1999-08-06,7.199555397033691
1999-08-09,7.373180389404297
1999-08-10,7.330735683441162
1999-08-11,7.377038955688477
1999-08-12,7.3924689292907715
1999-08-13,7.369321823120117
1999-08-16,7.296011924743652
1999-08-17,7.350028991699219
1999-08-18,7.296011924743652
1999-08-19,7.346174240112305
1999-08-20,7.369321823120117
1999-08-23,7.407899856567383
1999-08-24,7.361599445343018
1999-08-25,7.326881408691406
1999-08-26,7.13782262802124
1999-08-27,7.133967876434326
1999-08-30,7.037506103515625
1999-08-31,7.133967876434326
1999-09-01,7.114677429199219
1999-09-02,7.037506103515625
1999-09-03,7.12239408493042
1999-09-07,7.253573894500732
1999-09-08,7.276722431182861
1999-09-09,7.4387688636779785
1999-09-10,7.415619373321533
1999-09-13,7.299870491027832
1999-09-14,7.218847751617432
1999-09-15,7.114677429199219
1999-09-16,7.110815525054932
1999-09-17,7.177944183349609
1999-09-20,7.0694193840026855
1999-09-21,6.83687686920166
1999-09-22,6.844625473022461
1999-09-23,6.767110824584961
1999-09-24,6.6973490715026855
1999-09-27,6.759360313415527
1999-09-28,6.650834560394287
1999-09-29,6.739982604980469
1999-09-30,6.80587100982666
1999-10-01,6.782613754272461
1999-10-04,6.7051005363464355
1999-10-05,6.557818412780762
1999-10-06,6.674094200134277
1999-10-07,6.55006742477417
1999-10-08,6.47642707824707
1999-10-11,6.5733232498168945
1999-10-12,6.6082000732421875
1999-10-13,6.650834560394287
1999-10-14,6.627581596374512
1999-10-15,6.5306925773620605
1999-10-18,6.542316436767578
1999-10-19,6.561695575714111
1999-10-20,6.6973490715026855
1999-10-21,6.72835636138916
1999-10-22,6.840750694274902
1999-10-25,6.72835636138916
1999-10-26,6.5733232498168945
1999-10-27,6.627581596374512
1999-10-28,6.658586502075195
1999-10-29,6.7051005363464355
1999-11-01,6.701222896575928
1999-11-02,6.639214038848877
1999-11-03,6.604325771331787
1999-11-04,6.49968147277832
1999-11-05,6.340770721435547
1999-11-08,6.5810723304748535
1999-11-09,6.720605373382568
1999-11-10,6.8678789138793945
1999-11-11,6.8678789138793945
1999-11-12,6.914391040802002
1999-11-15,6.953148365020752
1999-11-16,7.0694193840026855
1999-11-17,7.193448543548584
1999-11-18,7.193448543548584
1999-11-19,7.030664920806885
1999-11-22,6.918270111083984
1999-11-23,6.774867057800293
1999-11-24,6.860127925872803
1999-11-26,6.759360313415527
1999-11-29,6.7051005363464355
1999-11-30,6.693471431732178
1999-12-01,6.8252482414245605
1999-12-02,6.759360313415527
1999-12-03,6.72835636138916
1999-12-06,6.724478721618652
1999-12-07,6.596580505371094
1999-12-08,6.666343688964844
1999-12-09,6.720605373382568
1999-12-10,6.526813507080078
1999-12-13,6.565570831298828
1999-12-14,6.55006742477417
1999-12-15,6.681844711303711
1999-12-16,6.747730255126953
1999-12-17,6.717103004455566
1999-12-20,6.569386005401611
1999-12-21,6.588825702667236
1999-12-22,6.553840637207031
1999-12-23,6.740427494049072
1999-12-27,6.693778991699219
1999-12-28,6.701553821563721
1999-12-29,6.771525859832764
1999-12-30,6.717103004455566
1999-12-31,6.740427494049072
2000-01-03,6.6082587242126465
2000-01-04,6.483870506286621
2000-01-05,6.654905796051025
2000-01-06,6.911464214324951
2000-01-07,6.985318183898926
2000-01-10,6.927008152008057
2000-01-11,6.934783935546875
2000-01-12,6.903687000274658
2000-01-13,7.024194240570068
2000-01-14,6.981433391571045
2000-01-18,7.066947937011719
2000-01-19,7.043625831604004
2000-01-20,7.043625831604004
2000-01-21,7.2379889488220215
2000-01-24,6.981433391571045
2000-01-25,6.965882301330566
2000-01-26,6.85704231262207
2000-01-27,6.717103004455566
2000-01-28,6.639352798461914
2000-01-31,6.794848918914795
2000-02-01,6.779297351837158
2000-02-02,6.822055339813232
2000-02-03,6.740427494049072
2000-02-04,6.5460638999938965
2000-02-07,6.619921684265137
2000-02-08,6.561612129211426
2000-02-09,6.343930721282959
2000-02-10,6.47609806060791
2000-02-11,6.398353099822998
2000-02-14,6.49941873550415
2000-02-15,6.771525859832764
2000-02-16,6.802619457244873
2000-02-17,6.794848918914795
2000-02-18,6.596598148345947
2000-02-22,6.538288116455078
2000-02-23,6.367251396179199
2000-02-24,6.297283172607422
2000-02-25,6.172894477844238
2000-02-28,6.35947322845459
2000-02-29,6.507190227508545
2000-03-01,6.6704511642456055
2000-03-02,6.794848918914795
2000-03-03,6.686007022857666
2000-03-06,6.647129535675049
2000-03-07,7.1058244705200195
2000-03-08,6.989209175109863
2000-03-09,6.996978282928467
2000-03-10,6.903687000274658
2000-03-13,6.802619457244873
2000-03-14,6.888136386871338
2000-03-15,6.85704231262207
2000-03-16,7.152472019195557
2000-03-17,6.934619426727295
2000-03-20,6.825410842895508
2000-03-21,7.043821811676025
2000-03-22,6.98922061920166
2000-03-23,6.981418132781982
2000-03-24,6.997020721435547
2000-03-27,7.020420551300049
2000-03-28,6.98922061920166
2000-03-29,7.355840682983398
2000-03-30,7.355840682983398
2000-03-31,7.316836357116699
2000-04-03,7.441648960113525
2000-04-04,7.3480424880981445
2000-04-05,7.129631519317627
2000-04-06,7.316836357116699
2000-04-07,7.203733921051025
2000-04-10,7.0984296798706055
2000-04-11,7.223235130310059
2000-04-12,7.285639762878418
2000-04-13,7.270040512084961
2000-04-14,7.1140265464782715
2000-04-17,6.942416667938232
2000-04-18,6.977519989013672
2000-04-19,7.129631519317627
2000-04-20,7.141331195831299
2000-04-24,7.219338417053223
2000-04-25,7.231040000915527
2000-04-26,7.32464075088501
2000-04-27,7.4260454177856445
2000-04-28,7.207634449005127
2000-05-01,7.32464075088501
2000-05-02,7.429945945739746
2000-05-03,7.238837242126465
2000-05-04,7.4260454177856445
2000-05-05,7.504051208496094
2000-05-08,7.597658634185791
2000-05-09,7.601555347442627
2000-05-10,7.624958515167236
2000-05-11,7.8628716468811035
2000-05-12,7.8901753425598145
2000-05-15,8.053984642028809
2000-05-16,7.897973537445068
2000-05-17,7.936975955963135
2000-05-18,7.925273418426514
2000-05-19,7.940881729125977
2000-05-22,7.874575138092041
2000-05-23,7.843374252319336
2000-05-24,7.851174354553223
2000-05-25,7.70686674118042
2000-05-26,7.7107625007629395
2000-05-30,7.819972991943359
2000-05-31,8.053984642028809
2000-06-01,7.979880332946777
2000-06-02,7.70686674118042
2000-06-05,7.597658634185791
2000-06-06,7.89408016204834
2000-06-07,7.792669773101807
2000-06-08,7.831674098968506
2000-06-09,7.78096866607666
2000-06-12,7.956479549407959
2000-06-13,7.956479549407959
2000-06-14,7.944777965545654
2000-06-15,7.831674098968506
2000-06-16,7.963604927062988
2000-06-19,7.8969807624816895
2000-06-20,7.853868007659912
2000-06-21,7.99495792388916
2000-06-22,7.783325672149658
2000-06-23,7.8813042640686035
2000-06-26,7.818600177764893
2000-06-27,7.763732433319092
2000-06-28,7.697105884552002
2000-06-29,7.7127838134765625
2000-06-30,7.610886096954346
2000-07-03,7.657913684844971
2000-07-05,7.340465545654297
2000-07-06,7.414932727813721
2000-07-07,7.450202941894531
2000-07-10,7.485476016998291
2000-07-11,7.751973628997803
2000-07-12,7.650075912475586
2000-07-13,7.532506465911865
2000-07-14,7.524666786193848
2000-07-17,7.426692008972168
2000-07-18,7.49330997467041
2000-07-19,7.473719120025635
2000-07-20,7.399254322052002
2000-07-21,7.258163928985596
2000-07-24,7.18370246887207
2000-07-25,7.117081642150879
2000-07-26,7.175868511199951
2000-07-27,7.422768592834473
2000-07-28,7.367900848388672
2000-07-31,7.3208699226379395
2000-08-01,7.458043575286865
2000-08-02,7.599127292633057
2000-08-03,7.49330997467041
2000-08-04,7.524666786193848
2000-08-07,7.622642993927002
2000-08-08,7.6383209228515625
2000-08-09,7.775487899780273
2000-08-10,7.846030235290527
2000-08-11,7.838196754455566
2000-08-14,7.947926044464111
2000-08-15,7.916576385498047
2000-08-16,8.026309967041016
2000-08-17,8.214425086975098
2000-08-18,8.120365142822266
2000-08-21,8.151718139648438
2000-08-22,8.128205299377441
2000-08-23,8.339841842651367
2000-08-24,8.159561157226562
2000-08-25,8.183073997497559
2000-08-28,8.214425086975098
2000-08-29,8.222260475158691
2000-08-30,8.151718139648438
2000-08-31,8.120365142822266
2000-09-01,8.20267105102539
2000-09-05,8.20267105102539
2000-09-06,8.382948875427246
2000-09-07,8.343753814697266
2000-09-08,8.245779991149902
2000-09-11,8.508355140686035
2000-09-12,8.496600151062012
2000-09-13,8.355513572692871
2000-09-14,8.331997871398926
2000-09-15,8.549076080322266
2000-09-18,8.564826965332031
2000-09-19,8.33653450012207
2000-09-20,8.171220779418945
2000-09-21,8.108243942260742
2000-09-22,8.057074546813965
2000-09-25,7.93505334854126
2000-09-26,8.123987197875977
2000-09-27,8.277495384216309
2000-09-28,8.24600601196289
2000-09-29,8.25387954711914
2000-10-02,8.423125267028809
2000-10-03,8.41918659210205
2000-10-04,8.171220779418945
2000-10-05,8.159411430358887
2000-10-06,8.123987197875977
2000-10-09,8.2499418258667
2000-10-10,8.434937477111816
2000-10-11,8.513654708862305
2000-10-12,8.643547058105469
2000-10-13,8.312917709350586
2000-10-16,8.234200477600098
2000-10-17,8.238131523132324
2000-10-18,8.127923965454102
2000-10-19,8.167278289794922
2000-10-20,8.328664779663086
2000-10-23,8.194831848144531
2000-10-24,8.057074546813965
2000-10-25,7.860269546508789
2000-10-26,7.895697116851807
2000-10-27,7.840593338012695
2000-10-30,7.974417209625244
2000-10-31,8.029523849487305
2000-11-01,8.289302825927734
2000-11-02,7.998034477233887
2000-11-03,7.9665446281433105
2000-11-06,7.998034477233887
2000-11-07,8.061006546020508
2000-11-08,8.139730453491211
2000-11-09,8.05313777923584
2000-11-10,8.07675838470459
2000-11-13,8.013773918151855
2000-11-14,8.061006546020508
2000-11-15,8.218456268310547
2000-11-16,8.2499418258667
2000-11-17,8.183024406433105
2000-11-20,8.143667221069336
2000-11-21,8.328664779663086
2000-11-22,8.194831848144531
2000-11-24,8.312917709350586
2000-11-27,8.24600601196289
2000-11-28,8.238131523132324
2000-11-29,7.8760199546813965
2000-11-30,7.608364582061768
2000-12-01,7.777616500854492
2000-12-04,7.911442279815674
2000-12-05,7.746127128601074
2000-12-06,7.68314790725708
2000-12-07,7.809105396270752
2000-12-08,7.805164813995361
2000-12-11,7.828787803649902
2000-12-12,7.919313907623291
2000-12-13,7.93505334854126
2000-12-14,7.69102144241333
2000-12-15,7.7811279296875
2000-12-18,8.021943092346191
2000-12-19,8.160118103027344
2000-12-20,7.919300079345703
2000-12-21,7.978518486022949
2000-12-22,8.08510684967041
2000-12-26,8.42462158203125
2000-12-27,8.416725158691406
2000-12-28,8.554895401000977
2000-12-29,8.385138511657715
2001-01-02,8.404878616333008
2001-01-03,8.148272514343262
2001-01-04,7.8956122398376465
2001-01-05,8.065369606018066
2001-01-08,8.037731170654297
2001-01-09,7.875874996185303
2001-01-10,7.927192687988281
2001-01-11,8.014050483703613
2001-01-12,7.962726593017578
2001-01-16,7.958775043487549
2001-01-17,7.919300079345703
2001-01-18,7.769283771514893
2001-01-19,7.733754634857178
2001-01-22,7.816658020019531
2001-01-23,7.939043045043945
2001-01-24,7.931147575378418
2001-01-25,8.168012619018555
2001-01-26,8.029841423034668
2001-01-29,7.963832378387451
2001-01-30,8.032052040100098
2001-01-31,8.117955207824707
2001-02-01,8.014363288879395
2001-02-02,8.148272514343262
2001-02-05,8.312501907348633
2001-02-06,8.365560531616211
2001-02-07,8.38830280303955
2001-02-08,8.43377685546875
2001-02-09,8.570216178894043
2001-02-12,8.456524848937988
2001-02-13,8.43882942199707
2001-02-14,8.378196716308594
2001-02-15,8.269551277160645
2001-02-16,8.342820167541504
2001-02-20,8.294816017150879
2001-02-21,8.239232063293457
2001-02-22,8.198805809020996
2001-02-23,8.095215797424316
2001-02-26,8.183643341064453
2001-02-27,8.1331148147583
2001-02-28,8.019413948059082
2001-03-01,8.110371589660645
2001-03-02,8.294816017150879
2001-03-05,8.340289115905762
2001-03-06,8.383246421813965
2001-03-07,8.562631607055664
2001-03-08,8.648540496826172
2001-03-09,8.608112335205078
2001-03-12,8.32260799407959
2001-03-13,8.224071502685547
2001-03-14,8.10027027130127
2001-03-15,8.105317115783691
2001-03-16,7.970247268676758
2001-03-19,8.071619033813477
2001-03-20,8.14257526397705
2001-03-21,7.909423351287842
2001-03-22,7.676270961761475
2001-03-23,7.737096786499023
2001-03-26,7.838463306427002
2001-03-27,7.88154935836792
2001-03-28,7.767505168914795
2001-03-29,7.60277795791626
2001-03-30,7.780176639556885
2001-04-02,7.635719299316406
2001-04-03,7.425378799438477
2001-04-04,7.557161808013916
2001-04-05,7.754832744598389
2001-04-06,7.764970302581787
2001-04-09,7.947439193725586
2001-04-10,8.084285736083984
2001-04-11,7.939833164215088
2001-04-12,8.02346420288086
2001-04-16,8.180585861206055
2001-04-17,8.223673820495605
2001-04-18,8.180585861206055
2001-04-19,8.03866958618164
2001-04-20,8.124837875366211
2001-04-23,8.340248107910156
2001-04-24,8.355456352233887
2001-04-25,8.47455883026123
2001-04-26,8.641823768615723
2001-04-27,8.583535194396973
2001-04-30,8.583535194396973
2001-05-01,8.52778434753418
2001-05-02,8.195798873901367
2001-05-03,8.155243873596191
2001-05-04,8.284492492675781
2001-05-07,8.307302474975586
2001-05-08,8.299697875976562
2001-05-09,8.446685791015625
2001-05-10,8.38586139678955
2001-05-11,8.304764747619629
2001-05-14,8.4340181350708
2001-05-15,8.51004409790039
2001-05-16,8.581001281738281
2001-05-17,8.608877182006836
2001-05-18,8.788811683654785
2001-05-21,8.768537521362305
2001-05-22,8.679841041564941
2001-05-23,8.548055648803711
2001-05-24,8.532852172851562
2001-05-25,8.459356307983398
2001-05-29,8.446685791015625
2001-05-30,8.413741111755371
2001-05-31,8.50244140625
2001-06-01,8.464424133300781
2001-06-04,8.578469276428223
2001-06-05,8.60381031036377
2001-06-06,8.38586139678955
2001-06-07,8.287026405334473
2001-06-08,8.309832572937012
2001-06-11,8.332647323608398
2001-06-12,8.396000862121582
2001-06-13,8.355456352233887
2001-06-14,8.18565559387207
2001-06-15,8.247021675109863
2001-06-18,8.155360221862793
2001-06-19,8.147721290588379
2001-06-20,7.994949817657471
2001-06-21,7.875274181365967
2001-06-22,8.028053283691406
2001-06-25,7.933841705322266
2001-06-26,7.982220649719238
2001-06-27,7.791258811950684
2001-06-28,7.625758171081543
2001-06-29,7.72760534286499
2001-07-02,7.70723295211792
2001-07-03,7.697047710418701
2001-07-05,7.76579475402832
2001-07-06,7.737789154052734
2001-07-09,7.628302574157715
2001-07-10,7.638484001159668
2001-07-11,7.536643028259277
2001-07-12,7.526454925537109
2001-07-13,7.5544657707214355
2001-07-16,7.4297003746032715
2001-07-17,7.396602153778076
2001-07-18,7.317675590515137
2001-07-19,7.394054889678955
2001-07-20,7.551917552947998
2001-07-23,7.465348243713379
2001-07-24,7.198001861572266
2001-07-25,7.531549453735352
2001-07-26,7.684316635131836
2001-07-27,7.719964981079102
2001-07-30,7.72760534286499
2001-07-31,7.638484001159668
2001-08-01,7.610477447509766
2001-08-02,7.6053853034973145
2001-08-03,7.490812301635742
2001-08-06,7.480623722076416
2001-08-07,7.480623722076416
2001-08-08,7.327856063842773
2001-08-09,7.371138095855713
2001-08-10,7.378780841827393
2001-08-13,7.414427280426025
2001-08-14,7.455166339874268
2001-08-15,7.567195892333984
2001-08-16,7.523907661437988
2001-08-17,7.467893123626709
2001-08-20,7.414427280426025
2001-08-21,7.409334659576416
2001-08-22,7.414427280426025
2001-08-23,7.480623722076416
2001-08-24,7.541733741760254
2001-08-27,7.531549453735352
2001-08-28,7.452620029449463
2001-08-29,7.422063827514648
2001-08-30,7.315122604370117
2001-08-31,7.315122604370117
2001-09-04,7.358409404754639
2001-09-05,7.3838725090026855
2001-09-06,7.332950115203857
2001-09-07,7.327856063842773
2001-09-10,7.35076904296875
2001-09-17,7.200549125671387
2001-09-18,6.851724147796631
2001-09-19,6.604747295379639
2001-09-20,6.418875694274902
2001-09-21,6.42169189453125
2001-09-24,6.252699851989746
2001-09-25,6.18356990814209
2001-09-26,6.140038967132568
2001-09-27,6.383285999298096
2001-09-28,6.611166000366211
2001-10-01,6.518993377685547
2001-10-02,6.662379741668701
2001-10-03,6.75455379486084
2001-10-04,6.913303852081299
2001-10-05,6.9645161628723145
2001-10-08,6.977316379547119
2001-10-09,6.990119934082031
2001-10-10,7.299936294555664
2001-10-11,7.297377586364746
2001-10-12,7.248726844787598
2001-10-15,7.1155829429626465
2001-10-16,7.2000813484191895
2001-10-17,7.164231300354004
2001-10-18,6.874901294708252
2001-10-19,6.900504112243652
2001-10-22,6.984999179840088
2001-10-23,6.959391117095947
2001-10-24,6.862096786499023
2001-10-25,7.036207675933838
2001-10-26,7.171914100646973
2001-10-29,7.105338096618652
2001-10-30,6.867214679718018
2001-10-31,6.877458572387695
2001-11-01,6.982439994812012
2001-11-02,6.792962551116943
2001-11-05,6.751994609832764
2001-11-06,6.711028575897217
2001-11-07,6.73919153213501
2001-11-08,6.869775295257568
2001-11-09,7.002920150756836
2001-11-12,6.984999179840088
2001-11-13,7.0413289070129395
2001-11-14,6.698224067687988
2001-11-15,6.360238075256348
2001-11-16,6.478025436401367
2001-11-19,6.46265983581543
2001-11-20,6.700785160064697
2001-11-21,6.6137285232543945
2001-11-23,6.675181865692139
2001-11-26,6.565078258514404
2001-11-27,6.570198059082031
2001-11-28,6.416572570800781
2001-11-29,6.526669502258301
2001-11-30,6.493387222290039
2001-12-03,6.580441951751709
2001-12-04,6.6726202964782715
2001-12-05,6.810884475708008
2001-12-06,6.608608245849609
2001-12-07,6.652135848999023
2001-12-10,6.5599589347839355
2001-12-11,6.452416896820068
2001-12-12,6.46777868270874
2001-12-13,6.362800598144531
2001-12-14,6.426814556121826
2001-12-17,6.411451816558838
2001-12-18,6.49594783782959
2001-12-19,6.644453048706055
2001-12-20,6.6137285232543945
2001-12-21,6.6589789390563965
2001-12-24,6.769535541534424
2001-12-26,6.887799263000488
2001-12-27,6.910939693450928
2001-12-28,6.941791534423828
2001-12-31,6.864662170410156
2002-01-02,6.813240051269531
2002-01-03,6.772104263305664
2002-01-04,6.802957534790039
2002-01-07,6.800388336181641
2002-01-08,6.741250991821289
2002-01-09,6.748963356018066
2002-01-10,6.697544097900391
2002-01-11,6.568991184234619
2002-01-14,6.489288330078125
2002-01-15,6.594702243804932
2002-01-16,6.458437442779541
2002-01-17,6.455864906311035
2002-01-18,6.401874542236328
2002-01-22,6.355595111846924
2002-01-23,6.5355706214904785
2002-01-24,6.625557899475098
2002-01-25,6.697544097900391
2002-01-28,6.594702243804932
2002-01-29,6.414729118347168
2002-01-30,6.466149806976318
2002-01-31,6.620412349700928
2002-02-01,6.65640926361084
2002-02-04,6.479008197784424
2002-02-05,6.435299396514893
2002-02-06,6.479008197784424
2002-02-07,6.404446601867676
2002-02-08,6.47643518447876
2002-02-11,6.561279296875
2002-02-12,6.530426502227783
2002-02-13,6.568991184234619
2002-02-14,6.622982025146484
2002-02-15,6.628126621246338
2002-02-19,6.568991184234619
2002-02-20,6.548426628112793
2002-02-21,6.625557899475098
2002-02-22,6.808097839355469
2002-02-25,6.905797481536865
2002-02-26,6.869803428649902
2002-02-27,6.864662170410156
2002-02-28,6.846668243408203
2002-03-01,6.944360256195068
2002-03-04,7.096057891845703
2002-03-05,7.098625659942627
2002-03-06,7.23488712310791
2002-03-07,7.288882255554199
2002-03-08,7.255460262298584
2002-03-11,7.332588195800781
2002-03-12,7.396866798400879
2002-03-13,7.348013877868652
2002-03-14,7.345444202423096
2002-03-15,7.398586750030518
2002-03-18,7.455338954925537
2002-03-19,7.54563045501709
2002-03-20,7.465656280517578
2002-03-21,7.50693416595459
2002-03-22,7.331515312194824
2002-03-25,7.26444149017334
2002-03-26,7.323772430419922
2002-03-27,7.4940361976623535
2002-03-28,7.452763080596924
2002-04-01,7.50435209274292
2002-04-02,7.597221851348877
2002-04-03,7.4321208000183105
2002-04-04,7.297977924346924
2002-04-05,7.215425491333008
2002-04-08,7.326355934143066
2002-04-09,7.220584392547607
2002-04-10,7.303138732910156
2002-04-11,7.228329658508301
2002-04-12,6.990994453430176
2002-04-15,7.127717971801758
2002-04-16,7.261861324310303
2002-04-17,7.352149963378906
2002-04-18,7.38826322555542
2002-04-19,7.421804904937744
2002-04-22,7.349571704864502
2002-04-23,7.331515312194824
2002-04-24,7.199947834014893
2002-04-25,7.251541614532471
2002-04-26,7.171574592590332
2002-04-29,7.1251397132873535
2002-04-30,7.184473037719727
2002-05-01,7.228329658508301
2002-05-02,7.282500743865967
2002-05-03,7.308298110961914
2002-05-06,7.058067321777344
2002-05-07,7.02453088760376
2002-05-08,7.171574592590332
2002-05-09,7.1070780754089355
2002-05-10,7.101918697357178
2002-05-13,7.238643169403076
2002-05-14,7.259279727935791
2002-05-15,7.138037204742432
2002-05-16,7.220584392547607
2002-05-17,7.161252975463867
2002-05-20,7.112240314483643
2002-05-21,7.117400169372559
2002-05-22,7.236063480377197
2002-05-23,7.297977924346924
2002-05-24,7.218006610870361
2002-05-28,7.161252975463867
2002-05-29,7.094181537628174
2002-05-30,6.957459449768066
2002-05-31,7.058067321777344
2002-06-03,6.83621072769165
2002-06-04,6.83621072769165
2002-06-05,6.810413360595703
2002-06-06,6.738183498382568
2002-06-07,6.807835102081299
2002-06-10,6.681430339813232
2002-06-11,6.580821514129639
2002-06-12,6.673690319061279
2002-06-13,6.665951251983643
2002-06-14,6.658209800720215
2002-06-17,6.831051349639893
2002-06-18,6.797516345977783
2002-06-19,6.730442047119141
2002-06-20,6.7175445556640625
2002-06-21,6.67498254776001
2002-06-24,6.734674453735352
2002-06-25,6.706128120422363
2002-06-26,6.708724021911621
2002-06-27,6.742461204528809
2002-06-28,6.799555778503418
2002-07-01,6.734674453735352
2002-07-02,6.602320194244385
2002-07-03,6.643838882446289
2002-07-05,6.799555778503418
2002-07-08,6.716506481170654
2002-07-09,6.633457660675049
2002-07-10,6.350574493408203
2002-07-11,6.228601932525635
2002-07-12,6.11700439453125
2002-07-15,5.98205041885376
2002-07-16,5.8912200927734375
2002-07-17,5.956099510192871
2002-07-18,5.917171001434326
2002-07-19,5.553834915161133
2002-07-22,5.213857173919678
2002-07-23,5.138596534729004
2002-07-24,5.478573799133301
2002-07-25,5.455214500427246
2002-07-26,5.5278825759887695
2002-07-29,5.8470988273620605
2002-07-30,5.756265163421631
2002-07-31,5.857479095458984
2002-08-01,5.5123138427734375
2002-08-02,5.450026512145996
2002-08-05,5.247594833374023
2002-08-06,5.437050819396973
2002-08-07,5.5149078369140625
2002-08-08,5.748477935791016
2002-08-09,5.852289199829102
2002-08-12,5.8393144607543945
2002-08-13,5.751072406768799
2002-08-14,5.976860523223877
2002-08-15,6.145553112030029
2002-08-16,6.046934604644775
2002-08-19,6.096241474151611
2002-08-20,5.943123817443848
2002-08-21,5.956099510192871
2002-08-22,6.124786853790283
2002-08-23,6.026167869567871
2002-08-26,6.106625080108643
2002-08-27,6.10402774810791
2002-08-28,5.9586920738220215
2002-08-29,5.906785488128662
2002-08-30,5.945718765258789
2002-09-03,5.709547996520996
2002-09-04,5.696573734283447
2002-09-05,5.706953525543213
2002-09-06,5.800384998321533
2002-09-09,5.792596817016602
2002-09-10,5.917171001434326
2002-09-11,5.88602876663208
2002-09-12,5.740694999694824
2002-09-13,5.802978038787842
2002-09-16,5.844502925872803
2002-09-17,5.655050754547119
2002-09-18,5.670624256134033
2002-09-19,5.509716510772705
2002-09-20,5.5501604080200195
2002-09-23,5.518852710723877
2002-09-24,5.359679222106934
2002-09-25,5.505800724029541
2002-09-26,5.738036155700684
2002-09-27,5.631053447723389
2002-09-30,5.521461486816406
2002-10-01,5.696287155151367
2002-10-02,5.633663177490234
2002-10-03,5.670193672180176
2002-10-04,5.573649883270264
2002-10-07,5.503190994262695
2002-10-08,5.44317626953125
2002-10-09,5.3361921310424805
2002-10-10,5.46144437789917
2002-10-11,5.5527729988098145
2002-10-14,5.706724166870117
2002-10-15,5.878943920135498
2002-10-16,5.787615776062012
2002-10-17,5.9102582931518555
2002-10-18,5.9050374031066895
2002-10-21,5.933742046356201
2002-10-22,5.7667388916015625
2002-10-23,5.860677242279053
2002-10-24,5.76413106918335
2002-10-25,5.675407409667969
2002-10-28,5.664975166320801
2002-10-29,5.50058126449585
2002-10-30,5.6832404136657715
2002-10-31,5.623225688934326
2002-11-01,5.771961688995361
2002-11-04,5.675407409667969
2002-11-05,5.792836666107178
2002-11-06,5.845024108886719
2002-11-07,5.7354278564453125
2002-11-08,5.701508045196533
2002-11-11,5.631053447723389
2002-11-12,5.612781524658203
2002-11-13,5.487534523010254
2002-11-14,5.664975166320801
2002-11-15,5.709333419799805
2002-11-18,5.714550018310547
2002-11-19,5.714550018310547
2002-11-20,5.826756954193115
2002-11-21,5.871116638183594
2002-11-22,5.745863437652588
2002-11-25,5.792836666107178
2002-11-26,5.6832404136657715
2002-11-27,5.785004615783691
2002-11-29,5.855457782745361
2002-12-02,5.873725891113281
2002-12-03,5.931130409240723
2002-12-04,5.878943920135498
2002-12-05,5.918085098266602
2002-12-06,5.975491523742676
2002-12-09,5.871116638183594
2002-12-10,5.96244478225708
2002-12-11,5.931130409240723
2002-12-12,5.983320236206055
2002-12-13,5.967661380767822
2002-12-16,6.069427967071533
2002-12-17,6.006803035736084
2002-12-18,5.957226276397705
2002-12-19,5.897210121154785
2002-12-20,6.016811847686768
2002-12-23,6.0430378913879395
2002-12-24,6.014185428619385
2002-12-26,5.9459967613220215
2002-12-27,5.817473888397217
2002-12-30,5.846328258514404
2002-12-31,5.856819152832031
2003-01-02,5.980091571807861
2003-01-03,5.969600200653076
2003-01-06,6.01943302154541
2003-01-07,5.822718620300293
2003-01-08,5.767640113830566
2003-01-09,5.841080665588379
2003-01-10,5.793868064880371
2003-01-13,5.772887229919434
2003-01-14,5.79649019241333
2003-01-15,5.814852237701416
2003-01-16,5.872554302215576
2003-01-17,5.827966213226318
2003-01-21,5.691579818725586
2003-01-22,5.675840854644775
2003-01-23,5.691579818725586
2003-01-24,5.591910362243652
2003-01-27,5.416179656982422
2003-01-28,5.507981300354004
2003-01-29,5.686333179473877
2003-01-30,5.5971550941467285
2003-01-31,5.70993709564209
2003-02-03,5.754528522491455
2003-02-04,5.793868064880371
2003-02-05,5.751902103424072
2003-02-06,5.728298187255859
2003-02-07,5.675840854644775
2003-02-10,5.749284267425537
2003-02-11,5.712559223175049
2003-02-12,5.612894058227539
2003-02-13,5.586666107177734
2003-02-14,5.631253719329834
2003-02-18,5.723052024841309
2003-02-19,5.717806816101074
2003-02-20,5.704692363739014
2003-02-21,5.830589771270752
2003-02-24,5.880423545837402
2003-02-25,5.848947048187256
2003-02-26,5.86468505859375
2003-02-27,5.830589771270752
2003-02-28,5.877799987792969
2003-03-03,5.898783206939697
2003-03-04,5.869932651519775
2003-03-05,5.922387599945068
2003-03-06,5.927635669708252
2003-03-07,5.927635669708252
2003-03-10,5.867310047149658
2003-03-11,5.809605598449707
2003-03-12,5.717806816101074
2003-03-13,5.7414140701293945
2003-03-14,5.717806816101074
2003-03-17,5.791245937347412
2003-03-18,5.90140438079834
2003-03-19,5.909274578094482
2003-03-20,5.966979026794434
2003-03-21,5.90079927444458
2003-03-24,5.813787937164307
2003-03-25,5.866522789001465
2003-03-26,5.879701137542725
2003-03-27,5.927164077758789
2003-03-28,5.979897975921631
2003-03-31,5.884976863861084
2003-04-01,5.995718002319336
2003-04-02,5.982536315917969
2003-04-03,5.871793746948242
2003-04-04,5.903435230255127
2003-04-07,5.858612060546875
2003-04-08,5.787424087524414
2003-04-09,5.784786224365234
2003-04-10,5.863884925842285
2003-04-11,5.829609394073486
2003-04-14,5.858612060546875
2003-04-15,5.8427910804748535
2003-04-16,5.763690948486328
2003-04-17,5.879701137542725
2003-04-21,5.877070903778076
2003-04-22,5.958804130554199
2003-04-23,5.958804130554199
2003-04-24,5.937711238861084
2003-04-25,5.863884925842285
2003-04-28,5.890252113342285
2003-04-29,5.808514595031738
2003-04-30,5.834884166717529
2003-05-01,5.863884925842285
2003-05-02,5.956166744232178
2003-05-05,5.993078708648682
2003-05-06,5.985169887542725
2003-05-07,6.024721622467041
2003-05-08,6.032630920410156
2003-05-09,6.072181224822998
2003-05-12,6.10118293762207
2003-05-13,6.169732093811035
2003-05-14,6.196102619171143
2003-05-15,6.198737621307373
2003-05-16,6.219827175140381
2003-05-19,6.156550884246826
2003-05-20,6.132821559906006
2003-05-21,6.3147501945495605
2003-05-22,6.3015642166137695
2003-05-23,6.359570026397705
2003-05-27,6.486130237579346
2003-05-28,6.409668445587158
2003-05-29,6.349026679992676
2003-05-30,6.454493999481201
2003-06-02,6.488770008087158
2003-06-03,6.53623104095459
2003-06-04,6.5784125328063965
2003-06-05,6.544137001037598
2003-06-06,6.530951976776123
2003-06-09,6.520406246185303
2003-06-10,6.559957981109619
2003-06-11,6.749793529510498
2003-06-12,6.689155578613281
2003-06-13,6.5784125328063965
2003-06-16,6.5705037117004395
2003-06-17,6.507225513458252
2003-06-18,6.467672824859619
2003-06-19,6.501949310302734
2003-06-20,6.477579116821289
2003-06-23,6.459031581878662
2003-06-24,6.453732967376709
2003-06-25,6.464332103729248
2003-06-26,6.435188293457031
2003-06-27,6.411346912384033
2003-06-30,6.37160587310791
2003-07-01,6.366304397583008
2003-07-02,6.3583574295043945
2003-07-03,6.347764015197754
2003-07-07,6.305372714996338
2003-07-08,6.294771194458008
2003-07-09,6.3583574295043945
2003-07-10,6.262981414794922
2003-07-11,6.281524658203125
2003-07-14,6.225893974304199
2003-07-15,6.172904014587402
2003-07-16,6.114619255065918
2003-07-17,6.154358863830566
2003-07-18,6.294771194458008
2003-07-21,6.260333061218262
2003-07-22,6.2444376945495605
2003-07-23,6.209996223449707
2003-07-24,6.151710510253906
2003-07-25,6.207351207733154
2003-07-28,6.180853843688965
2003-07-29,6.093425750732422
2003-07-30,6.10137414932251
2003-07-31,6.146414756774902
2003-08-01,6.130518913269043
2003-08-04,6.0669355392456055
2003-08-05,6.040439128875732
2003-08-06,6.146414756774902
2003-08-07,6.300071716308594
2003-08-08,6.3186211585998535
2003-08-11,6.347764015197754
2003-08-12,6.392798900604248
2003-08-13,6.387501239776611
2003-08-14,6.411346912384033
2003-08-15,6.432538032531738
2003-08-18,6.432538032531738
2003-08-19,6.403397083282471
2003-08-20,6.432538032531738
2003-08-21,6.493475437164307
2003-08-22,6.392798900604248
2003-08-25,6.392798900604248
2003-08-26,6.398099422454834
2003-08-27,6.424591541290283
2003-08-28,6.530564308166504
2003-08-29,6.538512706756592
2003-09-02,6.580901622772217
2003-09-03,6.5835490226745605
2003-09-04,6.572950839996338
2003-09-05,6.543810844421387
2003-09-08,6.63388729095459
2003-09-09,6.56235408782959
2003-09-10,6.493475437164307
2003-09-11,6.480224132537842
2003-09-12,6.488175868988037
2003-09-15,6.4457855224609375
2003-09-16,6.45638370513916
2003-09-17,6.37160587310791
2003-09-18,6.398099422454834
2003-09-19,6.456943035125732
2003-09-22,6.419666767120361
2003-09-23,6.456943035125732
2003-09-24,6.488894462585449
2003-09-25,6.43031644821167
2003-09-26,6.371738433837891
2003-09-29,6.403687953948975
2003-09-30,6.403687953948975
2003-10-01,6.496884346008301
2003-10-02,6.539484977722168
2003-10-03,6.57676362991333
2003-10-06,6.616703987121582
2003-10-07,6.648654937744141
2003-10-08,6.603387355804443
2003-10-09,6.58208703994751
2003-10-10,6.630017280578613
2003-10-13,6.656641483306885
2003-10-14,6.630017280578613
2003-10-15,6.53416109085083
2003-10-16,6.603387355804443
2003-10-17,6.558122634887695
2003-10-20,6.555462837219238
2003-10-21,6.57676362991333
2003-10-22,6.488894462585449
2003-10-23,6.47824239730835
2003-10-24,6.475581169128418
2003-10-27,6.448951721191406
2003-10-28,6.467596054077148
2003-10-29,6.454280853271484
2003-10-30,6.366415023803711
2003-10-31,6.464931964874268
2003-11-03,6.424990177154541
2003-11-04,6.403687953948975
2003-11-05,6.422329425811768
2003-11-06,6.43031644821167
2003-11-07,6.446290969848633
2003-11-10,6.435638427734375
2003-11-11,6.432979106903076
2003-11-12,6.470259666442871
2003-11-13,6.528833866119385
2003-11-14,6.542145729064941
2003-11-17,6.475581169128418
2003-11-18,6.43031644821167
2003-11-19,6.446290969848633
2003-11-20,6.43031644821167
2003-11-21,6.382388114929199
2003-11-24,6.417003631591797
2003-11-25,6.454280853271484
2003-11-26,6.515522003173828
2003-11-28,6.515522003173828
2003-12-01,6.58208703994751
2003-12-02,6.627350807189941
2003-12-03,6.590074062347412
2003-12-04,6.74983549118042
2003-12-05,6.797764301300049
2003-12-08,6.872316360473633
2003-12-09,6.8776421546936035
2003-12-10,6.882966041564941
2003-12-11,6.9175848960876465
2003-12-12,6.9947991371154785
2003-12-15,6.906930923461914
2003-12-16,7.010778903961182
2003-12-17,7.07734489440918
2003-12-18,7.266390323638916
2003-12-19,7.253551483154297
2003-12-22,7.261573314666748
2003-12-23,7.210755348205566
2003-12-24,7.288323402404785
2003-12-26,7.317742824554443
2003-12-29,7.403329372406006
2003-12-30,7.419378757476807
2003-12-31,7.36855936050415
2004-01-02,7.3658833503723145
2004-01-05,7.5076422691345215
2004-01-06,7.499619007110596
2004-01-07,7.422054767608643
2004-01-08,7.443450450897217
2004-01-09,7.480892658233643
2004-01-12,7.502292633056641
2004-01-13,7.504966735839844
2004-01-14,7.4862446784973145
2004-01-15,7.360536575317383
2004-01-16,7.430072784423828
2004-01-20,7.617297172546387
2004-01-21,7.6627702713012695
2004-01-22,7.6253252029418945
2004-01-23,7.692190170288086
2004-01-26,7.737657070159912
2004-01-27,7.721612453460693
2004-01-28,7.611952304840088
2004-01-29,7.606601715087891
2004-01-30,7.53438663482666
2004-02-02,7.577182769775391
2004-02-03,7.547764301300049
2004-02-04,7.494266986846924
2004-02-05,7.427404403686523
2004-02-06,7.4782209396362305
2004-02-09,7.569157123565674
2004-02-10,7.670790195465088
2004-02-11,7.775104522705078
2004-02-12,7.799176216125488
2004-02-13,7.780450344085693
2004-02-17,7.847319602966309
2004-02-18,7.764400959014893
2004-02-19,7.756380558013916
2004-02-20,7.753705978393555
2004-02-23,7.815221309661865
2004-02-24,7.8285908699035645
2004-02-25,7.866039276123047
2004-02-26,7.892784595489502
2004-02-27,7.930232524871826
2004-03-01,8.082679748535156
2004-03-02,8.013144493103027
2004-03-03,8.00244140625
2004-03-04,7.978374004364014
2004-03-05,8.047917366027832
2004-03-08,8.082679748535156
2004-03-09,8.02918815612793
2004-03-10,7.890106678009033
2004-03-11,7.713583946228027
2004-03-12,7.825922012329102
2004-03-15,7.8419671058654785
2004-03-16,7.839288711547852
2004-03-17,7.948952674865723
2004-03-18,8.02918815612793
2004-03-19,7.864541053771973
2004-03-22,7.789330959320068
2004-03-23,7.735612392425537
2004-03-24,7.571768283843994
2004-03-25,7.542220115661621
2004-03-26,7.628172874450684
2004-03-29,7.668459415435791
2004-03-30,7.808136940002441
2004-03-31,7.880658149719238
2004-04-01,7.789330959320068
2004-04-02,7.824249744415283
2004-04-05,7.864541053771973
2004-04-06,7.864541053771973
2004-04-07,7.864541053771973
2004-04-08,7.934377670288086
2004-04-12,8.08479118347168
2004-04-13,8.01495361328125
2004-04-14,8.0310697555542
2004-04-15,8.138507843017578
2004-04-16,8.202974319458008
2004-04-19,8.184173583984375
2004-04-20,8.017645835876465
2004-04-21,7.990783214569092
2004-04-22,8.149250030517578
2004-04-23,8.08479118347168
2004-04-26,8.130447387695312
2004-04-27,8.299665451049805
2004-04-28,8.181483268737793
2004-04-29,7.985409259796143
2004-04-30,8.01495361328125
2004-05-03,8.200285911560059
2004-05-04,8.205660820007324
2004-05-05,8.23252010345459
2004-05-06,8.192229270935059
2004-05-07,7.993466377258301
2004-05-10,7.762469291687012
2004-05-11,7.896770000457764
2004-05-12,7.945120334625244
2004-05-13,7.923629283905029
2004-05-14,8.017645835876465
2004-05-17,8.017645835876465
2004-05-18,7.899456024169922
2004-05-19,7.864541053771973
2004-05-20,7.856478691101074
2004-05-21,7.818875312805176
2004-05-24,7.996152877807617
2004-05-25,8.130447387695312
2004-05-26,8.063298225402832
2004-05-27,7.950491905212402
2004-05-28,7.990783214569092
2004-06-01,8.100906372070312
2004-06-02,8.08479118347168
2004-06-03,8.0122709274292
2004-06-04,7.971980094909668
2004-06-07,8.119707107543945
2004-06-08,8.08479118347168
2004-06-09,8.020330429077148
2004-06-10,8.122394561767578
2004-06-14,8.060617446899414
2004-06-15,8.17611026763916
2004-06-16,8.334590911865234
2004-06-17,8.396364212036133
2004-06-18,8.41901683807373
2004-06-21,8.400138854980469
2004-06-22,8.456770896911621
2004-06-23,8.599693298339844
2004-06-24,8.548454284667969
2004-06-25,8.49991512298584
2004-06-28,8.37856388092041
2004-06-29,8.424407005310059
2004-06-30,8.489128112792969
2004-07-01,8.49991512298584
2004-07-02,8.53227710723877
2004-07-06,8.553851127624512
2004-07-07,8.605088233947754
2004-07-08,8.561939239501953
2004-07-09,8.610477447509766
2004-07-12,8.561939239501953
2004-07-13,8.540367126464844
2004-07-14,8.642838478088379
2004-07-15,8.699467658996582
2004-07-16,8.804640769958496
2004-07-19,8.774975776672363
2004-07-20,8.74800968170166
2004-07-21,8.59160327911377
2004-07-22,8.61856746673584
2004-07-23,8.586209297180176
2004-07-26,8.510700225830078
2004-07-27,8.596993446350098
2004-07-28,8.65632152557373
2004-07-29,8.718348503112793
2004-07-30,8.750707626342773
2004-08-02,8.739916801452637
2004-08-03,8.845090866088867
2004-08-04,8.640145301818848
2004-08-05,8.510700225830078
2004-08-06,8.340813636779785
2004-08-09,8.4756498336792
2004-08-10,8.44328498840332
2004-08-11,8.400138854980469
2004-08-12,8.292269706726074
2004-08-13,8.394742965698242
2004-08-16,8.445980072021484
2004-08-17,8.25182056427002
2004-08-18,8.359687805175781
2004-08-19,8.3866548538208
2004-08-20,8.47295093536377
2004-08-23,8.367780685424805
2004-08-24,8.346203804016113
2004-08-25,8.400138854980469
2004-08-26,8.459466934204102
2004-08-27,8.513398170471191
2004-08-30,8.4756498336792
2004-08-31,8.615873336791992
2004-09-01,8.766885757446289
2004-09-02,8.837000846862793
2004-09-03,8.855876922607422
2004-09-07,8.845090866088867
2004-09-08,8.853179931640625
2004-09-09,8.979921340942383
2004-09-10,8.931382179260254
2004-09-13,8.993408203125
2004-09-14,9.033853530883789
2004-09-15,9.004191398620605
2004-09-16,9.031160354614258
2004-09-17,9.183587074279785
2004-09-20,9.186296463012695
2004-09-21,9.41372013092041
2004-09-22,9.354154586791992
2004-09-23,9.267520904541016
2004-09-24,9.3731107711792
2004-09-27,9.367694854736328
2004-09-28,9.527426719665527
2004-09-29,9.400184631347656
2004-09-30,9.457038879394531
2004-10-01,9.592412948608398
2004-10-04,9.581579208374023
2004-10-05,9.68446159362793
2004-10-06,9.863150596618652
2004-10-07,9.787342071533203
2004-10-08,9.798173904418945
2004-10-11,9.714242935180664
2004-10-12,9.60323715209961
2004-10-13,9.402885437011719
2004-10-14,9.478702545166016
2004-10-15,9.51931095123291
2004-10-18,9.392058372497559
2004-10-19,9.36498737335205
2004-10-20,9.570751190185547
2004-10-21,9.62490177154541
2004-10-22,9.60594654083252
2004-10-25,9.614067077636719
2004-10-26,9.719658851623535
2004-10-27,9.551800727844238
2004-10-28,9.383936882019043
2004-10-29,9.51389217376709
2004-11-01,9.457038879394531
2004-11-02,9.316251754760742
2004-11-03,9.503066062927246
2004-11-04,9.616779327392578
2004-11-05,9.673629760742188
2004-11-08,9.51389217376709
2004-11-09,9.42725658416748
2004-11-10,9.538263320922852
2004-11-11,9.51931095123291
2004-11-12,9.719658851623535
2004-11-15,9.508479118347168
2004-11-16,9.508479118347168
2004-11-17,9.657387733459473
2004-11-18,9.733193397521973
2004-11-19,9.849615097045898
2004-11-22,10.006648063659668
2004-11-23,10.068916320800781
2004-11-24,10.15284252166748
2004-11-26,10.196168899536133
2004-11-29,10.142014503479004
2004-11-30,10.15555191040039
2004-12-01,9.911885261535645
2004-12-02,9.649262428283691
2004-12-03,9.744026184082031
2004-12-06,9.749442100524902
2004-12-07,9.546380996704102
2004-12-08,9.61136245727539
2004-12-09,9.692583084106445
2004-12-10,9.62490177154541
2004-12-13,9.7954683303833
2004-12-14,9.825248718261719
2004-12-15,9.89834976196289
2004-12-16,9.798173904418945
2004-12-17,9.795731544494629
2004-12-20,9.91528606414795
2004-12-21,9.999520301818848
2004-12-22,9.863659858703613
2004-12-23,9.920722961425781
2004-12-27,9.746814727783203
2004-12-28,9.814750671386719
2004-12-29,9.888115882873535
2004-12-30,9.844637870788574
2004-12-31,9.869095802307129
2005-01-03,9.504980087280273
2005-01-04,9.456068992614746
2005-01-05,9.415314674377441
2005-01-06,9.578346252441406
2005-01-07,9.502263069152832
2005-01-10,9.572916030883789
2005-01-11,9.58650016784668
2005-01-12,9.754972457885742
2005-01-13,9.820183753967285
2005-01-14,9.907135009765625
2005-01-18,10.004960060119629
2005-01-19,9.969634056091309
2005-01-20,9.869095802307129
2005-01-21,9.89083480834961
2005-01-24,9.977787971496582
2005-01-25,10.01854419708252
2005-01-26,10.116366386413574
2005-01-27,10.206033706665039
2005-01-28,10.08375358581543
2005-01-31,10.203317642211914
2005-02-01,10.377223014831543
2005-02-02,10.52123737335205
2005-02-03,10.572869300842285
2005-02-04,10.610910415649414
2005-02-07,10.54025650024414
2005-02-08,10.616340637207031
2005-02-09,10.597321510314941
2005-02-10,10.888071060180664
2005-02-11,10.983171463012695
2005-02-14,10.996756553649902
2005-02-15,11.021211624145508
2005-02-16,11.330978393554688
2005-02-17,11.178813934326172
2005-02-18,11.4260892868042
2005-02-22,11.344566345214844
2005-02-23,11.488584518432617
2005-02-24,11.714113235473633
2005-02-25,12.002144813537598
2005-02-28,11.91519546508789
2005-03-01,11.684226036071777
2005-03-02,11.855415344238281
2005-03-03,12.051054954528809
2005-03-04,12.205937385559082
2005-03-07,12.12170124053955
2005-03-08,12.108115196228027
2005-03-09,11.773890495300293
2005-03-10,11.534780502319336
2005-03-11,11.62987995147705
2005-03-14,11.714113235473633
2005-03-15,11.551077842712402
2005-03-16,11.589120864868164
2005-03-17,11.79019832611084
2005-03-18,11.935782432556152
2005-03-21,11.832188606262207
2005-03-22,11.690417289733887
2005-03-23,11.466866493225098
2005-03-24,11.458683013916016
2005-03-28,11.47231388092041
2005-03-29,11.286921501159668
2005-03-30,11.455957412719727
2005-03-31,11.687690734863281
2005-04-01,11.976679801940918
2005-04-04,11.873074531555176
2005-04-05,11.723130226135254
2005-04-06,11.90851879119873
2005-04-07,11.862174034118652
2005-04-08,11.646798133850098
2005-04-11,11.734036445617676
2005-04-12,11.548650741577148
2005-04-13,11.265108108520508
2005-04-14,11.259660720825195
2005-04-15,10.831625938415527
2005-04-18,11.027926445007324
2005-04-19,11.286921501159668
2005-04-20,11.055184364318848
2005-04-21,11.436872482299805
2005-04-22,11.461404800415039
2005-04-25,11.622255325317383
2005-04-26,11.431416511535645
2005-04-27,11.136970520019531
2005-04-28,10.913416862487793
2005-04-29,11.055184364318848
2005-05-02,11.254204750061035
2005-05-03,10.989758491516113
2005-05-04,11.11789321899414
2005-05-05,11.237850189208984
2005-05-06,11.205132484436035
2005-05-09,11.355084419250488
2005-05-10,11.164240837097168
2005-05-11,11.232393264770508
2005-05-12,10.741661071777344
2005-05-13,10.578078269958496
2005-05-16,10.531734466552734
2005-05-17,10.719846725463867
2005-05-18,10.698039054870605
2005-05-19,10.891607284545898
2005-05-20,10.80981731414795
2005-05-23,10.989758491516113
2005-05-24,11.036105155944824
2005-05-25,11.205132484436035
2005-05-26,11.262385368347168
2005-05-27,11.450502395629883
2005-05-31,11.363259315490723
2005-06-01,11.57863712310791
2005-06-02,11.556827545166016
2005-06-03,11.622255325317383
2005-06-06,11.657700538635254
2005-06-07,11.545924186706543
2005-06-08,11.57863712310791
2005-06-09,11.913973808288574
2005-06-10,11.900341987609863
2005-06-13,11.946687698364258
2005-06-14,12.020303726196289
2005-06-15,12.164794921875
2005-06-16,12.33655071258545
2005-06-17,12.536470413208008
2005-06-20,12.550138473510742
2005-06-21,12.284860610961914
2005-06-22,12.355973243713379
2005-06-23,12.366908073425293
2005-06-24,12.29033374786377
2005-06-27,12.479040145874023
2005-06-28,12.246581077575684
2005-06-29,12.235634803771973
2005-06-30,12.156332015991211
2005-07-01,12.427079200744629
2005-07-05,12.7990140914917
2005-07-06,12.569284439086914
2005-07-07,12.730637550354004
2005-07-08,12.645858764648438
2005-07-11,12.738848686218262
2005-07-12,12.853710174560547
2005-07-13,12.77987003326416
2005-07-14,12.473566055297852
2005-07-15,12.407934188842773
2005-07-18,12.355973243713379
2005-07-19,12.62125015258789
2005-07-20,12.634921073913574
2005-07-21,12.51185417175293
2005-07-22,12.960363388061523
2005-07-25,13.080698013305664
2005-07-26,13.050615310668945
2005-07-27,13.116251945495605
2005-07-28,13.154541015625
2005-07-29,13.017800331115723
2005-08-01,13.154541015625
2005-08-02,13.373323440551758
2005-08-03,13.30768871307373
2005-08-04,13.335036277770996
2005-08-05,13.233855247497559
2005-08-08,13.42529010772705
2005-08-09,13.39520263671875
2005-08-10,13.613990783691406
2005-08-11,13.745258331298828
2005-08-12,13.720649719238281
2005-08-15,13.586641311645508
2005-08-16,13.288552284240723
2005-08-17,12.98224925994873
2005-08-18,12.95489501953125
2005-08-19,13.17641544342041
2005-08-22,13.209238052368164
2005-08-23,13.184617042541504
2005-08-24,13.31042194366455
2005-08-25,13.27487564086914
2005-08-26,13.124458312988281
2005-08-29,13.231110572814941
2005-08-30,13.477248191833496
2005-08-31,13.849183082580566
2005-09-01,14.210188865661621
2005-09-02,13.933963775634766
2005-09-06,14.03242301940918
2005-09-07,14.05429744720459
2005-09-08,14.073432922363281
2005-09-09,14.439909934997559
2005-09-12,14.144549369812012
2005-09-13,14.02421760559082
2005-09-14,14.199246406555176
2005-09-15,14.199246406555176
2005-09-16,14.338576316833496
2005-09-19,14.717053413391113
2005-09-20,14.57718276977539
2005-09-21,14.782877922058105
2005-09-22,14.673173904418945
2005-09-23,14.41536808013916
2005-09-26,14.678659439086914
2005-09-27,14.689632415771484
2005-09-28,14.810311317443848
2005-09-29,14.95292854309082
2005-09-30,14.719797134399414
2005-10-03,14.681406021118164
2005-10-04,14.152074813842773
2005-10-05,13.609023094177246
2005-10-06,13.285391807556152
2005-10-07,13.584346771240234
2005-10-10,13.378655433654785
2005-10-11,13.699532508850098
2005-10-12,13.436236381530762
2005-10-13,13.071470260620117
2005-10-14,13.257966995239258
2005-10-17,13.422523498535156
2005-10-18,12.799946784973145
2005-10-19,13.087922096252441
2005-10-20,12.492766380310059
2005-10-21,12.621671676635742
2005-10-24,13.071470260620117
2005-10-25,13.342994689941406
2005-10-26,13.263448715209961
2005-10-27,12.887710571289062
2005-10-28,13.238771438598633
2005-10-31,13.38961410522461
2005-11-01,13.47189998626709
2005-11-02,13.735194206237793
2005-11-03,13.99573802947998
2005-11-04,13.5761137008667
2005-11-07,13.34024715423584
2005-11-08,13.452691078186035
2005-11-09,13.329278945922852
2005-11-10,12.915136337280273
2005-11-11,13.01935863494873
2005-11-14,13.087922096252441
2005-11-15,13.109865188598633
2005-11-16,13.449955940246582
2005-11-17,13.444463729858398
2005-11-18,13.449955940246582
2005-11-21,13.784552574157715
2005-11-22,14.0039644241333
2005-11-23,13.951863288879395
2005-11-25,13.987517356872559
2005-11-28,13.515777587890625
2005-11-29,13.537725448608398
2005-11-30,13.589828491210938
2005-12-01,14.020423889160156
2005-12-02,14.03414249420166
2005-12-05,14.132869720458984
2005-12-06,14.19321060180664
2005-12-07,14.141100883483887
2005-12-08,14.390685081481934
2005-12-09,14.212410926818848
2005-12-12,14.396174430847168
2005-12-13,14.335830688476562
2005-12-14,14.508611679077148
2005-12-15,14.393424987792969
2005-12-16,14.043374061584473
2005-12-19,13.927879333496094
2005-12-20,14.117615699768066
2005-12-21,14.147867202758789
2005-12-22,14.131367683410645
2005-12-23,14.09287166595459
2005-12-27,13.677639961242676
2005-12-28,13.883881568908691
2005-12-29,13.77663803100586
2005-12-30,13.83437728881836
2006-01-03,14.491591453552246
2006-01-04,14.532838821411133
2006-01-05,14.34859848022461
2006-01-06,14.70058536529541
2006-01-09,14.684081077575684
2006-01-10,14.843572616577148
2006-01-11,14.906822204589844
2006-01-12,14.799574851989746
2006-01-13,14.975560188293457
2006-01-17,15.305541038513184
2006-01-18,15.179046630859375
2006-01-19,15.44302749633789
2006-01-20,15.511780738830566
2006-01-23,15.682258605957031
2006-01-24,15.588774681091309
2006-01-25,15.261543273925781
2006-01-26,15.311040878295898
2006-01-27,15.577771186828613
2006-01-30,15.93525505065918
2006-01-31,15.855512619018555
2006-02-01,15.478779792785645
2006-02-02,15.324793815612793
2006-02-03,15.184544563293457
2006-02-06,15.48153018951416
2006-02-07,14.835321426391602
2006-02-08,14.838071823120117
2006-02-09,14.499846458435059
2006-02-10,14.447599411010742
2006-02-13,14.389849662780762
2006-02-14,14.227612495422363
2006-02-15,14.150613784790039
2006-02-16,14.475088119506836
2006-02-17,14.576837539672852
2006-02-21,14.86281967163086
2006-02-22,14.585087776184082
2006-02-23,14.568591117858887
2006-02-24,14.747323989868164
2006-02-27,14.491591453552246
2006-02-28,14.392600059509277
2006-03-01,14.6373291015625
2006-03-02,14.882072448730469
2006-03-03,14.884819030761719
2006-03-06,14.367852210998535
2006-03-07,14.15611743927002
2006-03-08,14.15611743927002
2006-03-09,14.054372787475586
2006-03-10,14.131367683410645
2006-03-13,14.409098625183105
2006-03-14,14.675832748413086
2006-03-15,14.752825736999512
2006-03-16,14.986559867858887
2006-03-17,14.796533584594727
2006-03-20,14.468340873718262
2006-03-21,14.443522453308105
2006-03-22,14.540048599243164
2006-03-23,14.755167007446289
2006-03-24,14.854459762573242
2006-03-27,14.931679725646973
2006-03-28,15.047513008117676
2006-03-29,15.224018096923828
2006-03-30,15.215758323669434
2006-03-31,15.003386497497559
2006-04-03,15.086121559143066
2006-04-04,15.284690856933594
2006-04-05,15.535676002502441
2006-04-06,15.568770408630371
2006-04-07,15.265392303466797
2006-04-10,15.554981231689453
2006-04-11,15.444660186767578
2006-04-12,15.342615127563477
2006-04-13,15.392264366149902
2006-04-17,15.67633056640625
2006-04-18,16.0596866607666
2006-04-19,16.307910919189453
2006-04-20,16.139673233032227
2006-04-21,16.476152420043945
2006-04-24,16.225168228149414
2006-04-25,16.015565872192383
2006-04-26,15.761837005615234
2006-04-27,15.582566261291504
2006-04-28,15.759068489074707
2006-05-01,16.018320083618164
2006-05-02,16.37409782409668
2006-05-03,16.1203670501709
2006-05-04,16.045902252197266
2006-05-05,16.233444213867188
2006-05-08,16.16172981262207
2006-05-09,16.258270263671875
2006-05-10,16.40995216369629
2006-05-11,16.19759750366211
2006-05-12,15.648752212524414
2006-05-15,15.320544242858887
2006-05-16,15.375713348388672
2006-05-17,14.984081268310547
2006-05-18,14.802050590515137
2006-05-19,14.898580551147461
2006-05-22,14.813084602355957
2006-05-23,14.815844535827637
2006-05-24,14.633818626403809
2006-05-25,15.146803855895996
2006-05-26,15.196447372436523
2006-05-30,14.956498146057129
2006-05-31,15.320544242858887
2006-06-01,15.36192798614502
2006-06-02,15.590831756591797
2006-06-05,15.09991455078125
2006-06-06,15.086121559143066
2006-06-07,14.506948471069336
2006-06-08,14.711044311523438
2006-06-09,14.562108039855957
2006-06-12,14.26424789428711
2006-06-13,13.842272758483887
2006-06-14,14.198060989379883
2006-06-15,14.738611221313477
2006-06-16,14.699027061462402
2006-06-19,14.145397186279297
2006-06-20,14.078961372375488
2006-06-21,14.394532203674316
2006-06-22,14.455437660217285
2006-06-23,14.776549339294434
2006-06-26,14.939868927001953
2006-06-27,14.967548370361328
2006-06-28,15.224987983703613
2006-06-29,15.656821250915527
2006-06-30,15.70942211151123
2006-07-03,15.878274917602539
2006-07-05,15.950258255004883
2006-07-06,15.908729553222656
2006-07-07,15.692816734313965
2006-07-10,15.739875793457031
2006-07-11,16.027761459350586
2006-07-12,15.972399711608887
2006-07-13,15.820147514343262
2006-07-14,16.005611419677734
2006-07-17,15.48796272277832
2006-07-18,15.50735092163086
2006-07-19,15.667892456054688
2006-07-20,15.288665771484375
2006-07-21,15.081047058105469
2006-07-24,15.535024642944336
2006-07-25,15.806305885314941
2006-07-26,16.124645233154297
2006-07-27,15.986233711242676
2006-07-28,15.991781234741211
2006-07-31,16.235382080078125
2006-08-01,16.2547550201416
2006-08-02,16.28797149658203
2006-08-03,16.146791458129883
2006-08-04,16.011152267456055
2006-08-07,16.180004119873047
2006-08-08,16.085891723632812
2006-08-09,16.221529006958008
2006-08-10,16.088659286499023
2006-08-11,16.096965789794922
2006-08-14,15.764782905578613
2006-08-15,15.84505844116211
2006-08-16,15.778620719909668
2006-08-17,15.667892456054688
2006-08-18,15.911503791809082
2006-08-21,16.01668930053711
2006-08-22,16.124645233154297
2006-08-23,15.786930084228516
2006-08-24,15.991781234741211
2006-08-25,16.116344451904297
2006-08-28,15.883818626403809
2006-08-29,15.784158706665039
2006-08-30,15.518420219421387
2006-08-31,15.41046142578125
2006-09-01,15.640218734741211
2006-09-05,15.84505844116211
2006-09-06,15.30803394317627
2006-09-07,15.32187557220459
2006-09-08,14.934328079223633
2006-09-11,14.472043991088867
2006-09-12,14.380692481994629
2006-09-13,14.679656028747559
2006-09-14,14.353017807006836
2006-09-15,14.402179718017578
2006-09-18,14.749378204345703
2006-09-19,14.5271635055542
2006-09-20,14.138301849365234
2006-09-21,14.31884479522705
2006-09-22,14.257739067077637
2006-09-25,14.277179718017578
2006-09-26,14.591056823730469
2006-09-27,14.832714080810547
2006-09-28,14.785490989685059
2006-09-29,14.846609115600586
2006-10-02,14.677167892456055
2006-10-03,14.138301849365234
2006-10-04,14.346623420715332
2006-10-05,14.62161636352539
2006-10-06,14.635493278503418
2006-10-09,14.4160737991333
2006-10-10,14.68549633026123
2006-10-11,14.452177047729492
2006-10-12,14.791050910949707
2006-10-13,14.993812561035156
2006-10-16,15.346585273742676
2006-10-17,15.17991828918457
2006-10-18,15.0827054977417
2006-10-19,15.393799781799316
2006-10-20,15.19381046295166
2006-10-23,15.221588134765625
2006-10-24,15.499356269836426
2006-10-25,15.766016960144043
2006-10-26,15.729898452758789
2006-10-27,15.602128982543945
2006-10-30,15.32158374786377
2006-10-31,15.479909896850586
2006-11-01,15.32158374786377
2006-11-02,15.38269329071045
2006-11-03,15.721561431884766
2006-11-06,15.835448265075684
2006-11-07,15.713233947753906
2006-11-08,15.9771089553833
2006-11-09,16.110448837280273
2006-11-10,15.95766544342041
2006-11-13,15.929887771606445
2006-11-14,16.024330139160156
2006-11-15,16.1743221282959
2006-11-16,15.729898452758789
2006-11-17,15.86044979095459
2006-11-20,15.818781852722168
2006-11-21,16.110448837280273
2006-11-22,16.015993118286133
2006-11-24,15.982665061950684
2006-11-27,15.91044807434082
2006-11-28,16.16600227355957
2006-11-29,16.679861068725586
2006-11-30,16.8076229095459
2006-12-01,16.8659610748291
2006-12-04,16.840965270996094
2006-12-05,16.907630920410156
2006-12-06,16.86040687561035
2006-12-07,16.760412216186523
2006-12-08,16.740976333618164
2006-12-11,16.699302673339844
2006-12-12,16.73819351196289
2006-12-13,16.907630920410156
2006-12-14,17.152057647705078
2006-12-15,16.99716567993164
2006-12-18,16.506834030151367
2006-12-19,16.788217544555664
2006-12-20,16.55976676940918
2006-12-21,16.481767654418945
2006-12-22,16.32296371459961
2006-12-26,16.342456817626953
2006-12-27,16.534692764282227
2006-12-28,16.498472213745117
2006-12-29,16.3341064453125
2007-01-03,15.76297664642334
2007-01-04,15.476036071777344
2007-01-05,15.579102516174316
2007-01-08,15.579102516174316
2007-01-09,15.4453763961792
2007-01-10,15.147286415100098
2007-01-11,15.060917854309082
2007-01-12,15.4453763961792
2007-01-16,15.28658390045166
2007-01-17,15.456526756286621
2007-01-18,15.342301368713379
2007-01-19,15.76297664642334
2007-01-22,15.654325485229492
2007-01-23,16.06108283996582
2007-01-24,16.130725860595703
2007-01-25,15.799201965332031
2007-01-26,15.838197708129883
2007-01-29,15.760193824768066
2007-01-30,16.08057975769043
2007-01-31,16.18366050720215
2007-02-01,16.24216651916504
2007-02-02,16.3341064453125
2007-02-05,16.3173885345459
2007-02-06,16.267244338989258
2007-02-07,16.169727325439453
2007-02-08,16.3341064453125
2007-02-09,16.267244338989258
2007-02-12,16.041580200195312
2007-02-13,16.275604248046875
2007-02-14,16.278385162353516
2007-02-15,16.15580940246582
2007-02-16,16.15859603881836
2007-02-20,15.977499008178711
2007-02-21,16.15300941467285
2007-02-22,16.29788589477539
2007-02-23,16.339683532714844
2007-02-26,16.43718719482422
2007-02-27,15.782483100891113
2007-02-28,15.852129936218262
2007-03-01,15.801983833312988
2007-03-02,15.615320205688477
2007-03-05,15.434239387512207
2007-03-06,15.726762771606445
2007-03-07,15.921775817871094
2007-03-08,16.06108283996582
2007-03-09,15.991433143615723
2007-03-12,15.969141960144043
2007-03-13,15.754624366760254
2007-03-14,15.93570613861084
2007-03-15,15.932924270629883
2007-03-16,15.76158332824707
2007-03-19,16.013151168823242
2007-03-20,16.12773895263672
2007-03-21,16.418437957763672
2007-03-22,16.748252868652344
2007-03-23,16.832101821899414
2007-03-26,16.949495315551758
2007-03-27,16.980249404907227
2007-03-28,16.977449417114258
2007-03-29,17.08367347717285
2007-03-30,16.848878860473633
2007-04-02,17.013792037963867
2007-04-03,17.1200008392334
2007-04-04,17.147958755493164
2007-04-05,17.25975227355957
2007-04-09,17.19547462463379
2007-04-10,17.455421447753906
2007-04-11,17.34920310974121
2007-04-12,17.61473846435547
2007-04-13,17.623119354248047
2007-04-16,17.726543426513672
2007-04-17,17.625919342041016
2007-04-18,17.56442642211914
2007-04-19,17.318464279174805
2007-04-20,17.637102127075195
2007-04-23,17.656661987304688
2007-04-24,17.60355567932129
2007-04-25,17.933378219604492
2007-04-26,17.92778778076172
2007-04-27,17.924989700317383
2007-04-30,17.712562561035156
2007-05-01,17.790828704833984
2007-05-02,17.938962936401367
2007-05-03,18.084314346313477
2007-05-04,18.07033920288086
2007-05-07,18.11785888671875
2007-05-08,18.120655059814453
2007-05-09,18.112262725830078
2007-05-10,17.81877326965332
2007-05-11,18.226865768432617
2007-05-14,18.232454299926758
2007-05-15,18.2939453125
2007-05-16,18.363826751708984
2007-05-17,18.657316207885742
2007-05-18,18.959190368652344
2007-05-21,19.118501663208008
2007-05-22,18.93961524963379
2007-05-23,18.978748321533203
2007-05-24,18.632152557373047
2007-05-25,18.92284393310547
2007-05-29,18.797069549560547
2007-05-30,19.19116973876953
2007-05-31,19.090551376342773
2007-06-01,19.263845443725586
2007-06-04,19.565715789794922
2007-06-05,19.495845794677734
2007-06-06,19.2470703125
2007-06-07,18.90608024597168
2007-06-08,18.984333038330078
2007-06-11,19.12968635559082
2007-06-12,18.8948917388916
2007-06-13,19.272226333618164
2007-06-14,19.596467971801758
2007-06-15,19.897249221801758
2007-06-18,19.9196720123291
2007-06-19,19.942102432250977
2007-06-20,19.361833572387695
2007-06-21,19.74868392944336
2007-06-22,19.552457809448242
2007-06-25,19.395471572875977
2007-06-26,18.97779655456543
2007-06-27,19.27213478088379
2007-06-28,19.27213478088379
2007-06-29,19.339414596557617
2007-07-02,19.68140411376953
2007-07-03,19.83277702331543
2007-07-05,19.785125732421875
2007-07-06,20.054235458374023
2007-07-09,20.242046356201172
2007-07-10,20.06264305114746
2007-07-11,20.13832664489746
2007-07-12,20.527978897094727
2007-07-13,20.729801177978516
2007-07-16,20.463502883911133
2007-07-17,20.197195053100586
2007-07-18,20.65412139892578
2007-07-19,20.841936111450195
2007-07-20,20.743824005126953
2007-07-23,20.827922821044922
2007-07-24,20.225231170654297
2007-07-25,20.547605514526367
2007-07-26,19.773908615112305
2007-07-27,19.202054977416992
2007-07-30,19.532838821411133
2007-07-31,19.342214584350586
2007-08-01,19.2917537689209
2007-08-02,19.15999984741211
2007-08-03,18.534887313842773
2007-08-06,18.64140510559082
2007-08-07,19.078710556030273
2007-08-08,19.440330505371094
2007-08-09,18.88249397277832
2007-08-10,18.983402252197266
2007-08-13,19.005828857421875
2007-08-14,18.87968635559082
2007-08-15,18.36109161376953
2007-08-16,18.248952865600586
2007-08-17,18.921730041503906
2007-08-20,18.87968635559082
2007-08-21,18.613380432128906
2007-08-22,18.837636947631836
2007-08-23,19.005828857421875
2007-08-24,19.41229820251465
2007-08-27,19.17401695251465
2007-08-28,18.71149253845215
2007-08-29,19.331005096435547
2007-08-30,19.31978988647461
2007-08-31,19.574880599975586
2007-09-04,19.930892944335938
2007-09-05,19.824365615844727
2007-09-06,20.127107620239258
2007-09-07,19.69542121887207
2007-09-10,19.664581298828125
2007-09-11,20.000974655151367
2007-09-12,20.141128540039062
2007-09-13,20.267276763916016
2007-09-14,20.32333755493164
2007-09-17,20.365388870239258
2007-09-18,20.982099533081055
2007-09-19,21.164308547973633
2007-09-20,21.15028190612793
2007-09-21,21.276201248168945
2007-09-24,21.23686408996582
2007-09-25,20.888349533081055
2007-09-26,20.947362899780273
2007-09-27,21.219995498657227
2007-09-28,21.023252487182617
2007-10-01,21.388626098632812
2007-10-02,21.054166793823242
2007-10-03,20.930509567260742
2007-10-04,21.009201049804688
2007-10-05,21.110387802124023
2007-10-08,20.89677619934082
2007-10-09,21.3183650970459
2007-10-10,21.593807220458984
2007-10-11,21.486989974975586
2007-10-12,21.689361572265625
2007-10-15,21.866432189941406
2007-10-16,21.922643661499023
2007-10-17,21.782108306884766
2007-10-18,21.95074462890625
2007-10-19,20.91082763671875
2007-10-22,20.67192840576172
2007-10-23,20.9670467376709
2007-10-24,21.10475730895996
2007-10-25,21.3043155670166
2007-10-26,21.62752914428711
2007-10-29,21.731515884399414
2007-10-30,20.992328643798828
2007-10-31,21.557270050048828
2007-11-01,20.924880981445312
2007-11-02,21.3183650970459
2007-11-05,21.146921157836914
2007-11-06,21.852375030517578
2007-11-07,20.952993392944336
2007-11-08,21.3183650970459
2007-11-09,20.924880981445312
2007-11-12,19.91306495666504
2007-11-13,20.61571502685547
2007-11-14,20.584794998168945
2007-11-15,19.89901351928711
2007-11-16,20.42178726196289
2007-11-19,20.081703186035156
2007-11-20,20.72814178466797
2007-11-21,20.2784423828125
2007-11-23,20.812463760375977
2007-11-26,20.092933654785156
2007-11-27,19.87091064453125
2007-11-28,20.362756729125977
2007-11-29,20.587610244750977
2007-11-30,20.649446487426758
2007-12-03,20.72814178466797
2007-12-04,20.51734161376953
2007-12-05,20.969846725463867
2007-12-06,21.543214797973633
2007-12-07,21.41111183166504
2007-12-10,21.62752914428711
2007-12-11,21.093515396118164
2007-12-12,21.782108306884766
2007-12-13,21.835512161254883
2007-12-14,21.486989974975586
2007-12-17,21.101959228515625
2007-12-18,21.3043155670166
2007-12-19,21.509483337402344
2007-12-20,21.782108306884766
2007-12-21,22.345388412475586
2007-12-24,22.44684410095215
2007-12-26,22.6976318359375
2007-12-27,22.458106994628906
2007-12-28,22.646900177001953
2007-12-31,22.359487533569336
2008-01-02,22.40175437927246
2008-01-03,22.66663360595703
2008-01-04,21.838186264038086
2008-01-07,21.7536563873291
2008-01-08,21.373245239257812
2008-01-09,21.655027389526367
2008-01-10,21.56485366821289
2008-01-11,21.302804946899414
2008-01-14,21.725473403930664
2008-01-15,20.826589584350586
2008-01-16,20.133398056030273
2008-01-17,19.372581481933594
2008-01-18,19.41485595703125
2008-01-22,18.86538314819336
2008-01-23,19.04007339477539
2008-01-24,19.710721969604492
2008-01-25,19.358495712280273
2008-01-28,19.798084259033203
2008-01-29,20.02069091796875
2008-01-30,19.769908905029297
2008-01-31,19.61210060119629
2008-02-01,20.10521697998047
2008-02-04,20.11931610107422
2008-02-05,19.288053512573242
2008-02-06,19.023168563842773
2008-02-07,19.39794158935547
2008-02-08,19.682546615600586
2008-02-11,20.189760208129883
2008-02-12,20.178482055664062
2008-02-13,20.668785095214844
2008-02-14,20.49126434326172
2008-02-15,20.52788543701172
2008-02-19,21.204181671142578
2008-02-20,21.457786560058594
2008-02-21,20.868852615356445
2008-02-22,21.105548858642578
2008-02-25,21.70856285095215
2008-02-26,22.077707290649414
2008-02-27,21.790283203125
2008-02-28,22.16506004333496
2008-02-29,21.42960548400879
2008-03-03,21.697294235229492
2008-03-04,21.274621963500977
2008-03-05,21.810009002685547
2008-03-06,21.373245239257812
2008-03-07,20.784317016601562
2008-03-10,20.52788543701172
2008-03-11,21.584577560424805
2008-03-12,21.105548858642578
2008-03-13,21.457786560058594
2008-03-14,21.06610679626465
2008-03-17,20.330642700195312
2008-03-18,21.218259811401367
2008-03-19,19.92206573486328
2008-03-20,20.010515213012695
2008-03-24,20.360931396484375
2008-03-25,20.56439971923828
2008-03-26,21.010894775390625
2008-03-27,20.79895782470703
2008-03-28,20.74243927001953
2008-03-31,20.928945541381836
2008-04-01,21.32175636291504
2008-04-02,21.61847496032715
2008-04-03,21.66934585571289
2008-04-04,21.847381591796875
2008-04-07,21.963237762451172
2008-04-08,22.21192741394043
2008-04-09,22.25430679321289
2008-04-10,22.21192741394043
2008-04-11,21.90106964111328
2008-04-14,22.404090881347656
2008-04-15,22.52277946472168
2008-04-16,23.28578758239746
2008-04-17,23.266000747680664
2008-04-18,23.622066497802734
2008-04-21,23.890533447265625
2008-04-22,23.901836395263672
2008-04-23,23.715333938598633
2008-04-24,23.093612670898438
2008-04-25,23.421432495117188
2008-04-28,23.46099090576172
2008-04-29,22.93254280090332
2008-04-30,23.102108001708984
2008-05-01,22.596256256103516
2008-05-02,23.02297592163086
2008-05-05,23.356430053710938
2008-05-06,23.975313186645508
2008-05-07,23.528812408447266
2008-05-08,24.000741958618164
2008-05-09,23.955537796020508
2008-05-12,23.822710037231445
2008-05-13,24.212690353393555
2008-05-14,23.935752868652344
2008-05-15,24.252256393432617
2008-05-16,25.13677406311035
2008-05-19,25.29220199584961
2008-05-20,25.54370880126953
2008-05-21,25.165035247802734
2008-05-22,24.79766082763672
2008-05-23,24.376605987548828
2008-05-27,24.218347549438477
2008-05-28,24.72983741760254
2008-05-29,24.054447174072266
2008-05-30,24.30313491821289
2008-06-02,24.447242736816406
2008-06-03,23.9216251373291
2008-06-04,23.565553665161133
2008-06-05,24.79483413696289
2008-06-06,24.30877685546875
2008-06-09,25.02374839782715
2008-06-10,24.40768051147461
2008-06-11,24.557456970214844
2008-06-12,24.18443489074707
2008-06-13,24.472686767578125
2008-06-16,24.560283660888672
2008-06-17,24.967220306396484
2008-06-18,25.063308715820312
2008-06-19,24.461366653442383
2008-06-20,24.296464920043945
2008-06-23,25.25699806213379
2008-06-24,24.778154373168945
2008-06-25,24.684648513793945
2008-06-26,24.506149291992188
2008-06-27,24.721485137939453
2008-06-30,25.069978713989258
2008-07-01,25.17482566833496
2008-07-02,24.415475845336914
2008-07-03,24.055639266967773
2008-07-07,23.452116012573242
2008-07-08,23.063936233520508
2008-07-09,22.624765396118164
2008-07-10,23.318946838378906
2008-07-11,23.17728614807129
2008-07-14,23.33027458190918
2008-07-15,22.347091674804688
2008-07-16,21.771900177001953
2008-07-17,21.414899826049805
2008-07-18,21.788904190063477
2008-07-21,22.44059181213379
2008-07-22,21.69540786743164
2008-07-23,20.90771484375
2008-07-24,20.856725692749023
2008-07-25,20.91338539123535
2008-07-28,20.99555015563965
2008-07-29,20.746213912963867
2008-07-30,21.981582641601562
2008-07-31,21.080554962158203
2008-08-01,21.077716827392578
2008-08-04,20.08603286743164
2008-08-05,20.236204147338867
2008-08-06,20.698047637939453
2008-08-07,20.45720863342285
2008-08-08,20.111536026000977
2008-08-11,20.10302734375
2008-08-12,20.11436653137207
2008-08-13,20.825550079345703
2008-08-14,20.443037033081055
2008-08-15,20.060529708862305
2008-08-18,19.805524826049805
2008-08-19,20.516712188720703
2008-08-20,21.108898162841797
2008-08-21,21.638744354248047
2008-08-22,21.142887115478516
2008-08-25,20.86805534362793
2008-08-26,21.29305076599121
2008-08-27,21.63024139404297
2008-08-28,21.25056266784668
2008-08-29,21.151386260986328
2008-09-02,19.989704132080078
2008-09-03,19.913192749023438
2008-09-04,19.465513229370117
2008-09-05,19.386180877685547
2008-09-08,19.25301170349121
2008-09-09,17.92129898071289
2008-09-10,18.6268253326416
2008-09-11,18.893163681030273
2008-09-12,19.530683517456055
2008-09-15,18.034637451171875
2008-09-16,18.79682731628418
2008-09-17,18.40297508239746
2008-09-18,18.95267105102539
2008-09-19,20.25312614440918
2008-09-22,19.897815704345703
2008-09-23,19.241188049316406
2008-09-24,19.298030853271484
2008-09-25,19.769901275634766
2008-09-26,19.2440242767334
2008-09-29,16.95578384399414
2008-09-30,17.993309020996094
2008-10-01,17.697681427001953
2008-10-02,16.68857765197754
2008-10-03,16.489599227905273
2008-10-06,15.602727890014648
2008-10-07,14.747122764587402
2008-10-08,15.0256929397583
2008-10-09,12.862509727478027
2008-10-10,12.336640357971191
2008-10-13,14.369058609008789
2008-10-14,14.386114120483398
2008-10-15,12.308222770690918
2008-10-16,12.777238845825195
2008-10-17,13.058647155761719
2008-10-20,14.579411506652832
2008-10-21,13.917098999023438
2008-10-22,12.564048767089844
2008-10-23,13.23204231262207
2008-10-24,12.407707214355469
2008-10-27,11.614632606506348
2008-10-28,13.385541915893555
2008-10-29,13.681161880493164
2008-10-30,14.312214851379395
2008-10-31,14.610674858093262
2008-11-03,14.158714294433594
2008-11-04,15.071172714233398
2008-11-05,14.397490501403809
2008-11-06,13.530508041381836
2008-11-07,14.170083045959473
2008-11-10,14.218400955200195
2008-11-11,13.809080123901367
2008-11-12,12.677742958068848
2008-11-13,14.167241096496582
2008-11-14,13.578837394714355
2008-11-17,13.297426223754883
2008-11-18,13.669800758361816
2008-11-19,12.96200180053711
2008-11-20,11.358809471130371
2008-11-21,12.626583099365234
2008-11-24,13.539037704467773
2008-11-25,13.755075454711914
2008-11-26,14.525399208068848
2008-11-28,14.292316436767578
2008-12-01,12.771553039550781
2008-12-02,13.203620910644531
2008-12-03,13.212145805358887
2008-12-04,12.29684829711914
2008-12-05,12.552680015563965
2008-12-08,13.109814643859863
2008-12-09,13.240572929382324
2008-12-10,13.925622940063477
2008-12-11,13.86024284362793
2008-12-12,13.723806381225586
2008-12-15,13.644210815429688
2008-12-16,14.067756652832031
2008-12-17,13.976795196533203
2008-12-18,13.163823127746582
2008-12-19,13.14354133605957
2008-12-22,12.752090454101562
2008-12-23,12.780660629272461
2008-12-24,12.732084274291992
2008-12-26,12.903522491455078
2008-12-29,13.186396598815918
2008-12-30,13.506414413452148
2008-12-31,13.64927864074707
2009-01-02,14.329313278198242
2009-01-05,14.666474342346191
2009-01-06,14.8264799118042
2009-01-07,14.197877883911133
2009-01-08,14.380742073059082
2009-01-09,13.897860527038574
2009-01-12,13.349264144897461
2009-01-13,13.683565139770508
2009-01-14,13.029243469238281
2009-01-15,13.192110061645508
2009-01-16,13.297832489013672
2009-01-20,12.58922290802002
2009-01-21,13.434975624084473
2009-01-22,13.066386222839355
2009-01-23,13.4464111328125
2009-01-26,13.694997787475586
2009-01-27,13.717849731445312
2009-01-28,14.092159271240234
2009-01-29,13.594986915588379
2009-01-30,13.406410217285156
2009-02-02,13.192110061645508
2009-02-03,13.420697212219238
2009-02-04,13.546415328979492
2009-02-05,13.877861976623535
2009-02-06,14.135018348693848
2009-02-09,14.18644905090332
2009-02-10,13.52641487121582
2009-02-11,13.372118949890137
2009-02-12,13.394976615905762
2009-02-13,13.426410675048828
2009-02-17,12.497788429260254
2009-02-18,12.426353454589844
2009-02-19,12.429215431213379
2009-02-20,12.1091947555542
2009-02-23,11.543458938598633
2009-02-24,12.086338996887207
2009-02-25,12.014908790588379
2009-02-26,12.043477058410645
2009-02-27,11.752037048339844
2009-03-02,10.891989707946777
2009-03-03,10.946280479431152
2009-03-04,11.46916675567627
2009-03-05,10.963421821594238
2009-03-06,11.083431243896484
2009-03-09,11.103429794311523
2009-03-10,11.66632080078125
2009-03-11,11.617741584777832
2009-03-12,11.966337203979492
2009-03-13,11.857754707336426
2009-03-16,12.009194374084473
2009-03-17,12.423504829406738
2009-03-18,12.549221992492676
2009-03-19,12.852093696594238
2009-03-20,12.349501609802246
2009-03-23,13.366179466247559
2009-03-24,13.11344051361084
2009-03-25,13.050260543823242
2009-03-26,13.162261962890625
2009-03-27,12.771677017211914
2009-03-30,12.29780101776123
2009-03-31,12.194418907165527
2009-04-01,12.452895164489746
2009-04-02,12.964102745056152
2009-04-03,13.21683120727539
2009-04-06,12.949735641479492
2009-04-07,12.562019348144531
2009-04-08,12.722857475280762
2009-04-09,13.096211433410645
2009-04-13,12.952613830566406
2009-04-14,12.9181489944458
2009-04-15,12.935381889343262
2009-04-16,12.995689392089844
2009-04-17,13.147911071777344
2009-04-20,12.510329246520996
2009-04-21,12.757318496704102
2009-04-22,12.622329711914062
2009-04-23,12.857837677001953
2009-04-24,13.231196403503418
2009-04-27,12.98133659362793
2009-04-28,13.010056495666504
2009-04-29,13.369047164916992
2009-04-30,13.147911071777344
2009-05-01,13.572957038879395
2009-05-04,14.115763664245605
2009-05-05,13.926214218139648
2009-05-06,14.466142654418945
2009-05-07,14.279468536376953
2009-05-08,14.888328552246094
2009-05-11,14.434552192687988
2009-05-12,14.526459693908691
2009-05-13,14.046830177307129
2009-05-14,14.087044715881348
2009-05-15,13.78548526763916
2009-05-18,14.262239456176758
2009-05-19,14.331160545349121
2009-05-20,14.379986763000488
2009-05-21,13.954933166503906
2009-05-22,13.960675239562988
2009-05-26,14.25649356842041
2009-05-27,14.101396560668945
2009-05-28,14.569537162780762
2009-05-29,14.842374801635742
2009-06-01,15.388044357299805
2009-06-02,15.347838401794434
2009-06-03,14.756213188171387
2009-06-04,15.08935546875
2009-06-05,14.965869903564453
2009-06-08,14.931403160095215
2009-06-09,15.07787036895752
2009-06-10,15.212859153747559
2009-06-11,15.517287254333496
2009-06-12,15.367944717407227
2009-06-15,14.960122108459473
2009-06-16,14.641338348388672
2009-06-17,14.402965545654297
2009-06-18,14.348392486572266
2009-06-19,14.205211639404297
2009-06-22,13.495097160339355
2009-06-23,13.575920104980469
2009-06-24,13.630772590637207
2009-06-25,13.916553497314453
2009-06-26,13.824176788330078
2009-06-29,13.954072952270508
2009-06-30,13.870363235473633
2009-07-01,13.881908416748047
2009-07-02,13.324786186218262
2009-07-06,13.189109802246094
2009-07-07,12.851380348205566
2009-07-08,12.854256629943848
2009-07-09,12.987051010131836
2009-07-10,12.894674301147461
2009-07-13,13.090964317321777
2009-07-14,13.26705265045166
2009-07-15,13.737577438354492
2009-07-16,13.905006408691406
2009-07-17,13.985831260681152
2009-07-20,14.225419044494629
2009-07-21,14.349546432495117
2009-07-22,14.219648361206055
2009-07-23,14.623780250549316
2009-07-24,14.776777267456055
2009-07-27,14.825849533081055
2009-07-28,14.609342575073242
2009-07-29,14.27160358428955
2009-07-30,14.47078800201416
2009-07-31,14.612227439880371
2009-08-03,14.98749828338623
2009-08-04,14.96152114868164
2009-08-05,14.81141185760498
2009-08-06,14.690163612365723
2009-08-07,14.672847747802734
2009-08-10,14.736360549926758
2009-08-11,14.522747993469238
2009-08-12,14.678625106811523
2009-08-13,14.857598304748535
2009-08-14,14.63820743560791
2009-08-17,14.164801597595215
2009-08-18,14.306248664855957
2009-08-19,14.571817398071289
2009-08-20,14.695945739746094
2009-08-21,15.111629486083984
2009-08-24,15.305031776428223
2009-08-25,15.07120418548584
2009-08-26,15.140488624572754
2009-08-27,15.094301223754883
2009-08-28,15.062556266784668
2009-08-31,14.77099323272705
2009-09-01,14.514086723327637
2009-09-02,14.407278060913086
2009-09-03,14.508310317993164
2009-09-04,14.71038818359375
2009-09-08,15.114510536193848
2009-09-09,15.149148941040039
2009-09-10,15.411839485168457
2009-09-11,15.472455024719238
2009-09-14,15.587919235229492
2009-09-15,15.74380111694336
2009-09-16,16.133501052856445
2009-09-17,16.05555534362793
2009-09-18,15.999303817749023
2009-09-21,15.863039016723633
2009-09-22,16.112390518188477
2009-09-23,15.776046752929688
2009-09-24,15.549891471862793
2009-09-25,15.529596328735352
2009-09-28,15.778948783874512
2009-09-29,15.735455513000488
2009-09-30,15.633977890014648
2009-10-01,15.146857261657715
2009-10-02,15.068572998046875
2009-10-05,15.40201187133789
2009-10-06,15.767352104187012
2009-10-07,15.889127731323242
2009-10-08,16.29796028137207
2009-10-09,16.283456802368164
2009-10-12,16.503816604614258
2009-10-13,16.5299072265625
2009-10-14,16.805362701416016
2009-10-15,17.156198501586914
2009-10-16,17.104005813598633
2009-10-19,17.327266693115234
2009-10-20,17.217092514038086
2009-10-21,17.170696258544922
2009-10-22,17.237380981445312
2009-10-23,16.90394401550293
2009-10-26,16.625600814819336
2009-10-27,16.773468017578125
2009-10-28,16.21967124938965
2009-10-29,16.651689529418945
2009-10-30,16.019601821899414
2009-11-02,16.12108612060547
2009-11-03,16.329843521118164
2009-11-04,16.31534767150879
2009-11-05,16.593704223632812
2009-11-06,16.55020523071289
2009-11-09,16.866252899169922
2009-11-10,16.877849578857422
2009-11-11,16.87204933166504
2009-11-12,16.50091552734375
2009-11-13,16.605295181274414
2009-11-16,17.040224075317383
2009-11-17,17.011228561401367
2009-11-18,16.94454002380371
2009-11-19,16.56471061706543
2009-11-20,16.411027908325195
2009-11-23,16.622690200805664
2009-11-24,16.718381881713867
2009-11-25,16.848854064941406
2009-11-27,16.532812118530273
2009-11-30,16.474830627441406
2009-12-01,16.692276000976562
2009-12-02,16.593704223632812
2009-12-03,16.326946258544922
2009-12-04,16.20806884765625
2009-12-07,16.170379638671875
2009-12-08,15.894930839538574
2009-12-09,15.894930839538574
2009-12-10,16.092090606689453
2009-12-11,16.10079574584961
2009-12-14,16.26605796813965
2009-12-15,16.31825065612793
2009-12-16,16.422630310058594
2009-12-17,16.283456802368164
2009-12-18,16.369169235229492
2009-12-21,16.56449317932129
2009-12-22,16.643192291259766
2009-12-23,16.77438735961914
2009-12-24,16.853099822998047
2009-12-28,16.882246017456055
2009-12-29,16.771474838256836
2009-12-30,16.753984451293945
2009-12-31,16.619876861572266
2010-01-04,17.144628524780273
2010-01-05,17.2845516204834
2010-01-06,17.491539001464844
2010-01-07,17.465307235717773
2010-01-08,17.578994750976562
2010-01-11,17.5556697845459
2010-01-12,17.302045822143555
2010-01-13,17.366180419921875
2010-01-14,17.415742874145508
2010-01-15,17.275806427001953
2010-01-19,17.43324089050293
2010-01-20,17.162120819091797
2010-01-21,16.812278747558594
2010-01-22,16.41289520263672
2010-01-25,16.520751953125
2010-01-26,16.415809631347656
2010-01-27,16.351673126220703
2010-01-28,16.179672241210938
2010-01-29,15.888152122497559
2010-02-01,16.41289520263672
2010-02-02,16.628623962402344
2010-02-03,16.485776901245117
2010-02-04,15.809440612792969
2010-02-05,15.812353134155273
2010-02-08,15.666594505310059
2010-02-09,15.996012687683105
2010-02-10,15.928964614868164
2010-02-11,16.20008087158203
2010-02-12,16.20591163635254
2010-02-16,16.587812423706055
2010-02-17,16.56449317932129
2010-02-18,16.657773971557617
2010-02-19,16.721914291381836
2010-02-22,16.491600036621094
2010-02-23,16.217571258544922
2010-02-24,16.319604873657227
2010-02-25,16.32835578918457
2010-02-26,16.36625099182129
2010-03-01,16.517845153808594
2010-03-02,16.654863357543945
2010-03-03,16.727741241455078
2010-03-04,16.640283584594727
2010-03-05,16.95221519470215
2010-03-08,16.925981521606445
2010-03-09,16.925981521606445
2010-03-10,17.074655532836914
2010-03-11,17.04550552368164
2010-03-12,17.054248809814453
2010-03-15,16.879337310791016
2010-03-16,17.030927658081055
2010-03-17,17.217504501342773
2010-03-18,16.960960388183594
2010-03-19,16.757061004638672
2010-03-22,16.71317481994629
2010-03-23,16.77753257751465
2010-03-24,16.680994033813477
2010-03-25,16.40015411376953
2010-03-26,16.406007766723633
2010-03-29,16.724885940551758
2010-03-30,16.751205444335938
2010-03-31,16.827268600463867
2010-04-01,17.12566375732422
2010-04-05,17.429908752441406
2010-04-06,17.429908752441406
2010-04-07,17.257308959960938
2010-04-08,17.318744659423828
2010-04-09,17.503049850463867
2010-04-12,17.54400634765625
2010-04-13,17.482572555541992
2010-04-14,17.649322509765625
2010-04-15,17.646398544311523
2010-04-16,17.347999572753906
2010-04-19,17.37140464782715
2010-04-20,17.71076011657715
2010-04-21,17.693206787109375
2010-04-22,17.73709487915039
2010-04-23,18.164201736450195
2010-04-26,18.102771759033203
2010-04-27,17.546932220458984
2010-04-28,17.725387573242188
2010-04-29,17.74587059020996
2010-04-30,17.526458740234375
2010-05-03,17.725387573242188
2010-05-04,17.25146484375
2010-05-05,16.97939682006836
2010-05-06,16.40015411376953
2010-05-07,16.087127685546875
2010-05-10,16.774616241455078
2010-05-11,16.66344451904297
2010-05-12,16.894554138183594
2010-05-13,16.78631591796875
2010-05-14,16.45281410217285
2010-05-17,16.283132553100586
2010-05-18,16.15734100341797
2010-05-19,15.97303581237793
2010-05-20,15.259222030639648
2010-05-21,15.52543830871582
2010-05-24,15.171448707580566
2010-05-25,15.206560134887695
2010-05-26,15.174383163452148
2010-05-27,15.817986488342285
2010-05-28,15.519584655761719
2010-06-01,14.782373428344727
2010-06-02,15.423049926757812
2010-06-03,15.630759239196777
2010-06-04,15.080759048461914
2010-06-07,14.94912338256836
2010-06-08,15.197784423828125
2010-06-09,15.039813995361328
2010-06-10,15.794584274291992
2010-06-11,15.891119956970215
2010-06-14,15.809208869934082
2010-06-15,16.271421432495117
2010-06-16,16.259729385375977
2010-06-17,16.242176055908203
2010-06-18,16.342681884765625
2010-06-21,16.30742073059082
2010-06-22,15.831332206726074
2010-06-23,15.710841178894043
2010-06-24,15.381698608398438
2010-06-25,15.42577838897705
2010-06-28,15.217126846313477
2010-06-29,14.714591979980469
2010-06-30,14.599977493286133
2010-07-01,14.547076225280762
2010-07-02,14.511811256408691
2010-07-06,14.652875900268555
2010-07-07,15.170103073120117
2010-07-08,15.384634971618652
2010-07-09,15.463981628417969
2010-07-12,15.422837257385254
2010-07-13,15.607983589172363
2010-07-14,15.590344429016113
2010-07-15,15.572714805603027
2010-07-16,15.202433586120605
2010-07-19,15.29940128326416
2010-07-20,15.649127960205078
2010-07-21,15.393445014953613
2010-07-22,15.734355926513672
2010-07-23,15.804887771606445
2010-07-26,15.943010330200195
2010-07-27,15.86660385131836
2010-07-28,15.831332206726074
2010-07-29,15.854846000671387
2010-07-30,15.822510719299316
2010-08-02,16.375009536743164
2010-08-03,16.36913299560547
2010-08-04,16.495502471923828
2010-08-05,16.548397064208984
2010-08-06,16.351503372192383
2010-08-09,16.419092178344727
2010-08-10,16.283906936645508
2010-08-11,15.799005508422852
2010-08-12,15.704968452453613
2010-08-13,15.678506851196289
2010-08-16,15.67557144165039
2010-08-17,15.937126159667969
2010-08-18,15.784307479858398
2010-08-19,15.528635025024414
2010-08-20,15.337613105773926
2010-08-23,15.34349250793457
2010-08-24,15.105445861816406
2010-08-25,15.058424949645996
2010-08-26,14.923242568969727
2010-08-27,15.311164855957031
2010-08-30,15.087811470031738
2010-08-31,15.046675682067871
2010-09-01,15.607983589172363
2010-09-02,15.737286567687988
2010-09-03,15.928312301635742
2010-09-07,15.690269470214844
2010-09-08,15.825446128845215
2010-09-09,15.857782363891602
2010-09-10,16.02235221862793
2010-09-13,16.151660919189453
2010-09-14,16.095823287963867
2010-09-15,16.06349754333496
2010-09-16,15.99002742767334
2010-09-17,15.910021781921387
2010-09-20,16.17868423461914
2010-09-21,16.19049072265625
2010-09-22,16.072389602661133
2010-09-23,15.97202205657959
2010-09-24,16.317440032958984
2010-09-27,16.25543975830078
2010-09-28,16.37057876586914
2010-09-29,16.544763565063477
2010-09-30,16.55067253112793
2010-10-01,16.772096633911133
2010-10-04,16.562480926513672
2010-10-05,16.952184677124023
2010-10-06,17.102758407592773
2010-10-07,17.017131805419922
2010-10-08,17.229705810546875
2010-10-11,17.276941299438477
2010-10-12,17.25037384033203
2010-10-13,17.459983825683594
2010-10-14,17.43341064453125
2010-10-15,17.480649948120117
2010-10-18,17.52787971496582
2010-10-19,17.179519653320312
2010-10-20,17.40093994140625
2010-10-21,17.39207649230957
2010-10-22,17.507226943969727
2010-10-25,17.55445671081543
2010-10-26,17.589887619018555
2010-10-27,17.516080856323242
2010-10-28,17.477699279785156
2010-10-29,17.489505767822266
2010-11-01,17.510177612304688
2010-11-02,17.702070236206055
2010-11-03,17.74044418334961
2010-11-04,18.304344177246094
2010-11-05,18.395870208740234
2010-11-08,18.45195960998535
2010-11-09,18.416532516479492
2010-11-10,18.652725219726562
2010-11-11,18.859386444091797
2010-11-12,18.58185577392578
2010-11-15,18.487388610839844
2010-11-16,18.1419677734375
2010-11-17,18.215778350830078
2010-11-18,18.617298126220703
2010-11-19,18.773757934570312
2010-11-22,18.714717864990234
2010-11-23,18.348630905151367
2010-11-24,18.679285049438477
2010-11-26,18.454914093017578
2010-11-29,18.578908920288086
2010-11-30,18.513961791992188
2010-12-01,19.06309700012207
2010-12-02,19.346511840820312
2010-12-03,19.43212127685547
2010-12-06,19.497087478637695
2010-12-07,19.42327308654785
2010-12-08,19.331748962402344
2010-12-09,19.376039505004883
2010-12-10,19.455747604370117
2010-12-13,19.621082305908203
2010-12-14,19.529556274414062
2010-12-15,19.42327308654785
2010-12-16,19.532512664794922
2010-12-17,19.539329528808594
2010-12-20,19.666841506958008
2010-12-21,19.86553192138672
2010-12-22,19.933731079101562
2010-12-23,19.99007797241211
2010-12-27,19.918909072875977
2010-12-28,19.993043899536133
2010-12-29,20.19172477722168
2010-12-30,20.20952033996582
2010-12-31,20.23917579650879
2011-01-03,20.390403747558594
2011-01-04,20.21544075012207
2011-01-05,20.29551887512207
2011-01-06,20.102758407592773
2011-01-07,20.24807357788086
2011-01-10,20.168006896972656
2011-01-11,20.50309944152832
2011-01-12,20.784818649291992
2011-01-13,20.725507736206055
2011-01-14,20.950883865356445
2011-01-18,21.08135986328125
2011-01-19,20.82634162902832
2011-01-20,20.678062438964844
2011-01-21,20.78778648376465
2011-01-24,20.86489486694336
2011-01-25,20.805572509765625
2011-01-26,21.30376434326172
2011-01-27,21.179218292236328
2011-01-28,21.087289810180664
2011-01-31,21.69224739074707
2011-02-01,22.045127868652344
2011-02-02,22.02734375
2011-02-03,22.039203643798828
2011-02-04,21.98285675048828
2011-02-07,22.11037826538086
2011-02-08,22.036231994628906
2011-02-09,21.757478713989258
2011-02-10,21.979890823364258
2011-02-11,21.976930618286133
2011-02-14,22.460294723510742
2011-02-15,22.22602653503418
2011-02-16,22.522571563720703
2011-02-17,22.744976043701172
2011-02-18,22.839876174926758
2011-02-22,22.617460250854492
2011-02-23,23.07710838317871
2011-02-24,22.75090789794922
2011-02-25,23.11269187927246
2011-02-28,23.290624618530273
2011-03-01,22.854700088500977
2011-03-02,22.985170364379883
2011-03-03,23.379579544067383
2011-03-04,23.23130989074707
2011-03-07,23.068212509155273
2011-03-08,22.87841796875
2011-03-09,22.721248626708984
2011-03-10,21.893896102905273
2011-03-11,22.273466110229492
2011-03-14,22.395051956176758
2011-03-15,22.22602653503418
2011-03-16,21.87017250061035
2011-03-17,22.53740119934082
2011-03-18,22.431766510009766
2011-03-21,23.11314582824707
2011-03-22,23.062551498413086
2011-03-23,23.122066497802734
2011-03-24,23.205371856689453
2011-03-25,23.413660049438477
2011-03-28,23.35713768005371
2011-03-29,23.642776489257812
2011-03-30,23.806413650512695
2011-03-31,23.72905731201172
2011-04-01,23.800457000732422
2011-04-04,23.815345764160156
2011-04-05,23.886751174926758
2011-04-06,23.63681983947754
2011-04-07,23.63681983947754
2011-04-08,23.720144271850586
2011-04-11,23.25298309326172
2011-04-12,22.53293800354004
2011-04-13,22.625165939331055
2011-04-14,22.779890060424805
2011-04-15,22.96734619140625
2011-04-18,22.625165939331055
2011-04-19,22.854280471801758
2011-04-20,23.392839431762695
2011-04-21,23.49994659423828
2011-04-25,23.377958297729492
2011-04-26,23.610036849975586
2011-04-27,23.598140716552734
2011-04-28,23.595170974731445
2011-04-29,23.946273803710938
2011-05-02,23.627899169921875
2011-05-03,23.035783767700195
2011-05-04,22.628143310546875
2011-05-05,22.158037185668945
2011-05-06,22.256216049194336
2011-05-09,22.645998001098633
2011-05-10,22.75311851501465
2011-05-11,22.095548629760742
2011-05-12,22.062816619873047
2011-05-13,21.955703735351562
2011-05-16,21.789073944091797
2011-05-17,21.789073944091797
2011-05-18,22.229442596435547
2011-05-19,22.232419967651367
2011-05-20,22.20563507080078
2011-05-23,21.860483169555664
2011-05-24,22.169931411743164
2011-05-25,22.54483413696289
2011-05-26,22.65790557861328
2011-05-27,22.714433670043945
2011-05-31,22.943546295166016
2011-06-01,22.39605712890625
2011-06-02,22.38713836669922
2011-06-03,22.393083572387695
2011-06-06,21.887269973754883
2011-06-07,21.887269973754883
2011-06-08,21.95272445678711
2011-06-09,22.250274658203125
2011-06-10,21.818828582763672
2011-06-13,21.473676681518555
2011-06-14,21.931900024414062
2011-06-15,21.429044723510742
2011-06-16,21.46177864074707
2011-06-17,21.406532287597656
2011-06-20,21.46626091003418
2011-06-21,21.893310546875
2011-06-22,21.83060073852539
2011-06-23,21.591678619384766
2011-06-24,21.182558059692383
2011-06-27,21.29603385925293
2011-06-28,21.917205810546875
2011-06-29,22.174036026000977
2011-06-30,22.502534866333008
2011-07-01,22.714569091796875
2011-07-05,22.85493278503418
2011-07-06,22.813121795654297
2011-07-07,23.15656089782715
2011-07-08,22.962448120117188
2011-07-11,22.418916702270508
2011-07-12,22.33530616760254
2011-07-13,22.502534866333008
2011-07-14,22.353221893310547
2011-07-15,22.9534854888916
2011-07-18,22.87584114074707
2011-07-19,23.2939395904541
2011-07-20,23.234209060668945
2011-07-21,23.69112205505371
2011-07-22,23.810588836669922
2011-07-25,23.715024948120117
2011-07-26,23.601539611816406
2011-07-27,23.15656089782715
2011-07-28,23.060998916625977
2011-07-29,22.831039428710938
2011-08-01,22.79819679260254
2011-08-02,22.162090301513672
2011-08-03,22.03666114807129
2011-08-04,20.52553939819336
2011-08-05,20.328432083129883
2011-08-08,18.59931755065918
2011-08-09,19.546005249023438
2011-08-10,18.871076583862305
2011-08-11,19.850618362426758
2011-08-12,19.996950149536133
2011-08-15,20.671873092651367
2011-08-16,20.328432083129883
2011-08-17,20.409069061279297
2011-08-18,19.226455688476562
2011-08-19,18.886009216308594
2011-08-22,18.733692169189453
2011-08-23,19.57884979248047
2011-08-24,19.695322036743164
2011-08-25,19.28021240234375
2011-08-26,19.653507232666016
2011-08-29,20.226903915405273
2011-08-30,20.346351623535156
2011-08-31,20.4986572265625
2011-09-01,20.343372344970703
2011-09-02,19.775957107543945
2011-09-06,19.560932159423828
2011-09-07,20.277667999267578
2011-09-08,20.04174041748047
2011-09-09,19.378759384155273
2011-09-12,19.471336364746094
2011-09-13,19.52509880065918
2011-09-14,19.767000198364258
2011-09-15,20.158212661743164
2011-09-16,20.114439010620117
2011-09-19,19.796640396118164
2011-09-20,19.673717498779297
2011-09-21,18.855226516723633
2011-09-22,17.7908935546875
2011-09-23,17.59900665283203
2011-09-26,18.24061393737793
2011-09-27,18.5074462890625
2011-09-28,17.901817321777344
2011-09-29,18.07271385192871
2011-09-30,17.54204750061035
2011-10-03,16.94542121887207
2011-10-04,17.500070571899414
2011-10-05,18.14467430114746
2011-10-06,18.486454010009766
2011-10-07,18.258604049682617
2011-10-10,19.086090087890625
2011-10-11,19.125059127807617
2011-10-12,19.22698974609375
2011-10-13,19.200014114379883
2011-10-14,19.967527389526367
2011-10-17,19.604761123657227
2011-10-18,20.234359741210938
2011-10-19,20.024490356445312
2011-10-20,20.180400848388672
2011-10-21,20.55217170715332
2011-10-24,20.82200050354004
2011-10-25,20.387271881103516
2011-10-26,20.828001022338867
2011-10-27,21.751413345336914
2011-10-28,21.89832305908203
2011-10-31,20.899946212768555
2011-11-01,20.225374221801758
2011-11-02,20.833995819091797
2011-11-03,21.382652282714844
2011-11-04,21.364665985107422
2011-11-07,21.481584548950195
2011-11-08,21.832368850708008
2011-11-09,20.86697006225586
2011-11-10,21.229747772216797
2011-11-11,21.66447639465332
2011-11-14,21.379653930664062
2011-11-15,21.35566520690918
2011-11-16,21.034868240356445
2011-11-17,20.5551700592041
2011-11-18,20.43224334716797
2011-11-21,20.066463470458984
2011-11-22,19.877586364746094
2011-11-23,19.27496910095215
2011-11-25,19.137054443359375
2011-11-28,19.853607177734375
2011-11-29,20.138429641723633
2011-11-30,21.24773406982422
2011-12-01,21.130813598632812
2011-12-02,21.11281394958496
2011-12-05,21.373653411865234
2011-12-06,21.370651245117188
2011-12-07,21.16678810119629
2011-12-08,20.576152801513672
2011-12-09,21.04384994506836
2011-12-12,20.55217170715332
2011-12-13,20.360288619995117
2011-12-14,19.787641525268555
2011-12-15,19.703697204589844
2011-12-16,19.913551330566406
2011-12-19,19.564300537109375
2011-12-20,20.368186950683594
2011-12-21,20.593994140625
2011-12-22,20.83485984802246
2011-12-23,20.95529556274414
2011-12-27,21.00949478149414
2011-12-28,20.60904884338379
2011-12-29,20.822813034057617
2011-12-30,20.813779830932617
2012-01-03,21.391864776611328
2012-01-04,21.437026977539062
2012-01-05,21.33466148376465
2012-01-06,21.208202362060547
2012-01-09,21.31058120727539
2012-01-10,21.50025177001953
2012-01-11,21.211206436157227
2012-01-12,21.012500762939453
2012-01-13,20.90711784362793
2012-01-17,21.05464744567871
2012-01-18,21.400901794433594
2012-01-19,21.488216400146484
2012-01-20,21.491220474243164
2012-01-23,21.66283416748047
2012-01-24,21.59962272644043
2012-01-25,21.86456298828125
2012-01-26,21.56648826599121
2012-01-27,21.52132225036621
2012-01-30,21.418960571289062
2012-01-31,21.283472061157227
2012-02-01,21.367780685424805
2012-02-02,21.530357360839844
2012-02-03,21.90972328186035
2012-02-06,22.17166519165039
2012-02-07,22.286073684692383
2012-02-08,22.210805892944336
2012-02-09,22.21381187438965
2012-02-10,21.991012573242188
2012-02-13,22.165645599365234
2012-02-14,22.20478057861328
2012-02-15,22.168649673461914
2012-02-16,22.457693099975586
2012-02-17,22.541988372802734
2012-02-21,22.69554328918457
2012-02-22,22.746728897094727
2012-02-23,22.861146926879883
2012-02-24,22.951467514038086
2012-02-27,22.879209518432617
2012-02-28,22.803936004638672
2012-02-29,22.545007705688477
2012-03-01,22.761789321899414
2012-03-02,22.50286102294922
2012-03-05,22.358333587646484
2012-03-06,21.99403190612793
2012-03-07,22.177684783935547
2012-03-08,22.358333587646484
2012-03-09,22.33726692199707
2012-03-12,22.21381187438965
2012-03-13,22.481773376464844
2012-03-14,22.265003204345703
2012-03-15,22.30113410949707
2012-03-16,22.60790252685547
2012-03-19,22.710674285888672
2012-03-20,22.369131088256836
2012-03-21,22.103160858154297
2012-03-22,21.60445213317871
2012-03-23,21.8402156829834
2012-03-26,22.003421783447266
2012-03-27,21.78277587890625
2012-03-28,21.510757446289062
2012-03-29,21.510757446289062
2012-03-30,21.686067581176758
2012-04-02,21.897628784179688
2012-04-03,21.70722198486328
2012-04-04,21.42915153503418
2012-04-05,21.308258056640625
2012-04-09,21.039264678955078
2012-04-10,20.62519073486328
2012-04-11,20.631227493286133
2012-04-12,21.081571578979492
2012-04-13,20.76421546936035
2012-04-16,20.62519073486328
2012-04-17,20.960678100585938
2012-04-18,20.918357849121094
2012-04-19,20.891159057617188
2012-04-20,20.842798233032227
2012-04-23,20.821643829345703
2012-04-24,20.975786209106445
2012-04-25,21.18433952331543
2012-04-26,21.408002853393555
2012-04-27,21.3989315032959
2012-04-30,21.531917572021484
2012-05-01,21.8402156829834
2012-05-02,21.483562469482422
2012-05-03,21.126909255981445
2012-05-04,20.64331817626953
2012-05-07,20.58287239074707
2012-05-08,20.51638412475586
2012-05-09,20.41663360595703
2012-05-10,20.50428009033203
2012-05-11,20.35315704345703
2012-05-14,20.014646530151367
2012-05-15,19.682180404663086
2012-05-16,19.57034683227539
2012-05-17,19.446426391601562
2012-05-18,19.325529098510742
2012-05-21,19.769832611083984
2012-05-22,19.721467971801758
2012-05-23,19.794010162353516
2012-05-24,19.77889633178711
2012-05-25,19.68520736694336
2012-05-29,20.014646530151367
2012-05-30,19.40108871459961
2012-05-31,19.23183250427246
2012-06-01,18.751264572143555
2012-06-04,18.73615837097168
2012-06-05,18.896339416503906
2012-06-06,19.47966957092285
2012-06-07,19.491764068603516
2012-06-08,19.494783401489258
2012-06-11,19.22881317138672
2012-06-12,19.50083351135254
2012-06-13,19.25299644470215
2012-06-14,19.555234909057617
2012-06-15,19.929105758666992
2012-06-18,19.749910354614258
2012-06-19,20.035390853881836
2012-06-20,19.956430435180664
2012-06-21,19.139469146728516
2012-06-22,19.26702117919922
2012-06-25,18.835765838623047
2012-06-26,19.039243698120117
2012-06-27,19.434057235717773
2012-06-28,19.567699432373047
2012-06-29,20.15688133239746
2012-07-02,20.165979385375977
2012-07-03,20.648880004882812
2012-07-05,20.37857437133789
2012-07-06,20.132585525512695
2012-07-09,20.04146385192871
2012-07-10,19.728649139404297
2012-07-11,19.995912551879883
2012-07-12,19.929105758666992
2012-07-13,20.278350830078125
2012-07-16,20.345170974731445
2012-07-17,20.600284576416016
2012-07-18,20.77946662902832
2012-07-19,20.843238830566406
2012-07-20,20.89183807373047
2012-07-23,20.69139862060547
2012-07-24,20.360355377197266
2012-07-25,20.37554168701172
2012-07-26,20.955617904663086
2012-07-27,21.326147079467773
2012-07-30,21.38688087463379
2012-07-31,21.15302276611328
2012-08-01,21.256288528442383
2012-08-02,20.900949478149414
2012-08-03,21.392955780029297
2012-08-06,21.450660705566406
2012-08-07,21.772584915161133
2012-08-08,21.790800094604492
2012-08-09,21.939624786376953
2012-08-10,21.979108810424805
2012-08-13,21.897106170654297
2012-08-14,21.85761833190918
2012-08-15,21.854589462280273
2012-08-16,22.0489501953125
2012-08-17,22.039844512939453
2012-08-20,21.96392059326172
2012-08-21,21.894073486328125
2012-08-22,21.976058959960938
2012-08-23,21.733108520507812
2012-08-24,21.86066246032715
2012-08-27,21.869766235351562
2012-08-28,21.88495445251465
2012-08-29,21.739179611206055
2012-08-30,21.50836181640625
2012-08-31,21.7239933013916
2012-09-04,21.556961059570312
2012-09-05,21.47495460510254
2012-09-06,21.92746925354004
2012-09-07,22.30710792541504
2012-09-10,22.209918975830078
2012-09-11,22.446805953979492
2012-09-12,22.583477020263672
2012-09-13,22.950960159301758
2012-09-14,23.25466537475586
2012-09-17,23.078510284423828
2012-09-18,22.91451644897461
2012-09-19,22.69281005859375
2012-09-20,22.7565860748291
2012-09-21,22.782215118408203
2012-09-24,22.66628646850586
2012-09-25,22.419179916381836
2012-09-26,22.20564842224121
2012-09-27,22.507654190063477
2012-09-28,22.400888442993164
2012-10-01,22.513755798339844
2012-10-02,22.55341911315918
2012-10-03,22.27580451965332
2012-10-04,22.498512268066406
2012-10-05,22.44664764404297
2012-10-08,22.48324966430664
2012-10-09,22.513755798339844
2012-10-10,22.09276580810547
2012-10-11,22.257503509521484
2012-10-12,22.13547706604004
2012-10-15,22.24834632873535
2012-10-16,22.602222442626953
2012-10-17,22.885940551757812
2012-10-18,22.882883071899414
2012-10-19,22.52290916442871
2012-10-22,22.410030364990234
2012-10-23,21.88837242126465
2012-10-24,21.720590591430664
2012-10-25,21.924985885620117
2012-10-26,21.952434539794922
2012-10-31,21.94634246826172
2012-11-01,22.04090690612793
2012-11-02,21.677875518798828
2012-11-05,21.842615127563477
2012-11-06,22.19344139099121
2012-11-07,21.61382293701172
2012-11-08,21.223331451416016
2012-11-09,21.21723747253418
2012-11-12,21.259939193725586
2012-11-13,21.171478271484375
2012-11-14,20.915210723876953
2012-11-15,20.942670822143555
2012-11-16,21.025039672851562
2012-11-19,21.510087966918945
2012-11-20,21.42467498779297
2012-11-21,21.540599822998047
2012-11-23,21.845666885375977
2012-11-26,21.63212013244629
2012-11-27,21.452138900756836
2012-11-28,21.647367477416992
2012-11-29,21.696189880371094
2012-11-30,21.677875518798828
2012-12-03,21.55890655517578
2012-12-04,21.479583740234375
2012-12-05,21.62906837463379
2012-12-06,21.699230194091797
2012-12-07,21.830413818359375
2012-12-10,21.805999755859375
2012-12-11,21.93412971496582
2012-12-12,22.013456344604492
2012-12-13,21.809059143066406
2012-12-14,21.7266845703125
2012-12-17,21.924985885620117
2012-12-18,22.327667236328125
2012-12-19,22.175128936767578
2012-12-20,22.324621200561523
2012-12-21,22.098020553588867
2012-12-24,21.929378509521484
2012-12-26,21.831266403198242
2012-12-27,21.791404724121094
2012-12-28,21.41120147705078
2012-12-31,21.89872169494629
2013-01-02,22.3831844329834
2013-01-03,22.37704849243164
2013-01-04,22.625415802001953
2013-01-07,22.45063591003418
2013-01-08,22.37704849243164
2013-01-09,22.340251922607422
2013-01-10,22.542617797851562
2013-01-11,22.570215225219727
2013-01-14,22.573278427124023
2013-01-15,22.674467086791992
2013-01-16,22.77564811706543
2013-01-17,22.919761657714844
2013-01-18,23.146663665771484
2013-01-22,23.367420196533203
2013-01-23,23.287702560424805
2013-01-24,23.355161666870117
2013-01-25,23.575929641723633
2013-01-28,23.536067962646484
2013-01-29,23.916271209716797
2013-01-30,23.796689987182617
2013-01-31,23.716978073120117
2013-02-01,23.937742233276367
2013-02-04,23.710844039916992
2013-02-05,23.916271209716797
2013-02-06,23.931612014770508
2013-02-07,23.870281219482422
2013-02-08,24.0941104888916
2013-02-11,23.974533081054688
2013-02-12,24.0389347076416
2013-02-13,24.124784469604492
2013-02-14,24.33327865600586
2013-02-15,24.054256439208984
2013-02-19,24.33327865600586
2013-02-20,23.824289321899414
2013-02-21,23.65871810913086
2013-02-22,23.907073974609375
2013-02-25,23.28156852722168
2013-02-26,23.51153564453125
2013-02-27,23.870281219482422
2013-02-28,23.821229934692383
2013-03-01,23.85188102722168
2013-03-04,23.79975700378418
2013-03-05,23.953065872192383
2013-03-06,23.980667114257812
2013-03-07,24.103315353393555
2013-03-08,24.219823837280273
2013-03-11,24.232097625732422
2013-03-12,24.259689331054688
2013-03-13,24.20449447631836
2013-03-14,24.53564453125
2013-03-15,24.5162353515625
2013-03-18,24.319124221801758
2013-03-19,24.051172256469727
2013-03-20,24.186676025390625
2013-03-21,24.06348991394043
2013-03-22,24.254451751708984
2013-03-25,24.16205406188965
2013-03-26,24.417686462402344
2013-03-27,24.497760772705078
2013-03-28,24.426916122436523
2013-04-01,24.377643585205078
2013-04-02,24.239042282104492
2013-04-03,23.786300659179688
2013-04-04,23.755496978759766
2013-04-05,23.807851791381836
2013-04-08,23.968019485473633
2013-04-09,24.171287536621094
2013-04-10,24.300647735595703
2013-04-11,24.40536880493164
2013-04-12,24.023448944091797
2013-04-15,23.044034957885742
2013-04-16,23.3273868560791
2013-04-17,22.81612777709961
2013-04-18,23.010162353515625
2013-04-19,22.96395492553711
2013-04-22,23.210357666015625
2013-04-23,23.47829818725586
2013-04-24,23.79245376586914
2013-04-25,23.810935974121094
2013-04-26,23.770896911621094
2013-04-29,24.01112937927246
2013-04-30,24.106605529785156
2013-05-01,23.730850219726562
2013-05-02,24.041929244995117
2013-05-03,24.47620391845703
2013-05-06,24.64250946044922
2013-05-07,24.833471298217773
2013-05-08,24.87351417541504
2013-05-09,24.851957321166992
2013-05-10,24.722599029541016
2013-05-13,24.71951675415039
2013-05-14,25.07062339782715
2013-05-15,24.99978256225586
2013-05-16,24.876588821411133
2013-05-17,25.292381286621094
2013-05-20,25.649658203125
2013-05-21,25.59730339050293
2013-05-22,25.30162239074707
2013-05-23,25.313947677612305
2013-05-24,25.16610336303711
2013-05-28,25.430978775024414
2013-05-29,25.375545501708984
2013-05-30,25.317020416259766
2013-05-31,24.793432235717773
2013-06-03,25.033658981323242
2013-06-04,24.8365535736084
2013-06-05,24.547039031982422
2013-06-06,24.731842041015625
2013-06-07,25.042909622192383
2013-06-10,24.972074508666992
2013-06-11,24.593238830566406
2013-06-12,24.442325592041016
2013-06-13,24.851957321166992
2013-06-14,24.611732482910156
2013-06-17,24.965904235839844
2013-06-18,25.107587814331055
2013-06-19,24.876588821411133
2013-06-20,24.149730682373047
2013-06-21,24.19120216369629
2013-06-24,23.832218170166016
2013-06-25,24.13858413696289
2013-06-26,24.287139892578125
2013-06-27,24.333555221557617
2013-06-28,24.231430053710938
2013-07-01,24.404733657836914
2013-07-02,24.457334518432617
2013-07-03,24.44186782836914
2013-07-05,24.74515724182129
2013-07-08,24.906070709228516
2013-07-09,25.159835815429688
2013-07-10,25.005104064941406
2013-07-11,25.206253051757812
2013-07-12,25.348613739013672
2013-07-15,25.32695198059082
2013-07-16,25.172218322753906
2013-07-17,25.283620834350586
2013-07-18,25.5528621673584
2013-07-19,25.908748626708984
2013-07-22,25.825193405151367
2013-07-23,25.86851692199707
2013-07-24,25.58071517944336
2013-07-25,25.750932693481445
2013-07-26,25.685937881469727
2013-07-29,25.472402572631836
2013-07-30,25.422880172729492
2013-07-31,25.506437301635742
2013-08-01,25.921125411987305
2013-08-02,25.806625366210938
2013-08-05,25.744739532470703
2013-08-06,25.58690643310547
2013-08-07,25.49715805053711
2013-08-08,25.636417388916016
2013-08-09,25.55904769897461
2013-08-12,25.450729370117188
2013-08-13,25.49715805053711
2013-08-14,25.37956428527832
2013-08-15,25.240304946899414
2013-08-16,25.138172149658203
2013-08-19,24.738956451416016
2013-08-20,24.890607833862305
2013-08-21,24.754440307617188
2013-08-22,25.122703552246094
2013-08-23,25.302188873291016
2013-08-26,25.258874893188477
2013-08-27,25.101036071777344
2013-08-28,25.518814086914062
2013-08-29,25.252683639526367
2013-08-30,25.24339485168457
2013-09-03,25.429067611694336
2013-09-04,25.56524658203125
2013-09-05,25.651897430419922
2013-09-06,25.648794174194336
2013-09-09,25.936599731445312
2013-09-10,25.94588279724121
2013-09-11,26.143953323364258
2013-09-12,25.98921775817871
2013-09-13,25.97991943359375
2013-09-16,25.973731994628906
2013-09-17,26.09133529663086
2013-09-18,26.407001495361328
2013-09-19,26.342012405395508
2013-09-20,26.128416061401367
2013-09-23,26.000951766967773
2013-09-24,26.025821685791016
2013-09-25,26.019609451293945
2013-09-26,26.06623077392578
2013-09-27,25.976072311401367
2013-09-30,25.777097702026367
2013-10-01,25.941875457763672
2013-10-02,26.000951766967773
2013-10-03,25.77397918701172
2013-10-04,26.035144805908203
2013-10-07,25.820627212524414
2013-10-08,25.543916702270508
2013-10-09,25.453754425048828
2013-10-10,25.92632293701172
2013-10-11,26.20615005493164
2013-10-14,26.38336753845215
2013-10-15,26.2869815826416
2013-10-16,26.681827545166016
2013-10-17,26.73779296875
2013-10-18,27.03004264831543
2013-10-21,26.908788681030273
2013-10-22,27.058025360107422
2013-10-23,26.63519287109375
2013-10-24,26.762662887573242
2013-10-25,26.92432975769043
2013-10-28,26.946107864379883
2013-10-29,27.135746002197266
2013-10-30,26.95230484008789
2013-10-31,26.859045028686523
2013-11-01,26.762662887573242
2013-11-04,27.095327377319336
2013-11-05,26.849720001220703
2013-11-06,26.93055534362793
2013-11-07,26.513933181762695
2013-11-08,26.908788681030273
2013-11-11,26.958526611328125
2013-11-12,26.709810256958008
2013-11-13,26.94298553466797
2013-11-14,27.10464859008789
2013-11-15,27.253890991210938
2013-11-18,27.045591354370117
2013-11-19,27.09222412109375
2013-11-20,27.026927947998047
2013-11-21,27.28498077392578
2013-11-22,27.431110382080078
2013-11-25,27.182388305664062
2013-11-26,27.113994598388672
2013-11-27,26.93055534362793
2013-11-29,26.874591827392578
2013-12-02,26.893239974975586
2013-12-03,26.958526611328125
2013-12-04,26.871471405029297
2013-12-05,26.781314849853516
2013-12-06,26.865257263183594
2013-12-09,26.902572631835938
2013-12-10,26.821727752685547
2013-12-11,26.44243049621582
2013-12-12,26.554344177246094
2013-12-13,26.46731185913086
2013-12-16,26.69737434387207
2013-12-17,26.54502296447754
2013-12-18,26.946107864379883
2013-12-19,27.023815155029297
2013-12-20,27.071624755859375
2013-12-23,27.099729537963867
2013-12-24,27.24964141845703
2013-12-26,27.443317413330078
2013-12-27,27.57762908935547
2013-12-30,27.380840301513672
2013-12-31,27.646345138549805
2014-01-02,27.25278091430664
2014-01-03,27.15282440185547
2014-01-06,27.190311431884766
2014-01-07,27.396453857421875
2014-01-08,27.20592498779297
2014-01-09,27.12158966064453
2014-01-10,27.143451690673828
2014-01-13,26.603086471557617
2014-01-14,26.949798583984375
2014-01-15,26.871713638305664
2014-01-16,26.909189224243164
2014-01-17,26.86545753479004
2014-01-21,27.08724021911621
2014-01-22,27.212177276611328
2014-01-23,26.90294647216797
2014-01-24,26.3407039642334
2014-01-27,26.246999740600586
2014-01-28,26.44691276550293
2014-01-29,26.30009651184082
2014-01-30,26.384424209594727
2014-01-31,26.043973922729492
2014-02-03,25.578563690185547
2014-02-04,25.840944290161133
2014-02-05,25.587934494018555
2014-02-06,25.96900177001953
2014-02-07,26.250125885009766
2014-02-10,26.1220703125
2014-02-11,26.462528228759766
2014-02-12,26.400054931640625
2014-02-13,26.524993896484375
2014-02-14,26.871713638305664
2014-02-18,26.9935302734375
2014-02-19,27.02788543701172
2014-02-20,27.20592498779297
2014-02-21,26.990394592285156
2014-02-24,27.396453857421875
2014-02-25,27.383974075317383
2014-02-26,27.212177276611328
2014-02-27,27.24028968811035
2014-02-28,27.37771224975586
2014-03-03,27.20280647277832
2014-03-04,27.49953842163086
2014-03-05,27.2434139251709
2014-03-06,27.440183639526367
2014-03-07,27.493288040161133
2014-03-10,27.53702163696289
2014-03-11,27.22467041015625
2014-03-12,27.2277889251709
2014-03-13,26.956039428710938
2014-03-14,26.981027603149414
2014-03-17,27.12470817565918
2014-03-18,27.352725982666016
2014-03-19,27.146568298339844
2014-03-20,27.25278091430664
2014-03-21,27.327159881591797
2014-03-24,27.27066993713379
2014-03-25,27.515501022338867
2014-03-26,27.386810302734375
2014-03-27,27.609661102294922
2014-03-28,27.954952239990234
2014-03-31,27.954952239990234
2014-04-01,28.121315002441406
2014-04-02,28.221755981445312
2014-04-03,28.403806686401367
2014-04-04,28.30023193359375
2014-04-07,27.826248168945312
2014-04-08,28.105615615844727
2014-04-09,28.234304428100586
2014-04-10,27.841943740844727
2014-04-11,27.76348304748535
2014-04-14,28.143280029296875
2014-04-15,28.51995086669922
2014-04-16,28.862085342407227
2014-04-17,29.12575912475586
2014-04-21,29.323501586914062
2014-04-22,29.276430130004883
2014-04-23,29.430219650268555
2014-04-24,29.439638137817383
2014-04-25,29.26386833190918
2014-04-28,29.3140869140625
2014-04-29,29.449066162109375
2014-04-30,29.42394256591797
2014-05-01,29.3580322265625
2014-05-02,29.41767120361328
2014-05-05,29.555774688720703
2014-05-06,29.59972381591797
2014-05-07,29.85711097717285
2014-05-08,29.430219650268555
2014-05-09,29.4019718170166
2014-05-12,29.60915184020996
2014-05-13,29.718997955322266
2014-05-14,29.731557846069336
2014-05-15,29.392560958862305
2014-05-16,29.317232131958008
2014-05-19,29.408248901367188
2014-05-20,29.323501586914062
2014-05-21,29.640535354614258
2014-05-22,29.612279891967773
2014-05-23,29.55264663696289
2014-05-27,29.634248733520508
2014-05-28,29.684478759765625
2014-05-29,29.9387264251709
2014-05-30,29.9167537689209
2014-06-02,29.879077911376953
2014-06-03,29.982664108276367
2014-06-04,29.96697235107422
2014-06-05,30.13960838317871
2014-06-06,30.387588500976562
2014-06-09,30.434675216674805
2014-06-10,30.38443946838379
2014-06-11,30.500587463378906
2014-06-12,30.60103416442871
2014-06-13,30.8929500579834
2014-06-16,31.078147888183594
2014-06-17,31.056161880493164
2014-06-18,31.291593551635742
2014-06-19,31.51443862915039
2014-06-20,31.827896118164062
2014-06-23,31.94143295288086
2014-06-24,31.269744873046875
2014-06-25,31.506242752075195
2014-06-26,31.540945053100586
2014-06-27,31.540945053100586
2014-06-30,31.566164016723633
2014-07-01,31.585098266601562
2014-07-02,31.53778648376465
2014-07-03,31.65761375427246
2014-07-07,31.414793014526367
2014-07-08,31.364334106445312
2014-07-09,31.572467803955078
2014-07-10,31.269744873046875
2014-07-11,31.030073165893555
2014-07-14,31.298124313354492
2014-07-15,31.162527084350586
2014-07-16,31.635528564453125
2014-07-17,31.124679565429688
2014-07-18,31.21613121032715
2014-07-21,31.263437271118164
2014-07-22,31.48732566833496
2014-07-23,31.689146041870117
2014-07-24,31.717527389526367
2014-07-25,31.484180450439453
2014-07-28,31.40849494934082
2014-07-29,31.32965087890625
2014-07-30,31.14359474182129
2014-07-31,30.47191619873047
2014-08-01,30.225954055786133
2014-08-04,30.733640670776367
2014-08-05,30.06195640563965
2014-08-06,30.150259017944336
2014-08-07,29.961048126220703
2014-08-08,30.46245002746582
2014-08-11,30.46559715270996
2014-08-12,30.241716384887695
2014-08-13,30.339466094970703
2014-08-14,30.166032791137695
2014-08-15,30.389921188354492
2014-08-18,30.47191619873047
2014-08-19,30.705270767211914
2014-08-20,30.771486282348633
2014-08-21,30.79672622680664
2014-08-22,30.591754913330078
2014-08-25,30.862947463989258
2014-08-26,31.020620346069336
2014-08-27,30.95755958557129
2014-08-28,30.963851928710938
2014-08-29,31.137287139892578
2014-09-02,30.743114471435547
2014-09-03,30.82510757446289
2014-09-04,30.40884780883789
2014-09-05,30.613801956176758
2014-09-08,30.137649536132812
2014-09-09,30.00520896911621
2014-09-10,29.93267822265625
2014-09-11,29.951589584350586
2014-09-12,29.503799438476562
2014-09-15,29.71193504333496
2014-09-16,30.071426391601562
2014-09-17,29.907445907592773
2014-09-18,29.752925872802734
2014-09-19,29.728515625
2014-09-22,29.29110336303711
2014-09-23,29.205524444580078
2014-09-24,29.230871200561523
2014-09-25,28.78394889831543
2014-09-26,29.154821395874023
2014-09-29,29.088237762451172
2014-09-30,28.723726272583008
2014-10-01,28.137332916259766
2014-10-02,27.991525650024414
2014-10-03,27.947147369384766
2014-10-06,27.978845596313477
2014-10-07,27.614336013793945
2014-10-08,27.883750915527344
2014-10-09,26.859943389892578
2014-10-10,26.48275375366211
2014-10-13,25.664974212646484
2014-10-14,25.341663360595703
2014-10-15,25.53502655029297
2014-10-16,25.9914608001709
2014-10-17,26.21333122253418
2014-10-20,26.441545486450195
2014-10-21,27.246652603149414
2014-10-22,26.729990005493164
2014-10-23,27.227638244628906
2014-10-24,27.13254737854004
2014-10-27,26.56200408935547
2014-10-28,27.16741180419922
2014-10-29,27.25615692138672
2014-10-30,27.157896041870117
2014-10-31,27.709421157836914
2014-11-03,27.27200698852539
2014-11-04,26.710969924926758
2014-11-05,27.180086135864258
2014-11-06,27.522409439086914
2014-11-07,27.82670021057129
2014-11-10,27.5762996673584
2014-11-11,27.658714294433594
2014-11-12,27.414648056030273
2014-11-13,27.05013656616211
2014-11-14,27.325891494750977
2014-11-17,27.183252334594727
2014-11-18,27.205442428588867
2014-11-19,27.348081588745117
2014-11-20,27.690399169921875
2014-11-21,28.051746368408203
2014-11-24,27.836217880249023
2014-11-25,27.382949829101562
2014-11-26,27.037450790405273
2014-11-28,25.300457000732422
2014-12-01,25.389204025268555
2014-12-02,25.664974212646484
2014-12-03,25.97876739501953
2014-12-04,25.75372886657715
2014-12-05,25.446264266967773
2014-12-08,24.416118621826172
2014-12-09,24.682374954223633
2014-12-10,23.921642303466797
2014-12-11,23.905797958374023
2014-12-12,23.4620361328125
2014-12-15,23.252845764160156
2014-12-16,23.45886993408203
2014-12-17,24.431964874267578
2014-12-18,24.901071548461914
2014-12-19,25.696828842163086
2014-12-22,25.435298919677734
2014-12-23,25.744672775268555
2014-12-24,25.556489944458008
2014-12-26,25.550121307373047
2014-12-29,25.642606735229492
2014-12-30,25.43849754333496
2014-12-31,25.247133255004883
2015-01-02,25.365135192871094
2015-01-05,24.315824508666992
2015-01-06,23.958614349365234
2015-01-07,24.0096492767334
2015-01-08,24.548648834228516
2015-01-09,24.354095458984375
2015-01-12,23.65243911743164
2015-01-13,23.46426773071289
2015-01-14,23.53761863708496
2015-01-15,23.237812042236328
2015-01-16,23.99370765686035
2015-01-20,24.022401809692383
2015-01-21,24.51038360595703
2015-01-22,24.625198364257812
2015-01-23,24.449787139892578
2015-01-26,24.800613403320312
2015-01-27,24.78466796875
2015-01-28,23.808719635009766
2015-01-29,23.888450622558594
2015-01-30,24.095760345458984
2015-02-02,24.832509994506836
2015-02-03,25.511852264404297
2015-02-04,25.090850830078125
2015-02-05,25.45125389099121
2015-02-06,25.457616806030273
2015-02-09,25.4831485748291
2015-02-10,25.470388412475586
2015-02-11,25.29178810119629
2015-02-12,25.62347412109375
2015-02-13,26.165668487548828
2015-02-17,26.245403289794922
2015-02-18,25.932849884033203
2015-02-19,25.811641693115234
2015-02-20,25.68726921081543
2015-02-23,25.582012176513672
2015-02-24,25.652179718017578
2015-02-25,25.792512893676758
2015-02-26,25.31410026550293
2015-02-27,25.202472686767578
2015-03-02,25.02706527709961
2015-03-03,25.119556427001953
2015-03-04,25.084468841552734
2015-03-05,24.9345703125
2015-03-06,24.48805809020996
2015-03-09,24.312646865844727
2015-03-10,23.97456932067871
2015-03-11,24.04473304748535
2015-03-12,23.891639709472656
2015-03-13,23.80233383178711
2015-03-16,24.12446403503418
2015-03-17,24.03196907043457
2015-03-18,24.730449676513672
2015-03-19,24.338153839111328
2015-03-20,24.696182250976562
2015-03-23,24.6094913482666
2015-03-24,24.445716857910156
2015-03-25,24.763620376586914
2015-03-26,24.734716415405273
2015-03-27,24.53242301940918
2015-03-30,25.059036254882812
2015-03-31,24.911333084106445
2015-04-01,24.904905319213867
2015-04-02,24.956283569335938
2015-04-06,25.40583610534668
2015-04-07,25.4218807220459
2015-04-08,25.216373443603516
2015-04-09,25.620962142944336
2015-04-10,25.733356475830078
2015-04-13,25.47646713256836
2015-04-14,25.935659408569336
2015-04-15,26.55538558959961
2015-04-16,26.494380950927734
2015-04-17,26.30171775817871
2015-04-20,26.401256561279297
2015-04-21,26.121885299682617
2015-04-22,26.295284271240234
2015-04-23,26.4751033782959
2015-04-24,26.324193954467773
2015-04-27,26.295284271240234
2015-04-28,26.42694091796875
2015-04-29,26.6324462890625
2015-04-30,26.548965454101562
2015-05-01,26.60997200012207
2015-05-04,26.54253578186035
2015-05-05,26.21501350402832
2015-05-06,26.112258911132812
2015-05-07,25.829687118530273
2015-05-08,26.2535457611084
2015-05-11,25.759050369262695
2015-05-12,25.87784767150879
2015-05-13,25.81041717529297
2015-05-14,25.800783157348633
2015-05-15,25.90354347229004
2015-05-18,25.92601203918457
2015-05-19,25.556747436523438
2015-05-20,25.604904174804688
2015-05-21,25.845735549926758
2015-05-22,25.752622604370117
2015-05-26,25.344823837280273
2015-05-27,25.29986572265625
2015-05-28,25.20032501220703
2015-05-29,25.171428680419922
2015-06-01,25.10720443725586
2015-06-02,25.280595779418945
2015-06-03,25.10720443725586
2015-06-04,24.766828536987305
2015-06-05,24.940229415893555
2015-06-08,24.79893684387207
2015-06-09,24.79572296142578
2015-06-10,25.10077476501465
2015-06-11,24.9883975982666
2015-06-12,24.709035873413086
2015-06-15,24.651227951049805
2015-06-16,24.843889236450195
2015-06-17,24.782882690429688
2015-06-18,24.766828536987305
2015-06-19,24.537012100219727
2015-06-22,24.837621688842773
2015-06-23,24.91843032836914
2015-06-24,24.76326560974121
2015-06-25,24.511150360107422
2015-06-26,24.59195327758789
2015-06-29,24.12648582458496
2015-06-30,24.29457664489746
2015-07-01,23.984270095825195
2015-07-02,24.0909366607666
2015-07-06,23.7741641998291
2015-07-07,23.990734100341797
2015-07-08,23.505876541137695
2015-07-09,23.625473022460938
2015-07-10,23.754764556884766
2015-07-13,23.9228572845459
2015-07-14,24.094175338745117
2015-07-15,23.670732498168945
2015-07-16,23.70305061340332
2015-07-17,23.41537094116211
2015-07-20,23.105056762695312
2015-07-21,23.114761352539062
2015-07-22,22.92728042602539
2015-07-23,22.90788459777832
2015-07-24,22.46828269958496
2015-07-27,22.145048141479492
2015-07-28,22.77858543395996
2015-07-29,23.088903427124023
2015-07-30,22.92728042602539
2015-07-31,22.426267623901367
2015-08-03,21.954334259033203
2015-08-04,21.87998390197754
2015-08-05,21.71513557434082
2015-08-06,22.060997009277344
2015-08-07,21.666648864746094
2015-08-10,22.35838508605957
2015-08-11,22.40040397644043
2015-08-12,22.807689666748047
2015-08-13,22.461816787719727
2015-08-14,22.413330078125
2015-08-17,22.461816787719727
2015-08-18,22.377775192260742
2015-08-19,21.760385513305664
2015-08-20,21.269071578979492
2015-08-21,20.52562141418457
2015-08-24,19.423377990722656
2015-08-25,19.142160415649414
2015-08-26,19.80156898498535
2015-08-27,20.780977249145508
2015-08-28,21.25290870666504
2015-08-31,21.472702026367188
2015-09-01,20.716331481933594
2015-09-02,20.90704345703125
2015-09-03,20.96522331237793
2015-09-04,20.619365692138672
2015-09-08,20.942602157592773
2015-09-09,20.54825210571289
2015-09-10,20.667842864990234
2015-09-11,20.483600616455078
2015-09-14,20.305822372436523
2015-09-15,20.532085418701172
2015-09-16,21.113920211791992
2015-09-17,21.100984573364258
2015-09-18,20.546775817871094
2015-09-21,20.663999557495117
2015-09-22,20.445838928222656
2015-09-23,20.182079315185547
2015-09-24,20.270002365112305
2015-09-25,20.309072494506836
2015-09-28,19.49827003479004
2015-09-29,19.468965530395508
2015-09-30,19.9280948638916
2015-10-01,19.96717071533203
2015-10-02,20.790996551513672
2015-10-05,21.41944122314453
2015-10-06,21.894855499267578
2015-10-07,22.171628952026367
2015-10-08,22.594942092895508
2015-10-09,22.448410034179688
2015-10-12,22.158607482910156
2015-10-13,21.92741584777832
2015-10-14,22.11627960205078
2015-10-15,22.513540267944336
2015-10-16,22.5428466796875
2015-10-19,22.09674072265625
2015-10-20,22.158607482910156
2015-10-21,21.885086059570312
2015-10-22,22.279083251953125
2015-10-23,22.22698974609375
2015-10-26,21.683197021484375
2015-10-27,21.422697067260742
2015-10-28,21.89811134338379
2015-10-29,22.008821487426758
2015-10-30,22.152097702026367
2015-11-02,22.669836044311523
2015-11-03,23.24944305419922
2015-11-04,23.041046142578125
2015-11-05,22.845666885375977
2015-11-06,22.72844886779785
2015-11-09,22.503768920898438
2015-11-10,22.5526123046875
2015-11-11,22.073938369750977
2015-11-12,21.572484970092773
2015-11-13,21.484567642211914
2015-11-16,22.20094108581543
2015-11-17,21.956724166870117
2015-11-18,22.318164825439453
2015-11-19,22.01858901977539
2015-11-20,21.784147262573242
2015-11-23,21.940433502197266
2015-11-24,22.409339904785156
2015-11-25,22.22698974609375
2015-11-27,22.06743049621582
2015-11-30,22.14883804321289
2015-12-01,22.32467269897461
2015-12-02,21.634357452392578
2015-12-03,21.201278686523438
2015-12-04,21.06777000427246
2015-12-07,20.266740798950195
2015-12-08,20.05834197998047
2015-12-09,20.322105407714844
2015-12-10,20.452348709106445
2015-12-11,19.687131881713867
2015-12-14,19.791330337524414
2015-12-15,20.289535522460938
2015-12-16,20.156034469604492
2015-12-17,19.661081314086914
2015-12-18,19.31674575805664
2015-12-21,19.336450576782227
2015-12-22,19.56316566467285
2015-12-23,20.414169311523438
2015-12-24,20.230165481567383
2015-12-28,19.86216926574707
2015-12-29,20.000171661376953
2015-12-30,19.730737686157227
2015-12-31,19.819456100463867
2016-01-04,19.812885284423828
2016-01-05,19.88845443725586
2016-01-06,19.122886657714844
2016-01-07,18.656312942504883
2016-01-08,18.41645050048828
2016-01-11,18.02216339111328
2016-01-12,18.064882278442383
2016-01-13,17.631166458129883
2016-01-14,18.39016342163086
2016-01-15,17.857879638671875
2016-01-19,17.473453521728516
2016-01-20,17.010168075561523
2016-01-21,17.539169311523438
2016-01-22,18.31458854675293
2016-01-25,17.46030616760254
2016-01-26,18.120738983154297
2016-01-27,18.035308837890625
2016-01-28,18.584026336669922
2016-01-29,19.12616539001465
2016-02-01,18.80745506286621
2016-02-02,18.179882049560547
2016-02-03,18.827165603637695
2016-02-04,18.817304611206055
2016-02-05,18.38030433654785
2016-02-08,18.285030364990234
2016-02-09,17.8447322845459
2016-02-10,17.772451400756836
2016-02-11,17.696874618530273
2016-02-12,18.1634521484375
2016-02-16,18.34416389465332
2016-02-17,18.945453643798828
2016-02-18,18.708885192871094
2016-02-19,18.666168212890625
2016-02-22,19.142597198486328
2016-02-23,18.488737106323242
2016-02-24,18.676023483276367
2016-02-25,18.692453384399414
2016-02-26,18.804170608520508
2016-02-29,18.59059715270996
2016-03-01,19.07688331604004
2016-03-02,19.5434513092041
2016-03-03,19.839168548583984
2016-03-04,20.029747009277344
2016-03-07,20.499589920043945
2016-03-08,19.638744354248047
2016-03-09,19.957454681396484
2016-03-10,19.973878860473633
2016-03-11,20.489736557006836
2016-03-14,20.355026245117188
2016-03-15,20.315601348876953
2016-03-16,20.66716766357422
2016-03-17,20.949743270874023
2016-03-18,21.009965896606445
2016-03-21,20.937162399291992
2016-03-22,20.821346282958984
2016-03-23,20.364675521850586
2016-03-24,20.463953018188477
2016-03-28,20.35474395751953
2016-03-29,20.450716018676758
2016-03-30,20.490427017211914
2016-03-31,20.480497360229492
2016-04-01,20.205833435058594
2016-04-04,20.056922912597656
2016-04-05,19.921249389648438
2016-04-06,20.3514404296875
2016-04-07,20.232316970825195
2016-04-08,20.639345169067383
2016-04-11,20.55330467224121
2016-04-12,21.165496826171875
2016-04-13,21.2647762298584
2016-04-14,21.314416885375977
2016-04-15,21.026514053344727
2016-04-18,21.37398338317871
2016-04-19,21.80085563659668
2016-04-20,21.996109008789062
2016-04-21,21.867050170898438
2016-04-22,22.184728622436523
2016-04-25,21.936542510986328
2016-04-26,22.287311553955078
2016-04-27,22.710886001586914
2016-04-28,22.37335205078125
2016-04-29,22.336950302124023
2016-05-02,22.31378173828125
2016-05-03,21.787622451782227
2016-05-04,21.473255157470703
2016-05-05,21.648637771606445
2016-05-06,21.5989990234375
2016-05-09,21.28462791442871
2016-05-10,21.658571243286133
2016-05-11,21.724754333496094
2016-05-12,21.784317016601562
2016-05-13,21.506343841552734
2016-05-16,21.87035369873047
2016-05-17,21.97294807434082
2016-05-18,21.761150360107422
2016-05-19,21.764461517333984
2016-05-20,21.89352035522461
2016-05-23,21.837265014648438
2016-05-24,21.946460723876953
2016-05-25,22.293930053710938
2016-05-26,22.20127296447754
2016-05-27,22.214508056640625
2016-05-31,22.128475189208984
2016-06-01,22.135089874267578
2016-06-02,22.105310440063477
2016-06-03,22.019262313842773
2016-06-06,22.50571632385254
2016-06-07,23.015329360961914
2016-06-08,22.96238136291504
2016-06-09,22.78699493408203
2016-06-10,22.293930053710938
2016-06-13,22.22774887084961
2016-06-14,22.214508056640625
2016-06-15,22.161563873291016
2016-06-16,22.055673599243164
2016-06-17,22.280839920043945
2016-06-20,22.474042892456055
2016-06-21,22.740516662597656
2016-06-22,22.613933563232422
2016-06-23,22.98700523376465
2016-06-24,22.244199752807617
2016-06-27,21.5313720703125
2016-06-28,22.130949020385742
2016-06-29,22.55064582824707
2016-06-30,22.730527877807617
2016-07-01,22.85043716430664
2016-07-05,22.390764236450195
2016-07-06,22.487367630004883
2016-07-07,22.257522583007812
2016-07-08,22.553983688354492
2016-07-11,22.5972843170166
2016-07-12,23.15688705444336
2016-07-13,22.9570255279541
2016-07-14,23.0736141204834
2016-07-15,23.060285568237305
2016-07-18,23.076940536499023
2016-07-19,22.947038650512695
2016-07-20,22.913721084594727
2016-07-21,22.687213897705078
2016-07-22,22.757173538208008
2016-07-25,22.30416488647461
2016-07-26,22.434070587158203
2016-07-27,22.214221954345703
2016-07-28,22.21755599975586
2016-07-29,22.444055557250977
2016-08-01,21.7045841217041
2016-08-02,21.901105880737305
2016-08-03,22.32414436340332
2016-08-04,22.290836334228516
2016-08-05,22.494020462036133
2016-08-08,22.793806076049805
2016-08-09,22.67389488220215
2016-08-10,22.42740821838379
2016-08-11,22.757173538208008
2016-08-12,22.883743286132812
2016-08-15,23.066944122314453
2016-08-16,23.103599548339844
2016-08-17,23.173542022705078
2016-08-18,23.649866104125977
2016-08-19,23.453340530395508
2016-08-22,23.183536529541016
2016-08-23,23.346752166748047
2016-08-24,23.253480911254883
2016-08-25,23.19019317626953
2016-08-26,23.110254287719727
2016-08-29,23.266807556152344
2016-08-30,23.186864852905273
2016-08-31,22.820457458496094
2016-09-01,22.75383949279785
2016-09-02,23.010326385498047
2016-09-06,23.35674476623535
2016-09-07,23.489974975585938
2016-09-08,23.92967414855957
2016-09-09,23.21683692932129
2016-09-12,23.446680068969727
2016-09-13,22.77715492248535
2016-09-14,22.507347106933594
2016-09-15,22.78715705871582
2016-09-16,22.603172302246094
2016-09-19,22.58976936340332
2016-09-20,22.425565719604492
2016-09-21,22.944988250732422
2016-09-22,22.97179412841797
2016-09-23,22.66684341430664
2016-09-26,22.566307067871094
2016-09-27,22.41551399230957
2016-09-28,23.383975982666016
2016-09-29,23.343767166137695
2016-09-30,23.662124633789062
2016-10-03,23.645368576049805
2016-10-04,23.404085159301758
2016-10-05,23.762659072875977
2016-10-06,23.799516677856445
2016-10-07,23.662124633789062
2016-10-10,24.03409767150879
2016-10-11,23.759305953979492
2016-10-12,23.658771514892578
2016-10-13,23.5280818939209
2016-10-14,23.39068603515625
2016-10-17,23.276744842529297
2016-10-18,23.370580673217773
2016-10-19,23.70233726501465
2016-10-20,23.6755313873291
2016-10-21,23.521377563476562
2016-10-24,23.451004028320312
2016-10-25,23.343767166137695
2016-10-26,23.397382736206055
2016-10-27,23.310256958007812
2016-10-28,23.24658966064453
2016-10-31,22.99526023864746
2016-11-01,22.998600006103516
2016-11-02,22.743919372558594
2016-11-03,22.834392547607422
2016-11-04,22.71040916442871
2016-11-07,23.199668884277344
2016-11-08,23.229822158813477
2016-11-09,23.608495712280273
2016-11-10,23.709033966064453
2016-11-11,23.276744842529297
2016-11-14,23.407434463500977
2016-11-15,24.06760025024414
2016-11-16,23.900047302246094
2016-11-17,23.739200592041016
2016-11-18,23.836374282836914
2016-11-21,24.402713775634766
2016-11-22,24.389301300048828
2016-11-23,24.489843368530273
2016-11-25,24.369205474853516
2016-11-28,24.03074073791504
2016-11-29,23.73584747314453
2016-11-30,24.942243576049805
2016-12-01,25.002561569213867
2016-12-02,25.076284408569336
2016-12-05,25.297456741333008
2016-12-06,25.25054359436035
2016-12-07,25.451608657836914
2016-12-08,25.589004516601562
2016-12-09,25.669435501098633
2016-12-12,25.790063858032227
2016-12-13,26.08161735534668
2016-12-14,25.55884552001953
2016-12-15,25.615816116333008
2016-12-16,25.774826049804688
2016-12-19,25.65691375732422
2016-12-20,25.599637985229492
2016-12-21,25.640066146850586
2016-12-22,25.7445011138916
2016-12-23,25.720914840698242
2016-12-27,25.77819061279297
2016-12-28,25.49858283996582
2016-12-29,25.448047637939453
2016-12-30,25.373931884765625
2017-01-03,25.660276412963867
2017-01-04,25.606382369995117
2017-01-05,25.542375564575195
2017-01-06,25.565954208374023
2017-01-09,25.195383071899414
2017-01-10,24.966306686401367
2017-01-11,25.235815048217773
2017-01-12,25.131372451782227
2017-01-13,25.05725860595703
2017-01-17,25.212230682373047
2017-01-18,25.154953002929688
2017-01-19,25.016836166381836
2017-01-20,25.111160278320312
2017-01-23,24.84502410888672
2017-01-24,25.117902755737305
2017-01-25,25.24928855895996
2017-01-26,25.269500732421875
2017-01-27,25.006731033325195
2017-01-30,24.54857063293457
2017-01-31,24.55868148803711
2017-02-01,24.376760482788086
2017-02-02,24.514881134033203
2017-02-03,24.727113723754883
2017-02-06,24.51824188232422
2017-02-07,24.171266555786133
2017-02-08,24.228534698486328
2017-02-09,24.50141143798828
2017-02-10,24.686695098876953
2017-02-13,24.733854293823242
2017-02-14,24.81470489501953
2017-02-15,24.717012405395508
2017-02-16,24.380130767822266
2017-02-17,24.245378494262695
2017-02-21,24.41045379638672
2017-02-22,24.039880752563477
2017-02-23,24.140949249267578
2017-02-24,23.915233612060547
2017-02-27,24.1207332611084
2017-02-28,24.046619415283203
2017-03-01,24.528350830078125
2017-03-02,24.295907974243164
2017-03-03,24.252113342285156
2017-03-06,24.306018829345703
2017-03-07,24.090415954589844
2017-03-08,23.46381187438965
2017-03-09,23.618783950805664
2017-03-10,23.58509063720703
2017-03-13,23.588459014892578
2017-03-14,23.322324752807617
2017-03-15,23.84111976623535
2017-03-16,23.672683715820312
2017-03-17,23.6553955078125
2017-03-20,23.621503829956055
2017-03-21,23.455448150634766
2017-03-22,23.42155647277832
2017-03-23,23.326662063598633
2017-03-24,23.23516082763672
2017-03-27,23.126710891723633
2017-03-28,23.455448150634766
2017-03-29,23.77740478515625
2017-03-30,23.770627975463867
2017-03-31,23.689285278320312
2017-04-03,23.648616790771484
2017-04-04,23.821460723876953
2017-04-05,23.746902465820312
2017-04-06,23.936681747436523
2017-04-07,23.845182418823242
2017-04-10,24.024795532226562
2017-04-11,24.028188705444336
2017-04-12,23.926515579223633
2017-04-13,23.489334106445312
2017-04-17,23.540164947509766
2017-04-18,23.31987762451172
2017-04-19,22.97759246826172
2017-04-20,23.08942413330078
2017-04-21,22.974201202392578
2017-04-24,23.109766006469727
2017-04-25,23.30632209777832
2017-04-26,23.22838020324707
2017-04-27,22.974201202392578
2017-04-28,22.99114418029785
2017-05-01,22.926753997802734
2017-05-02,22.8115234375
2017-05-03,22.875919342041016
2017-05-04,22.455686569213867
2017-05-05,22.8115234375
2017-05-08,22.974201202392578
2017-05-09,22.784421920776367
2017-05-10,23.086036682128906
2017-05-11,23.038597106933594
2017-05-12,22.960643768310547
2017-05-15,23.14026641845703
2017-05-16,23.025035858154297
2017-05-17,22.7979736328125
2017-05-18,22.791194915771484
2017-05-19,23.07248306274414
2017-05-22,23.021650314331055
2017-05-23,23.07586669921875
2017-05-24,22.9538631439209
2017-05-25,22.537017822265625
2017-05-26,22.574298858642578
2017-05-30,22.27267837524414
2017-05-31,22.177785873413086
2017-06-01,22.31673240661621
2017-06-02,22.059167861938477
2017-06-05,22.09983253479004
2017-06-06,22.360788345336914
2017-06-07,22.04561424255371
2017-06-08,21.98121452331543
2017-06-09,22.50990867614746
2017-06-12,22.6691951751709
2017-06-13,22.83864402770996
2017-06-14,22.425182342529297
2017-06-15,22.25572967529297
2017-06-16,22.623926162719727
2017-06-19,22.48060417175293
2017-06-20,22.193960189819336
2017-06-21,21.835668563842773
2017-06-22,21.822019577026367
2017-06-23,21.96875
2017-06-26,21.92097282409668
2017-06-27,21.886852264404297
2017-06-28,22.00628662109375
2017-06-29,22.054054260253906
2017-06-30,22.153018951416016
2017-07-03,22.579557418823242
2017-07-05,22.12230110168457
2017-07-06,21.876617431640625
2017-07-07,21.84249496459961
2017-07-10,21.91415023803711
2017-07-11,22.03358268737793
2017-07-12,22.095008850097656
2017-07-13,22.18372917175293
2017-07-14,22.316804885864258
2017-07-17,22.28951072692871
2017-07-18,22.18372917175293
2017-07-19,22.507902145385742
2017-07-20,22.439655303955078
2017-07-21,22.21785545349121
2017-07-24,22.176898956298828
2017-07-25,22.45671844482422
2017-07-26,22.48060417175293
2017-07-27,22.709230422973633
2017-07-28,22.68193817138672
2017-07-31,22.73311996459961
2017-08-01,22.72969627380371
2017-08-02,22.64439582824707
2017-08-03,22.32704734802246
2017-08-04,22.398704528808594
2017-08-07,22.22808265686035
2017-08-08,22.176898956298828
2017-08-09,22.1973819732666
2017-08-10,21.961925506591797
2017-08-11,21.818601608276367
2017-08-14,21.75377655029297
2017-08-15,21.671873092651367
2017-08-16,21.463722229003906
2017-08-17,21.16002082824707
2017-08-18,21.265804290771484
2017-08-21,21.15660858154297
2017-08-22,21.296520233154297
2017-08-23,21.388647079467773
2017-08-24,21.40229606628418
2017-08-25,21.497838973999023
2017-08-28,21.40229606628418
2017-08-29,21.374996185302734
2017-08-30,21.38523292541504
2017-08-31,21.487611770629883
2017-09-01,21.69576072692871
2017-09-05,21.815196990966797
2017-09-06,22.170080184936523
2017-09-07,22.211030960083008
2017-09-08,21.975570678710938
2017-09-11,22.18372917175293
2017-09-12,22.320220947265625
2017-09-13,22.600032806396484
2017-09-14,22.709230422973633
2017-09-15,22.7628173828125
2017-09-18,22.859621047973633
2017-09-19,22.952964782714844
2017-09-20,23.108549118041992
2017-09-21,23.115467071533203
2017-09-22,23.23301124572754
2017-09-25,23.568363189697266
2017-09-26,23.55799674987793
2017-09-27,23.65825843811035
2017-09-28,23.67900276184082
2017-09-29,23.675546646118164
2017-10-02,23.66862678527832
2017-10-03,23.644428253173828
2017-10-04,23.627138137817383
2017-10-05,23.734315872192383
2017-10-06,23.53379249572754
2017-10-09,23.582195281982422
2017-10-10,23.602937698364258
2017-10-11,23.65825843811035
2017-10-12,23.571823120117188
2017-10-13,23.55799674987793
2017-10-16,23.609859466552734
2017-10-17,23.623680114746094
2017-10-18,23.457735061645508
2017-10-19,23.385133743286133
2017-10-20,23.430072784423828
2017-10-23,23.30906867980957
2017-10-24,23.354013442993164
2017-10-25,23.1915225982666
2017-10-26,23.239925384521484
2017-10-27,23.281414031982422
2017-10-30,23.402420043945312
2017-10-31,23.47848129272461
2017-11-01,23.74468994140625
2017-11-02,23.675546646118164
2017-11-03,23.74468994140625
2017-11-06,24.28748893737793
2017-11-07,24.256370544433594
2017-11-08,24.138818740844727
2017-11-09,24.21142578125
2017-11-10,24.083507537841797
2017-11-13,23.945215225219727
2017-11-14,23.55799674987793
2017-11-15,23.291784286499023
2017-11-16,23.198436737060547
2017-11-17,23.312524795532227
2017-11-20,23.257205963134766
2017-11-21,23.30906867980957
2017-11-22,23.402420043945312
2017-11-24,23.468107223510742
2017-11-27,23.229555130004883
2017-11-28,23.409334182739258
2017-11-29,23.53724479675293
2017-11-30,23.8898983001709
2017-12-01,24.090417861938477
2017-12-04,24.080049514770508
2017-12-05,23.97633171081543
2017-12-06,23.665172576904297
2017-12-07,23.734315872192383
2017-12-08,23.95212745666504
2017-12-11,24.124988555908203
2017-12-12,24.05930519104004
2017-12-13,24.02472686767578
2017-12-14,23.938295364379883
2017-12-15,23.916723251342773
2017-12-18,24.101171493530273
2017-12-19,24.135984420776367
2017-12-20,24.477052688598633
2017-12-21,24.99561882019043
2017-12-22,25.04782485961914
2017-12-26,25.26707649230957
2017-12-27,25.183555603027344
2017-12-28,25.221839904785156
2017-12-29,25.148759841918945
2018-01-02,25.562904357910156
2018-01-03,25.945743560791016
2018-01-04,26.102357864379883
2018-01-05,26.0919132232666
2018-01-08,26.2485294342041
2018-01-09,26.18240737915039
2018-01-10,26.15108299255371
2018-01-11,26.687053680419922
2018-01-12,26.944591522216797
2018-01-16,26.60352325439453
2018-01-17,26.836706161499023
2018-01-18,26.617450714111328
2018-01-19,26.582637786865234
2018-01-22,27.156892776489258
2018-01-23,27.11512565612793
2018-01-24,27.042043685913086
2018-01-25,26.829748153686523
2018-01-26,26.97591781616211
2018-01-29,26.568721771240234
2018-01-30,26.032751083374023
2018-01-31,26.050159454345703
2018-02-01,26.31813621520996
2018-02-02,25.21835708618164
2018-02-05,24.160335540771484
2018-02-06,24.351760864257812
2018-02-07,23.944562911987305
2018-02-08,23.22065544128418
2018-02-09,23.2032527923584
2018-02-12,23.582612991333008
2018-02-13,23.48516273498535
2018-02-14,23.826231002807617
2018-02-15,23.767072677612305
2018-02-16,23.707902908325195
2018-02-20,23.579124450683594
2018-02-21,23.182374954223633
2018-02-22,23.436439514160156
2018-02-23,23.944562911987305
2018-02-26,24.087261199951172
2018-02-27,23.774028778076172
2018-02-28,23.227615356445312
2018-03-01,23.192813873291016
2018-03-02,23.300704956054688
2018-03-05,23.547807693481445
2018-03-06,23.56172752380371
2018-03-07,23.384233474731445
2018-03-08,23.377267837524414
2018-03-09,23.822751998901367
2018-03-12,23.815792083740234
2018-03-13,23.645252227783203
2018-03-14,23.50605010986328
2018-03-15,23.384233474731445
2018-03-16,23.592784881591797
2018-03-19,23.228254318237305
2018-03-20,23.424541473388672
2018-03-21,24.037933349609375
2018-03-22,23.547216415405273
2018-03-23,23.403507232666016
2018-03-26,23.82411766052246
2018-03-27,23.59979820251465
2018-03-28,23.140634536743164
2018-03-29,23.627830505371094
2018-04-02,23.154645919799805
2018-04-03,23.64887046813965
2018-04-04,23.61732292175293
2018-04-05,24.041444778442383
2018-04-06,23.606801986694336
2018-04-09,23.718971252441406
2018-04-10,24.50411033630371
2018-04-11,24.759977340698242
2018-04-12,24.7564697265625
2018-04-13,25.029874801635742
2018-04-16,25.285743713378906
2018-04-17,25.383895874023438
2018-04-18,25.78347396850586
2018-04-19,25.815013885498047
2018-04-20,25.69232940673828
2018-04-23,25.850067138671875
2018-04-24,25.57316017150879
2018-04-25,25.776464462280273
2018-04-26,26.151506423950195
2018-04-27,25.874603271484375
2018-04-30,25.8710994720459
2018-05-01,25.713363647460938
2018-05-02,25.818525314331055
2018-05-03,25.758930206298828
2018-05-04,25.885122299194336
2018-05-07,25.920169830322266
2018-05-08,26.12346839904785
2018-05-09,26.656232833862305
2018-05-10,26.856029510498047
2018-05-11,26.89457893371582
2018-05-14,27.08035659790039
2018-05-15,27.087366104125977
2018-05-16,27.18199920654297
2018-05-17,27.59209442138672
2018-05-18,27.3782901763916
2018-05-21,27.658695220947266
2018-05-22,27.29065704345703
2018-05-23,27.287155151367188
2018-05-24,26.8385066986084
2018-05-25,26.140987396240234
2018-05-29,26.06036949157715
2018-05-30,26.849018096923828
2018-05-31,26.645713806152344
2018-06-01,26.771900177001953
2018-06-04,26.540565490722656
2018-06-05,26.47747802734375
2018-06-06,26.60366439819336
2018-06-07,27.006742477416992
2018-06-08,26.954174041748047
2018-06-11,27.09438133239746
2018-06-12,26.8875675201416
2018-06-13,26.785924911499023
2018-06-14,26.74736976623535
2018-06-15,26.172882080078125
2018-06-18,26.43401527404785
2018-06-19,26.374027252197266
2018-06-20,26.490476608276367
2018-06-21,25.999982833862305
2018-06-22,26.518705368041992
2018-06-25,25.985858917236328
2018-06-26,26.314035415649414
2018-06-27,26.666912078857422
2018-06-28,26.631624221801758
2018-06-29,26.797475814819336
2018-07-02,26.402252197265625
2018-07-03,26.56810760498047
2018-07-05,26.539865493774414
2018-07-06,26.70220184326172
2018-07-09,27.1009464263916
2018-07-10,27.302091598510742
2018-07-11,26.72338104248047
2018-07-12,26.769245147705078
2018-07-13,26.9103946685791
2018-07-16,26.599868774414062
2018-07-17,26.494007110595703
2018-07-18,26.51165008544922
2018-07-19,26.518705368041992
2018-07-20,26.426959991455078
2018-07-23,26.31050682067871
2018-07-24,26.642208099365234
2018-07-25,26.864526748657227
2018-07-26,27.157413482666016
2018-07-27,27.04096031188965
2018-07-30,27.263275146484375
2018-07-31,27.213876724243164
2018-08-01,26.836292266845703
2018-08-02,26.688085556030273
2018-08-03,26.550460815429688
2018-08-06,26.649276733398438
2018-08-07,26.846881866455078
2018-08-08,26.65280532836914
2018-08-09,26.405776977539062
2018-08-10,26.56810760498047
2018-08-13,26.229347229003906
2018-08-14,26.292861938476562
2018-08-15,25.375389099121094
2018-08-16,25.558883666992188
2018-08-17,25.62240219116211
2018-08-20,25.795307159423828
2018-08-21,25.925872802734375
2018-08-22,26.236404418945312
2018-08-23,26.11289405822754
2018-08-24,26.303447723388672
2018-08-27,26.49753189086914
2018-08-28,26.38461685180664
2018-08-29,26.54693603515625
2018-08-30,26.47282600402832
2018-08-31,26.268159866333008
2018-09-04,26.211702346801758
2018-09-05,26.17641830444336
2018-09-06,25.692970275878906
2018-09-07,25.689441680908203
2018-09-10,25.678861618041992
2018-09-11,25.922338485717773
2018-09-12,26.056440353393555
2018-09-13,26.067026138305664
2018-09-14,26.20465087890625
2018-09-17,26.24698829650879
2018-09-18,26.419898986816406
2018-09-19,26.501062393188477
2018-09-20,26.508121490478516
2018-09-21,26.683292388916016
2018-09-24,27.074113845825195
2018-09-25,27.248210906982422
2018-09-26,26.98529052734375
2018-09-27,26.98529052734375
2018-09-28,26.91067886352539
2018-10-01,27.28374671936035
2018-10-02,27.31217384338379
2018-10-03,27.5324649810791
2018-10-04,27.418760299682617
2018-10-05,27.415205001831055
2018-10-08,27.393892288208008
2018-10-09,27.639053344726562
2018-10-10,26.772104263305664
2018-10-11,25.8660888671875
2018-10-12,25.93714714050293
2018-10-15,25.720409393310547
2018-10-16,25.9335880279541
2018-10-17,25.77014923095703
2018-10-18,25.64223861694336
2018-10-19,25.414852142333984
2018-10-22,25.134159088134766
2018-10-23,24.476852416992188
2018-10-24,23.510425567626953
2018-10-25,23.79822540283203
2018-10-26,23.62057113647461
2018-10-29,23.17999267578125
2018-10-30,23.71649932861328
2018-10-31,23.862178802490234
2018-11-01,24.0646915435791
2018-11-02,24.004295349121094
2018-11-05,24.405790328979492
2018-11-06,24.519485473632812
2018-11-07,24.920978546142578
2018-11-08,24.380918502807617
2018-11-09,24.33828353881836
2018-11-12,23.83374786376953
2018-11-13,23.28658676147461
2018-11-14,23.247499465942383
2018-11-15,23.588592529296875
2018-11-16,23.869285583496094
2018-11-19,23.862178802490234
2018-11-20,23.080507278442383
2018-11-21,23.442916870117188
2018-11-23,22.707435607910156
2018-11-26,23.048532485961914
2018-11-27,22.984573364257812
2018-11-28,23.378963470458984
2018-11-29,23.53173828125
2018-11-30,23.489107131958008
2018-12-03,24.01140022277832
2018-12-04,23.322114944458008
2018-12-06,22.892196655273438
2018-12-07,22.764286041259766
2018-12-10,22.408987045288086
2018-12-11,22.416091918945312
2018-12-12,22.50491714477539
2018-12-13,22.575979232788086
2018-12-14,22.060787200927734
2018-12-17,21.659292221069336
2018-12-18,21.147655487060547
2018-12-19,20.898942947387695
2018-12-20,20.319799423217773
2018-12-21,20.122554779052734
2018-12-24,19.308473587036133
2018-12-26,20.509876251220703
2018-12-27,20.61745834350586
2018-12-28,20.459659576416016
2018-12-31,20.567258834838867
2019-01-02,20.97249984741211
2019-01-03,20.764495849609375
2019-01-04,21.470991134643555
2019-01-07,21.7901668548584
2019-01-08,21.958728790283203
2019-01-09,22.306591033935547
2019-01-10,22.371145248413086
2019-01-11,22.238452911376953
2019-01-14,22.184656143188477
2019-01-15,22.26355743408203
2019-01-16,22.234867095947266
2019-01-17,22.43928337097168
2019-01-18,22.894739151000977
2019-01-22,22.3962459564209
2019-01-23,22.16672706604004
2019-01-24,22.285079956054688
2019-01-25,22.568389892578125
2019-01-28,22.342451095581055
2019-01-29,22.410593032836914
2019-01-30,22.726181030273438
2019-01-31,22.87322425842285
2019-02-01,23.271303176879883
2019-02-04,23.325092315673828
2019-02-05,23.3609561920166
2019-02-06,23.188819885253906
2019-02-07,22.675979614257812
2019-02-08,22.571977615356445
2019-02-11,22.6795654296875
2019-02-12,22.966466903686523
2019-02-13,23.25336456298828
2019-02-14,23.335845947265625
2019-02-15,23.712413787841797
2019-02-19,23.784135818481445
2019-02-20,23.884552001953125
2019-02-21,23.51516342163086
2019-02-22,23.58330535888672
2019-02-25,23.62275505065918
2019-02-26,23.547441482543945
2019-02-27,23.637102127075195
2019-02-28,23.400405883789062
2019-03-01,23.83075523376465
2019-03-04,23.873790740966797
2019-03-05,23.794893264770508
2019-03-06,23.4936466217041
2019-03-07,23.35378646850586
2019-03-08,22.916259765625
2019-03-11,23.274885177612305
2019-03-12,23.425508499145508
2019-03-13,23.662202835083008
2019-03-14,23.68730926513672
2019-03-15,23.677906036376953
2019-03-18,24.006818771362305
2019-03-19,23.94175910949707
2019-03-20,24.151391983032227
2019-03-21,24.321271896362305
2019-03-22,23.6634521484375
2019-03-25,23.674291610717773
2019-03-26,24.014047622680664
2019-03-27,23.844173431396484
2019-03-28,23.934526443481445
2019-03-29,23.89838981628418
2019-04-01,24.212839126586914
2019-04-02,24.04657745361328
2019-04-03,23.815258026123047
2019-04-04,24.014047622680664
2019-04-05,24.43693733215332
2019-04-08,24.545360565185547
2019-04-09,24.245365142822266
2019-04-10,24.335729598999023
2019-04-11,24.353796005249023
2019-04-12,24.418855667114258
2019-04-15,24.27428436279297
2019-04-16,24.43331527709961
2019-04-17,24.400789260864258
2019-04-18,24.28512954711914
2019-04-22,24.798370361328125
2019-04-23,24.75861358642578
2019-04-24,24.324892044067383
2019-04-25,24.24898338317871
2019-04-26,23.934526443481445
2019-04-29,23.912845611572266
2019-04-30,23.894773483276367
2019-05-01,23.417675018310547
2019-05-02,23.009248733520508
2019-05-03,23.222496032714844
2019-05-06,23.24418067932129
2019-05-07,23.041776657104492
2019-05-08,23.041776657104492
2019-05-09,23.041776657104492
2019-05-10,23.150203704833984
2019-05-13,22.75263023376465
2019-05-14,23.030933380126953
2019-05-15,23.150203704833984
2019-05-16,23.276710510253906
2019-05-17,23.041776657104492
2019-05-20,23.05261993408203
2019-05-21,23.320079803466797
2019-05-22,22.95863914489746
2019-05-23,22.18877410888672
2019-05-24,22.271909713745117
2019-05-28,22.04058837890625
2019-05-29,21.899625778198242
2019-05-30,21.621315002441406
2019-05-31,21.241804122924805
2019-06-03,21.512887954711914
2019-06-04,21.885162353515625
2019-06-05,21.643009185791016
2019-06-06,22.04420280456543
2019-06-07,22.145402908325195
2019-06-10,22.210464477539062
2019-06-11,22.253843307495117
2019-06-12,21.939380645751953
2019-06-13,22.19600486755371
2019-06-14,22.051429748535156
2019-06-17,22.23576545715332
2019-06-18,22.54298973083496
2019-06-19,22.517683029174805
2019-06-20,23.016475677490234
2019-06-21,23.182802200317383
2019-06-24,22.974895477294922
2019-06-25,22.792524337768555
2019-06-26,23.14267349243164
2019-06-27,22.971242904663086
2019-06-28,23.237504959106445
2019-07-01,23.2593936920166
2019-07-02,22.887361526489258
2019-07-03,22.97854232788086
2019-07-05,23.011369705200195
2019-07-08,23.0441951751709
2019-07-09,23.06243324279785
2019-07-10,23.357866287231445
2019-07-11,23.4052791595459
2019-07-12,23.503767013549805
2019-07-15,23.292221069335938
2019-07-16,23.0441951751709
2019-07-17,22.781574249267578
2019-07-18,22.785232543945312
2019-07-19,22.891000747680664
2019-07-22,22.99677848815918
2019-07-23,23.058780670166016
2019-07-24,23.15726661682129
2019-07-25,22.894655227661133
2019-07-26,22.777938842773438
2019-07-29,22.686744689941406
2019-07-30,22.942068099975586
2019-07-31,22.86911964416504
2019-08-01,22.351192474365234
2019-08-02,22.030221939086914
2019-08-05,21.373695373535156
2019-08-06,21.348159790039062
2019-08-07,21.18767547607422
2019-08-08,21.79678726196289
2019-08-09,21.556058883666992
2019-08-12,21.300737380981445
2019-08-13,21.497703552246094
2019-08-14,20.65515899658203
2019-08-15,20.52750015258789
2019-08-16,20.797399520874023
2019-08-19,21.25697898864746
2019-08-20,21.07825469970703
2019-08-21,21.213207244873047
2019-08-22,21.118375778198242
2019-08-23,20.410783767700195
2019-08-26,20.49831771850586
2019-08-27,20.370655059814453
2019-08-28,20.662450790405273
2019-08-29,20.965181350708008
2019-08-30,20.965181350708008
2019-09-03,20.863052368164062
2019-09-04,21.15484619140625
2019-09-05,21.417455673217773
2019-09-06,21.530527114868164
2019-09-09,21.960918426513672
2019-09-10,22.219886779785156
2019-09-11,22.24177360534668
2019-09-12,22.103166580200195
2019-09-13,22.27824592590332
2019-09-16,23.025957107543945
2019-09-17,22.704984664916992
2019-09-18,22.59556770324707
2019-09-19,22.537208557128906
2019-09-20,22.55560874938965
2019-09-23,22.562973022460938
2019-09-24,22.205942153930664
2019-09-25,22.24275016784668
2019-09-26,21.95197105407715
2019-09-27,21.948284149169922
2019-09-30,21.790016174316406
2019-10-01,21.28575325012207
2019-10-02,20.763086318969727
2019-10-03,20.98760986328125
2019-10-04,21.1201171875
2019-10-07,20.932401657104492
2019-10-08,20.57537269592285
2019-10-09,20.763086318969727
2019-10-10,21.02442169189453
2019-10-11,21.307838439941406
2019-10-14,21.296798706054688
2019-10-15,21.385133743286133
2019-10-16,21.086992263793945
2019-10-17,21.10171890258789
2019-10-18,20.991291046142578
2019-10-21,21.366729736328125
2019-10-22,21.64278793334961
2019-10-23,21.82314682006836
2019-10-24,21.73112678527832
2019-10-25,21.90780258178711
2019-10-28,21.782655715942383
2019-10-29,21.870988845825195
2019-10-30,21.425626754760742
2019-10-31,21.333602905273438
2019-11-01,21.81946563720703
2019-11-04,22.529848098754883
2019-11-05,22.559289932250977
2019-11-06,22.099197387695312
2019-11-07,22.430465698242188
2019-11-08,22.33844566345215
2019-11-11,22.21329689025879
2019-11-12,22.099197387695312
2019-11-13,22.003496170043945
2019-11-14,21.944608688354492
2019-11-15,22.113924026489258
2019-11-18,21.84522819519043
2019-11-19,21.52132225036621
2019-11-20,21.738487243652344
2019-11-21,22.095518112182617
2019-11-22,22.02190399169922
2019-11-25,22.04398536682129
2019-11-26,21.8415470123291
2019-11-27,21.896757125854492
2019-11-29,21.6759090423584
2019-12-02,21.6759090423584
2019-12-03,21.352008819580078
2019-12-04,21.67223358154297
2019-12-05,21.569171905517578
2019-12-06,21.981416702270508
2019-12-09,21.95565414428711
2019-12-10,21.999818801879883
2019-12-11,21.963008880615234
2019-12-12,22.367897033691406
2019-12-13,22.19858169555664
2019-12-16,22.496715545654297
2019-12-17,22.511442184448242
2019-12-18,22.596101760864258
2019-12-19,22.58873748779297
2019-12-20,22.805423736572266
2019-12-23,23.039573669433594
2019-12-24,23.02842140197754
2019-12-26,23.02098274230957
2019-12-27,22.92435073852539
2019-12-30,22.852001190185547
2019-12-31,22.982152938842773
2020-01-02,23.188854217529297
2020-01-03,23.119953155517578
2020-01-06,23.29985809326172
2020-01-07,23.238616943359375
2020-01-08,22.855833053588867
2020-01-09,23.024261474609375
2020-01-10,22.894113540649414
2020-01-13,22.90176773071289
2020-01-14,22.905593872070312
2020-01-15,22.737173080444336
2020-01-16,22.775447845458984
2020-01-17,22.62999153137207
2020-01-21,22.224246978759766
2020-01-22,22.0098876953125
2020-01-23,21.92568016052246
2020-01-24,21.67304039001465
2020-01-27,21.072071075439453
2020-01-28,21.167774200439453
2020-01-29,20.945756912231445
2020-01-30,21.114185333251953
2020-01-31,20.45579719543457
2020-02-03,20.18785285949707
2020-02-04,20.260581970214844
2020-02-05,21.022314071655273
2020-02-06,20.80795669555664
2020-02-07,20.66249656677246
2020-02-10,20.55914878845215
2020-02-11,20.788822174072266
2020-02-12,21.068246841430664
2020-02-13,21.00318145751953
2020-02-14,20.892169952392578
2020-02-18,20.719919204711914
2020-02-19,20.995521545410156
2020-02-20,20.972553253173828
2020-02-21,20.723745346069336
2020-02-24,19.76679229736328
2020-02-25,18.894052505493164
2020-02-26,18.323711395263672
2020-02-27,17.343793869018555
2020-02-28,17.32848358154297
2020-03-02,18.028966903686523
2020-03-03,17.47776222229004
2020-03-04,17.891164779663086
2020-03-05,17.236614227294922
2020-03-06,16.268178939819336
2020-03-09,12.99157428741455
2020-03-10,13.6078519821167
2020-03-11,12.888223648071289
2020-03-12,11.280545234680176
2020-03-13,12.321707725524902
2020-03-16,10.645130157470703
2020-03-17,10.717860221862793
2020-03-18,9.179081916809082
2020-03-19,9.80301284790039
2020-03-20,9.898709297180176
2020-03-23,9.224027633666992
2020-03-24,10.703316688537598
2020-03-25,11.20815372467041
2020-03-26,11.89300537109375
2020-03-27,11.086834907531738
2020-03-30,11.200324058532715
2020-03-31,11.372517585754395
2020-04-01,10.808979034423828
2020-04-02,11.799084663391113
2020-04-03,11.67385482788086
2020-04-06,12.292181015014648
2020-04-07,12.55438232421875
2020-04-08,13.391862869262695
2020-04-09,13.27054500579834
2020-04-13,13.227497100830078
2020-04-14,13.164880752563477
2020-04-15,12.546553611755371
2020-04-16,12.01041316986084
2020-04-17,13.286198616027832
2020-04-20,12.871373176574707
2020-04-21,12.644393920898438
2020-04-22,13.094439506530762
2020-04-23,13.517093658447266
2020-04-24,13.548401832580566
2020-04-27,13.841910362243652
2020-04-28,14.158899307250977
2020-04-29,15.207712173461914
2020-04-30,14.871150016784668
2020-05-01,14.029755592346191
2020-05-04,14.515024185180664
2020-05-05,14.526765823364258
2020-05-06,14.147164344787598
2020-05-07,14.515024185180664
2020-05-08,15.176401138305664
2020-05-11,14.910284996032715
2020-05-12,14.64808177947998
2020-05-13,13.982794761657715
2020-05-14,14.139334678649902
2020-05-15,14.08454418182373
2020-05-18,15.235101699829102
2020-05-19,14.8085355758667
2020-05-20,15.399467468261719
2020-05-21,15.152917861938477
2020-05-22,15.058996200561523
2020-05-26,15.477742195129395
2020-05-27,15.677328109741211
2020-05-28,15.23901653289795
2020-05-29,15.168572425842285
2020-06-01,15.434687614440918
2020-06-02,15.865175247192383
2020-06-03,16.330873489379883
2020-06-04,16.334787368774414
2020-06-05,17.547954559326172
2020-06-08,18.338481903076172
2020-06-09,17.649707794189453
2020-06-10,16.780921936035156
2020-06-11,15.199885368347168
2020-06-12,15.58340072631836
2020-06-15,15.630362510681152
2020-06-16,16.08041763305664
2020-06-17,15.532525062561035
2020-06-18,15.724288940429688
2020-06-19,15.485564231872559
2020-06-22,15.557311058044434
2020-06-23,15.573161125183105
2020-06-24,14.709085464477539
2020-06-25,14.990506172180176
2020-06-26,14.471264839172363
2020-06-29,14.665486335754395
2020-06-30,15.002395629882812
2020-07-01,14.637741088867188
2020-07-02,14.800247192382812
2020-07-06,14.843850135803223
2020-07-07,14.372175216674805
2020-07-08,14.360284805297852
2020-07-09,13.650792121887207
2020-07-10,14.086795806884766
2020-07-13,14.011482238769531
2020-07-14,14.502976417541504
2020-07-15,14.816106796264648
2020-07-16,14.748724937438965
2020-07-17,14.54261302947998
2020-07-20,14.30083179473877
2020-07-21,15.164904594421387
2020-07-22,14.978614807128906
2020-07-23,14.950872421264648
2020-07-24,14.867630958557129
2020-07-27,14.883481979370117
2020-07-28,14.629812240600586
2020-07-29,14.935012817382812
2020-07-30,14.348396301269531
2020-07-31,14.281012535095215
2020-08-03,14.332537651062012
2020-08-04,14.681341171264648
2020-08-05,14.835922241210938
2020-08-06,14.717015266418457
2020-08-07,14.736833572387695
2020-08-10,15.19265365600586
2020-08-11,15.141127586364746
2020-08-12,15.291744232177734
2020-08-13,14.994471549987793
2020-08-14,15.137162208557129
2020-08-17,15.049962997436523
2020-08-18,14.85970401763916
2020-08-19,14.689266204833984
2020-08-20,14.372175216674805
2020-08-21,14.281012535095215
2020-08-24,14.673413276672363
2020-08-25,14.467304229736328
2020-08-26,14.162102699279785
2020-08-27,14.189852714538574
2020-08-28,14.443519592285156
2020-08-31,14.130393981933594
2020-09-01,14.035265922546387
2020-09-02,13.967883110046387
2020-09-03,13.864829063415527
2020-09-04,13.821228981018066
2020-09-08,13.317846298217773
2020-09-09,13.409010887145996
2020-09-10,12.917516708374023
2020-09-11,12.92940902709961
2020-09-14,13.028499603271484
2020-09-15,12.93337345123291
2020-09-16,13.452609062194824
2020-09-17,13.472428321838379
2020-09-18,13.321810722351074
2020-09-21,12.88024616241455
2020-09-22,12.747295379638672
2020-09-23,12.171170234680176
2020-09-24,12.167141914367676
2020-09-25,12.159085273742676
2020-09-28,12.445133209228516
2020-09-29,12.102682113647461
2020-09-30,12.066420555114746
2020-10-01,11.69576644897461
2020-10-02,11.808571815490723
2020-10-05,12.163111686706543
2020-10-06,11.981810569763184
2020-10-07,12.151025772094727
2020-10-08,12.60628604888916
2020-10-09,12.404842376708984
2020-10-12,12.437074661254883
2020-10-13,12.24368953704834
2020-10-14,12.296063423156738
2020-10-15,12.445133209228516
2020-10-16,12.163111686706543
2020-10-19,11.905265808105469
2020-10-20,12.046274185180664
2020-10-21,11.816630363464355
2020-10-22,12.304122924804688
2020-10-23,12.24368953704834
2020-10-26,11.80454158782959
2020-10-27,11.651446342468262
2020-10-28,11.163955688476562
2020-10-29,11.506409645080566
2020-10-30,11.570869445800781
2020-11-02,11.965700149536133
2020-11-03,11.897207260131836
2020-11-04,11.913322448730469
2020-11-05,11.913322448730469
2020-11-06,11.655478477478027
2020-11-09,13.319392204284668
2020-11-10,13.750479698181152
2020-11-11,13.609467506408691
2020-11-12,13.17032527923584
2020-11-13,13.649759292602539
2020-11-16,14.548194885253906
2020-11-17,14.697261810302734
2020-11-18,14.270203590393066
2020-11-19,14.503873825073242
2020-11-20,14.427329063415527
2020-11-23,15.44663143157959
2020-11-24,16.240314483642578
2020-11-25,15.86159896850586
2020-11-27,15.67627239227295
2020-11-30,14.810068130493164
2020-12-01,14.878559112548828
2020-12-02,15.362025260925293
2020-12-03,15.523176193237305
2020-12-04,16.36923599243164
2020-12-07,15.986495971679688
2020-12-08,16.22419548034668
2020-12-09,16.260456085205078
2020-12-10,16.76003074645996
2020-12-11,16.566646575927734
2020-12-14,15.986495971679688
2020-12-15,16.300743103027344
2020-12-16,16.220169067382812
2020-12-17,16.14362335205078
2020-12-18,15.873690605163574
2020-12-21,15.567481994628906
2020-12-22,15.306184768676758
2020-12-23,15.645054817199707
2020-12-24,15.56340217590332
2020-12-28,15.465414047241211
2020-12-29,15.363347053527832
2020-12-30,15.604226112365723
2020-12-31,15.473584175109863
2021-01-04,15.498071670532227
2021-01-05,16.192136764526367
2021-01-06,16.6861515045166
2021-01-07,16.93111801147461
2021-01-08,16.910703659057617
2021-01-11,17.176076889038086
2021-01-12,17.776243209838867
2021-01-13,17.637432098388672
2021-01-14,18.16002082824707
2021-01-15,17.453704833984375
2021-01-19,17.804819107055664
2021-01-20,17.870147705078125
2021-01-21,17.265901565551758
2021-01-22,17.176076889038086
2021-01-25,17.000524520874023
2021-01-26,16.637157440185547
2021-01-27,16.412612915039062
2021-01-28,16.604494094848633
2021-01-29,16.053325653076172
2021-02-01,16.167644500732422
2021-02-02,16.34320640563965
2021-02-03,17.041351318359375
2021-02-04,17.229158401489258
2021-02-05,17.376134872436523
2021-02-08,18.10286521911621
2021-02-09,17.91097068786621
2021-02-10,18.253921508789062
2021-02-11,17.972217559814453
2021-02-12,18.237594604492188
2021-02-16,18.69485855102539
2021-02-17,18.972490310668945
2021-02-18,18.54379653930664
2021-02-19,18.854087829589844
2021-02-22,19.507322311401367
2021-02-23,19.829864501953125
2021-02-24,20.532093048095703
2021-02-25,20.136062622070312
2021-02-26,19.658384323120117
2021-03-01,20.16872787475586
2021-03-02,20.058494567871094
2021-03-03,20.352455139160156
2021-03-04,20.83829689025879
2021-03-05,21.618101119995117
2021-03-08,21.65892791748047
2021-03-09,21.279232025146484
2021-03-10,21.818151473999023
2021-03-11,21.82632064819336
2021-03-12,21.871231079101562
2021-03-15,21.622180938720703
2021-03-16,21.005687713623047
2021-03-17,21.168996810913086
2021-03-18,20.217721939086914
2021-03-19,20.221803665161133
2021-03-22,20.027877807617188
2021-03-23,19.73493003845215
2021-03-24,20.23005485534668
2021-03-25,20.304325103759766
2021-03-26,20.807703018188477
2021-03-29,20.560138702392578
2021-03-30,20.382719039916992
2021-03-31,20.242433547973633
2021-04-01,20.75819206237793
2021-04-05,20.2630672454834
2021-04-06,20.209423065185547
2021-04-07,20.27956771850586
2021-04-08,20.015499114990234
2021-04-09,19.883466720581055
2021-04-12,19.7266788482666
2021-04-13,19.74730682373047
2021-04-14,20.29607391357422
2021-04-15,20.131031036376953
2021-04-16,19.970115661621094
2021-04-19,19.949481964111328
2021-04-20,19.421348571777344
2021-04-21,19.66891098022461
2021-04-22,19.437850952148438
2021-04-23,19.61527442932129
2021-04-26,19.74730682373047
2021-04-27,19.986614227294922
2021-04-28,20.67567253112793
2021-04-29,20.906728744506836
2021-04-30,20.378589630126953
2021-05-03,20.939733505249023
2021-05-04,20.95211410522461
2021-05-05,21.628786087036133
2021-05-06,21.740192413330078
2021-05-07,22.128042221069336
2021-05-10,22.13629150390625
2021-05-11,21.566896438598633
2021-05-12,21.67005157470703
2021-05-13,21.405982971191406
2021-05-14,22.070276260375977
2021-05-17,22.581907272338867
2021-05-18,22.057899475097656
2021-05-19,21.50913429260254
2021-05-20,21.47612190246582
2021-05-21,21.521512985229492
2021-05-24,21.736066818237305
2021-05-25,21.294578552246094
2021-05-26,21.484376907348633
2021-05-27,21.50088119506836
2021-05-28,21.542139053344727
2021-06-01,22.371479034423828
2021-06-02,22.7882137298584
2021-06-03,22.85010528564453
2021-06-04,23.002771377563477
2021-06-07,22.90374183654785
2021-06-08,23.101791381835938
2021-06-09,22.957378387451172
2021-06-10,22.928497314453125
2021-06-11,22.85010528564453
2021-06-14,22.751075744628906
2021-06-15,23.18431282043457
2021-06-16,23.06052589416504
2021-06-17,22.276582717895508
2021-06-18,21.616409301757812
2021-06-21,22.53759002685547
2021-06-22,22.687646865844727
2021-06-23,22.750171661376953
2021-06-24,22.946073532104492
2021-06-25,23.066951751708984
2021-06-28,22.28749656677246
2021-06-29,22.179119110107422
2021-06-30,22.4542236328125
2021-07-01,22.846038818359375
2021-07-02,22.79601287841797
2021-07-06,22.0540771484375
2021-07-07,21.695606231689453
2021-07-08,21.570558547973633
2021-07-09,22.029062271118164
2021-07-12,21.99571990966797
2021-07-13,21.828989028930664
2021-07-14,21.178749084472656
2021-07-15,20.882801055908203
2021-07-16,20.290912628173828
2021-07-19,19.57398223876953
2021-07-20,19.836578369140625
2021-07-21,20.528499603271484
2021-07-22,20.299251556396484
2021-07-23,20.224225997924805
2021-07-26,20.724414825439453
2021-07-27,20.532670974731445
2021-07-28,20.720239639282227
2021-07-29,20.920316696166992
2021-07-30,20.586854934692383
2021-08-02,20.432636260986328
2021-08-03,20.78277015686035
2021-08-04,20.220056533813477
2021-08-05,20.449310302734375
2021-08-06,20.636877059936523
2021-08-09,20.3450984954834
2021-08-10,20.703571319580078
2021-08-11,20.866130828857422
2021-08-12,20.845287322998047
2021-08-13,20.599365234375
2021-08-16,20.220056533813477
2021-08-17,20.011642456054688
2021-08-18,19.59482192993164
2021-08-19,19.08629608154297
2021-08-20,19.127981185913086
2021-08-23,19.84491539001465
2021-08-24,20.174205780029297
2021-08-25,20.328433990478516
2021-08-26,20.01997947692871
2021-08-27,20.553516387939453
2021-08-30,20.31175422668457
2021-08-31,20.174205780029297
2021-09-01,19.87826156616211
2021-09-02,20.382614135742188
2021-09-03,20.265907287597656
2021-09-07,20.145029067993164
2021-09-08,19.8865966796875
2021-09-09,19.928279876708984
2021-09-10,19.919946670532227
2021-09-13,20.490991592407227
2021-09-14,20.19504737854004
2021-09-15,20.94949722290039
2021-09-16,20.711902618408203
2021-09-17,20.557682037353516
2021-09-20,19.929914474487305
2021-09-21,19.9763240814209
2021-09-22,20.592275619506836
2021-09-23,21.313703536987305
2021-09-24,21.47402572631836
2021-09-27,22.237634658813477
2021-09-28,22.313575744628906
2021-09-29,22.313575744628906
2021-09-30,21.97606658935547
2021-10-01,22.7143611907959
2021-10-04,23.08562660217285
2021-10-05,23.22062873840332
2021-10-06,22.975934982299805
2021-10-07,23.15312957763672
2021-10-08,23.86611557006836
2021-10-11,23.777524948120117
2021-10-12,23.798616409301758
2021-10-13,23.777524948120117
2021-10-14,24.068620681762695
2021-10-15,24.186752319335938
2021-10-18,24.20362663269043
2021-10-19,24.477848052978516
2021-10-20,24.676137924194336
2021-10-21,24.220500946044922
2021-10-22,24.44831657409668
2021-10-25,24.806922912597656
2021-10-26,24.950366973876953
2021-10-27,24.233156204223633
2021-10-28,24.4061279296875
2021-10-29,24.245817184448242
2021-11-01,24.663480758666992
2021-11-02,24.431440353393555
2021-11-03,24.228939056396484
2021-11-04,24.262691497802734
2021-11-05,24.579103469848633
2021-11-08,24.802701950073242
2021-11-09,24.903955459594727
2021-11-10,24.245817184448242
2021-11-11,24.338626861572266
2021-11-12,24.279560089111328
2021-11-15,24.482067108154297
2021-11-16,24.520042419433594
2021-11-17,24.144561767578125
2021-11-18,24.001121520996094
2021-11-19,23.06453514099121
2021-11-22,23.4737606048584
2021-11-23,24.1951847076416
2021-11-24,24.431440353393555
2021-11-26,23.448450088500977
2021-11-29,23.583450317382812
2021-11-30,23.030776977539062
2021-12-01,22.78608512878418
2021-12-02,23.448450088500977
2021-12-03,23.262815475463867
2021-12-06,23.608760833740234
2021-12-07,24.161436080932617
2021-12-08,24.157217025756836
2021-12-09,23.971586227416992
2021-12-10,24.148778915405273
2021-12-13,23.47797966003418
2021-12-14,23.380945205688477
2021-12-15,23.26703643798828
2021-12-16,23.414695739746094
2021-12-17,22.937963485717773
2021-12-20,22.653778076171875
2021-12-21,23.2990779876709
2021-12-22,23.448650360107422
2021-12-23,23.461467742919922
2021-12-27,23.974287033081055
2021-12-28,23.957191467285156
2021-12-29,23.8033504486084
2021-12-30,23.658052444458008
2021-12-31,23.71787452697754
2022-01-03,24.452919006347656
2022-01-04,25.299074172973633
2022-01-05,25.2947940826416
2022-01-06,25.858888626098633
2022-01-07,26.213598251342773
2022-01-10,26.132402420043945
2022-01-11,27.021284103393555
2022-01-12,27.072566986083984
2022-01-13,26.935815811157227
2022-01-14,27.568294525146484
2022-01-18,27.679407119750977
2022-01-19,27.478546142578125
2022-01-20,27.226415634155273
2022-01-21,26.687957763671875
2022-01-24,26.867441177368164
2022-01-25,27.910173416137695
2022-01-26,27.8631649017334
2022-01-27,28.166584014892578
2022-01-28,28.04692268371582
2022-01-31,28.170854568481445
2022-02-01,29.175125122070312
2022-02-02,29.269136428833008
2022-02-03,28.991365432739258
2022-02-04,29.44436264038086
2022-02-07,29.82042694091797
2022-02-08,29.179397583007812
2022-02-09,29.422983169555664
2022-02-10,29.239227294921875
2022-02-11,30.089656829833984
2022-02-14,29.3802547454834
2022-02-15,29.072559356689453
2022-02-16,29.307605743408203
2022-02-17,29.26059913635254
2022-02-18,29.08110809326172
2022-02-22,28.611026763916016
2022-02-23,28.905895233154297
2022-02-24,28.679399490356445
2022-02-25,29.435806274414062
2022-02-28,30.162307739257812
2022-03-01,30.465723037719727
2022-03-02,31.162296295166016
2022-03-03,31.247772216796875
2022-03-04,32.14947509765625
2022-03-07,32.62382888793945
2022-03-08,33.136653900146484
2022-03-09,32.12383270263672
2022-03-10,33.10673904418945
2022-03-11,32.84178161621094
2022-03-14,31.858882904052734
2022-03-15,30.692211151123047
2022-03-16,30.55119514465332
2022-03-17,31.602468490600586
2022-03-18,31.572555541992188
2022-03-21,32.845298767089844
2022-03-22,32.603694915771484
2022-03-23,33.1645622253418
2022-03-24,33.24654006958008
2022-03-25,33.97565460205078
2022-03-28,33.13435745239258
2022-03-29,33.048065185546875
2022-03-30,33.43205261230469
2022-03-31,32.97904586791992
2022-04-01,33.24654006958008
2022-04-04,33.289676666259766
2022-04-05,32.76763153076172
2022-04-06,32.96178436279297
2022-04-07,33.393218994140625
2022-04-08,34.31217956542969
2022-04-11,33.28104019165039
2022-04-12,33.83327865600586
2022-04-13,34.338069915771484
2022-04-14,34.45023727416992
2022-04-18,34.955020904541016
2022-04-19,34.6702766418457
2022-04-20,34.804012298583984
2022-04-21,33.69953536987305
2022-04-22,32.87550354003906
2022-04-25,31.788270950317383
2022-04-26,31.831405639648438
2022-04-27,32.297367095947266
2022-04-28,33.276729583740234
2022-04-29,32.4224853515625
2022-05-02,32.94021224975586
2022-05-03,33.86348342895508
2022-05-04,35.26995849609375
2022-05-05,34.73930358886719
2022-05-06,35.774757385253906
2022-05-09,32.815086364746094
2022-05-10,33.1127815246582
2022-05-11,33.55716323852539
2022-05-12,33.69953536987305
2022-05-13,34.85148239135742
2022-05-16,35.77042770385742
2022-05-17,36.18461990356445
2022-05-18,35.25702667236328
2022-05-19,35.12759017944336
2022-05-20,35.278602600097656
2022-05-23,36.21050262451172
2022-05-24,36.34855651855469
2022-05-25,37.09925842285156
2022-05-26,37.50912094116211
2022-05-27,38.19511413574219
2022-05-31,37.621299743652344
2022-06-01,38.23394775390625
2022-06-02,38.11314392089844
2022-06-03,38.61792755126953
2022-06-06,38.57477951049805
2022-06-07,39.726707458496094
2022-06-08,39.8129997253418
2022-06-09,38.93286895751953
2022-06-10,38.27276611328125
2022-06-13,36.27521896362305
2022-06-14,36.3442497253418
2022-06-15,35.541778564453125
2022-06-16,33.5399055480957
2022-06-17,31.706302642822266
2022-06-21,33.348880767822266
2022-06-22,32.01387405395508
2022-06-23,30.827205657958984
2022-06-24,31.23293685913086
2022-06-27,32.14910888671875
2022-06-28,33.01730728149414
2022-06-29,31.869901657104492
2022-06-30,31.19804573059082
2022-07-01,31.66485595703125
2022-07-05,30.40838623046875
2022-07-06,29.889217376708984
2022-07-07,30.966814041137695
2022-07-08,30.9537296295166
2022-07-11,30.657060623168945
2022-07-12,30.05936050415039
2022-07-13,30.011377334594727
2022-07-14,29.4442081451416
2022-07-15,29.924114227294922
2022-07-18,30.609066009521484
2022-07-19,31.551422119140625
2022-07-20,31.856807708740234
2022-07-21,31.298376083374023
2022-07-22,31.040987014770508
2022-07-25,32.179664611816406
2022-07-26,31.88735008239746
2022-07-27,32.607200622558594
2022-07-28,32.790443420410156
2022-07-29,34.212703704833984
2022-08-01,33.50593948364258
2022-08-02,33.427406311035156
2022-08-03,32.467594146728516
2022-08-04,31.263484954833984
2022-08-05,31.882986068725586
2022-08-08,32.04877471923828
2022-08-09,32.611576080322266
2022-08-10,32.8471565246582
2022-08-11,33.97711944580078
2022-08-12,34.23451614379883
2022-08-15,33.56702423095703
2022-08-16,33.48849105834961
2022-08-17,33.7677001953125
2022-08-18,34.67516326904297
2022-08-19,34.66642761230469
2022-08-22,34.600990295410156
2022-08-23,35.84873580932617
2022-08-24,36.28936767578125
2022-08-25,36.56858825683594
2022-08-26,36.14103698730469
2022-08-29,36.686378479003906
2022-08-30,35.442996978759766
2022-08-31,35.120155334472656
2022-09-01,34.25632858276367
2022-09-02,34.88456726074219
2022-09-06,34.56172180175781
2022-09-07,34.160343170166016
2022-09-08,34.308677673339844
2022-09-09,35.16377639770508
2022-09-12,35.80946731567383
2022-09-13,34.9063720703125
2022-09-14,35.89236831665039
2022-09-15,34.96746063232422
2022-09-16,34.221431732177734
2022-09-19,34.24171829223633
2022-09-20,34.00355911254883
2022-09-21,33.50519561767578
2022-09-22,33.386112213134766
2022-09-23,31.083927154541016
2022-09-26,30.320941925048828
2022-09-27,30.660531997680664
2022-09-28,32.01891326904297
2022-09-29,32.01891326904297
2022-09-30,31.763113021850586
2022-10-03,33.55811309814453
2022-10-04,35.00028610229492
2022-10-05,35.72357940673828
2022-10-06,36.35866928100586
2022-10-07,36.076416015625
2022-10-10,35.335472106933594
2022-10-11,35.05322265625
2022-10-12,35.335472106933594
2022-10-13,36.777652740478516
2022-10-14,35.406036376953125
2022-10-17,35.84707260131836
2022-10-18,36.16020965576172
2022-10-19,37.227500915527344
2022-10-20,37.262779235839844
2022-10-21,38.33890914916992
2022-10-24,38.51972198486328
2022-10-25,38.559425354003906
2022-10-26,39.0842399597168
2022-10-27,39.22537612915039
2022-10-28,39.36209487915039
2022-10-31,39.692867279052734
2022-11-01,40.07656478881836
2022-11-02,39.11071014404297
2022-11-03,39.83400344848633
2022-11-04,40.31913375854492
2022-11-07,41.01155090332031
2022-11-08,41.051246643066406
2022-11-09,39.0445556640625
2022-11-10,39.913387298583984
2022-11-11,41.07329177856445
2022-11-14,41.06005859375
2022-11-15,41.492286682128906
2022-11-16,40.64550018310547
2022-11-17,40.733699798583984
2022-11-18,40.41175079345703
2022-11-21,39.8648796081543
2022-11-22,41.11299514770508
2022-11-23,40.66754913330078
2022-11-25,40.51759719848633
2022-11-28,39.40619659423828
2022-11-29,40.00159454345703
2022-11-30,40.20005798339844
2022-12-01,40.0677490234375
2022-12-02,39.82958984375
2022-12-05,38.64762878417969
2022-12-06,37.62884521484375
2022-12-07,37.5406379699707
2022-12-08,37.373043060302734
2022-12-09,36.46452331542969
2022-12-12,37.42155838012695
2022-12-13,38.13161849975586
2022-12-14,37.89787292480469
2022-12-15,37.66853332519531
2022-12-16,37.205448150634766
2022-12-19,37.20099639892578
2022-12-20,37.76241683959961
2022-12-21,38.479793548583984
2022-12-22,37.59309005737305
2022-12-23,38.79169845581055
2022-12-27,39.20608139038086
2022-12-28,38.32828903198242
2022-12-29,38.72930908203125
2022-12-30,38.9743766784668
2023-01-03,37.606468200683594
2023-01-04,37.60201644897461
2023-01-05,38.28819274902344
2023-01-06,39.01447677612305
2023-01-09,38.87635040283203
2023-01-10,39.152610778808594
2023-01-11,39.272911071777344
2023-01-12,40.021484375
2023-01-13,40.079402923583984
2023-01-17,40.164066314697266
2023-01-18,39.42886734008789
2023-01-19,39.91899871826172
2023-01-20,40.31555938720703
2023-01-23,40.36902618408203
2023-01-24,40.21307373046875
2023-01-25,40.217533111572266
2023-01-26,41.4874153137207
2023-01-27,40.64974594116211
2023-01-30,39.71849060058594
2023-01-31,40.070491790771484
2023-02-01,39.28182601928711
2023-02-02,38.38622283935547
2023-02-03,38.30156326293945
2023-02-06,38.12778854370117
2023-02-07,39.366485595703125
2023-02-08,39.01447677612305
2023-02-09,38.6802978515625
2023-02-10,40.195255279541016
2023-02-13,40.092777252197266
2023-02-14,40.106143951416016
2023-02-15,39.42441177368164
2023-02-16,39.03676986694336
2023-02-17,37.646568298339844
2023-02-21,37.45943069458008
2023-02-22,37.20990753173828
2023-02-23,37.77132797241211
2023-02-24,37.722320556640625
2023-02-27,37.83371353149414
2023-02-28,37.29010772705078
2023-03-01,38.025306701660156
2023-03-02,38.35947799682617
2023-03-03,38.88081359863281
2023-03-06,38.89863586425781
2023-03-07,38.22136306762695
2023-03-08,37.82925796508789
2023-03-09,37.29456329345703
2023-03-10,36.81780242919922
2023-03-13,36.06922912597656
2023-03-14,36.425697326660156
2023-03-15,34.469627380371094
2023-03-16,34.843902587890625
2023-03-17,34.295841217041016
2023-03-20,34.98244857788086
2023-03-21,36.19355010986328
2023-03-22,35.42366027832031
2023-03-23,34.93292236328125
2023-03-24,35.06798553466797
2023-03-27,35.81535720825195
2023-03-28,36.36913299560547
2023-03-29,36.873390197753906
2023-03-30,37.03547286987305
2023-03-31,37.2921028137207
2023-04-03,38.98044204711914
2023-04-04,38.273582458496094
2023-04-05,38.84987258911133
2023-04-06,38.260074615478516
2023-04-10,38.56623458862305
2023-04-11,38.930908203125
2023-04-12,38.957923889160156
2023-04-13,39.201045989990234
2023-04-14,39.273075103759766
2023-04-17,38.80934524536133
2023-04-18,38.962425231933594
2023-04-19,38.827354431152344
2023-04-20,38.48518753051758
2023-04-21,38.260074615478516
2023-04-24,38.84537124633789
2023-04-25,38.11600875854492
2023-04-26,37.60725021362305
2023-04-27,37.7423210144043
2023-04-28,38.32761001586914
2023-05-01,37.89539337158203
2023-05-02,36.2475700378418
2023-05-03,35.563228607177734
2023-05-04,35.167030334472656
2023-05-05,36.12151336669922
2023-05-08,36.12151336669922
2023-05-09,36.1350212097168
2023-05-10,35.72530746459961
2023-05-11,35.297603607177734
2023-05-12,35.351627349853516
2023-05-15,35.531715393066406
2023-05-16,34.658287048339844
2023-05-17,35.324615478515625
2023-05-18,35.58124542236328
2023-05-19,35.85588073730469
2023-05-22,35.707305908203125
2023-05-23,36.089996337890625
2023-05-24,36.2475700378418
2023-05-25,35.6037483215332
2023-05-26,35.46417999267578
2023-05-30,35.09950256347656
2023-05-31,34.482688903808594
2023-06-01,34.9104118347168
2023-06-02,35.972938537597656
2023-06-05,35.734317779541016
2023-06-06,36.022464752197266
2023-06-07,36.97693634033203
2023-06-08,36.81935501098633
2023-06-09,36.61676025390625
2023-06-12,36.265586853027344
2023-06-13,36.43666458129883
2023-06-14,36.06297302246094
2023-06-15,36.45918273925781
2023-06-16,36.405155181884766
2023-06-20,35.59033966064453
2023-06-21,35.87193298339844
2023-06-22,35.39048767089844
2023-06-23,35.136138916015625
2023-06-26,35.76747131347656
2023-06-27,35.84922790527344
2023-06-28,36.21257400512695
2023-06-29,36.63043212890625
2023-06-30,36.86660385131836
2023-07-03,36.95290756225586
2023-07-05,36.74851989746094
2023-07-06,35.92189025878906
2023-07-07,36.69402313232422
2023-07-10,36.980159759521484
2023-07-11,37.79315948486328
2023-07-12,38.142879486083984
2023-07-13,37.99754333496094
2023-07-14,36.993778228759766
2023-07-17,36.921112060546875
2023-07-18,37.29354476928711
2023-07-19,37.511558532714844
2023-07-20,37.952125549316406
2023-07-21,38.28822326660156
2023-07-24,38.90592575073242
2023-07-25,39.11030960083008
2023-07-26,39.12392807006836
2023-07-27,38.87412643432617
2023-07-28,38.99221420288086
2023-07-31,39.73255157470703
2023-08-01,39.54633331298828
2023-08-02,39.02855682373047
2023-08-03,39.423702239990234
2023-08-04,39.47819900512695
2023-08-07,39.52362060546875
2023-08-08,39.71892166137695
2023-08-09,40.218528747558594
2023-08-10,40.2140007019043
2023-08-11,40.83169174194336
2023-08-14,40.659095764160156
2023-08-15,39.81430435180664
2023-08-16,39.4691162109375
2023-08-17,39.94147872924805
2023-08-18,40.33662033081055
2023-08-21,40.082275390625
2023-08-22,39.7734260559082
2023-08-23,39.67349624633789
2023-08-24,39.40098571777344
2023-08-25,39.782508850097656
2023-08-28,40.050479888916016
2023-08-29,40.15949249267578
2023-08-30,40.35932922363281
2023-08-31,40.38657760620117
2023-09-01,41.213199615478516
2023-09-05,41.43121337890625
2023-09-06,41.44938278198242
2023-09-07,41.408504486083984
2023-09-08,41.80820083618164
2023-09-11,41.258628845214844
2023-09-12,42.230594635009766
2023-09-13,41.912654876708984
2023-09-14,42.40318298339844
2023-09-15,41.79003143310547
2023-09-18,42.1441650390625
2023-09-19,41.750675201416016
2023-09-20,41.36176681518555
2023-09-21,40.79441833496094
2023-09-22,40.86304473876953
2023-09-25,41.3754997253418
2023-09-26,41.1375732421875
2023-09-27,42.1624641418457
2023-09-28,42.208221435546875
2023-09-29,41.35719680786133
2023-10-02,40.53361511230469
2023-10-03,40.50616455078125
2023-10-04,39.23420333862305
2023-10-05,38.99169921875
2023-10-06,39.22505187988281
2023-10-09,40.53361511230469
2023-10-10,40.58395004272461
2023-10-11,40.06235122680664
2023-10-12,40.10810470581055
2023-10-13,40.99115753173828
2023-10-16,41.26567840576172
2023-10-17,41.69577407836914
2023-10-18,42.075523376464844
2023-10-19,42.00233459472656
2023-10-20,41.29771041870117
2023-10-23,40.62970733642578
2023-10-24,40.057769775390625
2023-10-25,39.98456954956055
2023-10-26,39.67343521118164
2023-10-27,38.72175216674805
2023-10-30,38.84986877441406
2023-10-31,38.97797393798828
2023-11-01,38.886470794677734
2023-11-02,40.06235122680664
2023-11-03,39.65970993041992
2023-11-06,39.211326599121094
2023-11-07,38.34199905395508
2023-11-08,37.861576080322266
2023-11-09,37.7471923828125
2023-11-10,38.16355514526367
2023-11-13,38.43807601928711
2023-11-14,38.78123474121094
2023-11-15,38.708030700683594
2023-11-16,37.95308303833008
2023-11-17,38.74920654296875
2023-11-20,38.80411148071289
2023-11-21,38.71717834472656
2023-11-22,38.69887924194336
2023-11-24,38.859012603759766
2023-11-27,38.72175216674805
2023-11-28,38.73090362548828
2023-11-29,38.44265365600586
2023-11-30,38.69887924194336
2023-12-01,38.90018844604492
2023-12-04,38.72175216674805
2023-12-05,38.044593811035156
2023-12-06,37.47724151611328
2023-12-07,37.22101593017578
2023-12-08,37.6236572265625
2023-12-11,37.669410705566406
2023-12-12,37.15238571166992
2023-12-13,37.669410705566406
2023-12-14,38.77666473388672
2023-12-15,38.570770263671875
2023-12-18,38.885807037353516
2023-12-19,39.35236358642578
2023-12-20,38.987422943115234
2023-12-21,39.139869689941406
2023-12-22,39.25535583496094
2023-12-26,39.592567443847656
2023-12-27,39.417030334472656
2023-12-28,38.8165168762207
2023-12-29,38.7287483215332
2024-01-02,39.144493103027344
2024-01-03,39.781959533691406
2024-01-04,39.08443832397461
2024-01-05,39.11677169799805
2024-01-08,38.66407775878906
2024-01-09,38.04507827758789
2024-01-10,37.6709098815918
2024-01-11,37.76792526245117
2024-01-12,38.192901611328125
2024-01-16,37.28288269042969
2024-01-17,36.973392486572266
2024-01-18,36.9133415222168
2024-01-19,37.03343963623047
2024-01-22,37.172019958496094
2024-01-23,37.25054931640625
2024-01-24,37.78178024291992
2024-01-25,38.631736755371094
2024-01-26,38.91813659667969
2024-01-29,38.86270523071289
2024-01-30,39.264591217041016
2024-01-31,38.53011703491211
2024-02-01,38.52549743652344
2024-02-02,38.580928802490234
2024-02-05,38.48392105102539
2024-02-06,38.608646392822266
2024-02-07,38.68717575073242
2024-02-08,39.08443832397461
2024-02-09,38.48392105102539
2024-02-12,38.908905029296875
2024-02-13,38.51625061035156
2024-02-14,38.47930145263672
2024-02-15,39.550994873046875
2024-02-16,39.527896881103516
2024-02-20,39.16758346557617
2024-02-21,39.902061462402344
2024-02-22,39.971351623535156
2024-02-23,39.70805358886719
2024-02-26,39.84663391113281
2024-02-27,39.67571258544922
2024-02-28,39.59718704223633
2024-02-29,39.79119873046875
2024-03-01,40.253135681152344
2024-03-04,39.82353591918945
2024-03-05,40.11917495727539
2024-03-06,40.243900299072266
2024-03-07,40.585731506347656
2024-03-08,40.72893142700195
2024-03-11,41.1492919921875
2024-03-12,41.08462142944336
2024-03-13,41.74057388305664
2024-03-14,42.170166015625
2024-03-15,42.29489517211914
2024-03-18,42.44111251831055
2024-03-19,42.9254150390625
2024-03-20,42.86487579345703
2024-03-21,43.120994567871094
2024-03-22,43.02785873413086
2024-03-25,43.42833709716797
2024-03-26,43.09305191040039
2024-03-27,43.493534088134766
2024-03-28,43.96385955810547
2024-04-01,44.28982162475586
2024-04-02,44.90916442871094
2024-04-03,45.21651077270508
2024-04-04,45.188568115234375
2024-04-05,45.67286682128906
2024-04-08,45.384151458740234
2024-04-09,45.39811706542969
2024-04-10,45.537818908691406
2024-04-11,45.505218505859375
2024-04-12,44.764801025390625
2024-04-15,44.345706939697266
2024-04-16,43.959197998046875
2024-04-17,43.83346939086914
2024-04-18,43.698421478271484
2024-04-19,44.224632263183594
2024-04-22,44.51334762573242
2024-04-23,44.76015090942383
2024-04-24,44.79275131225586
2024-04-25,44.99764633178711
2024-04-26,44.583194732666016
2024-04-29,44.8858757019043
2024-04-30,43.54940414428711
2024-05-01,42.85556411743164
2024-05-02,43.10236740112305
2024-05-03,43.10702133178711
2024-05-06,43.44696044921875
2024-05-07,43.40504837036133
2024-05-08,43.353824615478516
2024-05-09,43.935909271240234
2024-05-10,43.69377517700195
2024-05-13,43.57734680175781
2024-05-14,43.63322448730469
2024-05-15,43.731021881103516
2024-05-16,43.60994338989258
2024-05-17,44.219974517822266
2024-05-20,43.93125534057617
2024-05-21,43.71704864501953
2024-05-22,42.878841400146484
2024-05-23,42.48767852783203
2024-05-24,42.54822540283203
2024-05-28,42.98594665527344
2024-05-29,42.226905822753906
2024-05-30,42.34798049926758
2024-05-31,43.400390625
2024-06-03,42.26416015625
2024-06-04,41.85902786254883
2024-06-05,41.854366302490234
2024-06-06,42.07323455810547
2024-06-07,41.90559768676758
2024-06-10,42.22224426269531
2024-06-11,42.138427734375
2024-06-12,41.686729431152344
2024-06-13,41.30487823486328
2024-06-14,40.99753952026367
2024-06-17,41.10464096069336
2024-06-18,41.27694320678711
2024-06-20,42.03598403930664
2024-06-21,41.7938346862793
2024-06-24,42.84765625
2024-06-25,42.946231842041016
2024-06-26,42.523765563964844
2024-06-27,42.622344970703125
2024-06-28,42.78664016723633
2024-07-01,42.81010437011719
2024-07-02,42.777244567871094
2024-07-03,42.96501159667969
2024-07-05,42.29375457763672
2024-07-08,42.035579681396484
2024-07-09,41.66474533081055
2024-07-10,41.946388244628906
2024-07-11,42.38294219970703
2024-07-12,42.49090576171875
2024-07-15,43.133995056152344
2024-07-16,43.32645034790039
2024-07-17,43.7583122253418
2024-07-18,43.838111877441406
2024-07-19,43.35931396484375
2024-07-22,43.08705520629883
2024-07-23,42.4017219543457
2024-07-24,42.406410217285156
2024-07-25,43.13869094848633
2024-07-26,43.27481460571289
2024-07-29,42.90398406982422
2024-07-30,43.5705451965332
2024-07-31,43.75361251831055
2024-08-01,42.59417724609375
2024-08-02,41.49576187133789
2024-08-05,40.58041763305664
2024-08-06,40.82920455932617
2024-08-07,40.993492126464844
2024-08-08,41.87598419189453
2024-08-09,41.96986770629883
2024-08-12,42.17639923095703
2024-08-13,41.76802062988281
2024-08-14,42.012107849121094
2024-08-15,42.51437759399414
2024-08-16,42.46743392944336
2024-08-19,42.75377655029297
2024-08-20,41.627193450927734
2024-08-21,41.697601318359375
2024-08-22,41.805572509765625
2024-08-23,42.42988204956055
2024-08-26,42.81010437011719
2024-08-27,42.411109924316406
2024-08-28,42.138851165771484
2024-08-29,42.68806076049805
2024-08-30,42.84765625
2024-09-03,41.7821044921875
2024-09-04,41.20473098754883
2024-09-05,40.885528564453125
2024-09-06,40.373870849609375
2024-09-09,40.6649055480957
2024-09-10,39.965484619140625
2024-09-11,39.59465026855469
2024-09-12,39.95140075683594
2024-09-13,40.17671585083008
2024-09-16,40.636741638183594
2024-09-17,41.18594741821289
2024-09-18,41.2657470703125
2024-09-19,41.75862503051758
2024-09-20,41.66474533081055
2024-09-23,42.17921447753906
2024-09-24,42.0750846862793
2024-09-25,41.25157165527344
2024-09-26,40.4422492980957
2024-09-27,41.26576614379883
2024-09-30,41.55447006225586
2024-10-01,42.50104522705078
2024-10-02,42.93647003173828
2024-10-03,43.6937255859375
2024-10-04,44.10074996948242
2024-10-07,44.256935119628906
2024-10-08,43.10211944580078
2024-10-09,43.36241912841797
2024-10-10,43.65586471557617
2024-10-11,43.925636291503906
2024-10-14,43.90669631958008
2024-10-15,42.491580963134766
2024-10-16,42.69509506225586
2024-10-17,42.89860153198242
2024-10-18,42.75661849975586
2024-10-21,42.62882614135742
2024-10-22,42.728214263916016
2024-10-23,42.50577926635742
2024-10-24,42.50104522705078
2024-10-25,42.486846923828125
2024-10-28,42.21706771850586
2024-10-29,41.57340621948242
2024-10-30,41.66806411743164
2024-10-31,41.928367614746094
2024-11-01,41.663326263427734
2024-11-04,42.392189025878906
2024-11-05,42.6761589050293
2024-11-06,44.28059768676758
2024-11-07,44.07707977294922
2024-11-08,44.37052536010742
2024-11-11,44.621360778808594
2024-11-12,44.38472366333008
2024-11-13,44.730224609375
2024-11-14,44.900604248046875
2024-11-15,44.834346771240234
2024-11-18,45.43067932128906
2024-11-19,45.14197540283203
2024-11-20,45.59632873535156
2024-11-21,45.96549606323242
2024-11-22,46.03648376464844
2024-11-25,45.127777099609375
2024-11-26,45.066253662109375
2024-11-27,45.018924713134766
2024-11-29,45.21297073364258
2024-12-02,44.734954833984375
2024-12-03,44.730224609375
2024-12-04,43.6511344909668
2024-12-05,43.821510314941406
2024-12-06,43.078453063964844
2024-12-09,43.00746154785156
2024-12-10,42.71402359008789
2024-12-11,42.785011291503906
2024-12-12,42.43951416015625
2024-12-13,42.22654342651367
2024-12-16,41.29890441894531
2024-12-17,40.99125671386719
2024-12-18,39.77965545654297
2024-12-19,39.43415451049805
2024-12-20,39.8222541809082
2024-12-23,40.05610656738281
2024-12-24,40.394954681396484
2024-12-26,40.361549377441406
2024-12-27,40.356773376464844
2024-12-30,40.35200500488281
2024-12-31,40.88175964355469
2025-01-02,41.359012603759766
2025-01-03,41.74559020996094
2025-01-06,41.5546875
2025-01-07,41.969905853271484
2025-01-08,42.01285934448242
2025-01-10,42.184661865234375
2025-01-13,43.072364807128906
2025-01-14,43.53530502319336
2025-01-15,44.17959976196289
2025-01-16,44.49935531616211
2025-01-17,44.842979431152344
2025-01-21,44.61389923095703
2025-01-22,43.80256271362305
2025-01-23,44.00300598144531
2025-01-24,43.578250885009766
2025-01-27,43.1248664855957
2025-01-28,42.714420318603516
2025-01-29,42.809871673583984
2025-01-30,43.02941131591797
2025-01-31,41.826725006103516
2025-02-03,42.08921432495117
2025-02-04,42.97214126586914
2025-02-05,43.06282043457031
2025-02-06,42.27057647705078
2025-02-07,42.26580047607422
2025-02-10,43.19645309448242
2025-02-11,43.54485321044922
2025-02-12,42.4948844909668
2025-02-13,42.814640045166016
2025-02-14,42.986454010009766
2025-02-18,43.57347869873047
2025-02-19,43.91710662841797
2025-02-20,44.31800079345703
2025-02-21,43.39689636230469
2025-02-24,43.406436920166016
2025-02-25,42.7812385559082
2025-02-26,42.537837982177734
2025-02-27,42.76691818237305
2025-02-28,43.430301666259766
2025-03-03,41.912628173828125
2025-03-04,41.5069580078125
2025-03-05,40.900848388671875
2025-03-06,41.024932861328125
2025-03-07,41.726505279541016
2025-03-10,42.03671646118164
2025-03-11,41.702632904052734
2025-03-12,41.89353942871094
2025-03-13,41.60718536376953
2025-03-14,42.83850860595703
2025-03-17,43.5209846496582
2025-03-18,43.592567443847656
2025-03-19,44.30368423461914
2025-03-20,44.46595001220703
2025-03-21,44.15573501586914
2025-03-24,44.65884017944336
2025-03-25,44.84161376953125
2025-03-26,45.10614776611328
2025-03-27,44.66845703125
2025-03-28,44.456825256347656
2025-03-31,44.947425842285156
2025-04-01,45.21196365356445
2025-04-02,45.27449035644531
2025-04-03,41.72005844116211
2025-04-04,37.88185501098633
2025-04-07,37.63655471801758
2025-04-08,36.76598358154297
2025-04-09,39.61337661743164
2025-04-10,37.02571487426758
2025-04-11,37.944374084472656
2025-04-14,38.07905578613281
2025-04-15,38.021339416503906
2025-04-16,38.3339729309082
2025-04-17,39.19973373413086
2025-04-21,38.17525100708008
2025-04-22,39.146827697753906
2025-04-23,39.07468032836914
2025-04-24,39.699951171875
2025-04-25,39.6278076171875
2025-04-28,39.90677261352539
2025-04-29,39.79133987426758
2025-04-30,38.718753814697266
2025-05-01,38.8630485534668
2025-05-02,39.43060302734375
2025-05-05,38.718753814697266
2025-05-06,38.72837448120117
2025-05-07,38.74280548095703
2025-05-08,39.25264358520508
2025-05-09,39.64704132080078
2025-05-12,40.681148529052734
2025-05-13,41.25350570678711
2025-05-14,41.00340270996094
2025-05-15,41.17655563354492
2025-05-16,41.11402893066406
2025-05-19,40.580142974853516
2025-05-20,40.204978942871094
2025-05-21,39.46427536010742
2025-05-22,39.31036376953125
2025-05-23,39.4354133605957
2025-05-27,39.77690887451172
2025-05-28,39.271881103515625
2025-05-29,39.56528091430664
2025-05-30,39.21416091918945
2025-06-02,39.72881317138672
2025-06-03,40.20017623901367
2025-06-04,39.41617202758789
2025-06-05,39.3776969909668
2025-06-06,40.11840057373047
2025-06-09,40.19536209106445
2025-06-10,40.912017822265625
2025-06-11,41.503623962402344
2025-06-12,41.64791488647461
2025-06-13,42.37419128417969
2025-06-16,42.2491340637207
2025-06-17,42.64353942871094
2025-06-18,42.36457061767578
2025-06-20,42.797454833984375
2025-06-23,41.71517562866211
2025-06-24,41.17210006713867
2025-06-25,40.99268341064453
2025-06-26,41.579402923583984
2025-06-27,41.3612060546875
2025-06-30,41.12360763549805
2025-07-01,41.438785552978516
2025-07-02,42.151580810546875
2025-07-03,42.200069427490234
2025-07-07,41.79275894165039
2025-07-08,42.91770553588867
2025-07-09,42.699501037597656
2025-07-10,43.024383544921875
2025-07-11,43.21833801269531
2025-07-14,42.74314880371094
2025-07-15,42.1273307800293
2025-07-16,41.7636604309082
2025-07-17,42.02065658569336
2025-07-18,41.68123245239258
2025-07-21,41.24967956542969
2025-07-22,41.443634033203125
2025-07-23,42.09339141845703
2025-07-24,42.394020080566406
2025-07-25,42.2340087890625
2025-07-28,42.714046478271484
2025-07-29,43.13105392456055
2025-07-30,42.5152473449707
2025-07-31,42.28734588623047
2025-08-01,41.50182342529297
2025-08-04,41.409690856933594
2025-08-05,41.46303176879883
2025-08-06,41.0799674987793
2025-08-07,40.91995620727539
2025-08-08,41.18179702758789
2025-08-11,40.85206985473633
2025-08-12,41.050872802734375
2025-08-13,41.526065826416016
2025-08-14,41.487274169921875
2025-08-15,41.487274169921875
2025-08-18,41.239986419677734
2025-08-19,41.2545280456543
2025-08-20,41.59880447387695
2025-08-21,41.8848876953125
2025-08-22,42.7382926940918
2025-08-25,42.84982681274414
2025-08-26,42.78194046020508
2025-08-27,43.26197814941406
2025-08-28,43.591705322265625
2025-08-29,43.82929992675781
2025-09-02,43.892333984375
2025-09-03,42.90800476074219
2025-09-04,43.194095611572266
2025-09-05,42.36008071899414
2025-09-08,42.26310348510742
2025-09-09,42.466758728027344
2025-09-10,43.208641052246094
2025-09-11,43.21833801269531
2025-09-12,42.961341857910156
2025-09-15,42.815879821777344
2025-09-16,43.53351593017578
2025-09-17,43.63534164428711
2025-09-18,43.49957275390625
2025-09-19,42.922550201416016
2025-09-22,42.8731575012207
2025-09-23,43.61159133911133
2025-09-24,44.17886734008789
2025-09-25,44.57498550415039
2025-09-26,44.98576354980469
2025-09-29,44.15930938720703
2025-09-30,43.68983840942383
2025-10-01,43.68983840942383
2025-10-02,43.249717712402344
2025-10-03,43.479557037353516
2025-10-06,43.69472885131836
2025-10-07,43.7631950378418
2025-10-08,43.50890350341797
2025-10-09,42.917171478271484
2025-10-10,41.6750373840332
2025-10-13,42.242313385009766
2025-10-14,42.237422943115234
2025-10-15,42.21297073364258
2025-10-16,41.704383850097656
2025-10-17,42.04670333862305
2025-10-20,42.49171829223633
2025-10-21,42.39391326904297
2025-10-22,42.936737060546875
2025-10-23,43.50890350341797
2025-10-24,43.06877517700195
2025-10-27,43.17146682739258
2025-10-28,42.721561431884766
2025-10-29,43.039432525634766
2025-10-30,42.785133361816406
2025-10-31,43.09811019897461
2025-11-03,43.103004455566406
2025-11-04,42.638427734375
2025-11-05,42.75090408325195
2025-11-06,43.16657638549805
2025-11-07,43.78764724731445
2025-11-10,44.18375778198242
2025-11-11,44.76081466674805
2025-11-12,44.134857177734375
2025-11-13,44.24733352661133
2025-11-14,45.00043869018555
2025-11-17,44.17886734008789
2025-11-18,44.53096389770508
2025-11-19,43.953914642333984
2025-11-20,43.45510482788086
2025-11-21,43.72895812988281
2025-11-24,43.60670471191406
2025-11-25,43.332847595214844
2025-11-26,43.66049575805664
2025-11-28,44.23265838623047
2025-12-01,44.65811538696289
2025-12-02,44.0810661315918
2025-12-03,44.90752029418945
2025-12-04,45.098243713378906
2025-12-05,44.91240692138672
2025-12-08,44.42338180541992
2025-12-09,44.697242736816406
2025-12-10,45.16670608520508
2025-12-11,44.951534271240234
2025-12-12,44.51140594482422
2025-12-15,44.198429107666016
2025-12-16,42.84871292114258
2025-12-17,43.79742431640625
2025-12-18,43.16168975830078
2025-12-19,43.16168975830078
2025-12-22,43.608524322509766
2025-12-23,43.89457702636719
2025-12-24,43.76634979248047
2025-12-26,43.598663330078125
2025-12-29,44.01294708251953
2025-12-30,44.348323822021484
2025-12-31,44.101722717285156
2026-01-02,45.028934478759766
2026-01-05,46.2520637512207
2026-01-06,45.01906967163086
2026-01-07,44.51601028442383
2026-01-08,45.916690826416016
2026-01-09,46.035057067871094
2026-01-12,45.70954513549805
2026-01-13,46.360565185546875
2026-01-14,47.40614700317383
2026-01-15,46.9622688293457
2026-01-16,47.04117965698242
2026-01-20,46.9524040222168
2026-01-21,48.08675765991211
2026-01-22,48.24458312988281
2026-01-23,48.52077102661133
2026-01-26,48.55036544799805
2026-01-27,48.994239807128906
2026-01-28,49.36907196044922
2026-01-29,49.822811126708984
2026-01-30,50.355464935302734
2026-02-02,49.36907196044922
2026-02-03,50.9670295715332
2026-02-04,52.11125183105469
2026-02-05,51.49968719482422
2026-02-06,52.525535583496094
2026-02-09,52.91022872924805
2026-02-10,52.85104751586914
2026-02-11,54.231998443603516
2026-02-12,53.24560546875
2026-02-13,53.61056900024414
2026-02-17,53.018733978271484
2026-02-18,54.03471755981445
2026-02-19,54.42927932739258
2026-02-20,54.13336181640625
2026-02-23,54.399688720703125
2026-02-24,54.35036849975586
2026-02-25,54.12349319458008
2026-02-26,54.301048278808594
2026-02-27,55.15920639038086
2026-03-02,56.26397705078125
2026-03-03,55.75104522705078
2026-03-04,55.425537109375
2026-03-05,55.71158981323242
2026-03-06,55.80036544799805
2026-03-09,55.553768157958984
2026-03-10,54.843563079833984
2026-03-11,56.20479202270508
2026-03-12,56.727577209472656
2026-03-13,56.91499328613281
2026-03-16,57.112274169921875
2026-03-17,57.71397399902344
2026-03-18,57.63506317138672
2026-03-19,58.55241012573242
2026-03-20,58.50309371948242
2026-03-23,59.203041076660156
2026-03-24,60.40437698364258
2026-03-25,60.13631057739258
2026-03-26,61.07950973510742
2026-03-27,62.112064361572266
2026-03-30,61.516357421875
2026-03-31,60.82136917114258
2026-04-01,58.547767639160156
2026-04-02,58.82576370239258
2026-04-06,59.252685546875
2026-04-07,59.729248046875
2026-04-08,57.63435363769531
2026-04-09,56.91950988769531
2026-04-10,56.53230285644531
2026-04-13,56.70108413696289
2026-04-14,55.54939270019531
2026-04-15,55.360748291015625
2026-04-16,56.17488098144531
2026-04-17,54.62604904174805
2026-04-20,54.675689697265625
2026-04-21,55.46996307373047
2026-04-22,56.13516616821289
2026-04-23,56.57201385498047
2026-04-24,56.46280288696289
2026-04-27,56.363521575927734
2026-04-28,57.29678726196289
2026-04-29,58.607337951660156
2026-04-30,59.222900390625
2026-05-01,58.42862319946289
2026-05-04,58.964759826660156
2026-05-05,59.024330139160156
2026-05-06,56.59187316894531
2026-05-07,55.54939270019531
2026-05-08,55.30118179321289
2026-05-11,56.76065444946289
2026-05-12,57.15779113769531
2026-05-13,57.21736145019531
2026-05-14,57.654212951660156
2026-05-15,59.014400482177734
2026-05-18,60.146240234375
2026-05-19,60.851158142089844
2026-05-20,59.371822357177734
2026-05-21,58.70662307739258
2026-05-22,59.06404495239258
2026-05-26,57.43578338623047
2026-05-27,56.581947326660156
2026-05-28,56.542232513427734
2026-05-29,55.886959075927734
2026-06-01,56.88972473144531
2026-06-02,57.54499816894531
2026-06-03,58.28962707519531
2026-06-04,58.329341888427734
2026-06-05,57.25707244873047
2026-06-08,57.912349700927734
2026-06-09,56.97908020019531
2026-06-10,57.832923889160156
2026-06-11,56.71101379394531
2026-06-12,57.137935638427734
2026-06-15,55.15225601196289
2026-06-16,54.96361541748047
2026-06-17,54.2785530090332
2026-06-18,53.38500213623047
2026-06-22,54.060001373291016
2026-06-23,54.459999084472656
2026-06-24,53.56999969482422
2026-06-25,54.09000015258789
2026-06-26,53.84000015258789
2026-06-29,53.58000183105469
2026-06-30,53.11000061035156
2026-07-01,52.810001373291016
2026-07-02,53.220001220703125
2026-07-06,53.130001068115234
2026-07-07,54.63999938964844
2026-07-08,55.599998474121094
2026-07-09,54.81999969482422
2026-07-10,55.08000183105469
2026-07-13,56.7400016784668
2026-07-14,56.95000076293945
2026-07-15,56.5
2026-07-16,57.02000045776367
2026-07-17,57.68000030517578
2026-07-20,57.939998626708984
2026-07-21,58.5
2026-07-22,59.20000076293945
2026-07-23,59.380001068115234
2026-07-24,59.619998931884766
2026-07-27,58.36000061035156
2026-07-28,57.56999969482422
2026-07-29,58.650001525878906
2026-07-30,58.959999084472656
2026-07-31,59.54999923706055
2026-08-03,58.790000915527344
2026-08-04,58.52000045776367
2026-08-05,57.310001373291016
2026-08-06,58.15999984741211
2026-08-07,57.5
2026-08-10,60.18000030517578
2026-08-11,60.93000030517578
2026-08-12,61.029998779296875
2026-08-13,61.060001373291016
2026-08-14,61.90999984741211
2026-08-17,62.58000183105469
2026-08-18,63.68000030517578
2026-08-19,63.58000183105469
2026-08-20,63.75
2026-08-21,63.63999938964844
2026-08-24,63.11000061035156
2026-08-25,62.060001373291016
2026-08-26,62.43000030517578
2026-08-27,62.290000915527344
2026-08-28,62.68000030517578
2026-08-31,63.959999084472656
2026-09-01,64.7699966430664
2026-09-02,65.0999984741211
2026-09-03,64.62000274658203
2026-09-04,64.05999755859375
2026-09-08,64.7699966430664
2026-09-09,65.30999755859375
2026-09-10,64.93000030517578
2026-09-11,65.13999938964844
2026-09-14,64.52999877929688
2026-09-15,65.93000030517578
2026-09-16,64.02999877929688
2026-09-17,64.4800033569336
2026-09-18,64.30999755859375
