date,close
1998-12-22,11.124485969543457
1998-12-23,11.288516998291016
1998-12-24,11.36307430267334
1998-12-28,11.213960647583008
1998-12-29,11.333253860473633
1998-12-30,11.288516998291016
1998-12-31,11.184142112731934
1999-01-04,11.184142112731934
1999-01-05,11.288516998291016
1999-01-06,11.64641284942627
1999-01-07,11.825360298156738
1999-01-08,11.899922370910645
1999-01-11,11.720974922180176
1999-01-12,11.392906188964844
1999-01-13,11.243785858154297
1999-01-14,10.960447311401367
1999-01-15,11.273606300354004
1999-01-19,11.213960647583008
1999-01-20,11.295978546142578
1999-01-21,11.094663619995117
1999-01-22,11.020100593566895
1999-01-25,11.109575271606445
1999-01-26,11.117030143737793
1999-01-27,10.975366592407227
1999-01-28,11.139397621154785
1999-01-29,11.37799072265625
1999-02-01,11.184142112731934
1999-02-02,11.064838409423828
1999-02-03,11.14685344696045
1999-02-04,10.885890007019043
1999-02-05,10.796417236328125
1999-02-08,10.766593933105469
1999-02-09,10.617471694946289
1999-02-10,10.706944465637207
1999-02-11,11.139397621154785
1999-02-12,10.975366592407227
1999-02-16,11.139397621154785
1999-02-17,11.184142112731934
1999-02-18,11.295978546142578
1999-02-19,11.333253860473633
1999-02-22,11.661322593688965
1999-02-23,11.810441970825195
1999-02-24,11.4227294921875
1999-02-25,11.348169326782227
1999-02-26,11.556941986083984
1999-03-01,11.601675033569336
1999-03-02,11.631505012512207
1999-03-03,11.519659042358398
1999-03-04,11.780621528625488
1999-03-05,12.07886791229248
1999-03-08,11.996849060058594
1999-03-09,12.09377384185791
1999-03-10,12.317460060119629
1999-03-11,12.37711238861084
1999-03-12,12.399474143981934
1999-03-15,12.436763763427734
1999-03-16,12.257810592651367
1999-03-17,12.153425216674805
1999-03-18,12.436763763427734
1999-03-19,12.200637817382812
1999-03-22,12.230546951293945
1999-03-23,11.811888694763184
1999-03-24,11.781991958618164
1999-03-25,12.05112075805664
1999-03-26,11.946459770202637
1999-03-29,12.215585708618164
1999-03-30,12.073546409606934
1999-03-31,11.93150806427002
1999-04-01,11.961410522460938
1999-04-05,12.200637817382812
1999-04-06,12.110929489135742
1999-04-07,12.439871788024902
1999-04-08,12.66413688659668
1999-04-09,12.634235382080078
1999-04-12,12.858515739440918
1999-04-13,12.843565940856934
1999-04-14,12.679099082946777
1999-04-15,12.559479713439941
1999-04-16,12.499673843383789
1999-04-19,12.499673843383789
1999-04-20,12.66413688659668
1999-04-21,12.858515739440918
1999-04-22,12.99307918548584
1999-04-23,12.948226928710938
1999-04-26,12.753850936889648
1999-04-27,12.978128433227539
1999-04-28,12.903379440307617
1999-04-29,12.948226928710938
1999-04-30,12.768807411193848
1999-05-03,12.918322563171387
1999-05-04,12.514627456665039
1999-05-05,12.589384078979492
1999-05-06,12.380059242248535
1999-05-07,12.619288444519043
1999-05-10,12.574433326721191
1999-05-11,12.723950386047363
1999-05-12,12.903379440307617
1999-05-13,13.022988319396973
1999-05-14,12.619288444519043
1999-05-17,12.380059242248535
1999-05-18,12.409961700439453
1999-05-19,12.499673843383789
1999-05-20,12.335197448730469
1999-05-21,12.305299758911133
1999-05-24,12.036170959472656
1999-05-25,11.722186088562012
1999-05-26,12.103453636169434
1999-05-27,11.811888694763184
1999-05-28,11.99878978729248
1999-06-01,11.826841354370117
1999-06-02,11.752090454101562
1999-06-03,11.744614601135254
1999-06-04,11.961410522460938
1999-06-07,12.185685157775879
1999-06-08,11.968892097473145
1999-06-09,11.938986778259277
1999-06-10,11.714712142944336
1999-06-11,11.737135887145996
1999-06-14,11.677324295043945
1999-06-15,11.737135887145996
1999-06-16,12.043646812438965
1999-06-17,12.275397300720215
1999-06-18,12.294462203979492
1999-06-21,12.369429588317871
1999-06-22,12.234496116638184
1999-06-23,12.114547729492188
1999-06-24,11.919637680053711
1999-06-25,11.94962215423584
1999-06-28,12.226997375488281
1999-06-29,12.264486312866211
1999-06-30,12.519372940063477
1999-07-01,12.654308319091797
1999-07-02,12.654308319091797
1999-07-06,12.759260177612305
1999-07-07,12.714284896850586
1999-07-08,12.669296264648438
1999-07-09,12.684288024902344
1999-07-12,12.579341888427734
1999-07-13,12.444400787353516
1999-07-14,12.474392890930176
1999-07-15,12.586834907531738
1999-07-16,12.654308319091797
1999-07-19,12.564349174499512
1999-07-20,12.406912803649902
1999-07-21,12.264486312866211
1999-07-22,12.2794771194458
1999-07-23,12.144537925720215
1999-07-26,12.189515113830566
1999-07-27,12.354442596435547
1999-07-28,12.204510688781738
1999-07-29,12.0245943069458
1999-07-30,11.754714965820312
1999-08-02,11.694746017456055
1999-08-03,11.544801712036133
1999-08-04,11.394875526428223
1999-08-05,11.439855575561523
1999-08-06,11.13999080657959
1999-08-09,11.169973373413086
1999-08-10,10.975054740905762
1999-08-11,11.18497085571289
1999-08-12,11.237443923950195
1999-08-13,11.604776382446289
1999-08-16,11.55980110168457
1999-08-17,11.979612350463867
1999-08-18,11.852169036865234
1999-08-19,11.694746017456055
1999-08-20,11.859663009643555
1999-08-23,12.174521446228027
1999-08-24,12.204510688781738
1999-08-25,12.107053756713867
1999-08-26,11.829671859741211
1999-08-27,11.634766578674316
1999-08-30,11.252440452575684
1999-08-31,11.237443923950195
1999-09-01,11.289921760559082
1999-09-02,11.07252311706543
1999-09-03,11.634766578674316
1999-09-07,11.319916725158691
1999-09-08,11.244948387145996
1999-09-09,11.110002517700195
1999-09-10,11.192461967468262
1999-09-13,11.08751106262207
1999-09-14,10.885106086730957
1999-09-15,10.83262825012207
1999-09-16,10.79514217376709
1999-09-17,11.026809692382812
1999-09-20,10.898946762084961
1999-09-21,10.725944519042969
1999-09-22,10.718421936035156
1999-09-23,10.635684967041016
1999-09-24,10.710898399353027
1999-09-27,10.530381202697754
1999-09-28,10.515336036682129
1999-09-29,10.440118789672852
1999-09-30,10.65072250366211
1999-10-01,10.47020435333252
1999-10-04,10.868855476379395
1999-10-05,10.913987159729004
1999-10-06,11.102032661437988
1999-10-07,10.996726989746094
1999-10-08,11.192290306091309
1999-10-11,11.07193660736084
1999-10-12,10.861334800720215
1999-10-13,10.537903785705566
1999-10-14,10.52286434173584
1999-10-15,10.048988342285156
1999-10-18,10.372425079345703
1999-10-19,10.590555191040039
1999-10-20,10.77859878540039
1999-10-21,10.83124828338623
1999-10-22,11.282548904418945
1999-10-25,11.184764862060547
1999-10-26,11.01176643371582
1999-10-27,11.553332328796387
1999-10-28,12.373198509216309
1999-10-29,12.305503845214844
1999-11-01,12.155069351196289
1999-11-02,12.14002799987793
1999-11-03,12.087377548217773
1999-11-04,12.230281829833984
1999-11-05,12.53115177154541
1999-11-08,12.463458061218262
1999-11-09,12.222761154174805
1999-11-10,12.034727096557617
1999-11-11,11.967024803161621
1999-11-12,12.486024856567383
1999-11-15,12.478498458862305
1999-11-16,12.816974639892578
1999-11-17,12.546198844909668
1999-11-18,12.508586883544922
1999-11-19,12.320544242858887
1999-11-22,12.275416374206543
1999-11-23,12.079849243164062
1999-11-24,11.93693733215332
1999-11-26,11.85420036315918
1999-11-29,11.568376541137695
1999-11-30,11.763938903808594
1999-12-01,11.673677444458008
1999-12-02,11.726325988769531
1999-12-03,12.004629135131836
1999-12-06,11.681204795837402
1999-12-07,11.658637046813965
1999-12-08,11.380334854125977
1999-12-09,11.545804977416992
1999-12-10,11.748895645141602
1999-12-13,11.613506317138672
1999-12-14,11.335200309753418
1999-12-15,11.305116653442383
1999-12-16,11.056892395019531
1999-12-17,11.142781257629395
1999-12-20,11.05218505859375
1999-12-21,11.263566017150879
1999-12-22,11.263566017150879
1999-12-23,11.44475269317627
1999-12-27,11.35416316986084
1999-12-28,11.308868408203125
1999-12-29,11.42210578918457
1999-12-30,11.474950790405273
1999-12-31,11.482501029968262
2000-01-03,11.05218505859375
2000-01-04,10.569031715393066
2000-01-05,10.485995292663574
2000-01-06,10.946496963500977
2000-01-07,11.127679824829102
2000-01-10,10.931395530700684
2000-01-11,10.750214576721191
2000-01-12,10.96159553527832
2000-01-13,11.293764114379883
2000-01-14,11.557992935180664
2000-01-18,11.1729736328125
2000-01-19,11.135225296020508
2000-01-20,10.931395530700684
2000-01-21,10.795507431030273
2000-01-24,10.599227905273438
2000-01-25,10.712472915649414
2000-01-26,11.112579345703125
2000-01-27,11.233372688293457
2000-01-28,10.840810775756836
2000-01-31,11.142781257629395
2000-02-01,11.20317554473877
2000-02-02,11.08993148803711
2000-02-03,11.021987915039062
2000-02-04,10.908748626708984
2000-02-07,10.795507431030273
2000-02-08,10.916302680969238
2000-02-09,10.659625053405762
2000-02-10,10.365202903747559
2000-02-11,10.387847900390625
2000-02-14,10.478437423706055
2000-02-15,10.493536949157715
2000-02-16,10.274611473083496
2000-02-17,10.146272659301758
2000-02-18,9.78390121459961
2000-02-22,9.874497413635254
2000-02-23,9.836748123168945
2000-02-24,9.632916450500488
2000-02-25,9.572524070739746
2000-02-28,9.88204574584961
2000-02-29,9.949984550476074
2000-03-01,10.085874557495117
2000-03-02,10.025482177734375
2000-03-03,10.11607551574707
2000-03-06,10.01793384552002
2000-03-07,9.715963363647461
2000-03-08,9.602720260620117
2000-03-09,9.65556526184082
2000-03-10,9.685763359069824
2000-03-13,9.78390121459961
2000-03-14,9.746159553527832
2000-03-15,10.34255313873291
2000-03-16,11.233372688293457
2000-03-17,11.236706733703613
2000-03-20,11.024551391601562
2000-03-21,11.426129341125488
2000-03-22,11.524625778198242
2000-03-23,11.9262113571167
2000-03-24,12.062599182128906
2000-03-27,11.668595314025879
2000-03-28,11.759513854980469
2000-03-29,11.668595314025879
2000-03-30,11.691330909729004
2000-03-31,11.767094612121582
2000-04-03,12.335372924804688
2000-04-04,11.842862129211426
2000-04-05,11.75194263458252
2000-04-06,11.880753517150879
2000-04-07,11.638286590576172
2000-04-10,11.971677780151367
2000-04-11,12.123218536376953
2000-04-12,12.17625617980957
2000-04-13,11.858016967773438
2000-04-14,10.895740509033203
2000-04-17,10.986658096313477
2000-04-18,11.426129341125488
2000-04-19,11.274585723876953
2000-04-20,11.486749649047852
2000-04-24,11.759513854980469
2000-04-25,12.123218536376953
2000-04-26,11.880753517150879
2000-04-27,11.638286590576172
2000-04-28,11.880753517150879
2000-05-01,11.615556716918945
2000-05-02,11.50190258026123
2000-05-03,11.297317504882812
2000-05-04,11.123046875
2000-05-05,11.198823928833008
2000-05-08,11.418551445007324
2000-05-09,11.388240814208984
2000-05-10,11.085165977478027
2000-05-11,11.418551445007324
2000-05-12,11.54736328125
2000-05-15,12.062599182128906
2000-05-16,11.994406700134277
2000-05-17,11.789819717407227
2000-05-18,11.94137191772461
2000-05-19,11.729209899902344
2000-05-22,11.880753517150879
2000-05-23,11.95651626586914
2000-05-24,12.108065605163574
2000-05-25,11.804980278015137
2000-05-26,11.759513854980469
2000-05-30,12.001983642578125
2000-05-31,12.145947456359863
2000-06-01,12.547521591186523
2000-06-02,13.062767028808594
2000-06-05,12.767264366149902
2000-06-06,12.486909866333008
2000-06-07,12.66876220703125
2000-06-08,12.45660400390625
2000-06-09,12.244447708129883
2000-06-12,12.350523948669434
2000-06-13,12.335372924804688
2000-06-14,12.547521591186523
2000-06-15,12.252028465270996
2000-06-16,11.678500175476074
2000-06-19,11.98263168334961
2000-06-20,11.830564498901367
2000-06-21,11.739327430725098
2000-06-22,11.731724739074707
2000-06-23,11.648089408874512
2000-06-26,11.830564498901367
2000-06-27,11.944612503051758
2000-06-28,11.853372573852539
2000-06-29,11.84577465057373
2000-06-30,11.556852340698242
2000-07-03,11.769737243652344
2000-07-05,11.8989896774292
2000-07-06,11.990228652954102
2000-07-07,12.195520401000977
2000-07-10,12.22592830657959
2000-07-11,12.286752700805664
2000-07-12,12.461624145507812
2000-07-13,12.33997631072998
2000-07-14,12.54526138305664
2000-07-17,12.309563636779785
2000-07-18,12.33237361907959
2000-07-19,12.286752700805664
2000-07-20,12.598487854003906
2000-07-21,12.560474395751953
2000-07-24,12.63650131225586
2000-07-25,12.659317016601562
2000-07-26,12.598487854003906
2000-07-27,12.63650131225586
2000-07-28,12.362789154052734
2000-07-31,12.575675964355469
2000-08-01,12.659317016601562
2000-08-02,12.644105911254883
2000-08-03,12.97864818572998
2000-08-04,13.480454444885254
2000-08-07,13.518468856811523
2000-08-08,13.518468856811523
2000-08-09,13.427236557006836
2000-08-10,13.351200103759766
2000-08-11,13.556488037109375
2000-08-14,13.73136043548584
2000-08-15,13.480454444885254
2000-08-16,13.320794105529785
2000-08-17,13.495672225952148
2000-08-18,13.396820068359375
2000-08-21,13.503264427185059
2000-08-22,13.647723197937012
2000-08-23,13.472859382629395
2000-08-24,13.450053215026855
2000-08-25,13.267568588256836
2000-08-28,13.518468856811523
2000-08-29,13.381611824035645
2000-08-30,13.503264427185059
2000-08-31,13.853014945983887
2000-09-01,13.624917030334473
2000-09-05,13.792183876037598
2000-09-06,13.898628234863281
2000-09-07,13.784579277038574
2000-09-08,14.096321105957031
2000-09-11,14.377632141113281
2000-09-12,14.354826927185059
2000-09-13,14.26358413696289
2000-09-14,14.210363388061523
2000-09-15,13.978772163391113
2000-09-18,13.513579368591309
2000-09-19,13.803363800048828
2000-09-20,13.605088233947754
2000-09-21,13.452564239501953
2000-09-22,13.71185302734375
2000-09-25,13.93301010131836
2000-09-26,13.841503143310547
2000-09-27,13.84912109375
2000-09-28,14.199930191040039
2000-09-29,14.15417194366455
2000-10-02,14.352452278137207
2000-10-03,14.337204933166504
2000-10-04,14.15417194366455
2000-10-05,14.2914400100708
2000-10-06,13.696599006652832
2000-10-09,13.483068466186523
2000-10-10,13.094138145446777
2000-10-11,13.11701774597168
2000-10-12,12.354394912719727
2000-10-13,12.99499797821045
2000-10-16,13.10938835144043
2000-10-17,12.750953674316406
2000-10-18,12.606066703796387
2000-10-19,13.20090389251709
2000-10-20,13.254284858703613
2000-10-23,13.03312873840332
2000-10-24,13.361053466796875
2000-10-25,13.43731689453125
2000-10-26,13.0026273727417
2000-10-27,13.429686546325684
2000-10-30,13.917757034301758
2000-10-31,14.032161712646484
2000-11-01,13.97114372253418
2000-11-02,14.039778709411621
2000-11-03,14.0016508102417
2000-11-06,14.192304611206055
2000-11-07,14.146539688110352
2000-11-08,13.894886016845703
2000-11-09,13.994024276733398
2000-11-10,13.841503143310547
2000-11-13,13.513579368591309
2000-11-14,13.589841842651367
2000-11-15,13.483068466186523
2000-11-16,13.43731689453125
2000-11-17,13.330552101135254
2000-11-20,12.933987617492676
2000-11-21,12.964493751525879
2000-11-22,12.651823997497559
2000-11-24,12.743330955505371
2000-11-27,12.918729782104492
2000-11-28,13.056000709533691
2000-11-29,13.376306533813477
2000-11-30,13.315291404724121
2000-12-01,13.239041328430176
2000-12-04,13.178023338317871
2000-12-05,13.7271146774292
2000-12-06,13.666096687316895
2000-12-07,13.696599006652832
2000-12-08,14.093155860900879
2000-12-11,14.20755672454834
2000-12-12,14.039778709411621
2000-12-13,14.047405242919922
2000-12-14,13.643218994140625
2000-12-15,13.586522102355957
2000-12-18,13.984549522399902
2000-12-19,13.831452369689941
2000-12-20,13.701336860656738
2000-12-21,14.02281665802002
2000-12-22,14.13763427734375
2000-12-26,14.390225410461426
2000-12-27,14.482076644897461
2000-12-28,14.627514839172363
2000-12-29,14.451464653015137
2001-01-02,14.045774459838867
2001-01-03,14.80356502532959
2001-01-04,14.543319702148438
2001-01-05,14.237137794494629
2001-01-08,14.091703414916992
2001-01-09,13.854419708251953
2001-01-10,14.084051132202148
2001-01-11,14.114669799804688
2001-01-12,13.846763610839844
2001-01-16,14.091703414916992
2001-01-17,14.114669799804688
2001-01-18,13.907990455627441
2001-01-19,13.808494567871094
2001-01-22,14.053437232971191
2001-01-23,14.191205024719238
2001-01-24,14.275413513183594
2001-01-25,14.405529022216797
2001-01-26,14.45911693572998
2001-01-29,14.471063613891602
2001-01-30,14.598427772521973
2001-01-31,14.41717529296875
2001-02-01,14.436765670776367
2001-02-02,14.475953102111816
2001-02-05,14.573922157287598
2001-02-06,14.289798736572266
2001-02-07,14.255504608154297
2001-02-08,14.216314315795898
2001-02-09,14.27510929107666
2001-02-12,14.475953102111816
2001-02-13,14.392680168151855
2001-02-14,14.226113319396973
2001-02-15,14.226113319396973
2001-02-16,14.231008529663086
2001-02-20,13.706841468811035
2001-02-21,13.300248146057129
2001-02-22,13.393324851989746
2001-02-23,13.329635620117188
2001-02-26,13.623571395874023
2001-02-27,13.770524024963379
2001-02-28,13.447202682495117
2001-03-01,13.461905479431152
2001-03-02,13.481499671936035
2001-03-05,13.412918090820312
2001-03-06,13.452102661132812
2001-03-07,13.736236572265625
2001-03-08,13.790115356445312
2001-03-09,13.471705436706543
2001-03-12,12.810368537902832
2001-03-13,13.15328311920166
2001-03-14,12.545825004577637
2001-03-15,12.923032760620117
2001-03-16,12.754449844360352
2001-03-19,12.901905059814453
2001-03-20,12.543105125427246
2001-03-21,12.179394721984863
2001-03-22,11.864837646484375
2001-03-23,12.366161346435547
2001-03-26,12.562763214111328
2001-03-27,12.916646957397461
2001-03-28,12.847830772399902
2001-03-29,12.818349838256836
2001-03-30,13.044435501098633
2001-04-02,13.10341739654541
2001-04-03,12.661064147949219
2001-04-04,12.351422309875488
2001-04-05,12.803598403930664
2001-04-06,12.518526077270508
2001-04-09,12.513615608215332
2001-04-10,12.877325057983398
2001-04-11,12.985453605651855
2001-04-12,13.083748817443848
2001-04-16,12.990372657775879
2001-04-17,13.098504066467285
2001-04-18,13.648978233337402
2001-04-19,13.722711563110352
2001-04-20,13.486787796020508
2001-04-23,13.319673538208008
2001-04-24,13.250863075256348
2001-04-25,13.393392562866211
2001-04-26,13.44746208190918
2001-04-27,13.737462997436523
2001-04-30,13.516273498535156
2001-05-01,13.629319190979004
2001-05-02,13.737462997436523
2001-05-03,13.742362976074219
2001-05-04,13.909475326538086
2001-05-07,13.82101058959961
2001-05-08,13.67846965789795
2001-05-09,13.663725852966309
2001-05-10,13.668642044067383
2001-05-11,13.540855407714844
2001-05-14,13.653898239135742
2001-05-15,13.737462997436523
2001-05-16,14.106080055236816
2001-05-17,14.03235149383545
2001-05-18,13.95370864868164
2001-05-21,14.150312423706055
2001-05-22,14.292852401733398
2001-05-23,14.233864784240723
2001-05-24,14.287941932678223
2001-05-25,14.096246719360352
2001-05-29,14.106080055236816
2001-05-30,13.988117218017578
2001-05-31,14.110993385314941
2001-06-01,14.086419105529785
2001-06-04,14.19946002960205
2001-06-05,14.263354301452637
2001-06-06,14.155228614807129
2001-06-07,14.061843872070312
2001-06-08,13.978290557861328
2001-06-11,13.84558391571045
2001-06-12,13.889824867248535
2001-06-13,13.776775360107422
2001-06-14,13.53593635559082
2001-06-15,13.605497360229492
2001-06-18,13.640021324157715
2001-06-19,13.763350486755371
2001-06-20,13.837349891662598
2001-06-21,14.394796371459961
2001-06-22,14.207327842712402
2001-06-25,14.093867301940918
2001-06-26,13.916275024414062
2001-06-27,13.921215057373047
2001-06-28,14.103734970092773
2001-06-29,14.010007858276367
2001-07-02,14.182658195495605
2001-07-03,14.17280101776123
2001-07-05,14.084005355834961
2001-07-06,13.797887802124023
2001-07-09,13.842280387878418
2001-07-10,13.506832122802734
2001-07-11,13.48216438293457
2001-07-12,13.71895980834961
2001-07-13,13.881742477416992
2001-07-16,13.684420585632324
2001-07-17,13.96561336517334
2001-07-18,13.886669158935547
2001-07-19,13.792951583862305
2001-07-20,13.728818893432617
2001-07-23,13.654826164245605
2001-07-24,13.47723388671875
2001-07-25,13.580828666687012
2001-07-26,13.689359664916992
2001-07-27,13.768291473388672
2001-07-30,13.723891258239746
2001-07-31,13.876810073852539
2001-08-01,13.936010360717773
2001-08-02,13.916275024414062
2001-08-03,13.975473403930664
2001-08-06,13.773218154907227
2001-08-07,13.921215057373047
2001-08-08,13.640021324157715
2001-08-09,13.7041597366333
2001-08-10,13.714027404785156
2001-08-13,13.699214935302734
2001-08-14,13.7041597366333
2001-08-15,13.649894714355469
2001-08-16,13.610433578491211
2001-08-17,13.408164024353027
2001-08-20,13.541358947753906
2001-08-21,13.373638153076172
2001-08-22,13.432831764221191
2001-08-23,13.437761306762695
2001-08-24,13.472296714782715
2001-08-27,13.339107513427734
2001-08-28,13.126981735229492
2001-08-29,13.00859260559082
2001-08-30,12.919792175292969
2001-08-31,12.959254264831543
2001-09-04,12.90499496459961
2001-09-05,12.826067924499512
2001-09-06,12.53007984161377
2001-09-07,12.28342056274414
2001-09-10,12.308089256286621
2001-09-17,11.765442848205566
2001-09-18,11.617451667785645
2001-09-19,11.533590316772461
2001-09-20,11.025483131408691
2001-09-21,10.851561546325684
2001-09-24,11.416431427001953
2001-09-25,11.599776268005371
2001-09-26,11.713737487792969
2001-09-27,11.906981468200684
2001-09-28,12.22905445098877
2001-10-01,12.194371223449707
2001-10-02,12.36285400390625
2001-10-03,12.561052322387695
2001-10-04,12.461946487426758
2001-10-05,12.12005615234375
2001-10-08,11.847521781921387
2001-10-09,11.946622848510742
2001-10-10,12.134920120239258
2001-10-11,12.328170776367188
2001-10-12,12.134920120239258
2001-10-15,12.189422607421875
2001-10-16,12.387629508972168
2001-10-17,12.26374626159668
2001-10-18,12.248886108398438
2001-10-19,12.050682067871094
2001-10-22,12.343034744262695
2001-10-23,12.372761726379395
2001-10-24,12.328170776367188
2001-10-25,12.491673469543457
2001-10-26,12.63537883758545
2001-10-29,12.189422607421875
2001-10-30,12.164647102355957
2001-10-31,12.055633544921875
2001-11-01,12.25383472442627
2001-11-02,12.318256378173828
2001-11-05,12.585826873779297
2001-11-06,12.739424705505371
2001-11-07,12.788983345031738
2001-11-08,12.828619956970215
2001-11-09,12.744383811950684
2001-11-12,12.684928894042969
2001-11-13,13.026822090148926
2001-11-14,13.002045631408691
2001-11-15,12.922768592834473
2001-11-16,12.858352661132812
2001-11-19,13.120967864990234
2001-11-20,13.046647071838379
2001-11-21,12.932676315307617
2001-11-23,13.130879402160645
2001-11-26,13.200252532958984
2001-11-27,13.229982376098633
2001-11-28,12.833578109741211
2001-11-29,12.972326278686523
2001-11-30,12.838536262512207
2001-12-03,12.660148620605469
2001-12-04,12.833578109741211
2001-12-05,13.011957168579102
2001-12-06,13.18043041229248
2001-12-07,13.091239929199219
2001-12-10,12.883131980895996
2001-12-11,12.9574556350708
2001-12-12,12.9079008102417
2001-12-13,12.704750061035156
2001-12-14,12.63537883758545
2001-12-17,12.808806419372559
2001-12-18,12.927726745605469
2001-12-19,13.18043041229248
2001-12-20,13.125919342041016
2001-12-21,13.033855438232422
2001-12-24,13.02390193939209
2001-12-26,13.08362102508545
2001-12-27,13.073668479919434
2001-12-28,13.213018417358398
2001-12-31,13.088601112365723
2002-01-02,13.073668479919434
2002-01-03,13.163259506225586
2002-01-04,13.337438583374023
2002-01-07,13.302599906921387
2002-01-08,13.118456840515137
2002-01-09,13.188132286071777
2002-01-10,13.13836669921875
2002-01-11,13.06371784210205
2002-01-14,12.964181900024414
2002-01-15,13.24785327911377
2002-01-16,13.08362102508545
2002-01-17,13.208043098449707
2002-01-18,13.15827751159668
2002-01-22,13.113486289978027
2002-01-23,13.173208236694336
2002-01-24,13.188132286071777
2002-01-25,13.272736549377441
2002-01-28,13.13836669921875
2002-01-29,12.566054344177246
2002-01-30,12.725303649902344
2002-01-31,12.939305305480957
2002-02-01,12.780050277709961
2002-02-04,12.317221641540527
2002-02-05,12.317221641540527
2002-02-06,12.143040657043457
2002-02-07,12.257505416870117
2002-02-08,12.580982208251953
2002-02-11,12.690471649169922
2002-02-12,12.546141624450684
2002-02-13,12.79995059967041
2002-02-14,12.775074005126953
2002-02-15,12.576010704040527
2002-02-19,12.232617378234863
2002-02-20,12.461542129516602
2002-02-21,12.317221641540527
2002-02-22,12.242569923400879
2002-02-25,12.556098937988281
2002-02-26,12.546141624450684
2002-02-27,12.675538063049316
2002-02-28,12.715351104736328
2002-03-01,12.88953685760498
2002-03-04,13.327485084533691
2002-03-05,13.337438583374023
2002-03-06,13.561380386352539
2002-03-07,13.441940307617188
2002-03-08,13.501667022705078
2002-03-11,13.581290245056152
2002-03-12,13.586261749267578
2002-03-13,13.461849212646484
2002-03-14,13.49669075012207
2002-03-15,13.781305313110352
2002-03-18,13.7513427734375
2002-03-19,13.746341705322266
2002-03-20,13.53164291381836
2002-03-21,13.536635398864746
2002-03-22,13.53164291381836
2002-03-25,13.316932678222656
2002-03-26,13.48169994354248
2002-03-27,13.656468391418457
2002-03-28,13.556611061096191
2002-04-01,13.53164291381836
2002-04-02,13.581575393676758
2002-04-03,13.381843566894531
2002-04-04,13.50168228149414
2002-04-05,13.566594123840332
2002-04-08,13.60653305053711
2002-04-09,13.69141674041748
2002-04-10,13.741355895996094
2002-04-11,13.401806831359863
2002-04-12,13.57158374786377
2002-04-15,13.396821975708008
2002-04-16,13.671455383300781
2002-04-17,13.70639705657959
2002-04-18,13.70639705657959
2002-04-19,13.681438446044922
2002-04-22,13.496688842773438
2002-04-23,13.431778907775879
2002-04-24,13.346890449523926
2002-04-25,13.222063064575195
2002-04-26,13.172131538391113
2002-04-29,13.057284355163574
2002-04-30,13.212072372436523
2002-05-01,13.30195140838623
2002-05-02,13.431778907775879
2002-05-03,13.366859436035156
2002-05-06,13.057284355163574
2002-05-07,12.997358322143555
2002-05-08,13.381843566894531
2002-05-09,13.222063064575195
2002-05-10,13.052284240722656
2002-05-13,13.286970138549805
2002-05-14,13.491694450378418
2002-05-15,13.426778793334961
2002-05-16,13.586566925048828
2002-05-17,13.646484375
2002-05-20,13.411794662475586
2002-05-21,13.286970138549805
2002-05-22,13.311936378479004
2002-05-23,13.456741333007812
2002-05-24,13.366859436035156
2002-05-28,13.227044105529785
2002-05-29,13.222063064575195
2002-05-30,13.167131423950195
2002-05-31,13.172131538391113
2002-06-03,12.912480354309082
2002-06-04,12.827596664428711
2002-06-05,12.952427864074707
2002-06-06,12.672801971435547
2002-06-07,12.712750434875488
2002-06-10,12.782655715942383
2002-06-11,12.55795955657959
2002-06-12,12.627864837646484
2002-06-13,12.333264350891113
2002-06-14,12.448111534118652
2002-06-17,13.007349014282227
2002-06-18,13.03231430053711
2002-06-19,12.907485008239746
2002-06-20,12.647838592529297
2002-06-21,12.50841236114502
2002-06-24,12.543514251708984
2002-06-25,12.423151969909668
2002-06-26,12.187429428100586
2002-06-27,12.448223114013672
2002-06-28,12.608716011047363
2002-07-01,12.347922325134277
2002-07-02,12.17739486694336
2002-07-03,12.041979789733887
2002-07-05,12.50339126586914
2002-07-08,12.438197135925293
2002-07-09,12.112198829650879
2002-07-10,11.726011276245117
2002-07-11,11.886506080627441
2002-07-12,11.71096134185791
2002-07-15,11.71096134185791
2002-07-16,11.475235939025879
2002-07-17,11.405022621154785
2002-07-18,11.008806228637695
2002-07-19,10.77308177947998
2002-07-22,10.406956672668457
2002-07-23,9.815141677856445
2002-07-24,10.406956672668457
2002-07-25,10.331724166870117
2002-07-26,10.647697448730469
2002-07-29,11.35988712310791
2002-07-30,11.38496208190918
2002-07-31,11.56049633026123
2002-08-01,11.274617195129395
2002-08-02,10.98874568939209
2002-08-05,10.55742073059082
2002-08-06,10.903482437133789
2002-08-07,11.04390811920166
2002-08-08,11.620686531066895
2002-08-09,11.720993041992188
2002-08-12,11.59058952331543
2002-08-13,11.314745903015137
2002-08-14,11.766127586364746
2002-08-15,11.911577224731445
2002-08-16,11.826313972473145
2002-08-19,12.127243041992188
2002-08-20,11.961730003356934
2002-08-21,11.986809730529785
2002-08-22,12.127243041992188
2002-08-23,11.871453285217285
2002-08-26,12.046990394592285
2002-08-27,11.93665599822998
2002-08-28,11.74105453491211
2002-08-29,11.751084327697754
2002-08-30,11.776161193847656
2002-09-03,11.199392318725586
2002-09-04,11.410039901733398
2002-09-05,11.23951244354248
2002-09-06,11.410039901733398
2002-09-09,11.59058952331543
2002-09-10,11.52037239074707
2002-09-11,11.455177307128906
2002-09-12,11.13419246673584
2002-09-13,11.219452857971191
2002-09-16,11.194375991821289
2002-09-17,10.953634262084961
2002-09-18,10.863359451293945
2002-09-19,10.487208366394043
2002-09-20,10.437788963317871
2002-09-23,10.44283390045166
2002-09-24,10.241133689880371
2002-09-25,10.44283390045166
2002-09-26,10.745372772216797
2002-09-27,10.412577629089355
2002-09-30,10.422662734985352
2002-10-01,10.866392135620117
2002-10-02,10.432744979858398
2002-10-03,10.014227867126465
2002-10-04,9.736894607543945
2002-10-07,9.429306030273438
2002-10-08,9.792362213134766
2002-10-09,9.378881454467773
2002-10-10,9.873034477233887
2002-10-11,10.392407417297363
2002-10-14,10.468043327331543
2002-10-15,11.219364166259766
2002-10-16,11.017666816711426
2002-10-17,11.345419883728027
2002-10-18,11.335338592529297
2002-10-21,11.521903038024902
2002-10-22,11.416019439697266
2002-10-23,11.421061515808105
2002-10-24,11.214323997497559
2002-10-25,11.496691703796387
2002-10-28,11.46644401550293
2002-10-29,11.340378761291504
2002-10-30,11.46644401550293
2002-10-31,11.375676155090332
2002-11-01,11.53703498840332
2002-11-04,11.632843971252441
2002-11-05,11.673181533813477
2002-11-06,11.698397636413574
2002-11-07,11.274826049804688
2002-11-08,11.214323997497559
2002-11-11,11.09329891204834
2002-11-12,11.209278106689453
2002-11-13,11.153810501098633
2002-11-14,11.491652488708496
2002-11-15,11.597536087036133
2002-11-18,11.39584732055664
2002-11-19,11.40089225769043
2002-11-20,11.688305854797363
2002-11-21,11.965641021728516
2002-11-22,11.884961128234863
2002-11-25,11.864790916442871
2002-11-26,11.542076110839844
2002-11-27,11.900093078613281
2002-11-29,11.799241065979004
2002-12-02,11.799241065979004
2002-12-03,11.627800941467285
2002-12-04,11.627800941467285
2002-12-05,11.426102638244629
2002-12-06,11.516867637634277
2002-12-09,11.294998168945312
2002-12-10,11.46644401550293
2002-12-11,11.476520538330078
2002-12-12,11.426102638244629
2002-12-13,11.294998168945312
2002-12-16,11.617712020874023
2002-12-17,11.562247276306152
2002-12-18,11.345419883728027
2002-12-19,11.244571685791016
2002-12-20,11.489587783813477
2002-12-23,11.46422004699707
2002-12-24,11.362770080566406
2002-12-26,11.327256202697754
2002-12-27,11.119277954101562
2002-12-30,11.200443267822266
2002-12-31,11.159856796264648
2003-01-02,11.565668106079102
2003-01-03,11.555523872375488
2003-01-06,11.946121215820312
2003-01-07,11.814229965209961
2003-01-08,11.692492485046387
2003-01-09,11.925833702087402
2003-01-10,11.920757293701172
2003-01-13,11.956268310546875
2003-01-14,12.047578811645508
2003-01-15,11.870034217834473
2003-01-16,11.753364562988281
2003-01-17,11.717853546142578
2003-01-21,11.525089263916016
2003-01-22,11.342473030090332
2003-01-23,11.514948844909668
2003-01-24,11.073625564575195
2003-01-27,10.906232833862305
2003-01-28,11.063482284545898
2003-01-29,11.083769798278809
2003-01-30,10.80477523803711
2003-01-31,11.017826080322266
2003-02-03,11.04318904876709
2003-02-04,10.779406547546387
2003-02-05,10.677955627441406
2003-02-06,10.55113697052002
2003-02-07,10.480120658874512
2003-02-10,10.55113697052002
2003-02-11,10.404032707214355
2003-02-12,10.272144317626953
2003-02-13,10.348234176635742
2003-02-14,10.581574440002441
2003-02-18,10.748974800109863
2003-02-19,10.723612785339355
2003-02-20,10.622159957885742
2003-02-21,10.779406547546387
2003-02-24,10.49533748626709
2003-02-25,10.596796989440918
2003-02-26,10.475052833557129
2003-02-27,10.627230644226074
2003-02-28,10.677955627441406
2003-03-03,10.561286926269531
2003-03-04,10.409107208251953
2003-03-05,10.556215286254883
2003-03-06,10.409107208251953
2003-03-07,10.500411033630371
2003-03-10,10.119962692260742
2003-03-11,9.952570915222168
2003-03-12,9.96778392791748
2003-03-13,10.39389419555664
2003-03-14,10.439541816711426
2003-03-17,10.759122848510742
2003-03-18,10.819986343383789
2003-03-19,10.97724723815918
2003-03-20,10.992461204528809
2003-03-21,11.271186828613281
2003-03-24,10.87883186340332
2003-03-25,10.960362434387207
2003-03-26,10.909408569335938
2003-03-27,10.84316635131836
2003-03-28,10.832974433898926
2003-03-31,10.578198432922363
2003-04-01,10.858450889587402
2003-04-02,11.143800735473633
2003-04-03,11.092843055725098
2003-04-04,11.204944610595703
2003-04-07,11.245706558227539
2003-04-08,11.245706558227539
2003-04-09,11.087749481201172
2003-04-10,11.179469108581543
2003-04-11,11.174368858337402
2003-04-14,11.39857006072998
2003-04-15,11.592201232910156
2003-04-16,11.434242248535156
2003-04-17,11.638059616088867
2003-04-21,11.59729290008545
2003-04-22,11.95397663116455
2003-04-23,12.040604591369629
2003-04-24,11.790925979614258
2003-04-25,11.663534164428711
2003-04-28,11.867358207702637
2003-04-29,11.882645606994629
2003-04-30,11.90811538696289
2003-05-01,11.903019905090332
2003-05-02,12.091554641723633
2003-05-05,12.040604591369629
2003-05-06,12.132317543029785
2003-05-07,12.055890083312988
2003-05-08,11.918307304382324
2003-05-09,11.994744300842285
2003-05-12,12.132317543029785
2003-05-13,12.09665298461914
2003-05-14,12.091554641723633
2003-05-15,12.213850975036621
2003-05-16,12.244420051574707
2003-05-19,11.913216590881348
2003-05-20,11.923404693603516
2003-05-21,11.948885917663574
2003-05-22,11.9845552444458
2003-05-23,12.030412673950195
2003-05-27,12.249512672424316
2003-05-28,12.397283554077148
2003-05-29,12.264803886413574
2003-05-30,12.514484405517578
2003-06-02,12.626580238342285
2003-06-03,12.697916030883789
2003-06-04,12.881356239318848
2003-06-05,12.962882041931152
2003-06-06,12.952692031860352
2003-06-09,12.682631492614746
2003-06-10,12.789637565612793
2003-06-11,12.983263969421387
2003-06-12,12.957786560058594
2003-06-13,12.911924362182617
2003-06-16,13.22784423828125
2003-06-17,13.222745895385742
2003-06-18,13.095362663269043
2003-06-19,12.78454303741455
2003-06-20,12.82344913482666
2003-06-23,12.623799324035645
2003-06-24,12.695469856262207
2003-06-25,12.613557815551758
2003-06-26,12.721070289611816
2003-06-27,12.613557815551758
2003-06-30,12.56749153137207
2003-07-01,12.715944290161133
2003-07-02,12.874632835388184
2003-07-03,12.813203811645508
2003-07-07,13.033329963684082
2003-07-08,13.120355606079102
2003-07-09,13.09988021850586
2003-07-10,12.910470962524414
2003-07-11,13.089640617370605
2003-07-14,13.335365295410156
2003-07-15,13.26369571685791
2003-07-16,13.197145462036133
2003-07-17,12.977022171020508
2003-07-18,13.135722160339355
2003-07-21,12.98214340209961
2003-07-22,13.110114097595215
2003-07-23,13.069164276123047
2003-07-24,13.01285171508789
2003-07-25,13.320005416870117
2003-07-28,13.268806457519531
2003-07-29,13.125475883483887
2003-07-30,13.130594253540039
2003-07-31,13.115242004394531
2003-08-01,12.859282493591309
2003-08-04,12.874632835388184
2003-08-05,12.664754867553711
2003-08-06,12.838797569274902
2003-08-07,12.900235176086426
2003-08-08,12.961668968200684
2003-08-11,12.936066627502441
2003-08-12,13.089640617370605
2003-08-13,12.9923734664917
2003-08-14,13.115242004394531
2003-08-15,13.105000495910645
2003-08-18,13.120355606079102
2003-08-19,13.105000495910645
2003-08-20,13.07427978515625
2003-08-21,13.07427978515625
2003-08-22,12.82344913482666
2003-08-25,12.869519233703613
2003-08-26,12.895112037658691
2003-08-27,12.843925476074219
2003-08-28,12.900235176086426
2003-08-29,12.961668968200684
2003-09-02,13.192023277282715
2003-09-03,13.21761703491211
2003-09-04,13.161311149597168
2003-09-05,13.09988021850586
2003-09-08,13.227858543395996
2003-09-09,13.161311149597168
2003-09-10,12.946304321289062
2003-09-11,13.002613067626953
2003-09-12,13.02309513092041
2003-09-15,13.02309513092041
2003-09-16,13.176667213439941
2003-09-17,13.197145462036133
2003-09-18,13.514533996582031
2003-09-19,13.493425369262695
2003-09-22,13.297873497009277
2003-09-23,13.390509605407715
2003-09-24,13.158926010131836
2003-09-25,13.097169876098633
2003-09-26,13.025120735168457
2003-09-29,13.164074897766113
2003-09-30,13.076587677001953
2003-10-01,13.405948638916016
2003-10-02,13.43167781829834
2003-10-03,13.534602165222168
2003-10-06,13.596345901489258
2003-10-07,13.678693771362305
2003-10-08,13.658111572265625
2003-10-09,13.694130897521973
2003-10-10,13.694130897521973
2003-10-13,13.91028118133545
2003-10-14,13.992616653442383
2003-10-15,13.95659065246582
2003-10-16,13.972031593322754
2003-10-17,13.84852123260498
2003-10-20,13.853662490844727
2003-10-21,13.84852123260498
2003-10-22,13.652960777282715
2003-10-23,13.745597839355469
2003-10-24,13.730156898498535
2003-10-27,13.730156898498535
2003-10-28,13.905128479003906
2003-10-29,13.925718307495117
2003-10-30,13.94629192352295
2003-10-31,13.982322692871094
2003-11-03,14.131562232971191
2003-11-04,14.059511184692383
2003-11-05,14.028636932373047
2003-11-06,14.095534324645996
2003-11-07,13.94629192352295
2003-11-10,13.961739540100098
2003-11-11,13.915424346923828
2003-11-12,14.023491859436035
2003-11-13,13.9771728515625
2003-11-14,13.797062873840332
2003-11-17,13.761029243469238
2003-11-18,13.601502418518066
2003-11-19,13.704428672790527
2003-11-20,13.586065292358398
2003-11-21,13.663254737854004
2003-11-24,13.791912078857422
2003-11-25,13.869109153747559
2003-11-26,13.951447486877441
2003-11-28,13.930859565734863
2003-12-01,14.090394020080566
2003-12-02,14.049224853515625
2003-12-03,14.023491859436035
2003-12-04,14.059511184692383
2003-12-05,13.94629192352295
2003-12-08,14.074956893920898
2003-12-09,13.951447486877441
2003-12-10,13.874252319335938
2003-12-11,14.033780097961426
2003-12-12,14.074956893920898
2003-12-15,14.038924217224121
2003-12-16,14.16244125366211
2003-12-17,14.110978126525879
2003-12-18,14.23449420928955
2003-12-19,14.277971267700195
2003-12-22,14.35562515258789
2003-12-23,14.376334190368652
2003-12-24,14.376334190368652
2003-12-26,14.3711576461792
2003-12-29,14.567883491516113
2003-12-30,14.598939895629883
2003-12-31,14.562704086303711
2004-01-02,14.542001724243164
2004-01-05,14.661064147949219
2004-01-06,14.65588665008545
2004-01-07,14.666243553161621
2004-01-08,14.718016624450684
2004-01-09,14.666243553161621
2004-01-12,14.728361129760742
2004-01-13,14.65588665008545
2004-01-14,14.769784927368164
2004-01-15,14.894026756286621
2004-01-16,14.940617561340332
2004-01-20,14.919912338256836
2004-01-21,15.14251708984375
2004-01-22,15.14251708984375
2004-01-23,15.070045471191406
2004-01-26,15.27712631225586
2004-01-27,15.173584938049316
2004-01-28,14.904380798339844
2004-01-29,15.028627395629883
2004-01-30,15.038980484008789
2004-02-02,15.12699031829834
2004-02-03,15.14251708984375
2004-02-04,15.018275260925293
2004-02-05,15.01309871673584
2004-02-06,15.266763687133789
2004-02-09,15.204643249511719
2004-02-10,15.251235008239746
2004-02-11,15.4841947555542
2004-02-12,15.4583101272583
2004-02-13,15.427251815795898
2004-02-17,15.54114055633545
2004-02-18,15.4583101272583
2004-02-19,15.453139305114746
2004-02-20,15.411727905273438
2004-02-23,15.411727905273438
2004-02-24,15.34959602355957
2004-02-25,15.416901588439941
2004-02-26,15.432419776916504
2004-02-27,15.468666076660156
2004-03-01,15.577383041381836
2004-03-02,15.499727249145508
2004-03-03,15.592916488647461
2004-03-04,15.634328842163086
2004-03-05,15.76893138885498
2004-03-08,15.686101913452148
2004-03-09,15.582554817199707
2004-03-10,15.334060668945312
2004-03-11,15.085577964782715
2004-03-12,15.308182716369629
2004-03-15,15.085577964782715
2004-03-16,15.225357055664062
2004-03-17,15.4013671875
2004-03-18,15.406543731689453
2004-03-19,15.23701000213623
2004-03-22,15.039401054382324
2004-03-23,15.034200668334961
2004-03-24,14.919791221618652
2004-03-25,15.075801849365234
2004-03-26,15.065406799316406
2004-03-29,15.257813453674316
2004-03-30,15.361821174621582
2004-03-31,15.289017677307129
2004-04-01,15.450228691101074
2004-04-02,15.393022537231445
2004-04-05,15.434623718261719
2004-04-06,15.424224853515625
2004-04-07,15.38262939453125
2004-04-08,15.356621742248535
2004-04-12,15.450228691101074
2004-04-13,15.12260627746582
2004-04-14,14.940594673156738
2004-04-15,14.852184295654297
2004-04-16,15.013395309448242
2004-04-19,14.987398147583008
2004-04-20,14.711783409118652
2004-04-21,14.706579208374023
2004-04-22,14.961389541625977
2004-04-23,14.883386611938477
2004-04-26,14.852184295654297
2004-04-27,14.888587951660156
2004-04-28,14.67537784576416
2004-04-29,14.628570556640625
2004-04-30,14.623377799987793
2004-05-03,14.72217845916748
2004-05-04,14.768987655639648
2004-05-05,14.753381729125977
2004-05-06,14.59216594696045
2004-05-07,14.280158042907715
2004-05-10,14.160540580749512
2004-05-11,14.233345985412598
2004-05-12,14.394559860229492
2004-05-13,14.420555114746094
2004-05-14,14.430954933166504
2004-05-17,14.243748664855957
2004-05-18,14.35815715789795
2004-05-19,14.368552207946777
2004-05-20,14.420555114746094
2004-05-21,14.508965492248535
2004-05-24,14.529766082763672
2004-05-25,14.737781524658203
2004-05-26,14.826197624206543
2004-05-27,14.862586975097656
2004-05-28,14.872991561889648
2004-06-01,14.815788269042969
2004-06-02,14.888587951660156
2004-06-03,14.768987655639648
2004-06-04,14.893794059753418
2004-06-07,15.1069974899292
2004-06-08,15.086209297180176
2004-06-09,14.930194854736328
2004-06-10,15.00300121307373
2004-06-14,14.794979095458984
2004-06-15,14.852184295654297
2004-06-16,14.878190040588379
2004-06-17,14.888587951660156
2004-06-18,14.907402992248535
2004-06-21,14.860368728637695
2004-06-22,14.93354320526123
2004-06-23,14.970131874084473
2004-06-24,15.001489639282227
2004-06-25,14.949225425720215
2004-06-28,14.93876838684082
2004-06-29,14.876045227050781
2004-06-30,14.93876838684082
2004-07-01,14.834230422973633
2004-07-02,14.876045227050781
2004-07-06,14.771505355834961
2004-07-07,14.740144729614258
2004-07-08,14.630379676818848
2004-07-09,14.630379676818848
2004-07-12,14.698328971862793
2004-07-13,14.714008331298828
2004-07-14,14.646056175231934
2004-07-15,14.510153770446777
2004-07-16,14.515380859375
2004-07-19,14.536287307739258
2004-07-20,14.60947322845459
2004-07-21,14.463115692138672
2004-07-22,14.478802680969238
2004-07-23,14.405617713928223
2004-07-26,14.41084098815918
2004-07-27,14.531060218811035
2004-07-28,14.578106880187988
2004-07-29,14.640833854675293
2004-07-30,14.61992359161377
2004-08-02,14.708782196044922
2004-08-03,14.61992359161377
2004-08-04,14.656503677368164
2004-08-05,14.416069030761719
2004-08-06,14.290621757507324
2004-08-09,14.274945259094238
2004-08-10,14.473565101623535
2004-08-11,14.515380859375
2004-08-12,14.363795280456543
2004-08-13,14.379473686218262
2004-08-16,14.599020004272461
2004-08-17,14.682646751403809
2004-08-18,14.860368728637695
2004-08-19,14.797636032104492
2004-08-20,14.949225425720215
2004-08-23,14.896953582763672
2004-08-24,14.92308521270752
2004-08-25,15.053764343261719
2004-08-26,15.09035587310791
2004-08-27,15.10602855682373
2004-08-30,15.017169952392578
2004-08-31,15.095584869384766
2004-09-01,15.038082122802734
2004-09-02,15.205347061157227
2004-09-03,15.20012378692627
2004-09-07,15.383062362670898
2004-09-08,15.268074035644531
2004-09-09,15.252392768859863
2004-09-10,15.325569152832031
2004-09-13,15.28375244140625
2004-09-14,15.304659843444824
2004-09-15,15.24716567993164
2004-09-16,15.325569152832031
2004-09-17,15.361307144165039
2004-09-20,15.203649520874023
2004-09-21,15.32977294921875
2004-09-22,15.051238059997559
2004-09-23,14.89883804321289
2004-09-24,14.956645965576172
2004-09-27,14.883068084716797
2004-09-28,14.94088077545166
2004-09-29,14.993422508239746
2004-09-30,14.956645965576172
2004-10-01,15.208904266357422
2004-10-04,15.229926109313965
2004-10-05,15.14583683013916
2004-10-06,15.256195068359375
2004-10-07,15.214157104492188
2004-10-08,15.161603927612305
2004-10-11,15.203649520874023
2004-10-12,15.193131446838379
2004-10-13,15.093280792236328
2004-10-14,14.72541332244873
2004-10-15,14.746435165405273
2004-10-18,14.809497833251953
2004-10-19,14.56249713897705
2004-10-20,14.48891544342041
2004-10-21,14.478405952453613
2004-10-22,14.399582862854004
2004-10-25,14.39432430267334
2004-10-26,14.714903831481934
2004-10-27,14.93561840057373
2004-10-28,15.014453887939453
2004-10-29,15.035470008850098
2004-11-01,15.082769393920898
2004-11-02,15.14583683013916
2004-11-03,15.235177993774414
2004-11-04,15.492685317993164
2004-11-05,15.461163520812988
2004-11-08,15.440129280090332
2004-11-09,15.42436695098877
2004-11-10,15.466405868530273
2004-11-11,15.613564491271973
2004-11-12,15.676618576049805
2004-11-15,15.723919868469238
2004-11-16,15.592538833618164
2004-11-17,15.629321098327637
2004-11-18,15.592538833618164
2004-11-19,15.392830848693848
2004-11-22,15.48217487335205
2004-11-23,15.51896858215332
2004-11-24,15.582029342651367
2004-11-26,15.592538833618164
2004-11-29,15.51896858215332
2004-11-30,15.50319766998291
2004-12-01,15.808002471923828
2004-12-02,15.781728744506836
2004-12-03,15.77647590637207
2004-12-06,15.765959739685059
2004-12-07,15.6345796585083
2004-12-08,15.676618576049805
2004-12-09,15.760709762573242
2004-12-10,15.786989212036133
2004-12-13,15.892083168029785
2004-12-14,15.944646835327148
2004-12-15,16.028718948364258
2004-12-16,15.918375015258789
2004-12-17,15.869180679321289
2004-12-20,15.842748641967773
2004-12-21,16.048978805541992
2004-12-22,16.138877868652344
2004-12-23,16.170602798461914
2004-12-27,16.08599853515625
2004-12-28,16.160030364990234
2004-12-29,16.123014450073242
2004-12-30,16.144168853759766
2004-12-31,16.144168853759766
2005-01-03,16.08599853515625
2005-01-04,15.93264389038086
2005-01-05,15.906200408935547
2005-01-06,15.985523223876953
2005-01-07,15.900910377502441
2005-01-10,15.916777610778809
2005-01-11,15.848038673400879
2005-01-12,15.826887130737305
2005-01-13,15.67353343963623
2005-01-14,15.726408958435059
2005-01-18,15.974950790405273
2005-01-19,15.816315650939941
2005-01-20,15.699978828430176
2005-01-21,15.620654106140137
2005-01-24,15.625944137573242
2005-01-25,15.636519432067871
2005-01-26,15.710553169250488
2005-01-27,15.631229400634766
2005-01-28,15.610078811645508
2005-01-31,15.795159339904785
2005-02-01,15.964377403259277
2005-02-02,15.964377403259277
2005-02-03,15.890340805053711
2005-02-04,16.080707550048828
2005-02-07,16.09656524658203
2005-02-08,16.03311538696289
2005-02-09,15.990808486938477
2005-02-10,16.038410186767578
2005-02-11,16.165313720703125
2005-02-14,16.138877868652344
2005-02-15,16.175886154174805
2005-02-16,16.064838409423828
2005-02-17,15.92207145690918
2005-02-18,15.752852439880371
2005-02-22,15.520187377929688
2005-02-23,15.66296100616455
2005-02-24,15.684114456176758
2005-02-25,15.842748641967773
2005-02-28,15.6893949508667
2005-03-01,15.842748641967773
2005-03-02,15.795159339904785
2005-03-03,15.768722534179688
2005-03-04,15.969659805297852
2005-03-07,15.969659805297852
2005-03-08,15.943221092224121
2005-03-09,15.747565269470215
2005-03-10,15.837456703186035
2005-03-11,15.699978828430176
2005-03-14,15.784586906433105
2005-03-15,15.67882251739502
2005-03-16,15.520187377929688
2005-03-17,15.477873802185059
2005-03-18,15.400794982910156
2005-03-21,15.262584686279297
2005-03-22,14.980826377868652
2005-03-23,15.012721061706543
2005-03-24,14.938294410705566
2005-03-28,15.044614791870117
2005-03-29,14.991459846496582
2005-03-30,15.177511215209961
2005-03-31,15.0924654006958
2005-04-01,14.885136604309082
2005-04-04,14.991459846496582
2005-04-05,15.033989906311035
2005-04-06,15.13499641418457
2005-04-07,15.193469047546387
2005-04-08,15.05525016784668
2005-04-11,15.087143898010254
2005-04-12,15.294473648071289
2005-04-13,15.071197509765625
2005-04-14,14.901077270507812
2005-04-15,14.741600036621094
2005-04-18,14.863868713378906
2005-04-19,14.885136604309082
2005-04-20,14.699063301086426
2005-04-21,14.784131050109863
2005-04-22,14.74692153930664
2005-04-25,14.932979583740234
2005-04-26,14.847922325134277
2005-04-27,15.05525016784668
2005-04-28,14.890448570251465
2005-04-29,15.119041442871094
2005-05-02,15.156254768371582
2005-05-03,15.172199249267578
2005-05-04,15.464585304260254
2005-05-05,15.395482063293457
2005-05-06,15.283842086791992
2005-05-09,15.416749954223633
2005-05-10,15.214728355407715
2005-05-11,15.283842086791992
2005-05-12,15.140310287475586
2005-05-13,15.007399559020996
2005-05-16,15.273210525512695
2005-05-17,15.368896484375
2005-05-18,15.54964828491211
2005-05-19,15.565590858459473
2005-05-20,15.54964828491211
2005-05-23,15.570915222167969
2005-05-24,15.517752647399902
2005-05-25,15.464585304260254
2005-05-26,15.565590858459473
2005-05-27,15.592168807983398
2005-05-31,15.565590858459473
2005-06-01,15.68786334991455
2005-06-02,15.645336151123047
2005-06-03,15.565590858459473
2005-06-06,15.602811813354492
2005-06-07,15.592168807983398
2005-06-08,15.602811813354492
2005-06-09,15.650653839111328
2005-06-10,15.602811813354492
2005-06-13,15.602811813354492
2005-06-14,15.645336151123047
2005-06-15,15.682550430297852
2005-06-16,15.762292861938477
2005-06-17,15.845176696777344
2005-06-20,15.807743072509766
2005-06-21,15.866575241088867
2005-06-22,15.845176696777344
2005-06-23,15.700788497924805
2005-06-24,15.67405891418457
2005-06-27,15.668703079223633
2005-06-28,15.786360740661621
2005-06-29,15.861230850219727
2005-06-30,15.75961971282959
2005-07-01,15.775660514831543
2005-07-05,15.904006004333496
2005-07-06,15.786360740661621
2005-07-07,15.81844425201416
2005-07-08,15.978879928588867
2005-07-11,16.04838752746582
2005-07-12,16.04838752746582
2005-07-13,16.117918014526367
2005-07-14,16.1981258392334
2005-07-15,16.240909576416016
2005-07-18,16.06978416442871
2005-07-19,16.064441680908203
2005-07-20,16.123262405395508
2005-07-21,16.037694931030273
2005-07-22,16.123262405395508
2005-07-25,16.05908966064453
2005-07-26,16.080472946166992
2005-07-27,16.10186004638672
2005-07-28,16.150001525878906
2005-07-29,16.005613327026367
2005-08-01,16.005613327026367
2005-08-02,16.123262405395508
2005-08-03,16.1446475982666
2005-08-04,16.03235626220703
2005-08-05,15.850526809692383
2005-08-08,15.786360740661621
2005-08-09,15.887965202331543
2005-08-10,15.871915817260742
2005-08-11,15.930744171142578
2005-08-12,15.887965202331543
2005-08-15,15.962833404541016
2005-08-16,15.855875015258789
2005-08-17,15.893311500549316
2005-08-18,15.882610321044922
2005-08-19,15.909356117248535
2005-08-22,15.952131271362305
2005-08-23,15.850526809692383
2005-08-24,15.668703079223633
2005-08-25,15.748919486999512
2005-08-26,15.583145141601562
2005-08-29,15.706138610839844
2005-08-30,15.567105293273926
2005-08-31,15.743577003479004
2005-09-01,15.781005859375
2005-09-02,15.77031135559082
2005-09-06,15.962833404541016
2005-09-07,15.925395011901855
2005-09-08,15.834489822387695
2005-09-09,15.973525047302246
2005-09-12,16.02165412902832
2005-09-13,15.887965202331543
2005-09-14,15.871915817260742
2005-09-15,15.882610321044922
2005-09-16,16.109596252441406
2005-09-19,15.964373588562012
2005-09-20,15.878314018249512
2005-09-21,15.61474609375
2005-09-22,15.733086585998535
2005-09-23,15.786876678466797
2005-09-26,15.700813293457031
2005-09-27,15.754599571228027
2005-09-28,15.625502586364746
2005-09-29,15.915966033935547
2005-09-30,15.878314018249512
2005-10-03,15.840662956237793
2005-10-04,15.641646385192871
2005-10-05,15.577103614807129
2005-10-06,15.620134353637695
2005-10-07,15.673917770385742
2005-10-10,15.507170677185059
2005-10-11,15.458768844604492
2005-10-12,15.388833999633789
2005-10-13,15.464144706726074
2005-10-14,15.636260986328125
2005-10-17,15.652398109436035
2005-10-18,15.52869701385498
2005-10-19,15.840662956237793
2005-10-20,15.700813293457031
2005-10-21,15.792243003845215
2005-10-24,16.104223251342773
2005-10-25,16.012786865234375
2005-10-26,16.120359420776367
2005-10-27,16.028913497924805
2005-10-28,16.30323028564453
2005-10-31,16.362407684326172
2005-11-01,16.30323028564453
2005-11-02,16.437711715698242
2005-11-03,16.448467254638672
2005-11-04,16.475366592407227
2005-11-07,16.615211486816406
2005-11-08,16.566804885864258
2005-11-09,16.609830856323242
2005-11-10,16.943317413330078
2005-11-11,17.002483367919922
2005-11-14,17.013246536254883
2005-11-15,16.857261657714844
2005-11-16,16.765817642211914
2005-11-17,16.96483612060547
2005-11-18,17.0508975982666
2005-11-21,17.131576538085938
2005-11-22,17.282190322875977
2005-11-23,17.416654586791992
2005-11-25,17.45430564880371
2005-11-28,17.373628616333008
2005-11-29,17.362878799438477
2005-11-30,17.142333984375
2005-12-01,17.23377227783203
2005-12-02,17.271427154541016
2005-12-05,17.239147186279297
2005-12-06,17.185365676879883
2005-12-07,17.045509338378906
2005-12-08,17.034767150878906
2005-12-09,17.15847396850586
2005-12-12,17.083173751831055
2005-12-13,17.303699493408203
2005-12-14,17.368244171142578
2005-12-15,17.271427154541016
2005-12-16,17.313661575317383
2005-12-19,17.16206932067871
2005-12-20,17.237863540649414
2005-12-21,17.286590576171875
2005-12-22,17.405689239501953
2005-12-23,17.427350997924805
2005-12-27,17.29199981689453
2005-12-28,17.254104614257812
2005-12-29,17.237863540649414
2005-12-30,17.14582633972168
2006-01-03,17.43276596069336
2006-01-04,17.416519165039062
2006-01-05,17.476083755493164
2006-01-06,17.578937530517578
2006-01-09,17.627666473388672
2006-01-10,17.64390754699707
2006-01-11,17.74135398864746
2006-01-12,17.616846084594727
2006-01-13,17.60601043701172
2006-01-17,17.421937942504883
2006-01-18,17.37320899963379
2006-01-19,17.319068908691406
2006-01-20,16.956335067749023
2006-01-23,16.99965476989746
2006-01-24,17.07544708251953
2006-01-25,17.107927322387695
2006-01-26,17.40027618408203
2006-01-27,17.416519165039062
2006-01-30,17.362390518188477
2006-01-31,17.297412872314453
2006-02-01,17.286590576171875
2006-02-02,17.167478561401367
2006-02-03,17.09710121154785
2006-02-06,17.14582633972168
2006-02-07,17.032127380371094
2006-02-08,17.14041519165039
2006-02-09,17.183727264404297
2006-02-10,17.281171798706055
2006-02-13,17.216197967529297
2006-02-14,17.421937942504883
2006-02-15,17.52480125427246
2006-02-16,17.627666473388672
2006-02-17,17.557283401489258
2006-02-21,17.503141403198242
2006-02-22,17.833396911621094
2006-02-23,17.768417358398438
2006-02-24,17.806316375732422
2006-02-27,17.838802337646484
2006-02-28,17.665563583374023
2006-03-01,17.757600784301758
2006-03-02,17.649316787719727
2006-03-03,17.60601043701172
2006-03-06,17.551870346069336
2006-03-07,17.61142921447754
2006-03-08,17.62225341796875
2006-03-09,17.513973236083984
2006-03-10,17.67096519470215
2006-03-13,17.676382064819336
2006-03-14,17.882112503051758
2006-03-15,17.903772354125977
2006-03-16,17.96332359313965
2006-03-17,18.016132354736328
2006-03-20,18.027006149291992
2006-03-21,17.847393035888672
2006-03-22,17.988910675048828
2006-03-23,17.901824951171875
2006-03-24,17.896377563476562
2006-03-27,17.885494232177734
2006-03-28,17.73853302001953
2006-03-29,17.820175170898438
2006-03-30,17.711322784423828
2006-03-31,17.716764450073242
2006-04-03,17.74396514892578
2006-04-04,17.934473037719727
2006-04-05,17.967140197753906
2006-04-06,17.901824951171875
2006-04-07,17.733081817626953
2006-04-10,17.76573944091797
2006-04-11,17.61334800720215
2006-04-12,17.65144157409668
2006-04-13,17.67865562438965
2006-04-17,17.66232681274414
2006-04-18,17.988910675048828
2006-04-19,18.010684967041016
2006-04-20,18.048782348632812
2006-04-21,18.027006149291992
2006-04-24,18.032447814941406
2006-04-25,17.9235897064209
2006-04-26,18.027006149291992
2006-04-27,18.310043334960938
2006-04-28,18.48421859741211
2006-05-01,18.195735931396484
2006-05-02,18.310043334960938
2006-05-03,18.293710708618164
2006-05-04,18.331815719604492
2006-05-05,18.59307289123535
2006-05-08,18.516876220703125
2006-05-09,18.549528121948242
2006-05-10,18.56041717529297
2006-05-11,18.255611419677734
2006-05-12,18.070554733276367
2006-05-15,18.195735931396484
2006-05-16,18.173969268798828
2006-05-17,17.809289932250977
2006-05-18,17.65144157409668
2006-05-19,17.74396514892578
2006-05-22,17.700435638427734
2006-05-23,17.61334800720215
2006-05-24,17.624225616455078
2006-05-25,17.782081604003906
2006-05-26,17.92903709411621
2006-05-30,17.66232681274414
2006-05-31,17.787517547607422
2006-06-01,17.99434471130371
2006-06-02,18.097761154174805
2006-06-05,17.803852081298828
2006-06-06,17.76030731201172
2006-06-07,17.820175170898438
2006-06-08,17.85283660888672
2006-06-09,17.792957305908203
2006-06-12,17.59701156616211
2006-06-13,17.25411033630371
2006-06-14,17.15069580078125
2006-06-15,17.531707763671875
2006-06-16,17.420555114746094
2006-06-19,17.30012321472168
2006-06-20,17.349390029907227
2006-06-21,17.491737365722656
2006-06-22,17.42603874206543
2006-06-23,17.31107521057129
2006-06-26,17.464365005493164
2006-06-27,17.294649124145508
2006-06-28,17.387720108032227
2006-06-29,17.7545166015625
2006-06-30,17.705245971679688
2006-07-03,17.913288116455078
2006-07-05,17.74356460571289
2006-07-06,17.79832649230957
2006-07-07,17.710725784301758
2006-07-10,17.831172943115234
2006-07-11,17.836641311645508
2006-07-12,17.661457061767578
2006-07-13,17.382244110107422
2006-07-14,17.31107521057129
2006-07-17,17.34391975402832
2006-07-18,17.382244110107422
2006-07-19,17.842119216918945
2006-07-20,17.77094841003418
2006-07-21,17.672412872314453
2006-07-24,17.902341842651367
2006-07-25,17.946136474609375
2006-07-26,17.924238204956055
2006-07-27,17.820226669311523
2006-07-28,18.13774299621582
2006-07-31,18.11037826538086
2006-08-01,18.05562973022461
2006-08-02,18.088481903076172
2006-08-03,18.165122985839844
2006-08-04,18.203445434570312
2006-08-07,18.165122985839844
2006-08-08,18.033735275268555
2006-08-09,17.820226669311523
2006-08-10,17.907817840576172
2006-08-11,17.853063583374023
2006-08-14,17.874963760375977
2006-08-15,18.17608070373535
2006-08-16,18.274621963500977
2006-08-17,18.33484649658203
2006-08-18,18.36221694946289
2006-08-21,18.291038513183594
2006-08-22,18.285573959350586
2006-08-23,18.2308292388916
2006-08-24,18.291038513183594
2006-08-25,18.192501068115234
2006-08-28,18.32389259338379
2006-08-29,18.24724578857422
2006-08-30,18.301992416381836
2006-08-31,18.32389259338379
2006-09-01,18.351266860961914
2006-09-05,18.416967391967773
2006-09-06,18.356740951538086
2006-09-07,18.214405059814453
2006-09-08,18.318416595458984
2006-09-11,18.32936668395996
2006-09-12,18.564783096313477
2006-09-13,18.70164680480957
2006-09-14,18.74544906616211
2006-09-15,18.80270767211914
2006-09-18,18.78068733215332
2006-09-19,18.813716888427734
2006-09-20,18.940351486206055
2006-09-21,18.808212280273438
2006-09-22,18.84125328063965
2006-09-25,19.033958435058594
2006-09-26,19.13857078552246
2006-09-27,19.05048179626465
2006-09-28,19.116548538208008
2006-09-29,19.061492919921875
2006-10-02,19.01744270324707
2006-10-03,19.204635620117188
2006-10-04,19.435888290405273
2006-10-05,19.42487907409668
2006-10-06,19.358810424804688
2006-10-09,19.41386604309082
2006-10-10,19.41386604309082
2006-10-11,19.364303588867188
2006-10-12,19.468923568725586
2006-10-13,19.54050636291504
2006-10-16,19.435888290405273
2006-10-17,19.435888290405273
2006-10-18,19.490942001342773
2006-10-19,19.364303588867188
2006-10-20,19.342287063598633
2006-10-23,19.468923568725586
2006-10-24,19.463411331176758
2006-10-25,19.546001434326172
2006-10-26,19.68365478515625
2006-10-27,19.534990310668945
2006-10-30,19.54050636291504
2006-10-31,19.507463455200195
2006-11-01,19.386337280273438
2006-11-02,19.33127212524414
2006-11-03,19.33127212524414
2006-11-06,19.557016372680664
2006-11-07,19.601072311401367
2006-11-08,19.68365478515625
2006-11-09,19.5515079498291
2006-11-10,19.71118927001953
2006-11-13,19.68916130065918
2006-11-14,19.804784774780273
2006-11-15,19.777257919311523
2006-11-16,19.969961166381836
2006-11-17,19.821298599243164
2006-11-20,19.94794273376465
2006-11-21,19.91489601135254
2006-11-22,19.936925888061523
2006-11-24,19.83782196044922
2006-11-27,19.52949333190918
2006-11-28,19.56252670288086
2006-11-29,19.68365478515625
2006-11-30,19.645112991333008
2006-12-01,19.52949333190918
2006-12-04,19.804784774780273
2006-12-05,19.89838981628418
2006-12-06,19.925914764404297
2006-12-07,19.876359939575195
2006-12-08,19.936925888061523
2006-12-11,20.047048568725586
2006-12-12,20.063562393188477
2006-12-13,20.08559226989746
2006-12-14,20.256271362304688
2006-12-15,20.3067626953125
2006-12-18,20.406633377075195
2006-12-19,20.389991760253906
2006-12-20,20.456567764282227
2006-12-21,20.367788314819336
2006-12-22,20.267921447753906
2006-12-26,20.451021194458008
2006-12-27,20.59527587890625
2006-12-28,20.500953674316406
2006-12-29,20.384437561035156
2007-01-03,20.484298706054688
2007-01-04,20.417728424072266
2007-01-05,20.25682258605957
2007-01-08,20.345600128173828
2007-01-09,20.312314987182617
2007-01-10,20.378887176513672
2007-01-11,20.506500244140625
2007-01-12,20.5286922454834
2007-01-16,20.58417510986328
2007-01-17,20.5286922454834
2007-01-18,20.44546890258789
2007-01-19,20.506500244140625
2007-01-22,20.489849090576172
2007-01-23,20.478759765625
2007-01-24,20.689594268798828
2007-01-25,20.389991760253906
2007-01-26,20.428821563720703
2007-01-29,20.328956604003906
2007-01-30,20.406633377075195
2007-01-31,20.573081970214844
2007-02-01,20.70623779296875
2007-02-02,20.745079040527344
2007-02-05,20.73952865600586
2007-02-06,20.833850860595703
2007-02-07,20.911518096923828
2007-02-08,20.844945907592773
2007-02-09,20.62301254272461
2007-02-12,20.573081970214844
2007-02-13,20.722881317138672
2007-02-14,20.922626495361328
2007-02-15,20.955913543701172
2007-02-16,20.95035743713379
2007-02-20,21.061330795288086
2007-02-21,20.972564697265625
2007-02-22,20.889331817626953
2007-02-23,20.69514274597168
2007-02-26,20.54534149169922
2007-02-27,19.58548355102539
2007-02-28,19.94611358642578
2007-03-01,19.92392349243164
2007-03-02,19.696443557739258
2007-03-05,19.385744094848633
2007-03-06,19.790769577026367
2007-03-07,19.674253463745117
2007-03-08,19.8518009185791
2007-03-09,19.901737213134766
2007-03-12,19.901737213134766
2007-03-13,19.308069229125977
2007-03-14,19.352447509765625
2007-03-15,19.58548355102539
2007-03-16,19.511932373046875
2007-03-19,19.64008331298828
2007-03-20,19.818376541137695
2007-03-21,20.26967430114746
2007-03-22,20.147106170654297
2007-03-23,20.16939353942871
2007-03-26,20.069095611572266
2007-03-27,19.946529388427734
2007-03-28,19.6957950592041
2007-03-29,19.79608917236328
2007-03-30,19.851810455322266
2007-04-02,19.667940139770508
2007-04-03,19.91309928894043
2007-04-04,19.91309928894043
2007-04-05,19.92423439025879
2007-04-09,19.91866683959961
2007-04-10,20.0078125
2007-04-11,19.840660095214844
2007-04-12,19.807241439819336
2007-04-13,19.890811920166016
2007-04-16,20.37554359436035
2007-04-17,20.369970321655273
2007-04-18,20.603981018066406
2007-04-19,20.576120376586914
2007-04-20,20.681982040405273
2007-04-23,20.626272201538086
2007-04-24,20.56497573852539
2007-04-25,20.843555450439453
2007-04-26,20.81013298034668
2007-04-27,20.782270431518555
2007-04-30,20.62068748474121
2007-05-01,20.659700393676758
2007-05-02,20.74884033203125
2007-05-03,20.943849563598633
2007-05-04,21.016284942626953
2007-05-07,21.044130325317383
2007-05-08,20.999570846557617
2007-05-09,21.11099624633789
2007-05-10,20.81013298034668
2007-05-11,21.032997131347656
2007-05-14,20.932714462280273
2007-05-15,20.88256072998047
2007-05-16,21.122154235839844
2007-05-17,21.016284942626953
2007-05-18,21.07200050354004
2007-05-21,21.094282150268555
2007-05-22,21.11099624633789
2007-05-23,21.094282150268555
2007-05-24,20.904850006103516
2007-05-25,20.943849563598633
2007-05-29,21.032997131347656
2007-05-30,21.1778621673584
2007-05-31,21.116573333740234
2007-06-01,21.183425903320312
2007-06-04,21.155569076538086
2007-06-05,21.027429580688477
2007-06-06,20.8491268157959
2007-06-07,20.498119354248047
2007-06-08,20.73770523071289
2007-06-11,20.832422256469727
2007-06-12,20.548261642456055
2007-06-13,20.938283920288086
2007-06-14,20.904850006103516
2007-06-15,20.979915618896484
2007-06-18,20.974315643310547
2007-06-19,21.063953399658203
2007-06-20,20.694210052490234
2007-06-21,20.727825164794922
2007-06-22,20.464523315429688
2007-06-25,20.302061080932617
2007-06-26,20.11159324645996
2007-06-27,20.414106369018555
2007-06-28,20.38048553466797
2007-06-29,20.268449783325195
2007-07-02,20.442110061645508
2007-07-03,20.621383666992188
2007-07-05,20.447721481323242
2007-07-06,20.548555374145508
2007-07-09,20.464523315429688
2007-07-10,20.033157348632812
2007-07-11,20.100387573242188
2007-07-12,20.470125198364258
2007-07-13,20.548555374145508
2007-07-16,20.475732803344727
2007-07-17,20.54296112060547
2007-07-18,20.27965545654297
2007-07-19,20.21242332458496
2007-07-20,19.859498977661133
2007-07-23,19.848285675048828
2007-07-24,19.34970474243164
2007-07-25,19.43933868408203
2007-07-26,18.979970932006836
2007-07-27,18.683046340942383
2007-07-30,19.035987854003906
2007-07-31,18.43095588684082
2007-08-01,18.638229370117188
2007-08-02,18.76148223876953
2007-08-03,17.96038055419922
2007-08-06,18.87912940979004
2007-08-07,19.01357078552246
2007-08-08,19.467344284057617
2007-08-09,18.767080307006836
2007-08-10,18.683046340942383
2007-08-13,18.514982223510742
2007-08-14,18.190067291259766
2007-08-15,18.027599334716797
2007-08-16,18.571001052856445
2007-08-17,19.327295303344727
2007-08-20,19.069591522216797
2007-08-21,19.20405387878418
2007-08-22,19.254465103149414
2007-08-23,19.282474517822266
2007-08-24,19.34970474243164
2007-08-27,19.125619888305664
2007-08-28,18.55420684814453
2007-08-29,18.778282165527344
2007-08-30,18.66064453125
2007-08-31,18.90714454650879
2007-09-04,19.05278778076172
2007-09-05,18.823108673095703
2007-09-06,18.683046340942383
2007-09-07,18.492576599121094
2007-09-10,18.43095588684082
2007-09-11,18.621427536010742
2007-09-12,18.66064453125
2007-09-13,18.9687557220459
2007-09-14,19.035987854003906
2007-09-17,18.85671615600586
2007-09-18,19.568191528320312
2007-09-19,19.69142723083496
2007-09-20,19.450546264648438
2007-09-21,19.5267276763916
2007-09-24,19.255844116210938
2007-09-25,19.21632957458496
2007-09-26,19.221973419189453
2007-09-27,19.447723388671875
2007-09-28,19.368711471557617
2007-10-01,19.735544204711914
2007-10-02,19.96127700805664
2007-10-03,19.91613006591797
2007-10-04,20.034652709960938
2007-10-05,20.254749298095703
2007-10-08,19.978206634521484
2007-10-09,20.147525787353516
2007-10-10,20.034652709960938
2007-10-11,19.927419662475586
2007-10-12,20.057222366333008
2007-10-15,19.650888442993164
2007-10-16,19.284048080444336
2007-10-17,19.272768020629883
2007-10-18,19.030101776123047
2007-10-19,18.398012161254883
2007-10-22,18.62375831604004
2007-10-23,18.725341796875
2007-10-24,18.584257125854492
2007-10-25,18.567325592041016
2007-10-26,19.01881217956543
2007-10-29,19.075241088867188
2007-10-30,18.781770706176758
2007-10-31,19.035734176635742
2007-11-01,18.059396743774414
2007-11-02,17.969104766845703
2007-11-05,17.647418975830078
2007-11-06,17.9465389251709
2007-11-07,16.96454620361328
2007-11-08,17.13950538635254
2007-11-09,17.00969886779785
2007-11-12,17.071775436401367
2007-11-13,17.8731632232666
2007-11-14,17.805438995361328
2007-11-15,17.353958129882812
2007-11-16,17.218505859375
2007-11-19,16.7557430267334
2007-11-20,16.38890266418457
2007-11-21,16.134950637817383
2007-11-23,16.51870346069336
2007-11-26,15.965639114379883
2007-11-27,16.253461837768555
2007-11-28,17.224153518676758
2007-11-29,17.071775436401367
2007-11-30,17.49504852294922
2007-12-03,17.353958129882812
2007-12-04,17.032268524169922
2007-12-05,17.286245346069336
2007-12-06,17.844953536987305
2007-12-07,17.607921600341797
2007-12-10,17.980388641357422
2007-12-11,17.071775436401367
2007-12-12,16.94197654724121
2007-12-13,16.93633460998535
2007-12-14,16.563854217529297
2007-12-17,16.38890266418457
2007-12-18,16.400203704833984
2007-12-19,16.496135711669922
2007-12-20,16.37761878967285
2007-12-21,16.68059730529785
2007-12-24,16.982431411743164
2007-12-26,16.862838745117188
2007-12-27,16.521135330200195
2007-12-28,16.48126792907715
2007-12-31,16.475570678710938
2008-01-02,16.150962829589844
2008-01-03,16.048452377319336
2008-01-04,15.592851638793945
2008-01-07,15.632719993591309
2008-01-08,15.063218116760254
2008-01-09,15.347959518432617
2008-01-10,15.609938621520996
2008-01-11,15.661191940307617
2008-01-14,15.877602577209473
2008-01-15,15.222674369812012
2008-01-16,15.478960990905762
2008-01-17,14.693045616149902
2008-01-18,14.522199630737305
2008-01-22,14.83541202545166
2008-01-23,15.888985633850098
2008-01-24,15.894681930541992
2008-01-25,15.478960990905762
2008-01-28,16.031360626220703
2008-01-29,16.276248931884766
2008-01-30,15.945937156677246
2008-01-31,16.595172882080078
2008-02-01,16.902694702148438
2008-02-04,16.412927627563477
2008-02-05,15.746621131896973
2008-02-06,15.564375877380371
2008-02-07,15.70675277709961
2008-02-08,15.444781303405762
2008-02-11,15.103084564208984
2008-02-12,15.518818855285645
2008-02-13,15.461865425109863
2008-02-14,15.040438652038574
2008-02-15,15.27962875366211
2008-02-19,15.256841659545898
2008-02-20,15.43338394165039
2008-02-21,15.160032272338867
2008-02-22,15.490345001220703
2008-02-25,15.490345001220703
2008-02-26,15.627022743225098
2008-02-27,15.69536304473877
2008-02-28,15.205595016479492
2008-02-29,14.710132598876953
2008-03-03,14.5108003616333
2008-03-04,14.43108081817627
2008-03-05,14.31717586517334
2008-03-06,13.8217134475708
2008-03-07,13.850188255310059
2008-03-10,13.457234382629395
2008-03-11,14.339957237243652
2008-03-12,14.10076904296875
2008-03-13,14.066597938537598
2008-03-14,13.667943954467773
2008-03-17,13.354723930358887
2008-03-18,14.476640701293945
2008-03-19,14.095075607299805
2008-03-20,15.110066413879395
2008-03-24,15.30526065826416
2008-03-25,15.259329795837402
2008-03-26,14.708196640014648
2008-03-27,14.478569984436035
2008-03-28,14.151331901550293
2008-03-31,14.277631759643555
2008-04-01,15.282294273376465
2008-04-02,15.270806312561035
2008-04-03,15.339704513549805
2008-04-04,15.133027076721191
2008-04-07,15.224888801574707
2008-04-08,15.052651405334473
2008-04-09,14.800054550170898
2008-04-10,14.708196640014648
2008-04-11,14.426900863647461
2008-04-14,14.088183403015137
2008-04-15,14.231708526611328
2008-04-16,14.616348266601562
2008-04-17,14.868947982788086
2008-04-18,15.196189880371094
2008-04-21,14.960798263549805
2008-04-22,14.754121780395508
2008-04-23,14.656535148620605
2008-04-24,15.184697151184082
2008-04-25,15.4717378616333
2008-04-28,15.51192855834961
2008-04-29,15.32248306274414
2008-04-30,15.276548385620117
2008-05-01,15.798971176147461
2008-05-02,15.90804672241211
2008-05-05,15.632489204406738
2008-05-06,15.798971176147461
2008-05-07,15.23062515258789
2008-05-08,14.920619010925293
2008-05-09,14.920619010925293
2008-05-12,15.098580360412598
2008-05-13,14.960798263549805
2008-05-14,15.064138412475586
2008-05-15,15.213401794433594
2008-05-16,15.150247573852539
2008-05-19,15.006728172302246
2008-05-20,14.656535148620605
2008-05-21,14.283376693725586
2008-05-22,14.363746643066406
2008-05-23,14.151331901550293
2008-05-27,14.225969314575195
2008-05-28,14.145599365234375
2008-05-29,14.398195266723633
2008-05-30,14.214483261108398
2008-06-02,14.00207233428955
2008-06-03,13.956140518188477
2008-06-04,13.870026588439941
2008-06-05,14.145599365234375
2008-06-06,13.393536567687988
2008-06-09,13.209823608398438
2008-06-10,13.250015258789062
2008-06-11,12.865375518798828
2008-06-12,13.21556568145752
2008-06-13,13.422235488891602
2008-06-16,13.548535346984863
2008-06-17,13.152416229248047
2008-06-18,12.93426513671875
2008-06-19,13.072041511535645
2008-06-20,12.846165657043457
2008-06-23,12.440736770629883
2008-06-24,12.585536003112793
2008-06-25,12.556578636169434
2008-06-26,12.104817390441895
2008-06-27,11.91368579864502
2008-06-30,11.734142303466797
2008-07-01,11.768891334533691
2008-07-02,11.589351654052734
2008-07-03,11.548805236816406
2008-07-07,11.166548728942871
2008-07-08,11.890522956848145
2008-07-09,11.212883949279785
2008-07-10,11.13180160522461
2008-07-11,10.819040298461914
2008-07-14,10.263028144836426
2008-07-15,9.944479942321777
2008-07-16,11.247633934020996
2008-07-17,11.734142303466797
2008-07-18,11.97160530090332
2008-07-21,12.017937660217285
2008-07-22,13.025713920593262
2008-07-23,13.00833511352539
2008-07-24,12.133769035339355
2008-07-25,12.087442398071289
2008-07-28,11.519840240478516
2008-07-29,12.45232105255127
2008-07-30,12.643451690673828
2008-07-31,12.527615547180176
2008-08-01,12.527615547180176
2008-08-04,12.423365592956543
2008-08-05,13.054664611816406
2008-08-06,12.921452522277832
2008-08-07,12.284361839294434
2008-08-08,12.707162857055664
2008-08-11,12.921452522277832
2008-08-12,12.266990661621094
2008-08-13,11.91368579864502
2008-08-14,12.284361839294434
2008-08-15,12.371240615844727
2008-08-18,11.89631462097168
2008-08-19,11.548805236816406
2008-08-20,11.78626823425293
2008-08-21,11.571969985961914
2008-08-22,12.012147903442383
2008-08-25,11.589351654052734
2008-08-26,11.68202018737793
2008-08-27,11.907896995544434
2008-08-28,12.388616561889648
2008-08-29,12.405987739562988
2008-09-02,12.579742431640625
2008-09-03,12.776666641235352
2008-09-04,12.151150703430176
2008-09-05,12.591322898864746
2008-09-08,13.13575553894043
2008-09-09,12.295947074890137
2008-09-10,12.145360946655273
2008-09-11,12.423365592956543
2008-09-12,12.24960994720459
2008-09-15,11.056503295898438
2008-09-16,11.884729385375977
2008-09-17,10.74374771118164
2008-09-18,11.589351654052734
2008-09-19,13.08625316619873
2008-09-22,12.016203880310059
2008-09-23,11.981117248535156
2008-09-24,11.84663200378418
2008-09-25,12.17408275604248
2008-09-26,12.507377624511719
2008-09-29,10.858437538146973
2008-09-30,11.630278587341309
2008-10-01,12.086365699768066
2008-10-02,11.484098434448242
2008-10-03,10.981229782104492
2008-10-06,10.408198356628418
2008-10-07,9.308906555175781
2008-10-08,8.934675216674805
2008-10-09,8.00495433807373
2008-10-10,8.829426765441895
2008-10-13,9.519404411315918
2008-10-14,10.133370399475098
2008-10-15,9.034075736999512
2008-10-16,9.238730430603027
2008-10-17,8.975605964660645
2008-10-20,9.420001983642578
2008-10-21,9.133485794067383
2008-10-22,8.560447692871094
2008-10-23,8.472739219665527
2008-10-24,7.923088550567627
2008-10-27,7.706744194030762
2008-10-28,8.917133331298828
2008-10-29,8.367487907409668
2008-10-30,8.65985107421875
2008-10-31,9.08085823059082
2008-11-03,9.133485794067383
2008-11-04,9.648046493530273
2008-11-05,8.765103340148926
2008-11-06,8.16283130645752
2008-11-07,8.314859390258789
2008-11-10,8.06927490234375
2008-11-11,7.788605213165283
2008-11-12,7.309127330780029
2008-11-13,7.841230869293213
2008-11-14,7.443613052368164
2008-11-17,6.969979763031006
2008-11-18,6.87057638168335
2008-11-19,6.151360988616943
2008-11-20,5.490614891052246
2008-11-21,5.66018533706665
2008-11-24,6.519741058349609
2008-11-25,6.899814128875732
2008-11-26,7.221415996551514
2008-11-28,7.402684211730957
2008-12-01,6.168900012969971
2008-12-02,6.6717705726623535
2008-12-03,7.01676082611084
2008-12-04,6.9407477378845215
2008-12-05,7.490390300750732
2008-12-08,7.993259906768799
2008-12-09,7.671655178070068
2008-12-10,7.537168502807617
2008-12-11,6.958290100097656
2008-12-12,7.092774868011475
2008-12-15,6.800411224365234
2008-12-16,7.56056022644043
2008-12-17,7.490390300750732
2008-12-18,7.274041652679443
2008-12-19,7.258019924163818
2008-12-22,7.002830982208252
2008-12-23,6.836663722991943
2008-12-24,6.98502779006958
2008-12-26,6.990959644317627
2008-12-29,6.931612968444824
2008-12-30,7.198671817779541
2008-12-31,7.430120944976807
2009-01-02,7.513209342956543
2009-01-05,7.388578414916992
2009-01-06,7.507274627685547
2009-01-07,7.1155877113342285
2009-01-08,7.085912227630615
2009-01-09,6.8603997230529785
2009-01-12,6.498390197753906
2009-01-13,6.587407112121582
2009-01-14,6.207594394683838
2009-01-15,5.922731876373291
2009-01-16,5.744694709777832
2009-01-20,4.7951579093933105
2009-01-21,5.501376628875732
2009-01-22,5.163102149963379
2009-01-23,5.335209846496582
2009-01-26,5.240253925323486
2009-01-27,5.424226760864258
2009-01-28,6.1185760498046875
2009-01-29,5.63787317276001
2009-01-30,5.483570575714111
2009-02-02,5.483570575714111
2009-02-03,5.382684230804443
2009-02-04,5.323338031768799
2009-02-05,5.406420707702637
2009-02-06,5.809977054595947
2009-02-09,5.8752570152282715
2009-02-10,5.2758612632751465
2009-02-11,5.5310492515563965
2009-02-12,5.459834098815918
2009-02-13,5.252121925354004
2009-02-17,4.729876518249512
2009-02-18,4.729876518249512
2009-02-19,4.480625152587891
2009-02-20,4.415343761444092
2009-02-23,4.261043071746826
2009-02-24,4.7773542404174805
2009-02-25,4.747679233551025
2009-02-26,4.824831962585449
2009-02-27,4.5102972984313965
2009-03-02,4.225438594818115
2009-03-03,4.14235258102417
2009-03-04,4.08894157409668
2009-03-05,3.7031917572021484
2009-03-06,3.6675844192504883
2009-03-09,3.7150604724884033
2009-03-10,4.266978740692139
2009-03-11,4.37973690032959
2009-03-12,4.830766201019287
2009-03-13,4.860437870025635
2009-03-16,4.765484809875488
2009-03-17,5.0740838050842285
2009-03-18,5.584460258483887
2009-03-19,5.139366626739502
2009-03-20,4.879221439361572
2009-03-23,5.682433605194092
2009-03-24,5.406703472137451
2009-03-25,5.586524963378906
2009-03-26,5.652463436126709
2009-03-27,5.47863245010376
2009-03-30,5.005099773406982
2009-03-31,5.280827045440674
2009-04-01,5.430681228637695
2009-04-02,5.580533981323242
2009-04-03,5.808309078216553
2009-04-06,5.652463436126709
2009-04-07,5.4846272468566895
2009-04-08,5.514599323272705
2009-04-09,6.371758460998535
2009-04-13,6.64149284362793
2009-04-14,6.203921794891357
2009-04-15,6.503629684448242
2009-04-16,6.575556755065918
2009-04-17,6.659475803375244
2009-04-20,5.91620397567749
2009-04-21,6.35377311706543
2009-04-22,6.125999450683594
2009-04-23,6.4137163162231445
2009-04-24,6.557575225830078
2009-04-27,6.449681282043457
2009-04-28,6.2518744468688965
2009-04-29,6.521611213684082
2009-04-30,6.431698799133301
2009-05-01,6.383746147155762
2009-05-04,7.0311102867126465
2009-05-05,6.929210186004639
2009-05-06,7.480670928955078
2009-05-07,7.26487922668457
2009-05-08,7.804356575012207
2009-05-11,7.3488006591796875
2009-05-12,7.192955017089844
2009-05-13,6.827308654785156
2009-05-14,7.055089950561523
2009-05-15,6.911230564117432
2009-05-18,7.366783142089844
2009-05-19,7.2169294357299805
2009-05-20,7.025118350982666
2009-05-21,7.03710412979126
2009-05-22,6.989151954650879
2009-05-26,7.2169294357299805
2009-05-27,7.0011396408081055
2009-05-28,7.198946952819824
2009-05-29,7.330820083618164
2009-06-01,7.408743858337402
2009-06-02,7.28886079788208
2009-06-03,7.192955017089844
2009-06-04,7.450700759887695
2009-06-05,7.384768486022949
2009-06-08,7.438712120056152
2009-06-09,7.492661476135254
2009-06-10,7.378774642944336
2009-06-11,7.438712120056152
2009-06-12,7.486668109893799
2009-06-15,7.294853687286377
2009-06-16,7.168979644775391
2009-06-17,6.959184169769287
2009-06-18,7.127018451690674
2009-06-19,7.254146099090576
2009-06-22,6.832393646240234
2009-06-23,6.9107184410095215
2009-06-24,6.995070934295654
2009-06-25,7.145694732666016
2009-06-26,7.181845664978027
2009-06-29,7.272223949432373
2009-06-30,7.199920654296875
2009-07-01,7.1577467918396
2009-07-02,6.9107184410095215
2009-07-06,6.91674280166626
2009-07-07,6.808294773101807
2009-07-08,6.693817138671875
2009-07-09,6.778167247772217
2009-07-10,6.687789440155029
2009-07-13,7.115570068359375
2009-07-14,7.085448265075684
2009-07-15,7.3866987228393555
2009-07-16,7.362598896026611
2009-07-17,7.314393520355225
2009-07-20,7.3746490478515625
2009-07-21,7.308373928070068
2009-07-22,7.314393520355225
2009-07-23,7.525272846221924
2009-07-24,7.4831013679504395
2009-07-27,7.6035990715026855
2009-07-28,7.585526466369629
2009-07-29,7.585526466369629
2009-07-30,7.760252952575684
2009-07-31,7.838576793670654
2009-08-03,8.037399291992188
2009-08-04,8.20007610321045
2009-08-05,8.483253479003906
2009-08-06,8.423007011413574
2009-08-07,8.645927429199219
2009-08-10,8.609783172607422
2009-08-11,8.290450096130371
2009-08-12,8.459152221679688
2009-08-13,8.633877754211426
2009-08-14,8.579659461975098
2009-08-17,8.218153953552246
2009-08-18,8.386853218078613
2009-08-19,8.380828857421875
2009-08-20,8.597731590270996
2009-08-21,8.766432762145996
2009-08-24,8.70015811920166
2009-08-25,8.808606147766113
2009-08-26,8.784505844116211
2009-08-27,8.874878883361816
2009-08-28,8.886931419372559
2009-08-31,8.856806755065918
2009-09-01,8.380828857421875
2009-09-02,8.308530807495117
2009-09-03,8.47120475769043
2009-09-04,8.567604064941406
2009-09-08,8.603760719299316
2009-09-09,8.736307144165039
2009-09-10,8.808606147766113
2009-09-11,8.754383087158203
2009-09-14,8.868857383728027
2009-09-15,8.886931419372559
2009-09-16,9.194211959838867
2009-09-17,9.164084434509277
2009-09-18,9.15018081665039
2009-09-21,9.065571784973145
2009-09-22,9.27105712890625
2009-09-23,9.083701133728027
2009-09-24,8.902392387390137
2009-09-25,8.817778587341309
2009-09-28,9.113919258117676
2009-09-29,9.071619033813477
2009-09-30,9.029303550720215
2009-10-01,8.630424499511719
2009-10-02,8.636466026306152
2009-10-05,8.90843391418457
2009-10-06,9.023261070251465
2009-10-07,9.119963645935059
2009-10-08,9.132052421569824
2009-10-09,9.210620880126953
2009-10-12,9.283145904541016
2009-10-13,9.192489624023438
2009-10-14,9.506758689880371
2009-10-15,9.422147750854492
2009-10-16,9.198532104492188
2009-10-19,9.240835189819336
2009-10-20,9.168313026428223
2009-10-21,8.993045806884766
2009-10-22,9.258967399597168
2009-10-23,9.126005172729492
2009-10-26,8.890303611755371
2009-10-27,8.823822975158691
2009-10-28,8.551860809326172
2009-10-29,8.90843391418457
2009-10-30,8.49141788482666
2009-11-02,8.563945770263672
2009-11-03,8.588112831115723
2009-11-04,8.467240333557129
2009-11-05,8.684815406799316
2009-11-06,8.648550987243652
2009-11-09,8.95678424835205
2009-11-10,8.926565170288086
2009-11-11,9.047439575195312
2009-11-12,8.878214836120605
2009-11-13,8.860086441040039
2009-11-16,8.95678424835205
2009-11-17,8.980958938598633
2009-11-18,9.053487777709961
2009-11-19,8.878214836120605
2009-11-20,8.823822975158691
2009-11-23,8.950737953186035
2009-11-24,8.884262084960938
2009-11-25,8.866124153137207
2009-11-27,8.630424499511719
2009-11-30,8.860086441040039
2009-12-01,8.866124153137207
2009-12-02,8.860086441040039
2009-12-03,8.67877197265625
2009-12-04,8.84195613861084
2009-12-07,8.696904182434082
2009-12-08,8.61833667755127
2009-12-09,8.648550987243652
2009-12-10,8.636466026306152
2009-12-11,8.696904182434082
2009-12-14,8.745253562927246
2009-12-15,8.60624885559082
2009-12-16,8.660639762878418
2009-12-17,8.49746322631836
2009-12-18,8.62606430053711
2009-12-21,8.753453254699707
2009-12-22,8.771656036376953
2009-12-23,8.73525333404541
2009-12-24,8.814118385314941
2009-12-28,8.783782005310059
2009-12-29,8.747387886047363
2009-12-30,8.753453254699707
2009-12-31,8.73525333404541
2010-01-04,8.911170959472656
2010-01-05,9.074960708618164
2010-01-06,9.093156814575195
2010-01-07,9.287277221679688
2010-01-08,9.232677459716797
2010-01-11,9.238743782043457
2010-01-12,9.105293273925781
2010-01-13,9.208410263061523
2010-01-14,9.250877380371094
2010-01-15,9.062822341918945
2010-01-19,9.178084373474121
2010-01-20,9.15381908416748
2010-01-21,8.892977714538574
2010-01-22,8.60179615020752
2010-01-25,8.650328636169434
2010-01-26,8.498674392700195
2010-01-27,8.704923629760742
2010-01-28,8.662461280822754
2010-01-29,8.60179615020752
2010-02-01,8.747387886047363
2010-02-02,8.832311630249023
2010-02-03,8.73525333404541
2010-02-04,8.359155654907227
2010-02-05,8.45621109008789
2010-02-08,8.286360740661621
2010-02-09,8.371285438537598
2010-02-10,8.438010215759277
2010-02-11,8.45621109008789
2010-02-12,8.462279319763184
2010-02-16,8.638195991516113
2010-02-17,8.668525695800781
2010-02-18,8.723123550415039
2010-02-19,8.771656036376953
2010-02-22,8.886908531188965
2010-02-23,8.723123550415039
2010-02-24,8.87477970123291
2010-02-25,8.850510597229004
2010-02-26,8.905104637145996
2010-03-01,8.929370880126953
2010-03-02,8.959702491760254
2010-03-03,8.965767860412598
2010-03-04,9.056758880615234
2010-03-05,9.232677459716797
2010-03-08,9.250877380371094
2010-03-09,9.281208992004395
2010-03-10,9.384333610534668
2010-03-11,9.463190078735352
2010-03-12,9.42679500579834
2010-03-15,9.42679500579834
2010-03-16,9.542051315307617
2010-03-17,9.657309532165527
2010-03-18,9.602716445922852
2010-03-19,9.539483070373535
2010-03-22,9.588125228881836
2010-03-23,9.667163848876953
2010-03-24,9.673242568969727
2010-03-25,9.715801239013672
2010-03-26,9.727958679199219
2010-03-29,9.74012279510498
2010-03-30,9.679322242736816
2010-03-31,9.697566032409668
2010-04-01,9.776602745056152
2010-04-05,9.873882293701172
2010-04-06,9.977242469787598
2010-04-07,9.940756797790527
2010-04-08,10.019801139831543
2010-04-09,10.056282043457031
2010-04-12,10.09884262084961
2010-04-13,10.1049222946167
2010-04-14,10.366362571716309
2010-04-15,10.323799133300781
2010-04-16,9.946839332580566
2010-04-19,10.044119834899902
2010-04-20,10.177878379821777
2010-04-21,10.117074966430664
2010-04-22,10.171798706054688
2010-04-23,10.20219898223877
2010-04-26,10.044119834899902
2010-04-27,9.703641891479492
2010-04-28,9.84347915649414
2010-04-29,10.068441390991211
2010-04-30,9.82524299621582
2010-05-03,10.013718605041504
2010-05-04,9.74012279510498
2010-05-05,9.685401916503906
2010-05-06,9.278046607971191
2010-05-07,9.1746826171875
2010-05-10,9.685401916503906
2010-05-11,9.648921012878418
2010-05-12,9.758360862731934
2010-05-13,9.582042694091797
2010-05-14,9.332764625549316
2010-05-17,9.338839530944824
2010-05-18,9.071322441101074
2010-05-19,9.083480834960938
2010-05-20,8.663965225219727
2010-05-21,8.967967987060547
2010-05-24,8.712604522705078
2010-05-25,8.791646957397461
2010-05-26,8.73084545135498
2010-05-27,9.126045227050781
2010-05-28,8.925405502319336
2010-06-01,8.736924171447754
2010-06-02,9.010520935058594
2010-06-03,8.961885452270508
2010-06-04,8.603168487548828
2010-06-07,8.432927131652832
2010-06-08,8.609245300292969
2010-06-09,8.518047332763672
2010-06-10,8.797725677490234
2010-06-11,8.82204532623291
2010-06-14,8.785562515258789
2010-06-15,8.992284774780273
2010-06-16,8.998364448547363
2010-06-17,8.986205101013184
2010-06-18,9.035555839538574
2010-06-21,9.023370742797852
2010-06-22,8.883237838745117
2010-06-23,8.840588569641113
2010-06-24,8.682175636291504
2010-06-25,8.919791221618652
2010-06-28,8.834494590759277
2010-06-29,8.51767349243164
2010-06-30,8.414094924926758
2010-07-01,8.334891319274902
2010-07-02,8.23740291595459
2010-07-06,8.286144256591797
2010-07-07,8.651712417602539
2010-07-08,8.718730926513672
2010-07-09,8.840588569641113
2010-07-12,8.852774620056152
2010-07-13,9.072112083435059
2010-07-14,9.005090713500977
2010-07-15,8.98681640625
2010-07-16,8.609062194824219
2010-07-19,8.602970123291016
2010-07-20,8.694364547729492
2010-07-21,8.554227828979492
2010-07-22,8.804030418395996
2010-07-23,8.871047973632812
2010-07-26,8.992908477783203
2010-07-27,9.017279624938965
2010-07-28,8.938068389892578
2010-07-29,8.968537330627441
2010-07-30,8.962444305419922
2010-08-02,9.187874794006348
2010-08-03,9.084298133850098
2010-08-04,9.120856285095215
2010-08-05,9.084298133850098
2010-08-06,9.005090713500977
2010-08-09,9.05383586883545
2010-08-10,8.974629402160645
2010-08-11,8.657806396484375
2010-08-12,8.596879005432129
2010-08-13,8.572504997253418
2010-08-16,8.548135757446289
2010-08-17,8.615153312683105
2010-08-18,8.651712417602539
2010-08-19,8.45064926147461
2010-08-20,8.426279067993164
2010-08-23,8.37144947052002
2010-08-24,8.231313705444336
2010-08-25,8.255683898925781
2010-08-26,8.188664436340332
2010-08-27,8.365354537963867
2010-08-30,8.188664436340332
2010-08-31,8.26177978515625
2010-09-01,8.578597068786621
2010-09-02,8.663896560668945
2010-09-03,8.846683502197266
2010-09-07,8.645622253417969
2010-09-08,8.730917930603027
2010-09-09,8.840588569641113
2010-09-10,8.852774620056152
2010-09-13,9.041650772094727
2010-09-14,8.962444305419922
2010-09-15,8.992908477783203
2010-09-16,8.968537330627441
2010-09-17,8.921516418457031
2010-09-20,9.092494010925293
2010-09-21,9.007007598876953
2010-09-22,8.860451698303223
2010-09-23,8.689472198486328
2010-09-24,8.921516418457031
2010-09-27,8.823811531066895
2010-09-28,8.842132568359375
2010-09-29,8.774961471557617
2010-09-30,8.76274585723877
2010-10-01,8.854344367980957
2010-10-04,8.793283462524414
2010-10-05,8.994793891906738
2010-10-06,8.988687515258789
2010-10-07,8.952048301696777
2010-10-08,8.976471900939941
2010-10-11,8.964262008666992
2010-10-12,9.068071365356445
2010-10-13,9.074177742004395
2010-10-14,8.915407180786133
2010-10-15,8.76274585723877
2010-10-18,8.958150863647461
2010-10-19,8.836029052734375
2010-10-20,8.921516418457031
2010-10-21,8.921516418457031
2010-10-22,8.915407180786133
2010-10-25,8.884878158569336
2010-10-26,8.897088050842285
2010-10-27,8.903199195861816
2010-10-28,8.903199195861816
2010-10-29,8.890979766845703
2010-11-01,8.890979766845703
2010-11-02,8.915407180786133
2010-11-03,9.000900268554688
2010-11-04,9.300114631652832
2010-11-05,9.51384162902832
2010-11-08,9.440563201904297
2010-11-09,9.26347541809082
2010-11-10,9.36728572845459
2010-11-11,9.2756929397583
2010-11-12,9.123027801513672
2010-11-15,9.165775299072266
2010-11-16,9.01311206817627
2010-11-17,8.952048301696777
2010-11-18,9.074177742004395
2010-11-19,9.074177742004395
2010-11-22,8.939831733703613
2010-11-23,8.799386978149414
2010-11-24,8.933730125427246
2010-11-26,8.80549144744873
2010-11-29,8.87877082824707
2010-11-30,8.829920768737793
2010-12-01,9.007007598876953
2010-12-02,9.239051818847656
2010-12-03,9.269583702087402
2010-12-06,9.257368087768555
2010-12-07,9.269583702087402
2010-12-08,9.422245025634766
2010-12-09,9.538263320922852
2010-12-10,9.623759269714355
2010-12-13,9.61764907836914
2010-12-14,9.5321626663208
2010-12-15,9.452775001525879
2010-12-16,9.46498966217041
2010-12-17,9.517698287963867
2010-12-20,9.523822784423828
2010-12-21,9.689294815063477
2010-12-22,9.799606323242188
2010-12-23,9.726065635681152
2010-12-27,9.81186580657959
2010-12-28,9.81186580657959
2010-12-29,9.793478012084961
2010-12-30,9.762836456298828
2010-12-31,9.775096893310547
2011-01-03,9.98959732055664
2011-01-04,9.977338790893555
2011-01-05,10.093781471252441
2011-01-06,10.026365280151367
2011-01-07,9.940567016601562
2011-01-10,9.916053771972656
2011-01-11,9.952825546264648
2011-01-12,10.118297576904297
2011-01-13,10.087651252746582
2011-01-14,10.24699878692627
2011-01-18,10.185710906982422
2011-01-19,9.958951950073242
2011-01-20,10.007984161376953
2011-01-21,10.087651252746582
2011-01-24,10.075394630432129
2011-01-25,10.05700969696045
2011-01-26,10.050880432128906
2011-01-27,10.136682510375977
2011-01-28,9.958951950073242
2011-01-31,10.050880432128906
2011-02-01,10.259251594543457
2011-02-02,10.179581642150879
2011-02-03,10.185710906982422
2011-02-04,10.179581642150879
2011-02-07,10.326668739318848
2011-02-08,10.400212287902832
2011-02-09,10.326668739318848
2011-02-10,10.326668739318848
2011-02-11,10.46762752532959
2011-02-14,10.4737548828125
2011-02-15,10.46150016784668
2011-02-16,10.516657829284668
2011-02-17,10.504396438598633
2011-02-18,10.528914451599121
2011-02-22,10.204100608825684
2011-02-23,10.1611967086792
2011-02-24,10.136682510375977
2011-02-25,10.277640342712402
2011-02-28,10.326668739318848
2011-03-01,10.106036186218262
2011-03-02,10.044754981994629
2011-03-03,10.253125190734863
2011-03-04,10.124425888061523
2011-03-07,10.05700969696045
2011-03-08,10.277640342712402
2011-03-09,10.277640342712402
2011-03-10,10.069269180297852
2011-03-11,10.136682510375977
2011-03-14,10.044754981994629
2011-03-15,9.928313255310059
2011-03-16,9.744453430175781
2011-03-17,9.860896110534668
2011-03-18,9.997304916381836
2011-03-21,10.046460151672363
2011-03-22,9.991164207458496
2011-03-23,9.966583251953125
2011-03-24,10.015741348266602
2011-03-25,10.040316581726074
2011-03-28,10.00959587097168
2011-03-29,10.028031349182129
2011-03-30,10.107911109924316
2011-03-31,10.071043968200684
2011-04-01,10.157064437866211
2011-04-04,10.144777297973633
2011-04-05,10.138630867004395
2011-04-06,10.255380630493164
2011-04-07,10.206223487854004
2011-04-08,10.114052772521973
2011-04-11,10.114052772521973
2011-04-12,10.07718563079834
2011-04-13,10.003449440002441
2011-04-14,9.911282539367676
2011-04-15,9.917426109313965
2011-04-18,9.782247543334961
2011-04-19,9.812968254089355
2011-04-20,9.837545394897461
2011-04-21,9.892845153808594
2011-04-25,9.880558967590332
2011-04-26,9.94200611114502
2011-04-27,10.003449440002441
2011-04-28,10.083328247070312
2011-04-29,10.064895629882812
2011-05-02,10.021883010864258
2011-05-03,10.064895629882812
2011-05-04,9.978873252868652
2011-05-05,9.849835395812988
2011-05-06,9.898993492126465
2011-05-09,9.874412536621094
2011-05-10,9.966583251953125
2011-05-11,9.831400871276855
2011-05-12,9.831400871276855
2011-05-13,9.690079689025879
2011-05-16,9.67778491973877
2011-05-17,9.751520156860352
2011-05-18,9.794532775878906
2011-05-19,9.794532775878906
2011-05-20,9.659350395202637
2011-05-23,9.524169921875
2011-05-24,9.511879920959473
2011-05-25,9.518024444580078
2011-05-26,9.567181587219238
2011-05-27,9.634769439697266
2011-05-31,9.733083724975586
2011-06-01,9.407422065734863
2011-06-02,9.413567543029785
2011-06-03,9.352119445800781
2011-06-06,9.173924446105957
2011-06-07,9.155494689941406
2011-06-08,9.069472312927246
2011-06-09,9.173924446105957
2011-06-10,9.112481117248535
2011-06-13,9.204649925231934
2011-06-14,9.253804206848145
2011-06-15,9.051034927368164
2011-06-16,9.100192070007324
2011-06-17,9.182205200195312
2011-06-20,9.176039695739746
2011-06-21,9.305542945861816
2011-06-22,9.250040054321289
2011-06-23,9.157540321350098
2011-06-24,9.102039337158203
2011-06-27,9.194541931152344
2011-06-28,9.237709045410156
2011-06-29,9.428874969482422
2011-06-30,9.465875625610352
2011-07-01,9.638542175292969
2011-07-05,9.55220890045166
2011-07-06,9.502874374389648
2011-07-07,9.657042503356934
2011-07-08,9.533706665039062
2011-07-11,9.27470874786377
2011-07-12,9.237709045410156
2011-07-13,9.243873596191406
2011-07-14,9.176039695739746
2011-07-15,9.157540321350098
2011-07-18,9.034208297729492
2011-07-19,9.145208358764648
2011-07-20,9.250040054321289
2011-07-21,9.47204303741455
2011-07-22,9.447376251220703
2011-07-25,9.379542350769043
2011-07-26,9.367210388183594
2011-07-27,9.145208358764648
2011-07-28,9.151371955871582
2011-07-29,9.126710891723633
2011-08-01,9.095876693725586
2011-08-02,8.849205017089844
2011-08-03,8.892373085021973
2011-08-04,8.442206382751465
2011-08-05,8.281868934631348
2011-08-08,7.498701095581055
2011-08-09,8.078370094299316
2011-08-10,7.517201900482178
2011-08-11,7.936535835266113
2011-08-12,7.881036281585693
2011-08-15,8.133869171142578
2011-08-16,7.973537445068359
2011-08-17,8.022869110107422
2011-08-18,7.634365081787109
2011-08-19,7.480197906494141
2011-08-22,7.38770055770874
2011-08-23,7.628201484680176
2011-08-24,7.831703186035156
2011-08-25,7.807036876678467
2011-08-26,7.874865531921387
2011-08-29,8.201704978942871
2011-08-30,8.146200180053711
2011-08-31,8.251039505004883
2011-09-01,8.06603717803955
2011-09-02,7.733035087585449
2011-09-06,7.59736967086792
2011-09-07,7.9612040519714355
2011-09-08,7.7885355949401855
2011-09-09,7.541868209838867
2011-09-12,7.628201484680176
2011-09-13,7.677535533905029
2011-09-14,7.77003288269043
2011-09-15,7.967371940612793
2011-09-16,7.992130756378174
2011-09-19,7.775456428527832
2011-09-20,7.750698089599609
2011-09-21,7.366873741149902
2011-09-22,7.156391620635986
2011-09-23,7.230682373046875
2011-09-26,7.5525946617126465
2011-09-27,7.58974027633667
2011-09-28,7.373068332672119
2011-09-29,7.577357292175293
2011-09-30,7.311161994934082
2011-10-03,6.983055591583252
2011-10-04,7.261632442474365
2011-10-05,7.366873741149902
2011-10-06,7.595930576324463
2011-10-07,7.323543548583984
2011-10-10,7.701171398162842
2011-10-11,7.6949782371521
2011-10-12,7.8930792808532715
2011-10-13,7.707360744476318
2011-10-14,7.800223350524902
2011-10-17,7.558784484863281
2011-10-18,7.917842864990234
2011-10-19,7.806412220001221
2011-10-20,7.924034595489502
2011-10-21,8.128327369689941
2011-10-24,8.307857513427734
2011-10-25,8.060226440429688
2011-10-26,8.20261287689209
2011-10-27,8.69167423248291
2011-10-28,8.697864532470703
2011-10-31,8.357380867004395
2011-11-01,7.961178302764893
2011-11-02,8.196422576904297
2011-11-03,8.338808059692383
2011-11-04,8.227376937866211
2011-11-07,8.270709991455078
2011-11-08,8.425477027893066
2011-11-09,7.967371940612793
2011-11-10,8.004515647888184
2011-11-11,8.196422576904297
2011-11-14,8.029274940490723
2011-11-15,8.066420555114746
2011-11-16,7.868316173553467
2011-11-17,7.713550090789795
2011-11-18,7.738317012786865
2011-11-21,7.546403408050537
2011-11-22,7.478306293487549
2011-11-23,7.274015426635742
2011-11-25,7.292586803436279
2011-11-28,7.509262561798096
2011-11-29,7.472115516662598
2011-11-30,7.930226802825928
2011-12-01,7.8868889808654785
2011-12-02,7.992130756378174
2011-12-05,8.153088569641113
2011-12-06,8.159279823303223
2011-12-07,8.258329391479492
2011-12-08,7.936416149139404
2011-12-09,8.109757423400879
2011-12-12,7.917842864990234
2011-12-13,7.806412220001221
2011-12-14,7.775456428527832
2011-12-15,7.781651496887207
2011-12-16,7.812802791595459
2011-12-19,7.638352394104004
2011-12-20,7.924947261810303
2011-12-21,7.9685564041137695
2011-12-22,8.136775970458984
2011-12-23,8.192848205566406
2011-12-27,8.149234771728516
2011-12-28,8.018403053283691
2011-12-29,8.1430082321167
2011-12-30,8.099395751953125
2012-01-03,8.311223030090332
2012-01-04,8.286303520202637
2012-01-05,8.398451805114746
2012-01-06,8.34860610961914
2012-01-09,8.392219543457031
2012-01-10,8.541747093200684
2012-01-11,8.641432762145996
2012-01-12,8.672581672668457
2012-01-13,8.61028003692627
2012-01-17,8.541747093200684
2012-01-18,8.672581672668457
2012-01-19,8.753580093383789
2012-01-20,8.809649467468262
2012-01-23,8.840802192687988
2012-01-24,8.828344345092773
2012-01-25,8.847029685974121
2012-01-26,8.772263526916504
2012-01-27,8.803417205810547
2012-01-30,8.722421646118164
2012-01-31,8.759807586669922
2012-02-01,8.896876335144043
2012-02-02,8.940485000610352
2012-02-03,9.183465957641602
2012-02-06,9.139859199523926
2012-02-07,9.133623123168945
2012-02-08,9.202159881591797
2012-02-09,9.164774894714355
2012-02-10,9.077552795410156
2012-02-13,9.158547401428223
2012-02-14,9.071318626403809
2012-02-15,9.015246391296387
2012-02-16,9.158547401428223
2012-02-17,9.214618682861328
2012-02-21,9.208390235900879
2012-02-22,9.09001350402832
2012-02-23,9.171008110046387
2012-02-24,9.139859199523926
2012-02-27,9.208390235900879
2012-02-28,9.233307838439941
2012-02-29,9.195927619934082
2012-03-01,9.295613288879395
2012-03-02,9.264463424682617
2012-03-05,9.227078437805176
2012-03-06,9.002787590026855
2012-03-07,9.114936828613281
2012-03-08,9.202159881591797
2012-03-09,9.2769193649292
2012-03-12,9.251999855041504
2012-03-13,9.607129096984863
2012-03-14,9.619587898254395
2012-03-15,9.787808418273926
2012-03-16,9.825308799743652
2012-03-19,9.875310897827148
2012-03-20,9.925310134887695
2012-03-21,9.881563186645508
2012-03-22,9.750308990478516
2012-03-23,9.83155632019043
2012-03-26,9.987811088562012
2012-03-27,9.894060134887695
2012-03-28,9.919060707092285
2012-03-29,9.819058418273926
2012-03-30,9.875310897827148
2012-04-02,9.950313568115234
2012-04-03,9.894060134887695
2012-04-04,9.73780345916748
2012-04-05,9.712803840637207
2012-04-09,9.562800407409668
2012-04-10,9.356542587280273
2012-04-11,9.506550788879395
2012-04-12,9.68155288696289
2012-04-13,9.456544876098633
2012-04-16,9.52530288696289
2012-04-17,9.650303840637207
2012-04-18,9.587800025939941
2012-04-19,9.544047355651855
2012-04-20,9.49404525756836
2012-04-23,9.425297737121582
2012-04-24,9.531546592712402
2012-04-25,9.612799644470215
2012-04-26,9.694059371948242
2012-04-27,9.700303077697754
2012-04-30,9.644054412841797
2012-05-01,9.744051933288574
2012-05-02,9.669055938720703
2012-05-03,9.587800025939941
2012-05-04,9.437798500061035
2012-05-07,9.49404525756836
2012-05-08,9.43154525756836
2012-05-09,9.325292587280273
2012-05-10,9.362792015075684
2012-05-11,9.256536483764648
2012-05-14,9.0690336227417
2012-05-15,9.019036293029785
2012-05-16,8.887778282165527
2012-05-17,8.706522941589355
2012-05-18,8.60651969909668
2012-05-21,8.687774658203125
2012-05-22,8.756525039672852
2012-05-23,8.787773132324219
2012-05-24,8.794027328491211
2012-05-25,8.762775421142578
2012-05-29,8.887778282165527
2012-05-30,8.681519508361816
2012-05-31,8.756525039672852
2012-06-01,8.431513786315918
2012-06-04,8.350260734558105
2012-06-05,8.487767219543457
2012-06-06,8.737775802612305
2012-06-07,8.731520652770996
2012-06-08,8.837779998779297
2012-06-11,8.675272941589355
2012-06-12,8.806524276733398
2012-06-13,8.775274276733398
2012-06-14,8.8815279006958
2012-06-15,9.005879402160645
2012-06-18,8.955636978149414
2012-06-19,9.106363296508789
2012-06-20,9.125201225280762
2012-06-21,8.924235343933105
2012-06-22,9.005879402160645
2012-06-25,8.817468643188477
2012-06-26,8.861433982849121
2012-06-27,8.968196868896484
2012-06-28,8.961913108825684
2012-06-29,9.194284439086914
2012-07-02,9.25080680847168
2012-07-03,9.301047325134277
2012-07-05,9.162886619567871
2012-07-06,9.087520599365234
2012-07-09,9.074960708618164
2012-07-10,9.005879402160645
2012-07-11,9.081239700317383
2012-07-12,8.987034797668457
2012-07-13,9.238245010375977
2012-07-16,9.219407081604004
2012-07-17,9.269648551940918
2012-07-18,9.225686073303223
2012-07-19,9.169160842895508
2012-07-20,9.030997276306152
2012-07-23,8.955636978149414
2012-07-24,8.930512428283691
2012-07-25,8.961913108825684
2012-07-26,9.10008430480957
2012-07-27,9.269648551940918
2012-07-30,9.25080680847168
2012-07-31,9.206847190856934
2012-08-01,9.162886619567871
2012-08-02,9.093801498413086
2012-08-03,9.307331085205078
2012-08-06,9.345010757446289
2012-08-07,9.38269329071045
2012-08-08,9.38269329071045
2012-08-09,9.376409530639648
2012-08-10,9.38269329071045
2012-08-13,9.3889741897583
2012-08-14,9.376409530639648
2012-08-15,9.407812118530273
2012-08-16,9.470617294311523
2012-08-17,9.502015113830566
2012-08-20,9.527140617370605
2012-08-21,9.558538436889648
2012-08-22,9.545979499816895
2012-08-23,9.451777458190918
2012-08-24,9.502015113830566
2012-08-27,9.495737075805664
2012-08-28,9.483180046081543
2012-08-29,9.502015113830566
2012-08-30,9.451777458190918
2012-08-31,9.520856857299805
2012-09-04,9.520856857299805
2012-09-05,9.520856857299805
2012-09-06,9.7469482421875
2012-09-07,9.847431182861328
2012-09-10,9.765786170959473
2012-09-11,9.847431182861328
2012-09-12,9.885109901428223
2012-09-13,10.142601013183594
2012-09-14,10.224248886108398
2012-09-17,10.130040168762207
2012-09-18,10.079800605773926
2012-09-19,10.073519706726074
2012-09-20,10.016999244689941
2012-09-21,9.982943534851074
2012-09-24,9.989249229431152
2012-09-25,9.83790111541748
2012-09-26,9.774834632873535
2012-09-27,9.86312484741211
2012-09-28,9.831589698791504
2012-10-01,9.875739097595215
2012-10-02,9.894655227661133
2012-10-03,9.982943534851074
2012-10-04,10.134295463562012
2012-10-05,10.127988815307617
2012-10-08,10.121684074401855
2012-10-09,10.058621406555176
2012-10-10,10.052312850952148
2012-10-11,10.109070777893066
2012-10-12,9.970331192016602
2012-10-15,10.083846092224121
2012-10-16,10.1469087600708
2012-10-17,10.279338836669922
2012-10-18,10.298262596130371
2012-10-19,10.15952205657959
2012-10-22,10.15952205657959
2012-10-23,9.989249229431152
2012-10-24,9.989249229431152
2012-10-25,10.014472961425781
2012-10-26,9.964025497436523
2012-10-31,10.027091026306152
2012-11-01,10.153215408325195
2012-11-02,10.090149879455566
2012-11-05,10.071231842041016
2012-11-06,10.184746742248535
2012-11-07,9.84420394897461
2012-11-08,9.762218475341797
2012-11-09,9.774834632873535
2012-11-12,9.793754577636719
2012-11-13,9.724380493164062
2012-11-14,9.554112434387207
2012-11-15,9.573033332824707
2012-11-16,9.636096954345703
2012-11-19,9.818981170654297
2012-11-20,9.869429588317871
2012-11-21,9.869429588317871
2012-11-23,9.989249229431152
2012-11-26,9.951412200927734
2012-11-27,9.86312484741211
2012-11-28,9.900964736938477
2012-11-29,9.951412200927734
2012-11-30,9.938800811767578
2012-12-03,9.900964736938477
2012-12-04,9.875739097595215
2012-12-05,9.99555778503418
2012-12-06,10.027091026306152
2012-12-07,10.109070777893066
2012-12-10,10.083846092224121
2012-12-11,10.134295463562012
2012-12-12,10.178442001342773
2012-12-13,10.127988815307617
2012-12-14,10.090149879455566
2012-12-17,10.298262596130371
2012-12-18,10.449614524841309
2012-12-19,10.386549949645996
2012-12-20,10.531597137451172
2012-12-21,10.407220840454102
2012-12-24,10.388178825378418
2012-12-26,10.388178825378418
2012-12-27,10.350104331970215
2012-12-28,10.267608642578125
2012-12-31,10.400869369506836
2013-01-02,10.705473899841309
2013-01-03,10.692780494689941
2013-01-04,10.819701194763184
2013-01-07,10.794315338134766
2013-01-08,10.76258659362793
2013-01-09,10.749895095825195
2013-01-10,10.883157730102539
2013-01-11,10.85777473449707
2013-01-14,10.826043128967285
2013-01-15,10.870467185974121
2013-01-16,10.876811027526855
2013-01-17,10.870467185974121
2013-01-18,10.883157730102539
2013-01-22,10.98469352722168
2013-01-23,10.978344917297363
2013-01-24,11.035455703735352
2013-01-25,11.086224555969238
2013-01-28,11.041799545288086
2013-01-29,11.086224555969238
2013-01-30,11.035455703735352
2013-01-31,11.0291109085083
2013-02-01,11.175065994262695
2013-02-04,11.048147201538086
2013-02-05,11.156031608581543
2013-02-06,11.175065994262695
2013-02-07,11.14333724975586
2013-02-08,11.168717384338379
2013-02-11,11.219490051269531
2013-02-12,11.308326721191406
2013-02-13,11.282946586608887
2013-02-14,11.321022033691406
2013-02-15,11.270255088806152
2013-02-19,11.378134727478027
2013-02-20,11.206795692443848
2013-02-21,11.117955207824707
2013-02-22,11.257561683654785
2013-02-25,10.952963829040527
2013-02-26,11.0100736618042
2013-02-27,11.181411743164062
2013-02-28,11.16237735748291
2013-03-01,11.194099426269531
2013-03-04,11.289290428161621
2013-03-05,11.384483337402344
2013-03-06,11.4606294631958
2013-03-07,11.543123245239258
2013-03-08,11.574857711791992
2013-03-11,11.66369915008545
2013-03-12,11.600239753723145
2013-03-13,11.63197135925293
2013-03-14,11.708120346069336
2013-03-15,11.747597694396973
2013-03-18,11.63298511505127
2013-03-19,11.569313049316406
2013-03-20,11.645718574523926
2013-03-21,11.505643844604492
2013-03-22,11.575682640075684
2013-03-25,11.543845176696777
2013-03-26,11.62025260925293
2013-03-27,11.562948226928711
2013-03-28,11.594782829284668
2013-04-01,11.537473678588867
2013-04-02,11.607516288757324
2013-04-03,11.416498184204102
2013-04-04,11.518375396728516
2013-04-05,11.480172157287598
2013-04-08,11.594782829284668
2013-04-09,11.626619338989258
2013-04-10,11.78580379486084
2013-04-11,11.811269760131836
2013-04-12,11.760332107543945
2013-04-15,11.512008666992188
2013-04-16,11.690292358398438
2013-04-17,11.473803520202637
2013-04-18,11.352826118469238
2013-04-19,11.512008666992188
2013-04-22,11.524741172790527
2013-04-23,11.734862327575684
2013-04-24,11.80489730834961
2013-04-25,11.874944686889648
2013-04-26,11.824004173278809
2013-04-29,11.874944686889648
2013-04-30,11.906776428222656
2013-05-01,11.773061752319336
2013-05-02,11.874944686889648
2013-05-03,12.002286911010742
2013-05-06,12.129632949829102
2013-05-07,12.19330883026123
2013-05-08,12.295181274414062
2013-05-09,12.206035614013672
2013-05-10,12.256977081298828
2013-05-13,12.295181274414062
2013-05-14,12.505302429199219
2013-05-15,12.619913101196289
2013-05-16,12.537134170532227
2013-05-17,12.702686309814453
2013-05-20,12.728155136108398
2013-05-21,12.759989738464355
2013-05-22,12.626276969909668
2013-05-23,12.549872398376465
2013-05-24,12.562606811523438
2013-05-28,12.689949035644531
2013-05-29,12.689949035644531
2013-05-30,12.842769622802734
2013-05-31,12.632645606994629
2013-06-03,12.645381927490234
2013-06-04,12.530767440795898
2013-06-05,12.327014923095703
2013-06-06,12.498934745788574
2013-06-07,12.71541976928711
2013-06-10,12.721789360046387
2013-06-11,12.511669158935547
2013-06-12,12.37795639038086
2013-06-13,12.613539695739746
2013-06-14,12.44799518585205
2013-06-17,12.568973541259766
2013-06-18,12.65174388885498
2013-06-19,12.479830741882324
2013-06-20,12.212407112121582
2013-06-21,12.22327709197998
2013-06-24,12.005915641784668
2013-06-25,12.229665756225586
2013-06-26,12.35113525390625
2013-06-27,12.510957717895508
2013-06-28,12.43424129486084
2013-07-01,12.47259521484375
2013-07-02,12.485384941101074
2013-07-03,12.447027206420898
2013-07-05,12.670777320861816
2013-07-08,12.76667308807373
2013-07-09,12.875353813171387
2013-07-10,12.798636436462402
2013-07-11,12.920104026794434
2013-07-12,13.009603500366211
2013-07-15,13.06714153289795
2013-07-16,13.015995979309082
2013-07-17,13.073531150817871
2013-07-18,13.246143341064453
2013-07-19,13.252537727355957
2013-07-22,13.342037200927734
2013-07-23,13.290892601013184
2013-07-24,13.194998741149902
2013-07-25,13.207786560058594
2013-07-26,13.194998741149902
2013-07-29,13.09910774230957
2013-07-30,13.092713356018066
2013-07-31,13.09910774230957
2013-08-01,13.310076713562012
2013-08-02,13.303680419921875
2013-08-05,13.278105735778809
2013-08-06,13.15664005279541
2013-08-07,13.06714153289795
2013-08-08,13.09910774230957
2013-08-09,13.054354667663574
2013-08-12,13.00321102142334
2013-08-13,13.06714153289795
2013-08-14,13.015995979309082
2013-08-15,12.824213027954102
2013-08-16,12.798636436462402
2013-08-19,12.63242244720459
2013-08-20,12.753886222839355
2013-08-21,12.664386749267578
2013-08-22,12.81142520904541
2013-08-23,12.824213027954102
2013-08-26,12.74109935760498
2013-08-27,12.43424129486084
2013-08-28,12.453418731689453
2013-08-29,12.485384941101074
2013-08-30,12.427848815917969
2013-09-03,12.530136108398438
2013-09-04,12.626032829284668
2013-09-05,12.657995223999023
2013-09-06,12.657995223999023
2013-09-09,12.80502986907959
2013-09-10,12.958462715148926
2013-09-11,12.9712495803833
2013-09-12,12.875353813171387
2013-09-13,12.913713455200195
2013-09-16,13.054354667663574
2013-09-17,13.118284225463867
2013-09-18,13.233355522155762
2013-09-19,13.182214736938477
2013-09-20,13.112256050109863
2013-09-23,12.926131248474121
2013-09-24,12.842696189880371
2013-09-25,12.913290977478027
2013-09-26,12.913290977478027
2013-09-27,12.868367195129395
2013-09-30,12.778511047363281
2013-10-01,12.868367195129395
2013-10-02,12.86194896697998
2013-10-03,12.76567554473877
2013-10-04,12.868367195129395
2013-10-07,12.720747947692871
2013-10-08,12.560298919677734
2013-10-09,12.605223655700684
2013-10-10,12.964641571044922
2013-10-11,13.035237312316895
2013-10-14,13.099414825439453
2013-10-15,13.00314712524414
2013-10-16,13.279129028320312
2013-10-17,13.394655227661133
2013-10-18,13.420326232910156
2013-10-21,13.394655227661133
2013-10-22,13.420326232910156
2013-10-23,13.3112154006958
2013-10-24,13.330473899841309
2013-10-25,13.388236999511719
2013-10-28,13.356146812438965
2013-10-29,13.394655227661133
2013-10-30,13.343308448791504
2013-10-31,13.202108383178711
2013-11-01,13.234201431274414
2013-11-04,13.240621566772461
2013-11-05,13.170019149780273
2013-11-06,13.234201431274414
2013-11-07,13.086583137512207
2013-11-08,13.388236999511719
2013-11-11,13.394655227661133
2013-11-12,13.266294479370117
2013-11-13,13.381816864013672
2013-11-14,13.49734115600586
2013-11-15,13.56152629852295
2013-11-18,13.55510425567627
2013-11-19,13.57436752319336
2013-11-20,13.535849571228027
2013-11-21,13.728402137756348
2013-11-22,13.79257583618164
2013-11-25,13.811832427978516
2013-11-26,13.798994064331055
2013-11-27,13.837506294250488
2013-11-29,13.786162376403809
2013-12-02,13.779744148254395
2013-12-03,13.638545036315918
2013-12-04,13.670637130737305
2013-12-05,13.54227066040039
2013-12-06,13.728402137756348
2013-12-09,13.786162376403809
2013-12-10,13.734816551208496
2013-12-11,13.548686981201172
2013-12-12,13.548686981201172
2013-12-13,13.56152629852295
2013-12-16,13.644965171813965
2013-12-17,13.55510425567627
2013-12-18,13.869596481323242
2013-12-19,13.85033893585205
2013-12-20,13.934814453125
2013-12-23,13.999296188354492
2013-12-24,14.025091171264648
2013-12-26,14.057332038879395
2013-12-27,14.050883293151855
2013-12-30,14.025091171264648
2013-12-31,14.096020698547363
2014-01-02,14.01864242553711
2014-01-03,14.11536979675293
2014-01-06,14.128263473510742
2014-01-07,14.134711265563965
2014-01-08,14.179849624633789
2014-01-09,14.23143482208252
2014-01-10,14.205643653869629
2014-01-13,13.992850303649902
2014-01-14,14.108918190002441
2014-01-15,14.276577949523926
2014-01-16,14.186298370361328
2014-01-17,14.141162872314453
2014-01-21,14.154054641723633
2014-01-22,14.160507202148438
2014-01-23,13.928366661071777
2014-01-24,13.612397193908691
2014-01-27,13.528571128845215
2014-01-28,13.709126472473145
2014-01-29,13.54791259765625
2014-01-30,13.741368293762207
2014-01-31,13.580154418945312
2014-02-03,13.238398551940918
2014-02-04,13.3673677444458
2014-02-05,13.35446548461914
2014-02-06,13.560809135437012
2014-02-07,13.728466033935547
2014-02-10,13.741368293762207
2014-02-11,13.88322925567627
2014-02-12,13.88322925567627
2014-02-13,13.934814453125
2014-02-14,13.9541654586792
2014-02-18,13.979954719543457
2014-02-19,13.786500930786133
2014-02-20,13.82519245147705
2014-02-21,13.850988388061523
2014-02-24,13.9541654586792
2014-02-25,13.870332717895508
2014-02-26,13.850988388061523
2014-02-27,13.921920776367188
2014-02-28,13.992850303649902
2014-03-03,13.88322925567627
2014-03-04,14.16695785522461
2014-03-05,14.315262794494629
2014-03-06,14.360405921936035
2014-03-07,14.424887657165527
2014-03-10,14.431334495544434
2014-03-11,14.33460807800293
2014-03-12,14.308816909790039
2014-03-13,14.14760971069336
2014-03-14,14.057332038879395
2014-03-17,14.205643653869629
2014-03-18,14.276577949523926
2014-03-19,14.27012825012207
2014-03-20,14.49582290649414
2014-03-21,14.497764587402344
2014-03-24,14.491284370422363
2014-03-25,14.47834300994873
2014-03-26,14.329485893249512
2014-03-27,14.25181770324707
2014-03-28,14.310066223144531
2014-03-31,14.458925247192383
2014-04-01,14.484813690185547
2014-04-02,14.517176628112793
2014-04-03,14.491284370422363
2014-04-04,14.348896980285645
2014-04-07,14.128843307495117
2014-04-08,14.1482572555542
2014-04-09,14.271235466003418
2014-04-10,13.941154479980469
2014-04-11,13.772871017456055
2014-04-14,13.882896423339844
2014-04-15,14.012343406677246
2014-04-16,14.122369766235352
2014-04-17,14.1482572555542
2014-04-21,14.135311126708984
2014-04-22,14.232399940490723
2014-04-23,14.264755249023438
2014-04-24,14.25828742980957
2014-04-25,14.141791343688965
2014-04-28,14.057653427124023
2014-04-29,14.193568229675293
2014-04-30,14.212983131408691
2014-05-01,14.238869667053223
2014-05-02,14.232399940490723
2014-05-05,14.174148559570312
2014-05-06,13.9735107421875
2014-05-07,14.161203384399414
2014-05-08,14.200037956237793
2014-05-09,14.193568229675293
2014-05-12,14.335952758789062
2014-05-13,14.323010444641113
2014-05-14,14.219457626342773
2014-05-15,14.057653427124023
2014-05-16,14.077067375183105
2014-05-19,14.1482572555542
2014-05-20,14.06412410736084
2014-05-21,14.154730796813965
2014-05-22,14.219457626342773
2014-05-23,14.264755249023438
2014-05-27,14.387728691101074
2014-05-28,14.361845970153809
2014-05-29,14.394205093383789
2014-05-30,14.426566123962402
2014-06-02,14.465402603149414
2014-06-03,14.484813690185547
2014-06-04,14.523648262023926
2014-06-05,14.659567832946777
2014-06-06,14.756650924682617
2014-06-09,14.821371078491211
2014-06-10,14.814899444580078
2014-06-11,14.717816352844238
2014-06-12,14.627203941345215
2014-06-13,14.633679389953613
2014-06-16,14.562481880187988
2014-06-17,14.711342811584473
2014-06-18,14.795483589172363
2014-06-19,14.77606201171875
2014-06-20,14.834549903869629
2014-06-23,14.867036819458008
2014-06-24,14.769569396972656
2014-06-25,14.782562255859375
2014-06-26,14.73057746887207
2014-06-27,14.7890625
2014-06-30,14.77606201171875
2014-07-01,14.867036819458008
2014-07-02,14.854036331176758
2014-07-03,14.9710054397583
2014-07-07,14.906021118164062
2014-07-08,14.77606201171875
2014-07-09,14.815051078796387
2014-07-10,14.717589378356934
2014-07-11,14.743575096130371
2014-07-14,14.834549903869629
2014-07-15,14.938509941101074
2014-07-16,14.912522315979004
2014-07-17,14.717589378356934
2014-07-18,14.886528968811035
2014-07-21,14.847538948059082
2014-07-22,14.893022537231445
2014-07-23,14.925509452819824
2014-07-24,14.958002090454102
2014-07-25,14.873530387878418
2014-07-28,14.880036354064941
2014-07-29,14.802054405212402
2014-07-30,14.867036819458008
2014-07-31,14.561637878417969
2014-08-01,14.438177108764648
2014-08-04,14.55513858795166
2014-08-05,14.405692100524902
2014-08-06,14.464170455932617
2014-08-07,14.399194717407227
2014-08-08,14.542142868041992
2014-08-11,14.55513858795166
2014-08-12,14.587627410888672
2014-08-13,14.652612686157227
2014-08-14,14.743575096130371
2014-08-15,14.672100067138672
2014-08-18,14.834549903869629
2014-08-19,14.860532760620117
2014-08-20,14.899518966674805
2014-08-21,15.07496452331543
2014-08-22,15.022981643676758
2014-08-25,15.15294361114502
2014-08-26,15.18543529510498
2014-08-27,15.15294361114502
2014-08-28,15.107457160949707
2014-08-29,15.178932189941406
2014-09-02,15.23741340637207
2014-09-03,15.211414337158203
2014-09-04,15.224416732788086
2014-09-05,15.24390697479248
2014-09-08,15.250407218933105
2014-09-09,15.094463348388672
2014-09-10,15.172435760498047
2014-09-11,15.211414337158203
2014-09-12,15.198423385620117
2014-09-15,15.19192123413086
2014-09-16,15.256901741027832
2014-09-17,15.321881294250488
2014-09-18,15.471330642700195
2014-09-19,15.430879592895508
2014-09-22,15.326489448547363
2014-09-23,15.222089767456055
2014-09-24,15.306909561157227
2014-09-25,15.052446365356445
2014-09-26,15.195995330810547
2014-09-29,15.143790245056152
2014-09-30,15.117696762084961
2014-10-01,14.935003280639648
2014-10-02,14.974156379699707
2014-10-03,15.189467430114746
2014-10-06,15.143790245056152
2014-10-07,14.889325141906738
2014-10-08,15.169894218444824
2014-10-09,14.850186347961426
2014-10-10,14.732738494873047
2014-10-13,14.602246284484863
2014-10-14,14.660964965820312
2014-10-15,14.380402565002441
2014-10-16,14.380402565002441
2014-10-17,14.563093185424805
2014-10-20,14.647916793823242
2014-10-21,14.921951293945312
2014-10-22,14.784941673278809
2014-10-23,14.928481101989746
2014-10-24,15.072021484375
2014-10-27,15.091597557067871
2014-10-28,15.254709243774414
2014-10-29,15.293867111206055
2014-10-30,15.378684043884277
2014-10-31,15.554850578308105
2014-11-03,15.613572120666504
2014-11-04,15.620097160339355
2014-11-05,15.724495887756348
2014-11-06,15.750594139099121
2014-11-07,15.757119178771973
2014-11-10,15.841937065124512
2014-11-11,15.78973388671875
2014-11-12,15.757119178771973
2014-11-13,15.750594139099121
2014-11-14,15.698389053344727
2014-11-17,15.698389053344727
2014-11-18,15.750594139099121
2014-11-19,15.717964172363281
2014-11-20,15.717964172363281
2014-11-21,15.796266555786133
2014-11-24,15.900659561157227
2014-11-25,15.887617111206055
2014-11-26,15.907177925109863
2014-11-28,15.920235633850098
2014-12-01,15.809314727783203
2014-12-02,15.959373474121094
2014-12-03,16.031150817871094
2014-12-04,16.050724029541016
2014-12-05,16.19426918029785
2014-12-08,16.272563934326172
2014-12-09,16.233415603637695
2014-12-10,16.02462387084961
2014-12-11,16.063779830932617
2014-12-12,15.750594139099121
2014-12-15,15.607041358947754
2014-12-16,15.456979751586914
2014-12-17,15.809314727783203
2014-12-18,16.17469596862793
2014-12-19,16.1851863861084
2014-12-22,16.29667091369629
2014-12-23,16.38848114013672
2014-12-24,16.362258911132812
2014-12-26,16.362258911132812
2014-12-29,16.421274185180664
2014-12-30,16.401607513427734
2014-12-31,16.217975616455078
2015-01-02,16.217975616455078
2015-01-05,15.876962661743164
2015-01-06,15.63431453704834
2015-01-07,15.798263549804688
2015-01-08,16.03435516357422
2015-01-09,15.817941665649414
2015-01-12,15.686779022216797
2015-01-13,15.63431453704834
2015-01-14,15.411343574523926
2015-01-15,15.221155166625977
2015-01-16,15.404779434204102
2015-01-20,15.339201927185059
2015-01-21,15.378554344177246
2015-01-22,15.758922576904297
2015-01-23,15.588414192199707
2015-01-26,15.667102813720703
2015-01-27,15.496598243713379
2015-01-28,15.214597702026367
2015-01-29,15.339201927185059
2015-01-30,15.089998245239258
2015-02-02,15.332647323608398
2015-02-03,15.588414192199707
2015-02-04,15.549059867858887
2015-02-05,15.706451416015625
2015-02-06,15.8310546875
2015-02-09,15.752360343933105
2015-02-10,15.876962661743164
2015-02-11,15.876962661743164
2015-02-12,16.03435516357422
2015-02-13,16.021238327026367
2015-02-17,16.07370376586914
2015-02-18,15.975326538085938
2015-02-19,15.909754753112793
2015-02-20,16.027795791625977
2015-02-23,15.988452911376953
2015-02-24,16.0671443939209
2015-02-25,16.0671443939209
2015-02-26,16.027795791625977
2015-02-27,15.968771934509277
2015-03-02,16.086822509765625
2015-03-03,16.04091453552246
2015-03-04,15.942543029785156
2015-03-05,16.008113861083984
2015-03-06,15.890079498291016
2015-03-09,15.962217330932617
2015-03-10,15.621201515197754
2015-03-11,15.719561576843262
2015-03-12,16.060588836669922
2015-03-13,15.949101448059082
2015-03-16,16.145843505859375
2015-03-17,16.106489181518555
2015-03-18,16.19831085205078
2015-03-19,16.047470092773438
2015-03-20,16.265350341796875
2015-03-23,16.173192977905273
2015-03-24,16.041545867919922
2015-03-25,15.784822463989258
2015-03-26,15.771666526794434
2015-03-27,15.751917839050293
2015-03-30,15.982298851013184
2015-03-31,15.870400428771973
2015-04-01,15.857230186462402
2015-04-02,15.936225891113281
2015-04-06,15.96255111694336
2015-04-07,15.876983642578125
2015-04-08,15.936225891113281
2015-04-09,15.96255111694336
2015-04-10,15.955977439880371
2015-04-13,16.01521873474121
2015-04-14,16.01521873474121
2015-04-15,16.074460983276367
2015-04-16,16.10078239440918
2015-04-17,15.883566856384277
2015-04-20,15.949394226074219
2015-04-21,15.870400428771973
2015-04-22,15.982298851013184
2015-04-23,16.008636474609375
2015-04-24,15.982298851013184
2015-04-27,15.923052787780762
2015-04-28,16.01521873474121
2015-04-29,16.008636474609375
2015-04-30,15.883566856384277
2015-05-01,16.021800994873047
2015-05-04,16.179777145385742
2015-05-05,16.03496742248535
2015-05-06,15.955977439880371
2015-05-07,16.067869186401367
2015-05-08,16.29826545715332
2015-05-11,16.2390193939209
2015-05-12,16.179777145385742
2015-05-13,16.18636703491211
2015-05-14,16.331172943115234
2015-05-15,16.25876808166504
2015-05-18,16.35092544555664
2015-05-19,16.443078994750977
2015-05-20,16.396997451782227
2015-05-21,16.357505798339844
2015-05-22,16.364084243774414
2015-05-26,16.179777145385742
2015-05-27,16.357505798339844
2015-05-28,16.337759017944336
2015-05-29,16.192949295043945
2015-06-01,16.20610809326172
2015-06-02,16.232431411743164
2015-06-03,16.370677947998047
2015-06-04,16.22585678100586
2015-06-05,16.318012237548828
2015-06-08,16.219270706176758
2015-06-09,16.25876808166504
2015-06-10,16.48915672302246
2015-06-11,16.55497932434082
2015-06-12,16.482572555541992
2015-06-15,16.41016387939453
2015-06-16,16.5023193359375
2015-06-17,16.482572555541992
2015-06-18,16.63397216796875
2015-06-19,16.356292724609375
2015-06-22,16.607521057128906
2015-06-23,16.640583038330078
2015-06-24,16.501750946044922
2015-06-25,16.402576446533203
2015-06-26,16.455463409423828
2015-06-29,16.058786392211914
2015-06-30,16.118289947509766
2015-07-01,16.36290740966797
2015-07-02,16.290184020996094
2015-07-06,16.22407341003418
2015-07-07,16.25713348388672
2015-07-08,15.972841262817383
2015-07-09,16.098447799682617
2015-07-10,16.290184020996094
2015-07-13,16.488521575927734
2015-07-14,16.5281982421875
2015-07-15,16.667022705078125
2015-07-16,16.832311630249023
2015-07-17,16.78603172302246
2015-07-20,16.805862426757812
2015-07-21,16.78603172302246
2015-07-22,16.911638259887695
2015-07-23,16.76619529724121
2015-07-24,16.607521057128906
2015-07-27,16.488521575927734
2015-07-28,16.55463409423828
2015-07-29,16.71990966796875
2015-07-30,16.71990966796875
2015-07-31,16.667022705078125
2015-08-03,16.647193908691406
2015-08-04,16.620742797851562
2015-08-05,16.68686294555664
2015-08-06,16.627357482910156
2015-08-07,16.66041374206543
2015-08-10,16.819076538085938
2015-08-11,16.667022705078125
2015-08-12,16.514963150024414
2015-08-13,16.5744686126709
2015-08-14,16.69347381591797
2015-08-17,16.726530075073242
2015-08-18,16.71330451965332
2015-08-19,16.561246871948242
2015-08-20,16.210845947265625
2015-08-21,15.629055976867676
2015-08-24,14.961318016052246
2015-08-25,14.762978553771973
2015-08-26,15.318328857421875
2015-08-27,15.695173263549805
2015-08-28,15.622447967529297
2015-08-31,15.490212440490723
2015-09-01,14.987761497497559
2015-09-02,15.192708969116211
2015-09-03,15.27865982055664
2015-09-04,14.97453784942627
2015-09-08,15.357995986938477
2015-09-09,15.146435737609863
2015-09-10,15.219160079956055
2015-09-11,15.285270690917969
2015-09-14,15.252216339111328
2015-09-15,15.470381736755371
2015-09-16,15.56955337524414
2015-09-17,15.351386070251465
2015-09-18,15.054414749145508
2015-09-21,15.227147102355957
2015-09-22,15.0344820022583
2015-09-23,15.041129112243652
2015-09-24,14.934828758239746
2015-09-25,15.15406608581543
2015-09-28,14.801958084106445
2015-09-29,14.828533172607422
2015-09-30,15.054414749145508
2015-10-01,15.061056137084961
2015-10-02,15.080989837646484
2015-10-05,15.39987564086914
2015-10-06,15.326803207397461
2015-10-07,15.446390151977539
2015-10-08,15.539393424987793
2015-10-09,15.439741134643555
2015-10-12,15.453032493591309
2015-10-13,15.333444595336914
2015-10-14,15.207218170166016
2015-10-15,15.55268383026123
2015-10-16,15.645692825317383
2015-10-19,15.632408142089844
2015-10-20,15.725419044494629
2015-10-21,15.612480163574219
2015-10-22,15.864934921264648
2015-10-23,16.037668228149414
2015-10-26,15.971227645874023
2015-10-27,15.878222465515137
2015-10-28,16.250253677368164
2015-10-29,16.23033332824707
2015-10-30,15.997809410095215
2015-11-02,16.217041015625
2015-11-03,16.243621826171875
2015-11-04,16.197114944458008
2015-11-05,16.2635498046875
2015-11-06,16.429641723632812
2015-11-09,16.250253677368164
2015-11-10,16.323341369628906
2015-11-11,16.27019500732422
2015-11-12,16.02437973022461
2015-11-13,15.891505241394043
2015-11-16,16.08417510986328
2015-11-17,16.050954818725586
2015-11-18,16.336631774902344
2015-11-19,16.36320686340332
2015-11-20,16.38977813720703
2015-11-23,16.323341369628906
2015-11-24,16.276840209960938
2015-11-25,16.29012107849121
2015-11-27,16.329984664916992
2015-11-30,16.31669807434082
2015-12-01,16.49607276916504
2015-12-02,16.30341148376465
2015-12-03,16.037668228149414
2015-12-04,16.462858200073242
2015-12-07,16.3100528717041
2015-12-08,16.104106903076172
2015-12-09,15.918086051940918
2015-12-10,15.931365013122559
2015-12-11,15.579263687133789
2015-12-14,15.612480163574219
2015-12-15,15.977879524230957
2015-12-16,16.23697280883789
2015-12-17,16.00444984436035
2015-12-18,15.576597213745117
2015-12-21,15.730358123779297
2015-12-22,15.877429962158203
2015-12-23,16.064619064331055
2015-12-24,16.05124855041504
2015-12-28,16.037878036499023
2015-12-29,16.20500946044922
2015-12-30,16.091350555419922
2015-12-31,15.930909156799316
2016-01-04,15.623390197753906
2016-01-05,15.683558464050293
2016-01-06,15.442893028259277
2016-01-07,15.00834846496582
2016-01-08,14.77436637878418
2016-01-11,14.794421195983887
2016-01-12,14.908072471618652
2016-01-13,14.520328521728516
2016-01-14,14.647347450256348
2016-01-15,14.319771766662598
2016-01-19,14.313085556030273
2016-01-20,14.032302856445312
2016-01-21,13.972140312194824
2016-01-22,14.226179122924805
2016-01-25,13.93871021270752
2016-01-26,14.17269229888916
2016-01-27,14.119208335876465
2016-01-28,14.12590217590332
2016-01-29,14.520328521728516
2016-02-01,14.46015739440918
2016-02-02,14.059046745300293
2016-02-03,14.072419166564941
2016-02-04,14.192749977111816
2016-02-05,14.005559921264648
2016-02-08,13.651246070861816
2016-02-09,13.631192207336426
2016-02-10,13.557653427124023
2016-02-11,13.143168449401855
2016-02-12,13.69804573059082
2016-02-16,13.918658256530762
2016-02-17,14.10583782196045
2016-02-18,14.025620460510254
2016-02-19,14.025620460510254
2016-02-22,14.246232986450195
2016-02-23,13.992194175720215
2016-02-24,13.958768844604492
2016-02-25,14.152640342712402
2016-02-26,14.252920150756836
2016-02-29,14.099156379699707
2016-03-01,14.573807716369629
2016-03-02,14.734254837036133
2016-03-03,14.834531784057617
2016-03-04,14.894697189331055
2016-03-07,14.888014793395996
2016-03-08,14.647347450256348
2016-03-09,14.667401313781738
2016-03-10,14.654031753540039
2016-03-11,15.035090446472168
2016-03-14,14.98829460144043
2016-03-15,14.981612205505371
2016-03-16,14.948179244995117
2016-03-17,15.128682136535645
2016-03-18,15.262978553771973
2016-03-21,15.236115455627441
2016-03-22,15.189119338989258
2016-03-23,15.07496452331543
2016-03-24,14.980955123901367
2016-03-28,15.02795696258545
2016-03-29,15.05482006072998
2016-03-30,15.142114639282227
2016-03-31,15.108537673950195
2016-04-01,15.242834091186523
2016-04-04,15.16897201538086
2016-04-05,14.954094886779785
2016-04-06,15.034674644470215
2016-04-07,14.752653121948242
2016-04-08,14.806365966796875
2016-04-11,14.866800308227539
2016-04-12,15.05482006072998
2016-04-13,15.397275924682617
2016-04-14,15.43086051940918
2016-04-15,15.377140045166016
2016-04-18,15.491294860839844
2016-04-19,15.686023712158203
2016-04-20,15.806884765625
2016-04-21,15.665872573852539
2016-04-22,15.813604354858398
2016-04-25,15.780031204223633
2016-04-26,15.880751609802246
2016-04-27,15.907614707946777
2016-04-28,15.739745140075684
2016-04-29,15.652441024780273
2016-05-02,15.79345703125
2016-05-03,15.592016220092773
2016-05-04,15.47114372253418
2016-05-05,15.464425086975098
2016-05-06,15.531577110290527
2016-05-09,15.491294860839844
2016-05-10,15.712881088256836
2016-05-11,15.54500961303711
2016-05-12,15.551718711853027
2016-05-13,15.363699913024902
2016-05-16,15.444282531738281
2016-05-17,15.3569917678833
2016-05-18,15.62558650970459
2016-05-19,15.477855682373047
2016-05-20,15.585295677185059
2016-05-23,15.571870803833008
2016-05-24,15.806884765625
2016-05-25,15.974759101867676
2016-05-26,15.880751609802246
2016-05-27,15.988188743591309
2016-05-31,15.947903633117676
2016-06-01,15.981478691101074
2016-06-02,16.015050888061523
2016-06-03,15.786749839782715
2016-06-06,15.880751609802246
2016-06-07,15.847179412841797
2016-06-08,15.860604286193848
2016-06-09,15.7464599609375
2016-06-10,15.551718711853027
2016-06-13,15.444282531738281
2016-06-14,15.215975761413574
2016-06-15,15.236115455627441
2016-06-16,15.276409149169922
2016-06-17,15.263587951660156
2016-06-20,15.35134220123291
2016-06-21,15.43911075592041
2016-06-22,15.425605773925781
2016-06-23,15.749642372131348
2016-06-24,14.905792236328125
2016-06-27,14.48049259185791
2016-06-28,14.851780891418457
2016-06-29,15.189329147338867
2016-06-30,15.432353973388672
2016-07-01,15.35134220123291
2016-07-05,15.121817588806152
2016-07-06,15.162320137023926
2016-07-07,15.182576179504395
2016-07-08,15.472859382629395
2016-07-11,15.560612678527832
2016-07-12,15.756392478942871
2016-07-13,15.756392478942871
2016-07-14,15.90491008758545
2016-07-15,15.877908706665039
2016-07-18,15.931915283203125
2016-07-19,15.938661575317383
2016-07-20,15.96567153930664
2016-07-21,15.884659767150879
2016-07-22,15.985923767089844
2016-07-25,15.952169418334961
2016-07-26,15.96567153930664
2016-07-27,15.958917617797852
2016-07-28,15.99267292022705
2016-07-29,15.96567153930664
2016-08-01,15.925165176391602
2016-08-02,15.790145874023438
2016-08-03,15.952169418334961
2016-08-04,15.911664009094238
2016-08-05,16.215450286865234
2016-08-08,16.23570442199707
2016-08-09,16.24920654296875
2016-08-10,16.120939254760742
2016-08-11,16.154693603515625
2016-08-12,16.107433319091797
2016-08-15,16.215450286865234
2016-08-16,16.174951553344727
2016-08-17,16.228944778442383
2016-08-18,16.215450286865234
2016-08-19,16.20870590209961
2016-08-22,16.20870590209961
2016-08-23,16.228944778442383
2016-08-24,16.222200393676758
2016-08-25,16.25596046447754
2016-08-26,16.276208877563477
2016-08-29,16.4179744720459
2016-08-30,16.566492080688477
2016-08-31,16.57999038696289
2016-09-01,16.51248550415039
2016-09-02,16.586748123168945
2016-09-06,16.559738159179688
2016-09-07,16.552993774414062
2016-09-08,16.539485931396484
2016-09-09,16.228944778442383
2016-09-12,16.411222457885742
2016-09-13,16.120939254760742
2016-09-14,16.080440521240234
2016-09-15,16.174951553344727
2016-09-16,16.02164649963379
2016-09-19,16.12380599975586
2016-09-20,16.132156372070312
2016-09-21,16.232357025146484
2016-09-22,16.26576042175293
2016-09-23,16.182254791259766
2016-09-26,15.923406600952148
2016-09-27,16.048662185668945
2016-09-28,16.12380599975586
2016-09-29,15.898355484008789
2016-09-30,16.11545753479004
2016-10-03,16.040307998657227
2016-10-04,16.10711097717285
2016-10-05,16.365955352783203
2016-10-06,16.391006469726562
2016-10-07,16.382661819458008
2016-10-10,16.466156005859375
2016-10-11,16.315858840942383
2016-10-12,16.299156188964844
2016-10-13,16.140506744384766
2016-10-14,16.215662002563477
2016-10-17,16.140506744384766
2016-10-18,16.27410888671875
2016-10-19,16.416053771972656
2016-10-20,16.416053771972656
2016-10-21,16.4077091217041
2016-10-24,16.45780372619629
2016-10-25,16.441102981567383
2016-10-26,16.541305541992188
2016-10-27,16.583059310913086
2016-10-28,16.507911682128906
2016-10-31,16.48285484313965
2016-11-01,16.416053771972656
2016-11-02,16.307506561279297
2016-11-03,16.324201583862305
2016-11-04,16.27410888671875
2016-11-07,16.68326187133789
2016-11-08,16.691612243652344
2016-11-09,17.401357650756836
2016-11-10,18.044309616088867
2016-11-11,18.094404220581055
2016-11-14,18.53695297241211
2016-11-15,18.520246505737305
2016-11-16,18.2530517578125
2016-11-17,18.503551483154297
2016-11-18,18.503551483154297
2016-11-21,18.570354461669922
2016-11-22,18.578697204589844
2016-11-23,18.68724822998047
2016-11-25,18.71230125427246
2016-11-28,18.495201110839844
2016-11-29,18.54530143737793
2016-11-30,18.79580307006836
2016-12-01,19.121444702148438
2016-12-02,18.912700653076172
2016-12-05,19.138147354125977
2016-12-06,19.30514907836914
2016-12-07,19.605749130249023
2016-12-08,19.78944969177246
2016-12-09,19.831199645996094
2016-12-12,19.639141082763672
2016-12-13,19.689247131347656
2016-12-14,19.597400665283203
2016-12-15,19.7643985748291
2016-12-16,19.594127655029297
2016-12-19,19.602516174316406
2016-12-20,19.84575843811035
2016-12-21,19.79543113708496
2016-12-22,19.745105743408203
2016-12-23,19.778656005859375
2016-12-27,19.803817749023438
2016-12-28,19.602516174316406
2016-12-29,19.459917068481445
2016-12-30,19.501853942871094
2017-01-03,19.719947814941406
2017-01-04,19.879316329956055
2017-01-05,19.678003311157227
2017-01-06,19.745105743408203
2017-01-09,19.610897064208984
2017-01-10,19.652835845947266
2017-01-11,19.778656005859375
2017-01-12,19.610897064208984
2017-01-13,19.719947814941406
2017-01-17,19.25021743774414
2017-01-18,19.409587860107422
2017-01-19,19.325712203979492
2017-01-20,19.4179744720459
2017-01-23,19.29216194152832
2017-01-24,19.535402297973633
2017-01-25,19.86253547668457
2017-01-26,19.91286277770996
2017-01-27,19.837369918823242
2017-01-30,19.678003311157227
2017-01-31,19.55217933654785
2017-02-01,19.577342987060547
2017-02-02,19.501853942871094
2017-02-03,19.896087646484375
2017-02-06,19.803817749023438
2017-02-07,19.753488540649414
2017-02-08,19.619285583496094
2017-02-09,19.887697219848633
2017-02-10,19.94641876220703
2017-02-13,20.17288589477539
2017-02-14,20.407751083374023
2017-02-15,20.567123413085938
2017-02-16,20.516794204711914
2017-02-17,20.525178909301758
2017-02-21,20.625837326049805
2017-02-22,20.64261245727539
2017-02-23,20.64261245727539
2017-02-24,20.483240127563477
2017-02-27,20.592281341552734
2017-02-28,20.583900451660156
2017-03-01,21.171045303344727
2017-03-02,20.843923568725586
2017-03-03,20.94457244873047
2017-03-06,20.785202026367188
2017-03-07,20.726484298706055
2017-03-08,20.734878540039062
2017-03-09,20.810367584228516
2017-03-10,20.793594360351562
2017-03-13,20.843923568725586
2017-03-14,20.785202026367188
2017-03-15,20.751657485961914
2017-03-16,20.785202026367188
2017-03-17,20.581493377685547
2017-03-20,20.413135528564453
2017-03-21,19.840726852416992
2017-03-22,19.79863739013672
2017-03-23,19.840726852416992
2017-03-24,19.815473556518555
2017-03-27,19.739717483520508
2017-03-28,20.00908851623535
2017-03-29,19.88282012939453
2017-03-30,20.14376449584961
2017-03-31,19.97541046142578
2017-04-03,19.933324813842773
2017-04-04,19.908069610595703
2017-04-05,19.756547927856445
2017-04-06,19.88282012939453
2017-04-07,19.79863739013672
2017-04-10,19.748132705688477
2017-04-11,19.689207077026367
2017-04-12,19.52927017211914
2017-04-13,19.2767333984375
2017-04-17,19.613452911376953
2017-04-18,19.42825698852539
2017-04-19,19.36933135986328
2017-04-20,19.69762420654297
2017-04-21,19.49560546875
2017-04-24,19.933324813842773
2017-04-25,20.11009979248047
2017-04-26,20.093263626098633
2017-04-27,20.000667572021484
2017-04-28,19.807064056396484
2017-05-01,19.933324813842773
2017-05-02,19.908069610595703
2017-05-03,20.068012237548828
2017-05-04,20.10167121887207
2017-05-05,20.068012237548828
2017-05-08,20.05116844177246
2017-05-09,19.97541046142578
2017-05-10,20.042753219604492
2017-05-11,19.916484832763672
2017-05-12,19.832313537597656
2017-05-15,19.98383140563965
2017-05-16,20.042753219604492
2017-05-17,19.411420822143555
2017-05-18,19.487180709838867
2017-05-19,19.65553855895996
2017-05-22,19.70604705810547
2017-05-23,19.857566833496094
2017-05-24,19.849145889282227
2017-05-25,19.88282012939453
2017-05-26,19.87439727783203
2017-05-30,19.739717483520508
2017-05-31,19.57135772705078
2017-06-01,19.815473556518555
2017-06-02,19.739717483520508
2017-06-05,19.77338218688965
2017-06-06,19.689207077026367
2017-06-07,19.840726852416992
2017-06-08,20.068012237548828
2017-06-09,20.44681167602539
2017-06-12,20.488895416259766
2017-06-13,20.598329544067383
2017-06-14,20.631996154785156
2017-06-15,20.547822952270508
2017-06-16,20.525005340576172
2017-06-19,20.73626136779785
2017-06-20,20.558809280395508
2017-06-21,20.38980484008789
2017-06-22,20.263057708740234
2017-06-23,20.18700408935547
2017-06-26,20.296855926513672
2017-06-27,20.398258209228516
2017-06-28,20.7193603515625
2017-06-29,20.863012313842773
2017-06-30,20.846105575561523
2017-07-03,21.150306701660156
2017-07-05,21.184106826782227
2017-07-06,21.023561477661133
2017-07-07,21.167207717895508
2017-07-10,21.141857147216797
2017-07-11,20.955957412719727
2017-07-12,21.023561477661133
2017-07-13,21.150306701660156
2017-07-14,21.057361602783203
2017-07-17,20.989761352539062
2017-07-18,20.955957412719727
2017-07-19,20.964405059814453
2017-07-20,20.955957412719727
2017-07-21,20.955957412719727
2017-07-24,21.048908233642578
2017-07-25,21.310855865478516
2017-07-26,21.167207717895508
2017-07-27,21.048908233642578
2017-07-28,21.048908233642578
2017-07-31,21.20100975036621
2017-08-01,21.353113174438477
2017-08-02,21.386903762817383
2017-08-03,21.310855865478516
2017-08-04,21.45450782775879
2017-08-07,21.420703887939453
2017-08-08,21.361553192138672
2017-08-09,21.361553192138672
2017-08-10,20.981306076049805
2017-08-11,20.896804809570312
2017-08-14,21.184106826782227
2017-08-15,21.20100975036621
2017-08-16,21.15875816345215
2017-08-17,20.795413970947266
2017-08-18,20.803863525390625
2017-08-21,20.744705200195312
2017-08-22,20.97285270690918
2017-08-23,20.905258178710938
2017-08-24,20.905258178710938
2017-08-25,20.964405059814453
2017-08-28,20.829206466674805
2017-08-29,20.761606216430664
2017-08-30,20.846105575561523
2017-08-31,20.8714599609375
2017-09-01,20.93060874938965
2017-09-05,20.48276138305664
2017-09-06,20.53345489501953
2017-09-07,20.17855453491211
2017-09-08,20.36446189880371
2017-09-11,20.7193603515625
2017-09-12,20.964405059814453
2017-09-13,20.998210906982422
2017-09-14,20.955957412719727
2017-09-15,21.017898559570312
2017-09-18,21.26396942138672
2017-09-19,21.425189971923828
2017-09-20,21.55246925354004
2017-09-21,21.60338020324707
2017-09-22,21.577926635742188
2017-09-25,21.55246925354004
2017-09-26,21.543987274169922
2017-09-27,21.807029724121094
2017-09-28,21.840965270996094
2017-09-29,21.942787170410156
2017-10-02,22.12946128845215
2017-10-03,22.205833435058594
2017-10-04,22.104007720947266
2017-10-05,22.333105087280273
2017-10-06,22.358566284179688
2017-10-09,22.27370834350586
2017-10-10,22.37553596496582
2017-10-11,22.333105087280273
2017-10-12,22.163408279418945
2017-10-13,22.171886444091797
2017-10-16,22.316139221191406
2017-10-17,22.205833435058594
2017-10-18,22.32461929321289
2017-10-19,22.341596603393555
2017-10-20,22.604637145996094
2017-10-23,22.587669372558594
2017-10-24,22.748884201049805
2017-10-25,22.613122940063477
2017-10-26,22.740398406982422
2017-10-27,22.723434448242188
2017-10-30,22.630094528198242
2017-10-31,22.570693969726562
2017-11-01,22.604637145996094
2017-11-02,22.81676483154297
2017-11-03,22.723434448242188
2017-11-06,22.697975158691406
2017-11-07,22.384017944335938
2017-11-08,22.27370834350586
2017-11-09,22.197343826293945
2017-11-10,22.12946128845215
2017-11-13,22.163408279418945
2017-11-14,22.154922485351562
2017-11-15,22.21431541442871
2017-11-16,22.222797393798828
2017-11-17,22.197343826293945
2017-11-20,22.29916763305664
2017-11-21,22.367048263549805
2017-11-22,22.256738662719727
2017-11-24,22.24825096130371
2017-11-27,22.231290817260742
2017-11-28,22.80828285217285
2017-11-29,23.198604583740234
2017-11-30,23.35133934020996
2017-12-01,23.40224838256836
2017-12-04,23.758625030517578
2017-12-05,23.63134765625
2017-12-06,23.546499252319336
2017-12-07,23.622865676879883
2017-12-08,23.767112731933594
2017-12-11,23.70771598815918
2017-12-12,23.945297241210938
2017-12-13,23.64832305908203
2017-12-14,23.495580673217773
2017-12-15,23.70699691772461
2017-12-18,23.920106887817383
2017-12-19,23.817819595336914
2017-12-20,23.775192260742188
2017-12-21,23.97977638244629
2017-12-22,23.911579132080078
2017-12-26,23.8433895111084
2017-12-27,23.86896324157715
2017-12-28,23.962730407714844
2017-12-29,23.7922420501709
2018-01-02,23.800769805908203
2018-01-03,23.928632736206055
2018-01-04,24.150278091430664
2018-01-05,24.21847152709961
2018-01-08,24.184375762939453
2018-01-09,24.37192153930664
2018-01-10,24.576505661010742
2018-01-11,24.695846557617188
2018-01-12,24.91749382019043
2018-01-16,24.84929656982422
2018-01-17,25.036840438842773
2018-01-18,25.002735137939453
2018-01-19,25.181760787963867
2018-01-22,25.3863468170166
2018-01-23,25.411924362182617
2018-01-24,25.582412719726562
2018-01-25,25.531269073486328
2018-01-26,25.718809127807617
2018-01-29,25.616504669189453
2018-01-30,25.284055709838867
2018-01-31,25.352249145507812
2018-02-01,25.5909423828125
2018-02-02,25.028308868408203
2018-02-05,23.766666412353516
2018-02-06,24.2014217376709
2018-02-07,24.21847152709961
2018-02-08,23.152894973754883
2018-02-09,23.596176147460938
2018-02-12,23.928632736206055
2018-02-13,24.03093147277832
2018-02-14,24.602083206176758
2018-02-15,24.738479614257812
2018-02-16,24.704374313354492
2018-02-20,24.627653121948242
2018-02-21,24.661758422851562
2018-02-22,24.457162857055664
2018-02-23,24.823720932006836
2018-02-26,25.198802947998047
2018-02-27,24.960121154785156
2018-02-28,24.610610961914062
2018-03-01,24.184375762939453
2018-03-02,24.244041442871094
2018-03-05,24.58503532409668
2018-03-06,24.68732261657715
2018-03-07,24.644702911376953
2018-03-08,24.7214298248291
2018-03-09,25.318151473999023
2018-03-12,25.2329044342041
2018-03-13,24.951589584350586
2018-03-14,24.67028045654297
2018-03-15,24.67880630493164
2018-03-16,24.700197219848633
2018-03-19,24.520524978637695
2018-03-20,24.580413818359375
2018-03-21,24.571857452392578
2018-03-22,23.664955139160156
2018-03-23,22.9462833404541
2018-03-26,23.69061851501465
2018-03-27,23.22861671447754
2018-03-28,23.271400451660156
2018-03-29,23.58795738220215
2018-04-02,23.066057205200195
2018-04-03,23.382617950439453
2018-04-04,23.630735397338867
2018-04-05,23.818960189819336
2018-04-06,23.245729446411133
2018-04-09,23.374061584472656
2018-04-10,23.724843978881836
2018-04-11,23.44251251220703
2018-04-12,23.853179931640625
2018-04-13,23.49384307861328
2018-04-16,23.59650993347168
2018-04-17,23.59650993347168
2018-04-18,23.485288619995117
2018-04-19,23.84463119506836
2018-04-20,23.853179931640625
2018-04-23,23.8275146484375
2018-04-24,23.67351531982422
2018-04-25,23.656404495239258
2018-04-26,23.664955139160156
2018-04-27,23.69917869567871
2018-04-30,23.485288619995117
2018-05-01,23.49384307861328
2018-05-02,23.22861671447754
2018-05-03,23.03183364868164
2018-05-04,23.331289291381836
2018-05-07,23.485288619995117
2018-05-08,23.647844314575195
2018-05-09,23.998626708984375
2018-05-10,24.19541358947754
2018-05-11,24.178298950195312
2018-05-14,24.16118621826172
2018-05-15,24.118408203125
2018-05-16,24.16118621826172
2018-05-17,24.10984992980957
2018-05-18,23.913070678710938
2018-05-21,24.084186553955078
2018-05-22,24.24674415588379
2018-05-23,24.092741012573242
2018-05-24,23.904512405395508
2018-05-25,23.8275146484375
2018-05-29,23.03183364868164
2018-05-30,23.451061248779297
2018-05-31,23.25428581237793
2018-06-01,23.510953903198242
2018-06-04,23.58795738220215
2018-06-05,23.485288619995117
2018-06-06,23.913070678710938
2018-06-07,23.990070343017578
2018-06-08,24.024290084838867
2018-06-11,23.97296142578125
2018-06-12,23.913070678710938
2018-06-13,23.8275146484375
2018-06-14,23.605066299438477
2018-06-15,23.60420799255371
2018-06-18,23.56124496459961
2018-06-19,23.501094818115234
2018-06-20,23.440954208374023
2018-06-21,23.372203826904297
2018-06-22,23.260501861572266
2018-06-25,23.01131248474121
2018-06-26,22.93397331237793
2018-06-27,22.650415420532227
2018-06-28,22.848052978515625
2018-06-29,22.848052978515625
2018-07-02,22.959753036499023
2018-07-03,22.753528594970703
2018-07-05,22.80508804321289
2018-07-06,22.916793823242188
2018-07-09,23.440954208374023
2018-07-10,23.355018615722656
2018-07-11,23.24330711364746
2018-07-12,23.28628158569336
2018-07-13,23.183170318603516
2018-07-16,23.595613479614258
2018-07-17,23.621395111083984
2018-07-18,23.999469757080078
2018-07-19,23.638578414916992
2018-07-20,23.681543350219727
2018-07-23,24.008066177368164
2018-07-24,24.076812744140625
2018-07-25,24.12836265563965
2018-07-26,24.119768142700195
2018-07-27,24.17133140563965
2018-07-30,24.18851089477539
2018-07-31,24.01665687561035
2018-08-01,24.01665687561035
2018-08-02,24.025253295898438
2018-08-03,24.162736892700195
2018-08-06,24.291629791259766
2018-08-07,24.403329849243164
2018-08-08,24.463483810424805
2018-08-09,24.317405700683594
2018-08-10,24.033842086791992
2018-08-13,23.801841735839844
2018-08-14,24.025253295898438
2018-08-15,23.836214065551758
2018-08-16,24.15414047241211
2018-08-17,24.205698013305664
2018-08-20,24.283035278320312
2018-08-21,24.377553939819336
2018-08-22,24.291629791259766
2018-08-23,24.179922103881836
2018-08-24,24.265851974487305
2018-08-27,24.59237289428711
2018-08-28,24.566593170166016
2018-08-29,24.55800437927246
2018-08-30,24.368959426879883
2018-08-31,24.343181610107422
2018-09-04,24.463483810424805
2018-09-05,24.480667114257812
2018-09-06,24.368959426879883
2018-09-07,24.343181610107422
2018-09-10,24.317405700683594
2018-09-11,24.343181610107422
2018-09-12,24.119768142700195
2018-09-13,24.085403442382812
2018-09-14,24.25725555419922
2018-09-17,24.15414047241211
2018-09-18,24.274438858032227
2018-09-19,24.6868953704834
2018-09-20,24.901710510253906
2018-09-21,24.805042266845703
2018-09-24,24.528860092163086
2018-09-25,24.43391227722168
2018-09-26,24.140472412109375
2018-09-27,24.054157257080078
2018-09-28,23.803865432739258
2018-10-01,23.8988037109375
2018-10-02,23.8988037109375
2018-10-03,24.123207092285156
2018-10-04,24.28719711303711
2018-10-05,24.16636085510254
2018-10-08,24.330350875854492
2018-10-09,24.235403060913086
2018-10-10,23.48452377319336
2018-10-11,22.785425186157227
2018-10-12,22.811321258544922
2018-10-15,22.707746505737305
2018-10-16,23.08751106262207
2018-10-17,23.320539474487305
2018-10-18,22.932151794433594
2018-10-19,23.018465042114258
2018-10-22,22.52649688720703
2018-10-23,22.345251083374023
2018-10-24,21.784244537353516
2018-10-25,22.120849609375
2018-10-26,21.801513671875
2018-10-29,21.99139404296875
2018-10-30,22.37114715576172
2018-10-31,22.681856155395508
2018-11-01,22.785425186157227
2018-11-02,22.76816177368164
2018-11-05,23.13066291809082
2018-11-06,23.251489639282227
2018-11-07,23.553571701049805
2018-11-08,23.622617721557617
2018-11-09,23.40684700012207
2018-11-12,22.940784454345703
2018-11-13,23.070247650146484
2018-11-14,22.7595272064209
2018-11-15,23.09613800048828
2018-11-16,23.122032165527344
2018-11-19,23.113399505615234
2018-11-20,22.604175567626953
2018-11-21,22.621440887451172
2018-11-23,22.440189361572266
2018-11-26,22.897626876831055
2018-11-27,22.914894104003906
2018-11-28,23.355066299438477
2018-11-29,23.156551361083984
2018-11-30,23.27738380432129
2018-12-03,23.424108505249023
2018-12-04,22.40566635131836
2018-12-06,22.094959259033203
2018-12-07,21.672046661376953
2018-12-10,21.369966506958008
2018-12-11,21.16282844543457
2018-12-12,21.283660888671875
2018-12-13,21.12830352783203
2018-12-14,20.921165466308594
2018-12-17,20.714025497436523
2018-12-18,20.63634490966797
2018-12-19,20.377424240112305
2018-12-20,20.19617462158203
2018-12-21,19.79234504699707
2018-12-24,19.375471115112305
2018-12-26,20.25262451171875
2018-12-27,20.495792388916016
2018-12-28,20.48710823059082
2018-12-31,20.68685531616211
2019-01-02,20.860549926757812
2019-01-03,20.39158058166504
2019-01-04,21.068979263305664
2019-01-07,21.095033645629883
2019-01-08,21.112403869628906
2019-01-09,21.21661949157715
2019-01-10,21.225299835205078
2019-01-11,21.27741050720215
2019-01-14,21.425052642822266
2019-01-15,21.61611557006836
2019-01-16,22.076396942138672
2019-01-17,22.19799041748047
2019-01-18,22.580108642578125
2019-01-22,22.31957244873047
2019-01-23,22.345624923706055
2019-01-24,22.397735595703125
2019-01-25,22.580108642578125
2019-01-28,22.510635375976562
2019-01-29,22.43247413635254
2019-01-30,22.562742233276367
2019-01-31,22.52800941467285
2019-02-01,22.623537063598633
2019-02-04,22.719066619873047
2019-02-05,22.658273696899414
2019-02-06,22.63221549987793
2019-02-07,22.406414031982422
2019-02-08,22.29351806640625
2019-02-11,22.362993240356445
2019-02-12,22.693012237548828
2019-02-13,22.753808975219727
2019-02-14,22.475889205932617
2019-02-15,22.953554153442383
2019-02-19,22.9882869720459
2019-02-20,23.135927200317383
2019-02-21,23.014347076416016
2019-02-22,22.97960090637207
2019-02-25,23.075138092041016
2019-02-26,23.00566291809082
2019-02-27,23.09250831604004
2019-02-28,23.031713485717773
2019-03-01,23.179357528686523
2019-03-04,23.031713485717773
2019-03-05,22.944868087768555
2019-03-06,22.79722023010254
2019-03-07,22.562742233276367
2019-03-08,22.554059982299805
2019-03-11,22.788543701171875
2019-03-12,22.840648651123047
2019-03-13,22.996980667114258
2019-03-14,23.08382225036621
2019-03-15,23.245311737060547
2019-03-18,23.48099136352539
2019-03-19,23.297679901123047
2019-03-20,22.817590713500977
2019-03-21,22.747751235961914
2019-03-22,22.1192684173584
2019-03-25,22.02325439453125
2019-03-26,22.285118103027344
2019-03-27,22.189098358154297
2019-03-28,22.381132125854492
2019-03-29,22.442237854003906
2019-04-01,22.99216651916504
2019-04-02,22.974712371826172
2019-04-03,23.044536590576172
2019-04-04,23.1842098236084
2019-04-05,23.2191219329834
2019-04-08,23.245311737060547
2019-04-09,23.053272247314453
2019-04-10,23.123104095458984
2019-04-11,23.262765884399414
2019-04-12,23.690492630004883
2019-04-15,23.54209327697754
2019-04-16,23.873796463012695
2019-04-17,23.934900283813477
2019-04-18,23.865066528320312
2019-04-22,23.79524040222168
2019-04-23,23.94363021850586
2019-04-24,23.91744041442871
2019-04-25,23.96108627319336
2019-04-26,24.179311752319336
2019-04-29,24.423721313476562
2019-04-30,24.458637237548828
2019-05-01,24.25787353515625
2019-05-02,24.284061431884766
2019-05-03,24.50228500366211
2019-05-06,24.336429595947266
2019-05-07,23.934900283813477
2019-05-08,23.88252830505371
2019-05-09,23.830150604248047
2019-05-10,23.987274169921875
2019-05-13,23.28895378112793
2019-05-14,23.47226333618164
2019-05-15,23.384971618652344
2019-05-16,23.62065887451172
2019-05-17,23.463533401489258
2019-05-20,23.489717483520508
2019-05-21,23.734130859375
2019-05-22,23.594472885131836
2019-05-23,23.262765884399414
2019-05-24,23.446075439453125
2019-05-28,23.17547607421875
2019-05-29,23.131834030151367
2019-05-30,23.053272247314453
2019-05-31,22.70411491394043
2019-06-03,22.852502822875977
2019-06-04,23.47226333618164
2019-06-05,23.62065887451172
2019-06-06,23.707948684692383
2019-06-07,23.673032760620117
2019-06-10,23.873796463012695
2019-06-11,23.88252830505371
2019-06-12,23.646841049194336
2019-06-13,23.725406646728516
2019-06-14,23.77777671813965
2019-06-17,23.559555053710938
2019-06-18,23.873796463012695
2019-06-19,23.830150604248047
2019-06-20,23.934900283813477
2019-06-21,23.881385803222656
2019-06-24,23.784879684448242
2019-06-25,23.705915451049805
2019-06-26,23.662044525146484
2019-06-27,23.872608184814453
2019-06-28,24.21477699279785
2019-07-01,24.50429916381836
2019-07-02,24.44287872314453
2019-07-03,24.635894775390625
2019-07-05,24.70608901977539
2019-07-08,24.5832576751709
2019-07-09,24.627126693725586
2019-07-10,24.539392471313477
2019-07-11,24.67976951599121
2019-07-12,24.84646224975586
2019-07-15,24.70608901977539
2019-07-16,24.644672393798828
2019-07-17,24.434110641479492
2019-07-18,24.618350982666016
2019-07-19,24.513071060180664
2019-07-22,24.56570816040039
2019-07-23,24.820146560668945
2019-07-24,25.07457733154297
2019-07-25,24.899105072021484
2019-07-26,25.171085357666016
2019-07-29,24.978063583374023
2019-07-30,24.90787124633789
2019-07-31,24.78504753112793
2019-08-01,24.223546981811523
2019-08-02,24.21477699279785
2019-08-05,23.40761375427246
2019-08-06,23.784879684448242
2019-08-07,23.46903419494629
2019-08-08,23.916479110717773
2019-08-09,23.837512969970703
2019-08-12,23.38129425048828
2019-08-13,23.670822143554688
2019-08-14,22.793476104736328
2019-08-15,22.907527923583984
2019-08-16,23.311107635498047
2019-08-19,23.547992706298828
2019-08-20,23.232147216796875
2019-08-21,23.33742904663086
2019-08-22,23.495349884033203
2019-08-23,22.898754119873047
2019-08-26,23.118087768554688
2019-08-27,22.97770881652832
2019-08-28,23.188278198242188
2019-08-29,23.539215087890625
2019-08-30,23.618173599243164
2019-09-03,23.372520446777344
2019-09-04,23.600627899169922
2019-09-05,24.08316993713379
2019-09-06,24.074399948120117
2019-09-09,24.44287872314453
2019-09-10,24.530616760253906
2019-09-11,24.670997619628906
2019-09-12,24.802595138549805
2019-09-13,24.995615005493164
2019-09-16,24.90787124633789
2019-09-17,24.9341983795166
2019-09-18,25.021942138671875
2019-09-19,24.90787124633789
2019-09-20,24.761491775512695
2019-09-23,24.80558967590332
2019-09-24,24.56749153137207
2019-09-25,24.770313262939453
2019-09-26,24.655675888061523
2019-09-27,24.75267791748047
2019-09-30,24.690946578979492
2019-10-01,24.17067527770996
2019-10-02,23.67685890197754
2019-10-03,23.77385711669922
2019-10-04,24.214763641357422
2019-10-07,24.091310501098633
2019-10-08,23.61513328552246
2019-10-09,23.835586547851562
2019-10-10,24.08249855041504
2019-10-11,24.382312774658203
2019-10-14,24.417585372924805
2019-10-15,24.770313262939453
2019-10-16,24.70858383178711
2019-10-17,24.726221084594727
2019-10-18,24.78795051574707
2019-10-21,25.131860733032227
2019-10-22,25.06131362915039
2019-10-23,25.167131423950195
2019-10-24,25.131860733032227
2019-10-25,25.25531578063965
2019-10-28,25.387588500976562
2019-10-29,25.449321746826172
2019-10-30,25.431676864624023
2019-10-31,25.3082218170166
2019-11-01,25.6785888671875
2019-11-04,25.8990421295166
2019-11-05,25.99604034423828
2019-11-06,26.12831687927246
2019-11-07,26.32231903076172
2019-11-08,26.313499450683594
2019-11-11,26.242950439453125
2019-11-12,26.278226852416992
2019-11-13,26.110681533813477
2019-11-14,26.163593292236328
2019-11-15,26.234140396118164
2019-11-18,26.287044525146484
2019-11-19,26.339954376220703
2019-11-20,26.216503143310547
2019-11-21,26.190044403076172
2019-11-22,26.38404655456543
2019-11-25,26.551589965820312
2019-11-26,26.525136947631836
2019-11-27,26.630952835083008
2019-11-29,26.58685874938965
2019-12-02,26.4193172454834
2019-12-03,26.0489559173584
2019-12-04,26.295862197875977
2019-12-05,26.4193172454834
2019-12-06,26.77204132080078
2019-12-09,26.710315704345703
2019-12-10,26.71912956237793
2019-12-11,26.657405853271484
2019-12-12,27.177684783935547
2019-12-13,27.0806827545166
2019-12-16,27.177684783935547
2019-12-17,27.283496856689453
2019-12-18,27.16887092590332
2019-12-19,27.160045623779297
2019-12-20,27.19194984436035
2019-12-23,27.129913330078125
2019-12-24,27.19194984436035
2019-12-26,27.34262466430664
2019-12-27,27.27172088623047
2019-12-30,27.19194984436035
2019-12-31,27.28058624267578
2020-01-02,27.546478271484375
2020-01-03,27.25399398803711
2020-01-06,27.236270904541016
2020-01-07,27.059009552001953
2020-01-08,27.236270904541016
2020-01-09,27.404666900634766
2020-01-10,27.200815200805664
2020-01-13,27.386938095092773
2020-01-14,27.33376693725586
2020-01-15,27.183088302612305
2020-01-16,27.42239761352539
2020-01-17,27.502164840698242
2020-01-21,27.27172088623047
2020-01-22,27.351491928100586
2020-01-23,27.28058624267578
2020-01-24,26.93492317199707
2020-01-27,26.51836395263672
2020-01-28,26.828567504882812
2020-01-29,26.78425407409668
2020-01-30,27.121049880981445
2020-01-31,26.55381202697754
2020-02-03,26.73993492126465
2020-02-04,26.996965408325195
2020-02-05,27.537616729736328
2020-02-06,27.502164840698242
2020-02-07,27.404666900634766
2020-02-10,27.48443603515625
2020-02-11,27.581932067871094
2020-02-12,27.59965705871582
2020-02-13,27.590789794921875
2020-02-14,27.626245498657227
2020-02-18,27.386938095092773
2020-02-19,27.590789794921875
2020-02-20,27.537616729736328
2020-02-21,27.27172088623047
2020-02-24,26.38541603088379
2020-02-25,25.49024200439453
2020-02-26,25.304113388061523
2020-02-27,24.22281837463379
2020-02-28,23.56694984436035
2020-03-02,24.772329330444336
2020-03-03,23.841707229614258
2020-03-04,24.630521774291992
2020-03-05,23.4428653717041
2020-03-06,22.645187377929688
2020-03-09,20.216703414916992
2020-03-10,21.40435791015625
2020-03-11,20.243289947509766
2020-03-12,18.05411148071289
2020-03-13,20.42941665649414
2020-03-16,17.628684997558594
2020-03-17,18.585895538330078
2020-03-18,17.00826072692871
2020-03-19,17.380517959594727
2020-03-20,16.760103225708008
2020-03-23,15.784936904907227
2020-03-24,17.74241065979004
2020-03-25,18.22507667541504
2020-03-26,19.36917495727539
2020-03-27,18.77924346923828
2020-03-30,19.13677406311035
2020-03-31,18.609420776367188
2020-04-01,17.474266052246094
2020-04-02,17.9122371673584
2020-04-03,17.554712295532227
2020-04-06,18.81500244140625
2020-04-07,19.002704620361328
2020-04-08,19.833961486816406
2020-04-09,20.89760971069336
2020-04-13,20.137861251831055
2020-04-14,20.22724151611328
2020-04-15,19.35129737854004
2020-04-16,19.011642456054688
2020-04-17,20.012725830078125
2020-04-20,19.664133071899414
2020-04-21,19.029523849487305
2020-04-22,19.235097885131836
2020-04-23,19.154659271240234
2020-04-24,19.43173599243164
2020-04-27,20.09316635131836
2020-04-28,20.30768585205078
2020-04-29,20.89760971069336
2020-04-30,20.370258331298828
2020-05-01,19.717761993408203
2020-05-04,19.538997650146484
2020-05-05,19.4764347076416
2020-05-06,19.056331634521484
2020-05-07,19.503244400024414
2020-05-08,19.923341751098633
2020-05-11,19.538997650146484
2020-05-12,19.029523849487305
2020-05-13,18.46640968322754
2020-05-14,18.94013786315918
2020-05-15,18.81500244140625
2020-05-18,19.78032875061035
2020-05-19,19.297666549682617
2020-05-20,19.726701736450195
2020-05-21,19.664133071899414
2020-05-22,19.592628479003906
2020-05-26,20.61158561706543
2020-05-27,21.505409240722656
2020-05-28,21.165756225585938
2020-05-29,20.924428939819336
2020-06-01,21.165756225585938
2020-06-02,21.335588455200195
2020-06-03,22.13109016418457
2020-06-04,22.613754272460938
2020-06-05,23.453947067260742
2020-06-08,23.900859832763672
2020-06-09,23.391382217407227
2020-06-10,22.515430450439453
2020-06-11,20.674152374267578
2020-06-12,21.299833297729492
2020-06-15,21.594791412353516
2020-06-16,21.9344482421875
2020-06-17,21.60373306274414
2020-06-18,21.576919555664062
2020-06-19,21.433900833129883
2020-06-22,21.327760696411133
2020-06-23,21.42671012878418
2020-06-24,20.671106338500977
2020-06-25,21.21982192993164
2020-06-26,20.311304092407227
2020-06-29,20.536178588867188
2020-06-30,20.81502914428711
2020-07-01,20.6351261138916
2020-07-02,20.66211700439453
2020-07-06,21.057907104492188
2020-07-07,20.626134872436523
2020-07-08,20.842023849487305
2020-07-09,20.40125274658203
2020-07-10,21.10287857055664
2020-07-13,21.192834854125977
2020-07-14,21.30077362060547
2020-07-15,21.72355079650879
2020-07-16,21.72355079650879
2020-07-17,21.543651580810547
2020-07-20,21.444698333740234
2020-07-21,21.867477416992188
2020-07-22,21.867477416992188
2020-07-23,21.885465621948242
2020-07-24,21.831497192382812
2020-07-27,21.65159034729004
2020-07-28,21.597620010375977
2020-07-29,22.002410888671875
2020-07-30,21.606616973876953
2020-07-31,21.61561393737793
2020-08-03,21.678579330444336
2020-08-04,21.588623046875
2020-08-05,21.885465621948242
2020-08-06,21.87647247314453
2020-08-07,22.344223022460938
2020-08-10,22.506145477294922
2020-08-11,22.76700210571289
2020-08-12,22.704038619995117
2020-08-13,22.560110092163086
2020-08-14,22.65006446838379
2020-08-17,22.272260665893555
2020-08-18,22.128341674804688
2020-08-19,22.119346618652344
2020-08-20,21.91245460510254
2020-08-21,21.867477416992188
2020-08-24,22.389204025268555
2020-08-25,22.45216941833496
2020-08-26,22.344223022460938
2020-08-27,22.722026824951172
2020-08-28,22.81197738647461
2020-08-31,22.5421199798584
2020-09-01,22.605093002319336
2020-09-02,22.928918838500977
2020-09-03,22.57810401916504
2020-09-04,22.74901580810547
2020-09-08,22.16431999206543
2020-09-09,22.389204025268555
2020-09-10,22.074371337890625
2020-09-11,22.227285385131836
2020-09-14,22.53312873840332
2020-09-15,22.227285385131836
2020-09-16,22.47915267944336
2020-09-17,22.24527931213379
2020-09-18,22.20030403137207
2020-09-21,21.644052505493164
2020-09-22,21.463159561157227
2020-09-23,20.98378562927246
2020-09-24,21.029014587402344
2020-09-25,21.246082305908203
2020-09-28,21.75259017944336
2020-09-29,21.481246948242188
2020-09-30,21.77067756652832
2020-10-01,21.806856155395508
2020-10-02,21.97870445251465
2020-10-05,22.340497970581055
2020-10-06,22.114377975463867
2020-10-07,22.485214233398438
2020-10-08,22.79273223876953
2020-10-09,22.819866180419922
2020-10-12,23.0731143951416
2020-10-13,22.629932403564453
2020-10-14,22.412853240966797
2020-10-15,22.584707260131836
2020-10-16,22.602792739868164
2020-10-19,22.25909423828125
2020-10-20,22.43998908996582
2020-10-21,22.32240867614746
2020-10-22,22.76559829711914
2020-10-23,22.837953567504883
2020-10-26,22.32240867614746
2020-10-27,21.915388107299805
2020-10-28,21.354618072509766
2020-10-29,21.517427444458008
2020-10-30,21.580739974975586
2020-11-02,21.987751007080078
2020-11-03,22.476167678833008
2020-11-04,22.213871002197266
2020-11-05,22.756553649902344
2020-11-06,22.575658798217773
2020-11-09,24.42983055114746
2020-11-10,24.556455612182617
2020-11-11,24.45696449279785
2020-11-12,24.049951553344727
2020-11-13,24.447917938232422
2020-11-16,24.990604400634766
2020-11-17,24.95442771911621
2020-11-18,24.719261169433594
2020-11-19,24.8006649017334
2020-11-20,24.58359146118164
2020-11-23,25.04487419128418
2020-11-24,25.922212600708008
2020-11-25,25.83176040649414
2020-11-27,25.7503604888916
2020-11-30,25.216720581054688
2020-12-01,25.605642318725586
2020-12-02,25.886037826538086
2020-12-03,25.895071029663086
2020-12-04,26.211645126342773
2020-12-07,26.03074836730957
2020-12-08,26.021705627441406
2020-12-09,25.958389282226562
2020-12-10,26.00361442565918
2020-12-11,25.741315841674805
2020-12-14,25.44283676147461
2020-12-15,25.87698745727539
2020-12-16,25.922212600708008
2020-12-17,25.994569778442383
2020-12-18,25.768449783325195
2020-12-21,26.115806579589844
2020-12-22,25.861204147338867
2020-12-23,26.28858184814453
2020-12-24,26.324960708618164
2020-12-28,26.45226287841797
2020-12-29,26.361330032348633
2020-12-30,26.479543685913086
2020-12-31,26.80689811706543
2021-01-04,26.443172454833984
2021-01-05,26.561386108398438
2021-01-06,27.734413146972656
2021-01-07,28.1345157623291
2021-01-08,28.116329193115234
2021-01-11,28.207258224487305
2021-01-12,28.49825096130371
2021-01-13,28.480056762695312
2021-01-14,28.607364654541016
2021-01-15,28.1345157623291
2021-01-19,28.207258224487305
2021-01-20,28.089046478271484
2021-01-21,27.788970947265625
2021-01-22,27.58892059326172
2021-01-25,27.388872146606445
2021-01-26,27.170629501342773
2021-01-27,26.37041664123535
2021-01-28,26.86146354675293
2021-01-29,26.324960708618164
2021-02-01,26.670501708984375
2021-02-02,27.316125869750977
2021-02-03,27.470706939697266
2021-02-04,28.0799560546875
2021-02-05,28.089046478271484
2021-02-08,28.452777862548828
2021-02-09,28.461872100830078
2021-02-10,28.461872100830078
2021-02-11,28.370939254760742
2021-02-12,28.66192054748535
2021-02-16,29.152957916259766
2021-02-17,29.2984561920166
2021-02-18,29.12567710876465
2021-02-19,29.47122573852539
2021-02-22,29.744014739990234
2021-02-23,29.925884246826172
2021-02-24,30.50785255432129
2021-02-25,29.95315933227539
2021-02-26,29.380290985107422
2021-03-01,30.298707962036133
2021-03-02,30.189586639404297
2021-03-03,30.426008224487305
2021-03-04,30.08047103881836
2021-03-05,30.653348922729492
2021-03-08,31.04435157775879
2021-03-09,30.762468338012695
2021-03-10,31.389904022216797
2021-03-11,31.298965454101562
2021-03-12,31.617223739624023
2021-03-15,31.435361862182617
2021-03-16,31.108001708984375
2021-03-17,31.317148208618164
2021-03-18,31.480825424194336
2021-03-19,31.117095947265625
2021-03-22,30.716142654418945
2021-03-23,30.28685760498047
2021-03-24,30.396459579467773
2021-03-25,30.907943725585938
2021-03-26,31.392019271850586
2021-03-29,31.11801528930664
2021-03-30,31.337223052978516
2021-03-31,31.099740982055664
2021-04-01,31.48335075378418
2021-04-05,31.729957580566406
2021-04-06,31.666027069091797
2021-04-07,31.82130241394043
2021-04-08,31.830440521240234
2021-04-09,32.10444641113281
2021-04-12,32.24143981933594
2021-04-13,31.94003677368164
2021-04-14,32.1318359375
2021-04-15,32.10444641113281
2021-04-16,32.33278274536133
2021-04-19,32.24143981933594
2021-04-20,31.638628005981445
2021-04-21,32.07703399658203
2021-04-22,31.7208251953125
2021-04-23,32.314510345458984
2021-04-26,32.44237518310547
2021-04-27,32.6981201171875
2021-04-28,32.82598876953125
2021-04-29,33.4105339050293
2021-04-30,33.11825942993164
2021-05-03,33.28266906738281
2021-05-04,33.54753875732422
2021-05-05,33.82154846191406
2021-05-06,34.32389831542969
2021-05-07,34.50656509399414
2021-05-10,34.47916030883789
2021-05-11,33.86720657348633
2021-05-12,33.520137786865234
2021-05-13,34.05902099609375
2021-05-14,34.5978889465332
2021-05-17,34.661842346191406
2021-05-18,34.17775344848633
2021-05-19,33.96769332885742
2021-05-20,33.98594665527344
2021-05-21,34.32389831542969
2021-05-24,34.48829650878906
2021-05-25,34.14122009277344
2021-05-26,34.241695404052734
2021-05-27,34.63443374633789
2021-05-28,34.69837188720703
2021-06-01,34.908443450927734
2021-06-02,34.96324157714844
2021-06-03,35.04544448852539
2021-06-04,35.13677978515625
2021-06-07,34.908443450927734
2021-06-08,34.81709671020508
2021-06-09,34.48829650878906
2021-06-10,34.08641815185547
2021-06-11,34.305625915527344
2021-06-14,33.94942092895508
2021-06-15,34.01334762573242
2021-06-16,33.97681427001953
2021-06-17,32.97212219238281
2021-06-18,32.1775016784668
2021-06-21,32.928504943847656
2021-06-22,32.98352813720703
2021-06-23,33.04772186279297
2021-06-24,33.46036148071289
2021-06-25,33.863826751708984
2021-06-28,33.61623764038086
2021-06-29,33.497032165527344
2021-06-30,33.64374923706055
2021-07-01,33.909671783447266
2021-07-02,33.87299728393555
2021-07-06,33.341156005859375
2021-07-07,33.386993408203125
2021-07-08,32.717613220214844
2021-07-09,33.66208267211914
2021-07-12,33.9921989440918
2021-07-13,33.625404357910156
2021-07-14,33.469520568847656
2021-07-15,33.57955551147461
2021-07-16,33.121070861816406
2021-07-19,32.1949348449707
2021-07-20,32.992698669433594
2021-07-21,33.56121826171875
2021-07-22,33.19443130493164
2021-07-23,33.24945068359375
2021-07-26,33.4420166015625
2021-07-27,33.43284606933594
2021-07-28,33.386993408203125
2021-07-29,33.753780364990234
2021-07-30,33.48785400390625
2021-08-02,33.497032165527344
2021-08-03,33.87299728393555
2021-08-04,33.58872604370117
2021-08-05,34.02888107299805
2021-08-06,34.71659851074219
2021-08-09,34.80830764770508
2021-08-10,35.17509841918945
2021-08-11,35.57856369018555
2021-08-12,35.64274978637695
2021-08-13,35.3768196105957
2021-08-16,35.285133361816406
2021-08-17,35.03754806518555
2021-08-18,34.60657501220703
2021-08-19,34.34982681274414
2021-08-20,34.560726165771484
2021-08-23,34.8449821472168
2021-08-24,35.05588912963867
2021-08-25,35.468528747558594
2021-08-26,35.29430389404297
2021-08-27,35.7619514465332
2021-08-30,35.25762176513672
2021-08-31,35.21177291870117
2021-09-01,35.010040283203125
2021-09-02,35.129249572753906
2021-09-03,34.909175872802734
2021-09-07,34.698265075683594
2021-09-08,34.61574172973633
2021-09-09,34.71659851074219
2021-09-10,34.45986557006836
2021-09-13,34.85415267944336
2021-09-14,34.386497497558594
2021-09-15,34.71659851074219
2021-09-16,34.61574172973633
2021-09-17,34.45986557006836
2021-09-20,33.660465240478516
2021-09-21,33.61442184448242
2021-09-22,34.17620086669922
2021-09-23,35.01426696777344
2021-09-24,35.19845199584961
2021-09-27,35.677345275878906
2021-09-28,35.08794021606445
2021-09-29,35.11556625366211
2021-09-30,34.56299591064453
2021-10-01,35.13399124145508
2021-10-04,34.83007049560547
2021-10-05,35.511573791503906
2021-10-06,35.548397064208984
2021-10-07,35.760223388671875
2021-10-08,35.93519592285156
2021-10-11,35.57603073120117
2021-10-12,35.46551513671875
2021-10-13,35.26291275024414
2021-10-14,35.85232162475586
2021-10-15,36.386470794677734
2021-10-18,36.39568328857422
2021-10-19,36.75484085083008
2021-10-20,37.04954528808594
2021-10-21,36.89298629760742
2021-10-22,37.408714294433594
2021-10-25,37.36266326904297
2021-10-26,37.39029312133789
2021-10-27,36.77326202392578
2021-10-28,37.22452163696289
2021-10-29,37.07717514038086
2021-11-01,37.09560012817383
2021-11-02,37.18769073486328
2021-11-03,37.32582473754883
2021-11-04,36.83772659301758
2021-11-05,36.85614013671875
2021-11-08,37.058753967285156
2021-11-09,36.85614013671875
2021-11-10,36.79167556762695
2021-11-11,36.89298629760742
2021-11-12,36.97587203979492
2021-11-15,36.97587203979492
2021-11-16,36.93902587890625
2021-11-17,36.515403747558594
2021-11-18,36.33120346069336
2021-11-19,35.93519592285156
2021-11-22,36.44172286987305
2021-11-23,37.0127067565918
2021-11-24,36.9298210144043
2021-11-26,35.70497512817383
2021-11-29,35.81547927856445
2021-11-30,34.95901107788086
2021-12-01,34.57221603393555
2021-12-02,35.60365295410156
2021-12-03,35.02346420288086
2021-12-06,35.55760955810547
2021-12-07,36.19306564331055
2021-12-08,35.99967575073242
2021-12-09,35.92599105834961
2021-12-10,35.962833404541016
2021-12-13,35.57603073120117
2021-12-14,35.78784942626953
2021-12-15,35.88916015625
2021-12-16,36.340423583984375
2021-12-17,35.5391960144043
2021-12-20,34.848880767822266
2021-12-21,35.5706672668457
2021-12-22,35.73721694946289
2021-12-23,35.92229461669922
2021-12-27,36.292442321777344
2021-12-28,36.31093978881836
2021-12-29,36.264678955078125
2021-12-30,36.19990539550781
2021-12-31,36.135128021240234
2022-01-03,36.57930374145508
2022-01-04,37.541664123535156
2022-01-05,37.10675048828125
2022-01-06,37.65270233154297
2022-01-07,38.09688949584961
2022-01-10,37.96733474731445
2022-01-11,38.30046844482422
2022-01-12,38.32822036743164
2022-01-13,38.1801643371582
2022-01-14,37.782264709472656
2022-01-18,36.940181732177734
2022-01-19,36.320194244384766
2022-01-20,36.08885955810547
2022-01-21,35.34858322143555
2022-01-24,35.45036697387695
2022-01-25,35.598426818847656
2022-01-26,35.690948486328125
2022-01-27,35.36708450317383
2022-01-28,35.82975769042969
2022-01-31,36.144386291503906
2022-02-01,36.644073486328125
2022-02-02,36.8939208984375
2022-02-03,36.48676300048828
2022-02-04,37.10675048828125
2022-02-07,37.217796325683594
2022-02-08,37.735984802246094
2022-02-09,37.97658920288086
2022-02-10,37.643463134765625
2022-02-11,37.115997314453125
2022-02-14,36.69960021972656
2022-02-15,37.19928741455078
2022-02-16,37.227046966552734
2022-02-17,36.30168914794922
2022-02-18,36.292442321777344
2022-02-22,36.107357025146484
2022-02-23,35.47813034057617
2022-02-24,35.05245590209961
2022-02-25,36.181392669677734
2022-02-28,35.644683837890625
2022-03-01,34.330684661865234
2022-03-02,35.219024658203125
2022-03-03,35.10797882080078
2022-03-04,34.45098114013672
2022-03-07,33.19248962402344
2022-03-08,32.99817657470703
2022-03-09,34.21039581298828
2022-03-10,33.923526763916016
2022-03-11,33.68294143676758
2022-03-14,34.108612060546875
2022-03-15,34.58978271484375
2022-03-16,35.56140899658203
2022-03-17,36.005577087402344
2022-03-18,36.08885955810547
2022-03-21,36.053558349609375
2022-03-22,36.6388053894043
2022-03-23,35.96066665649414
2022-03-24,36.24864196777344
2022-03-25,36.713138580322266
2022-03-28,36.61093521118164
2022-03-29,36.69455337524414
2022-03-30,36.434444427490234
2022-03-31,35.59836196899414
2022-04-01,35.505455017089844
2022-04-04,35.3475341796875
2022-04-05,35.12458419799805
2022-04-06,34.88304901123047
2022-04-07,34.84588623046875
2022-04-08,35.198890686035156
2022-04-11,35.04098129272461
2022-04-12,34.660099029541016
2022-04-13,34.660099029541016
2022-04-14,34.26992416381836
2022-04-18,34.47429656982422
2022-04-19,34.94807052612305
2022-04-20,35.18961715698242
2022-04-21,34.632232666015625
2022-04-22,33.60105514526367
2022-04-25,33.65679168701172
2022-04-26,32.811431884765625
2022-04-27,32.78356170654297
2022-04-28,33.20161056518555
2022-04-29,32.0589599609375
2022-05-02,32.06825637817383
2022-05-03,32.48629379272461
2022-05-04,33.48030090332031
2022-05-05,32.5048828125
2022-05-06,32.27262878417969
2022-05-09,31.501577377319336
2022-05-10,31.222881317138672
2022-05-11,30.934898376464844
2022-05-12,30.702659606933594
2022-05-13,31.1485652923584
2022-05-16,30.888452529907227
2022-05-17,31.71523666381836
2022-05-18,30.841997146606445
2022-05-19,30.63762855529785
2022-05-20,30.581878662109375
2022-05-23,31.57590103149414
2022-05-24,31.5108642578125
2022-05-25,31.761688232421875
2022-05-26,32.495582580566406
2022-05-27,33.043678283691406
2022-05-31,32.95077896118164
2022-06-01,32.421268463134766
2022-06-02,32.867164611816406
2022-06-03,32.39339065551758
2022-06-06,32.48629379272461
2022-06-07,32.73711013793945
2022-06-08,32.16114807128906
2022-06-09,31.352943420410156
2022-06-10,30.219589233398438
2022-06-13,29.318483352661133
2022-06-14,29.06766128540039
2022-06-15,29.392797470092773
2022-06-16,28.64961814880371
2022-06-17,28.733226776123047
2022-06-21,29.306657791137695
2022-06-22,29.241287231445312
2022-06-23,29.129215240478516
2022-06-24,30.20323371887207
2022-06-27,30.100500106811523
2022-06-28,29.801639556884766
2022-06-29,29.63353729248047
2022-06-30,29.372032165527344
2022-07-01,29.773622512817383
2022-07-05,29.6708927154541
2022-07-06,29.59617805480957
2022-07-07,30.025787353515625
2022-07-08,29.96041488647461
2022-07-11,29.717588424682617
2022-07-12,29.530803680419922
2022-07-13,29.269306182861328
2022-07-14,28.70894432067871
2022-07-15,29.680233001708984
2022-07-18,29.568161010742188
2022-07-19,30.455392837524414
2022-07-20,30.567468643188477
2022-07-21,30.763586044311523
2022-07-22,30.58614158630371
2022-07-25,30.78226661682129
2022-07-26,30.352663040161133
2022-07-27,30.819623947143555
2022-07-28,31.043766021728516
2022-07-29,31.482715606689453
2022-08-01,31.221214294433594
2022-08-02,30.875661849975586
2022-08-03,31.342628479003906
2022-08-04,31.23989486694336
2022-08-05,31.464031219482422
2022-08-08,31.445344924926758
2022-08-09,31.6041202545166
2022-08-10,32.31390380859375
2022-08-11,32.69681930541992
2022-08-12,33.21048355102539
2022-08-15,33.20113754272461
2022-08-16,33.44395446777344
2022-08-17,33.27585220336914
2022-08-18,33.31320571899414
2022-08-19,32.650123596191406
2022-08-22,31.93099594116211
2022-08-23,31.800247192382812
2022-08-24,31.968351364135742
2022-08-25,32.46333312988281
2022-08-26,31.492048263549805
2022-08-29,31.267908096313477
2022-08-30,31.09979820251465
2022-08-31,30.866317749023438
2022-09-01,30.959718704223633
2022-09-02,30.716888427734375
2022-09-06,30.64217758178711
2022-09-07,31.249231338500977
2022-09-08,31.800247192382812
2022-09-09,32.08976364135742
2022-09-12,32.35126495361328
2022-09-13,31.146495819091797
2022-09-14,31.0531005859375
2022-09-15,31.155838012695312
2022-09-16,30.875661849975586
2022-09-19,31.225847244262695
2022-09-20,30.76581382751465
2022-09-21,30.127403259277344
2022-09-22,29.62042808532715
2022-09-23,29.1510066986084
2022-09-26,28.690977096557617
2022-09-27,28.56892967224121
2022-09-28,29.13223648071289
2022-09-29,28.766084671020508
2022-09-30,28.503211975097656
2022-10-03,29.273059844970703
2022-10-04,30.362112045288086
2022-10-05,30.127403259277344
2022-10-06,29.704919815063477
2022-10-07,29.000797271728516
2022-10-10,28.869354248046875
2022-10-11,28.503211975097656
2022-10-12,28.437490463256836
2022-10-13,29.611040115356445
2022-10-14,29.11345672607422
2022-10-17,29.84575080871582
2022-10-18,30.324560165405273
2022-10-19,29.826974868774414
2022-10-20,29.348167419433594
2022-10-21,30.221288681030273
2022-10-24,30.62499237060547
2022-10-25,30.99113655090332
2022-10-26,31.06624984741211
2022-10-27,31.319732666015625
2022-10-28,32.09896469116211
2022-10-31,31.901813507080078
2022-11-01,31.986309051513672
2022-11-02,31.582603454589844
2022-11-03,31.263395309448242
2022-11-04,31.83609390258789
2022-11-07,32.155296325683594
2022-11-08,32.34306335449219
2022-11-09,31.798542022705078
2022-11-10,33.40395736694336
2022-11-11,33.67621994018555
2022-11-14,33.197418212890625
2022-11-15,33.272518157958984
2022-11-16,33.11292266845703
2022-11-17,32.934532165527344
2022-11-18,33.2067985534668
2022-11-21,33.31006622314453
2022-11-22,33.6480598449707
2022-11-23,33.78888702392578
2022-11-25,33.90154266357422
2022-11-28,33.31946563720703
2022-11-29,33.51662063598633
2022-11-30,34.08931350708008
2022-12-01,33.892154693603516
2022-12-02,33.73255157470703
2022-12-05,32.8969841003418
2022-12-06,32.60594177246094
2022-12-07,32.4744987487793
2022-12-08,32.50266647338867
2022-12-09,32.418182373046875
2022-12-12,32.85004806518555
2022-12-13,32.934532165527344
2022-12-14,32.521446228027344
2022-12-15,31.88303565979004
2022-12-16,31.638935089111328
2022-12-19,31.553903579711914
2022-12-20,31.686180114746094
2022-12-21,32.17744064331055
2022-12-22,31.89401626586914
2022-12-23,32.07350540161133
2022-12-27,32.06406784057617
2022-12-28,31.950702667236328
2022-12-29,32.39471435546875
2022-12-30,32.309696197509766
2023-01-03,32.42304992675781
2023-01-04,32.942657470703125
2023-01-05,32.6970329284668
2023-01-06,33.42447280883789
2023-01-09,33.30165100097656
2023-01-10,33.49060821533203
2023-01-11,33.80236053466797
2023-01-12,33.86848831176758
2023-01-13,34.123573303222656
2023-01-17,33.89684295654297
2023-01-18,33.26387405395508
2023-01-19,32.876529693603516
2023-01-20,33.3961296081543
2023-01-23,33.78346252441406
2023-01-24,33.80236053466797
2023-01-25,34.066890716552734
2023-01-26,34.24638366699219
2023-01-27,34.24638366699219
2023-01-30,34.07633590698242
2023-01-31,34.53925323486328
2023-02-01,34.53925323486328
2023-02-02,34.63372039794922
2023-02-03,34.567596435546875
2023-02-06,34.558143615722656
2023-02-07,34.95492935180664
2023-02-08,34.74708938598633
2023-02-09,34.35974884033203
2023-02-10,34.473121643066406
2023-02-13,34.86990737915039
2023-02-14,34.68095779418945
2023-02-15,34.718746185302734
2023-02-16,34.369197845458984
2023-02-17,34.3786506652832
2023-02-21,33.670101165771484
2023-02-22,33.63231658935547
2023-02-23,33.66065216064453
2023-02-24,33.68899154663086
2023-02-27,33.67955017089844
2023-02-28,33.74568176269531
2023-03-01,33.63231658935547
2023-03-02,33.471702575683594
2023-03-03,34.000755310058594
2023-03-06,34.02909851074219
2023-03-07,33.15050506591797
2023-03-08,33.02768325805664
2023-03-09,31.686180114746094
2023-03-10,31.109893798828125
2023-03-13,29.881742477416992
2023-03-14,30.48636817932129
2023-03-15,29.673900604248047
2023-03-16,30.240737915039062
2023-03-17,29.267669677734375
2023-03-20,29.593318939208984
2023-03-21,30.343358993530273
2023-03-22,29.640789031982422
2023-03-23,29.441415786743164
2023-03-24,29.422420501708984
2023-03-27,29.83067512512207
2023-03-28,29.821178436279297
2023-03-29,30.257911682128906
2023-03-30,30.191452026367188
2023-03-31,30.523746490478516
2023-04-03,30.58070945739746
2023-04-04,30.29588508605957
2023-04-05,30.257911682128906
2023-04-06,30.371841430664062
2023-04-10,30.438302993774414
2023-04-11,30.704133987426758
2023-04-12,30.637680053710938
2023-04-13,30.913013458251953
2023-04-14,31.21682357788086
2023-04-17,31.57760238647461
2023-04-18,31.672542572021484
2023-04-19,31.748498916625977
2023-04-20,31.653553009033203
2023-04-21,31.539623260498047
2023-04-24,31.463674545288086
2023-04-25,30.922500610351562
2023-04-26,30.62818145751953
2023-04-27,31.121877670288086
2023-04-28,31.492149353027344
2023-05-01,31.406707763671875
2023-05-02,30.694644927978516
2023-05-03,30.343358993530273
2023-05-04,29.95409393310547
2023-05-05,30.694644927978516
2023-05-08,30.742116928100586
2023-05-09,30.62818145751953
2023-05-10,30.457292556762695
2023-05-11,30.409814834594727
2023-05-12,30.286394119262695
2023-05-15,30.533241271972656
2023-05-16,30.248416900634766
2023-05-17,30.85604476928711
2023-05-18,31.083898544311523
2023-05-19,30.95098114013672
2023-05-22,31.00794792175293
2023-05-23,30.647172927856445
2023-05-24,30.248416900634766
2023-05-25,30.238920211791992
2023-05-26,30.485774993896484
2023-05-30,30.476272583007812
2023-05-31,30.15347671508789
2023-06-01,30.476272583007812
2023-06-02,31.140867233276367
2023-06-05,30.979467391967773
2023-06-06,31.368722915649414
2023-06-07,31.492149353027344
2023-06-08,31.463674545288086
2023-06-09,31.47316551208496
2023-06-12,31.463674545288086
2023-06-13,31.653553009033203
2023-06-14,31.53012466430664
2023-06-15,31.9478702545166
2023-06-16,31.88141632080078
2023-06-20,31.642990112304688
2023-06-21,31.60485076904297
2023-06-22,31.356895446777344
2023-06-23,31.223369598388672
2023-06-26,31.156618118286133
2023-06-27,31.40457534790039
2023-06-28,31.328283309936523
2023-06-29,31.871875762939453
2023-06-30,32.1484375
2023-07-03,32.329647064208984
2023-07-05,32.26288986206055
2023-07-06,31.98632049560547
2023-07-07,32.03401184082031
2023-07-10,32.17705535888672
2023-07-11,32.55851745605469
2023-07-12,32.768333435058594
2023-07-13,32.882774353027344
2023-07-14,32.66342544555664
2023-07-17,32.9781379699707
2023-07-18,33.350074768066406
2023-07-19,33.49312973022461
2023-07-20,33.74108123779297
2023-07-21,33.626644134521484
2023-07-24,33.95089340209961
2023-07-25,33.731544494628906
2023-07-26,33.93181228637695
2023-07-27,33.50266647338867
2023-07-28,33.56942367553711
2023-07-31,33.69340133666992
2023-08-01,33.69340133666992
2023-08-02,33.40729522705078
2023-08-03,33.426368713378906
2023-08-04,33.2928581237793
2023-08-07,33.76015853881836
2023-08-08,33.454978942871094
2023-08-09,33.2070198059082
2023-08-10,33.235633850097656
2023-08-11,33.30238342285156
2023-08-14,33.235633850097656
2023-08-15,32.62527847290039
2023-08-16,32.57759475708008
2023-08-17,32.415470123291016
2023-08-18,32.40592575073242
2023-08-21,32.3677864074707
2023-08-22,32.06261444091797
2023-08-23,32.37732696533203
2023-08-24,32.26288986206055
2023-08-25,32.415470123291016
2023-08-28,32.5966682434082
2023-08-29,32.892311096191406
2023-08-30,32.9113883972168
2023-08-31,32.78740692138672
2023-09-01,33.08304214477539
2023-09-05,32.74925994873047
2023-09-06,32.73018264770508
2023-09-07,32.64435577392578
2023-09-08,32.71111297607422
2023-09-11,32.863704681396484
2023-09-12,33.08304214477539
2023-09-13,33.08304214477539
2023-09-14,33.388221740722656
2023-09-15,33.21656799316406
2023-09-18,33.30756759643555
2023-09-19,33.269248962402344
2023-09-20,33.039344787597656
2023-09-21,32.49331283569336
2023-09-22,32.24425506591797
2023-09-25,32.32088851928711
2023-09-26,31.889820098876953
2023-09-27,31.841922760009766
2023-09-28,32.07181930541992
2023-09-29,31.77486228942871
2023-10-02,31.506635665893555
2023-10-03,31.00851058959961
2023-10-04,31.238414764404297
2023-10-05,31.382102966308594
2023-10-06,31.650331497192383
2023-10-09,31.66948699951172
2023-10-10,31.89938735961914
2023-10-11,31.94729232788086
2023-10-12,31.746118545532227
2023-10-13,31.813175201416016
2023-10-16,32.14845657348633
2023-10-17,32.301727294921875
2023-10-18,31.746118545532227
2023-10-19,31.324636459350586
2023-10-20,30.845661163330078
2023-10-23,30.654071807861328
2023-10-24,30.86482048034668
2023-10-25,30.74986457824707
2023-10-26,30.68280792236328
2023-10-27,30.12720489501953
2023-10-30,30.663650512695312
2023-10-31,30.998931884765625
2023-11-01,31.200092315673828
2023-11-02,31.93771743774414
2023-11-03,32.35920333862305
2023-11-06,32.26341247558594
2023-11-07,32.21551513671875
2023-11-08,32.25382995605469
2023-11-09,32.119720458984375
2023-11-10,32.483734130859375
2023-11-13,32.43584442138672
2023-11-14,33.04892349243164
2023-11-15,33.230926513671875
2023-11-16,33.365047454833984
2023-11-17,33.537471771240234
2023-11-20,33.67158508300781
2023-11-21,33.652427673339844
2023-11-22,33.786537170410156
2023-11-24,33.89190673828125
2023-11-27,33.77695846557617
2023-11-28,33.76737594604492
2023-11-29,34.00686264038086
2023-11-30,34.390037536621094
2023-12-01,34.64867401123047
2023-12-04,34.61036682128906
2023-12-05,34.43794250488281
2023-12-06,34.265506744384766
2023-12-07,34.42835235595703
2023-12-08,34.61036682128906
2023-12-11,34.821109771728516
2023-12-12,35.07018280029297
2023-12-13,35.63535690307617
2023-12-14,35.98979949951172
2023-12-15,35.779048919677734
2023-12-18,35.89842224121094
2023-12-19,36.1679801940918
2023-12-20,35.52297592163086
2023-12-21,35.86954116821289
2023-12-22,35.946556091308594
2023-12-26,36.090965270996094
2023-12-27,36.20648956298828
2023-12-28,36.3123779296875
2023-12-29,36.196861267089844
2024-01-02,36.35088348388672
2024-01-03,36.04282760620117
2024-01-04,36.187225341796875
2024-01-05,36.34126281738281
2024-01-08,36.572303771972656
2024-01-09,36.34126281738281
2024-01-10,36.399017333984375
2024-01-11,36.26424026489258
2024-01-12,36.196861267089844
2024-01-16,35.946556091308594
2024-01-17,35.879173278808594
2024-01-18,35.93693161010742
2024-01-19,36.51454162597656
2024-01-22,36.68782043457031
2024-01-23,36.74557876586914
2024-01-24,36.88998794555664
2024-01-25,37.07289123535156
2024-01-26,37.20766830444336
2024-01-29,37.3039436340332
2024-01-30,37.775657653808594
2024-01-31,37.313568115234375
2024-02-01,37.37132263183594
2024-02-02,37.525352478027344
2024-02-05,37.3039436340332
2024-02-06,37.380958557128906
2024-02-07,37.660125732421875
2024-02-08,37.51573181152344
2024-02-09,37.62162780761719
2024-02-12,37.79490661621094
2024-02-13,37.28468704223633
2024-02-14,37.6408805847168
2024-02-15,38.28587341308594
2024-02-16,38.151100158691406
2024-02-20,38.04520797729492
2024-02-21,38.16072082519531
2024-02-22,38.603553771972656
2024-02-23,38.79609298706055
2024-02-26,38.603553771972656
2024-02-27,38.70945358276367
2024-02-28,38.85386657714844
2024-02-29,38.834598541259766
2024-03-01,38.78647232055664
2024-03-04,38.88273620605469
2024-03-05,38.89236831665039
2024-03-06,39.09452819824219
2024-03-07,39.03676986694336
2024-03-08,39.104156494140625
2024-03-11,39.17154312133789
2024-03-12,39.335201263427734
2024-03-13,39.624000549316406
2024-03-14,39.30632019042969
2024-03-15,39.26781463623047
2024-03-18,39.492958068847656
2024-03-19,39.686222076416016
2024-03-20,40.15971374511719
2024-03-21,40.488258361816406
2024-03-22,40.02443313598633
2024-03-25,39.86981964111328
2024-03-26,40.00510025024414
2024-03-27,40.47859573364258
2024-03-28,40.700843811035156
2024-04-01,40.47859573364258
2024-04-02,40.26601028442383
2024-04-03,40.24668502807617
2024-04-04,39.79251480102539
2024-04-05,40.16937255859375
2024-04-08,40.34330368041992
2024-04-09,40.11139678955078
2024-04-10,39.51228713989258
2024-04-11,39.23204803466797
2024-04-12,38.71025466918945
2024-04-15,38.516990661621094
2024-04-16,38.25608444213867
2024-04-17,38.35271453857422
2024-04-18,38.488006591796875
2024-04-19,39.019474029541016
2024-04-22,39.492958068847656
2024-04-23,39.74419403076172
2024-04-24,39.73453903198242
2024-04-25,39.50262451171875
2024-04-26,39.44464874267578
2024-04-29,39.386661529541016
2024-04-30,39.000152587890625
2024-05-01,39.000152587890625
2024-05-02,39.09677505493164
2024-05-03,39.18374252319336
2024-05-06,39.686222076416016
2024-05-07,39.82150650024414
2024-05-08,39.96645736694336
2024-05-09,40.26601028442383
2024-05-10,40.42061996459961
2024-05-13,40.256343841552734
2024-05-14,40.45926284790039
2024-05-15,40.75882339477539
2024-05-16,40.75882339477539
2024-05-17,41.058380126953125
2024-05-20,40.49791717529297
2024-05-21,40.75882339477539
2024-05-22,40.52690887451172
2024-05-23,39.96645736694336
2024-05-24,40.20802307128906
2024-05-28,39.76353073120117
2024-05-29,39.44464874267578
2024-05-30,39.65723419189453
2024-05-31,40.23701477050781
2024-06-03,39.985774993896484
2024-06-04,39.80217742919922
2024-06-05,39.91813659667969
2024-06-06,39.898807525634766
2024-06-07,40.08241271972656
2024-06-10,39.927799224853516
2024-06-11,39.47364044189453
2024-06-12,39.43498229980469
2024-06-13,39.4059944152832
2024-06-14,39.28037643432617
2024-06-17,39.62825012207031
2024-06-18,39.87948989868164
2024-06-20,40.09207534790039
2024-06-21,39.93746566772461
2024-06-24,40.34782791137695
2024-06-25,40.04708480834961
2024-06-26,39.79485321044922
2024-06-27,39.74634552001953
2024-06-28,39.882164001464844
2024-07-01,39.969478607177734
2024-07-02,40.435142517089844
2024-07-03,40.309024810791016
2024-07-05,40.29931640625
2024-07-08,40.192604064941406
2024-07-09,40.50304412841797
2024-07-10,40.65827178955078
2024-07-11,40.97841262817383
2024-07-12,41.114234924316406
2024-07-15,41.7157096862793
2024-07-16,42.19108200073242
2024-07-17,42.51122283935547
2024-07-18,41.99705505371094
2024-07-19,41.570194244384766
2024-07-22,41.80302810668945
2024-07-23,41.88063430786133
2024-07-24,41.308258056640625
2024-07-25,41.46348571777344
2024-07-26,42.11347579956055
2024-07-29,42.05526351928711
2024-07-30,42.54032897949219
2024-07-31,42.433616638183594
2024-08-01,41.83213424682617
2024-08-02,40.80379104614258
2024-08-05,39.6202278137207
2024-08-06,40.26051712036133
2024-08-07,40.309024810791016
2024-08-08,40.959014892578125
2024-08-09,41.13363265991211
2024-08-12,40.92020797729492
2024-08-13,41.2597541809082
2024-08-14,41.76422119140625
2024-08-15,42.15227508544922
2024-08-16,42.46272277832031
2024-08-19,42.6955451965332
2024-08-20,42.55972671508789
2024-08-21,42.491817474365234
2024-08-22,42.73435974121094
2024-08-23,43.103004455566406
2024-08-26,43.238826751708984
2024-08-27,43.46194839477539
2024-08-28,43.56867218017578
2024-08-29,43.956722259521484
2024-08-30,44.37388229370117
2024-09-03,44.044036865234375
2024-09-04,44.09253692626953
2024-09-05,43.60747528076172
2024-09-06,42.96718978881836
2024-09-09,43.60747528076172
2024-09-10,43.161216735839844
2024-09-11,42.957489013671875
2024-09-12,43.05450439453125
2024-09-13,43.18061447143555
2024-09-16,43.743289947509766
2024-09-17,43.976131439208984
2024-09-18,43.840309143066406
2024-09-19,44.325374603271484
2024-09-20,44.296268463134766
2024-09-23,44.24271774291992
2024-09-24,43.87273406982422
2024-09-25,43.60984802246094
2024-09-26,43.83378601074219
2024-09-27,43.96036148071289
2024-09-30,44.125877380371094
2024-10-01,43.89220428466797
2024-10-02,43.940887451171875
2024-10-03,43.707210540771484
2024-10-04,44.44718933105469
2024-10-07,43.90194320678711
2024-10-08,44.155086517333984
2024-10-09,44.564022064208984
2024-10-10,44.427711486816406
2024-10-11,45.284523010253906
2024-10-14,45.56688690185547
2024-10-15,45.66425323486328
2024-10-16,46.228965759277344
2024-10-17,46.35553741455078
2024-10-18,46.36527633666992
2024-10-21,45.99528884887695
2024-10-22,45.90766525268555
2024-10-23,45.868717193603516
2024-10-24,45.90766525268555
2024-10-25,45.401363372802734
2024-10-28,45.96608352661133
2024-10-29,45.683719635009766
2024-10-30,45.888187408447266
2024-10-31,45.255313873291016
2024-11-01,45.41109848022461
2024-11-04,45.060585021972656
2024-11-05,45.47925567626953
2024-11-06,48.244422912597656
2024-11-07,47.46549987792969
2024-11-08,47.8939094543457
2024-11-11,48.575462341308594
2024-11-12,48.42942428588867
2024-11-13,48.458621978759766
2024-11-14,48.332054138183594
2024-11-15,48.555992126464844
2024-11-18,48.70203399658203
2024-11-19,48.380733489990234
2024-11-20,48.23469161987305
2024-11-21,48.848087310791016
2024-11-22,49.39333724975586
2024-11-25,49.71463394165039
2024-11-26,49.81200408935547
2024-11-27,49.909366607666016
2024-11-29,49.98725891113281
2024-12-02,49.490699768066406
2024-12-03,49.12071228027344
2024-12-04,48.93571472167969
2024-12-05,49.08176803588867
2024-12-06,49.0720329284668
2024-12-09,48.40020751953125
2024-12-10,48.390472412109375
2024-12-11,48.48783493041992
2024-12-12,48.27363586425781
2024-12-13,48.23469161987305
2024-12-16,48.147056579589844
2024-12-17,47.8062858581543
2024-12-18,46.3750114440918
2024-12-19,46.54053497314453
2024-12-20,47.23182678222656
2024-12-23,47.345252990722656
2024-12-24,47.9025993347168
2024-12-26,48.01993942260742
2024-12-27,47.66792297363281
2024-12-30,47.20835876464844
2024-12-31,47.25725173950195
2025-01-02,47.13991928100586
2025-01-03,47.511478424072266
2025-01-06,47.364803314208984
2025-01-07,47.25725173950195
2025-01-08,47.413700103759766
2025-01-10,46.26966857910156
2025-01-13,46.60211944580078
2025-01-14,47.17902755737305
2025-01-15,48.3817253112793
2025-01-16,48.70439910888672
2025-01-17,49.115074157714844
2025-01-21,49.5257568359375
2025-01-22,49.291080474853516
2025-01-23,49.574642181396484
2025-01-24,49.7213134765625
2025-01-27,50.26888656616211
2025-01-28,50.18088150024414
2025-01-29,50.14176940917969
2025-01-30,50.62089920043945
2025-01-31,50.32755661010742
2025-02-03,50.122215270996094
2025-02-04,50.00487518310547
2025-02-05,50.53289031982422
2025-02-06,50.953346252441406
2025-02-07,50.6697883605957
2025-02-10,50.26888656616211
2025-02-11,50.395999908447266
2025-02-12,50.219993591308594
2025-02-13,50.55244827270508
2025-02-14,50.65022659301758
2025-02-18,51.01201248168945
2025-02-19,51.03157043457031
2025-02-20,50.24932861328125
2025-02-21,49.62353515625
2025-02-24,49.83864974975586
2025-02-25,49.82887649536133
2025-02-26,49.7213134765625
2025-02-27,49.99510192871094
2025-02-28,51.021793365478516
2025-03-03,50.59156799316406
2025-03-04,48.811954498291016
2025-03-05,49.09552001953125
2025-03-06,48.2839469909668
2025-03-07,48.02971649169922
2025-03-10,46.954132080078125
2025-03-11,46.55323028564453
2025-03-12,46.62167739868164
2025-03-13,46.36744689941406
2025-03-14,47.44302749633789
2025-03-17,48.00038146972656
2025-03-18,47.94171142578125
2025-03-19,48.469730377197266
2025-03-20,48.538169860839844
2025-03-21,48.3621711730957
2025-03-24,49.214969635009766
2025-03-25,49.489749908447266
2025-03-26,49.3425407409668
2025-03-27,49.244407653808594
2025-03-28,48.29249572753906
2025-03-31,48.88130569458008
2025-04-01,48.82242202758789
2025-04-02,49.22477722167969
2025-04-03,46.80082702636719
2025-04-04,43.37590026855469
2025-04-07,43.2679557800293
2025-04-08,43.10112380981445
2025-04-09,46.349403381347656
2025-04-10,45.054012298583984
2025-04-11,45.79985046386719
2025-04-14,46.270896911621094
2025-04-15,46.38866424560547
2025-04-16,45.66245651245117
2025-04-17,45.78022384643555
2025-04-21,44.79887390136719
2025-04-22,46.28071212768555
2025-04-23,46.83027267456055
2025-04-24,47.35039138793945
2025-04-25,47.12467575073242
2025-04-28,47.27187728881836
2025-04-29,47.76255798339844
2025-04-30,47.85087966918945
2025-05-01,47.841064453125
2025-05-02,48.832237243652344
2025-05-05,48.51820373535156
2025-05-06,48.2434196472168
2025-05-07,48.52801513671875
2025-05-08,48.93037033081055
2025-05-09,48.93037033081055
2025-05-12,49.921539306640625
2025-05-13,50.12762451171875
2025-05-14,49.990234375
2025-05-15,50.32389450073242
2025-05-16,50.628116607666016
2025-05-19,50.65755844116211
2025-05-20,50.38277816772461
2025-05-21,49.352352142333984
2025-05-22,49.29347229003906
2025-05-23,49.116825103759766
2025-05-27,49.98042297363281
2025-05-28,49.64676284790039
2025-05-29,49.901912689208984
2025-05-30,50.00986862182617
2025-06-02,50.02949142456055
2025-06-03,50.12762451171875
2025-06-04,49.84303283691406
2025-06-05,49.70564651489258
2025-06-06,50.32389450073242
2025-06-09,50.04911422729492
2025-06-10,50.10799789428711
2025-06-11,50.04911422729492
2025-06-12,50.04911422729492
2025-06-13,49.02851104736328
2025-06-16,49.58787536621094
2025-06-17,49.30329132080078
2025-06-18,49.28365707397461
2025-06-20,49.421051025390625
2025-06-23,50.04339599609375
2025-06-24,50.791778564453125
2025-06-25,50.62437438964844
2025-06-26,50.99856948852539
2025-06-27,51.14627456665039
2025-06-30,51.5697021484375
2025-07-01,51.85527420043945
2025-07-02,51.81588363647461
2025-07-03,52.37717819213867
2025-07-07,51.87496566772461
2025-07-08,51.41215133666992
2025-07-09,51.599246978759766
2025-07-10,51.904510498046875
2025-07-11,51.3629150390625
2025-07-14,51.74695587158203
2025-07-15,50.86071014404297
2025-07-16,51.215206146240234
2025-07-17,51.70756530761719
2025-07-18,51.73710632324219
2025-07-21,51.58939743041992
2025-07-22,51.87496566772461
2025-07-23,52.28854751586914
2025-07-24,52.25900650024414
2025-07-25,52.62335205078125
2025-07-28,52.25900650024414
2025-07-29,51.993133544921875
2025-07-30,51.89466094970703
2025-07-31,51.5697021484375
2025-08-01,50.614532470703125
2025-08-04,51.11673355102539
2025-08-05,50.909942626953125
2025-08-06,51.156124114990234
2025-08-07,50.584983825683594
2025-08-08,51.057647705078125
2025-08-11,51.0379524230957
2025-08-12,51.658329010009766
2025-08-13,51.95374298095703
2025-08-14,52.19992446899414
2025-08-15,51.658329010009766
2025-08-18,51.69771957397461
2025-08-19,51.79618835449219
2025-08-20,52.06206512451172
2025-08-21,51.89466094970703
2025-08-22,52.75136947631836
2025-08-25,52.446102142333984
2025-08-26,52.84983444213867
2025-08-27,52.958152770996094
2025-08-28,53.0270881652832
2025-08-29,53.16495132446289
2025-09-02,52.771060943603516
2025-09-03,52.68243408203125
2025-09-04,53.2338752746582
2025-09-05,52.25900650024414
2025-09-08,52.298397064208984
2025-09-09,52.524879455566406
2025-09-10,52.347633361816406
2025-09-11,53.2043342590332
2025-09-12,52.97785186767578
2025-09-15,52.859683990478516
2025-09-16,52.741519927978516
2025-09-17,53.25357437133789
2025-09-18,53.30281066894531
2025-09-19,53.42097473144531
2025-09-22,53.3498420715332
2025-09-23,53.112728118896484
2025-09-24,52.96453857421875
2025-09-25,52.82622528076172
2025-09-26,53.21152877807617
2025-09-29,53.47827911376953
2025-09-30,53.22140884399414
2025-10-01,52.74718475341797
2025-10-02,52.70766830444336
2025-10-03,53.07321548461914
2025-10-06,53.0534553527832
2025-10-07,53.12261199951172
2025-10-08,52.86574172973633
2025-10-09,52.67803192138672
2025-10-10,51.53199768066406
2025-10-13,52.025978088378906
2025-10-14,52.598995208740234
2025-10-15,52.598995208740234
2025-10-16,51.136810302734375
2025-10-17,51.5517578125
2025-10-20,52.15441131591797
2025-10-21,52.09513473510742
2025-10-22,51.79874801635742
2025-10-23,51.90742111206055
2025-10-24,52.470558166503906
2025-10-27,52.68791198730469
2025-10-28,52.35200500488281
2025-10-29,51.46284103393555
2025-10-30,51.60115432739258
2025-10-31,51.739463806152344
2025-11-03,51.522117614746094
2025-11-04,51.78886413574219
2025-11-05,51.966697692871094
2025-11-06,51.778987884521484
2025-11-07,52.14453125
2025-11-10,52.332244873046875
2025-11-11,52.56935119628906
2025-11-12,53.02381134033203
2025-11-13,52.34212112426758
2025-11-14,51.818504333496094
2025-11-17,50.830543518066406
2025-11-18,50.75150680541992
2025-11-19,50.9392204284668
2025-11-20,50.4946403503418
2025-11-21,51.04789352416992
2025-11-24,51.2652473449707
2025-11-25,51.90742111206055
2025-11-26,52.31248474121094
2025-11-28,52.68791198730469
2025-12-01,52.25320816040039
2025-12-02,52.20380783081055
2025-12-03,52.9052619934082
2025-12-04,53.013938903808594
2025-12-05,53.033695220947266
2025-12-08,52.83610153198242
2025-12-09,52.638511657714844
2025-12-10,53.24116897583008
2025-12-11,54.20936584472656
2025-12-12,54.28840637207031
2025-12-15,54.32792663574219
2025-12-16,53.98213577270508
2025-12-17,53.972259521484375
2025-12-18,53.88334274291992
2025-12-19,54.17972946166992
2025-12-22,54.844970703125
2025-12-23,54.95402526855469
2025-12-24,55.25144958496094
2025-12-26,55.142391204833984
2025-12-29,54.844970703125
2025-12-30,54.70616912841797
2025-12-31,54.29969024658203
2026-01-02,54.458316802978516
2026-01-05,55.648014068603516
2026-01-06,55.91569900512695
2026-01-07,55.13248062133789
2026-01-08,55.41999053955078
2026-01-09,55.25144958496094
2026-01-12,54.81522750854492
2026-01-13,53.76432800292969
2026-01-14,53.68501663208008
2026-01-15,53.90312576293945
2026-01-16,53.9725227355957
2026-01-20,52.7431755065918
2026-01-21,53.000938415527344
2026-01-22,53.34793472290039
2026-01-23,52.614288330078125
2026-01-26,52.95137023925781
2026-01-27,52.544891357421875
2026-01-28,52.534976959228516
2026-01-29,53.09016799926758
2026-01-30,52.981109619140625
2026-02-02,53.566043853759766
2026-02-03,53.070335388183594
2026-02-04,53.496646881103516
2026-02-05,52.832401275634766
2026-02-06,53.794071197509766
2026-02-09,53.4768180847168
2026-02-10,53.09016799926758
2026-02-11,52.28712463378906
2026-02-12,51.24613952636719
2026-02-13,51.206485748291016
2026-02-17,51.75175857543945
2026-02-18,52.13841247558594
2026-02-19,51.70219039916992
2026-02-20,52.03927230834961
2026-02-23,50.29438018798828
2026-02-24,50.542236328125
2026-02-25,51.42459487915039
2026-02-26,52.0491828918457
2026-02-27,50.988372802734375
2026-03-02,50.85948944091797
2026-03-03,50.770263671875
2026-03-04,51.057769775390625
2026-03-05,50.79008865356445
2026-03-06,50.13575744628906
2026-03-09,49.89781951904297
2026-03-10,49.63013458251953
2026-03-11,49.213741302490234
2026-03-12,48.41069793701172
2026-03-13,48.470184326171875
2026-03-16,48.87665939331055
2026-03-17,49.13443374633789
2026-03-18,48.54949951171875
2026-03-19,48.56932830810547
2026-03-20,48.65855407714844
2026-03-23,49.0980110168457
2026-03-24,49.107975006103516
2026-03-25,49.16776657104492
2026-03-26,48.87877655029297
2026-03-27,47.64310836791992
2026-03-30,48.19118881225586
2026-03-31,49.197662353515625
2026-04-01,49.267417907714844
2026-04-02,49.35710144042969
2026-04-06,49.70588302612305
2026-04-07,49.70588302612305
2026-04-08,51.02127456665039
2026-04-09,51.150821685791016
2026-04-10,50.5927734375
2026-04-13,51.47966766357422
2026-04-14,51.599246978759766
2026-04-15,51.987884521484375
2026-04-16,51.84837341308594
2026-04-17,52.246978759765625
2026-04-20,52.44628143310547
2026-04-21,52.117431640625
2026-04-22,52.027748107910156
2026-04-23,51.619178771972656
2026-04-24,51.24050521850586
2026-04-27,51.629146575927734
2026-04-28,51.669002532958984
2026-04-29,51.7387580871582
2026-04-30,51.948028564453125
2026-05-01,51.7387580871582
2026-05-04,51.39994812011719
2026-05-05,51.409912109375
2026-05-06,51.65903854370117
2026-05-07,51.370052337646484
2026-05-08,51.061134338378906
2026-05-11,51.0013427734375
2026-05-12,51.39994812011719
2026-05-13,50.812007904052734
2026-05-14,51.1109619140625
2026-05-15,50.92162322998047
2026-05-18,51.559391021728516
2026-05-19,50.92162322998047
2026-05-20,51.47966766357422
2026-05-21,51.54942321777344
2026-05-22,51.758689880371094
2026-05-26,51.669002532958984
2026-05-27,51.24050521850586
2026-05-28,51.09103012084961
2026-05-29,51.39994812011719
2026-06-01,51.25047302246094
2026-06-02,51.280364990234375
2026-06-03,50.69242477416992
2026-06-04,52.007816314697266
2026-06-05,52.117431640625
2026-06-08,51.7885856628418
2026-06-09,52.27687454223633
2026-06-10,52.04767608642578
2026-06-11,52.436317443847656
2026-06-12,53.153804779052734
2026-06-15,53.3730354309082
2026-06-16,54.1602783203125
2026-06-17,53.861324310302734
2026-06-18,53.382999420166016
2026-06-22,53.70000076293945
2026-06-23,53.880001068115234
2026-06-24,53.720001220703125
2026-06-25,53.45000076293945
2026-06-26,53.56999969482422
2026-06-29,53.720001220703125
2026-06-30,53.61000061035156
2026-07-01,54.779998779296875
2026-07-02,55.619998931884766
2026-07-06,56.13999938964844
2026-07-07,56.04999923706055
2026-07-08,54.970001220703125
2026-07-09,55.540000915527344
2026-07-10,55.709999084472656
2026-07-13,56.06999969482422
2026-07-14,56.18000030517578
2026-07-15,56.560001373291016
2026-07-16,56.75
2026-07-17,56.2599983215332
2026-07-20,56.040000915527344
2026-07-21,56.11000061035156
2026-07-22,56.04999923706055
2026-07-23,55.83000183105469
2026-07-24,56.310001373291016
2026-07-27,56.880001068115234
2026-07-28,57.599998474121094
2026-07-29,56.68000030517578
2026-07-30,57.0
2026-07-31,56.939998626708984
2026-08-03,57.380001068115234
2026-08-04,57.880001068115234
2026-08-05,58.0
2026-08-06,57.810001373291016
2026-08-07,57.599998474121094
2026-08-10,57.810001373291016
2026-08-11,57.79999923706055
2026-08-12,57.91999816894531
2026-08-13,58.2599983215332
2026-08-14,58.15999984741211
2026-08-17,57.58000183105469
2026-08-18,57.84000015258789
2026-08-19,57.47999954223633
2026-08-20,56.95000076293945
2026-08-21,57.47999954223633
2026-08-24,58.220001220703125
2026-08-25,58.310001373291016
2026-08-26,58.2599983215332
2026-08-27,57.880001068115234
2026-08-28,58.099998474121094
2026-08-31,57.709999084472656
2026-09-01,57.20000076293945
2026-09-02,57.65999984741211
2026-09-03,58.560001373291016
2026-09-04,58.099998474121094
2026-09-08,57.29999923706055
2026-09-09,57.060001373291016
2026-09-10,56.869998931884766
2026-09-11,57.25
2026-09-14,57.029998779296875
2026-09-15,56.849998474121094
2026-09-16,55.93000030517578
2026-09-17,55.880001068115234
2026-09-18,55.86000061035156
