date,close
1998-12-22,11.909103393554688
1998-12-23,12.193620681762695
1998-12-24,12.147171974182129
1998-12-28,12.182010650634766
1998-12-29,12.216848373413086
1998-12-30,12.170397758483887
1998-12-31,12.123942375183105
1999-01-04,12.263300895690918
1999-01-05,12.576848030090332
1999-01-06,12.948470115661621
1999-01-07,12.90782356262207
1999-01-08,12.96008014678955
1999-01-11,13.087824821472168
1999-01-12,12.733625411987305
1999-01-13,12.727822303771973
1999-01-14,12.553627014160156
1999-01-15,12.925238609313965
1999-01-19,13.372340202331543
1999-01-20,13.494274139404297
1999-01-21,13.145890235900879
1999-01-22,12.913631439208984
1999-01-25,13.140079498291016
1999-01-26,13.668472290039062
1999-01-27,13.37814998626709
1999-01-28,13.848472595214844
1999-01-29,14.051698684692383
1999-02-01,14.063316345214844
1999-02-02,13.825243949890137
1999-02-03,13.923954010009766
1999-02-04,13.447822570800781
1999-02-05,13.122657775878906
1999-02-08,13.343307495117188
1999-02-09,12.820721626281738
1999-02-10,12.913631439208984
1999-02-11,13.459442138671875
1999-02-12,12.925238609313965
1999-02-16,12.867179870605469
1999-02-17,12.576848030090332
1999-02-18,12.646528244018555
1999-02-19,12.76266098022461
1999-02-22,13.21556282043457
1999-02-23,13.389759063720703
1999-02-24,13.018144607543945
1999-02-25,13.052986145019531
1999-02-26,12.658143997192383
1999-03-01,12.600074768066406
1999-03-02,12.263300895690918
1999-03-03,12.472334861755371
1999-03-04,12.600074768066406
1999-03-05,12.890397071838379
1999-03-08,13.26201343536377
1999-03-09,13.122657775878906
1999-03-10,13.122657775878906
1999-03-11,13.09943962097168
1999-03-12,12.983305931091309
1999-03-15,13.19234561920166
1999-03-16,13.418792724609375
1999-03-17,13.331693649291992
1999-03-18,13.517501831054688
1999-03-19,13.19234561920166
1999-03-22,13.19234561920166
1999-03-23,12.809110641479492
1999-03-24,13.058784484863281
1999-03-25,13.366534233093262
1999-03-26,13.296856880187988
1999-03-29,13.796216011047363
1999-03-30,13.772992134094238
1999-03-31,13.598794937133789
1999-04-01,13.813637733459473
1999-04-05,14.289758682250977
1999-04-06,14.411699295043945
1999-04-07,14.376863479614258
1999-04-08,14.516221046447754
1999-04-09,14.492992401123047
1999-04-12,14.27234172821045
1999-04-13,14.051698684692383
1999-04-14,13.70330810546875
1999-04-15,13.819433212280273
1999-04-16,13.447822570800781
1999-04-19,12.797497749328613
1999-04-20,13.122657775878906
1999-04-21,13.471051216125488
1999-04-22,14.092347145080566
1999-04-23,14.121381759643555
1999-04-26,14.481383323669434
1999-04-27,14.121381759643555
1999-04-28,13.935568809509277
1999-04-29,13.790410041809082
1999-04-30,13.680082321166992
1999-05-03,13.796216011047363
1999-05-04,13.587183952331543
1999-05-05,13.865896224975586
1999-05-06,13.517501831054688
1999-05-07,13.749764442443848
1999-05-10,13.865896224975586
1999-05-11,14.074928283691406
1999-05-12,14.353638648986816
1999-05-13,14.312990188598633
1999-05-14,13.935568809509277
1999-05-17,14.13299560546875
1999-05-18,14.260729789733887
1999-05-19,14.307184219360352
1999-05-20,14.121381759643555
1999-05-21,13.958792686462402
1999-05-24,13.6568603515625
1999-05-25,13.372340202331543
1999-05-26,13.65105152130127
1999-05-27,13.55234146118164
1999-05-28,13.726532936096191
1999-06-01,13.418792724609375
1999-06-02,13.563957214355469
1999-06-03,13.471051216125488
1999-06-04,13.8717041015625
1999-06-07,14.121381759643555
1999-06-08,13.796216011047363
1999-06-09,14.005253791809082
1999-06-10,13.796216011047363
1999-06-11,13.610404014587402
1999-06-14,13.546537399291992
1999-06-15,13.668472290039062
1999-06-16,14.231706619262695
1999-06-17,14.38847541809082
1999-06-18,14.516221046447754
1999-06-21,14.88202953338623
1999-06-22,14.568477630615234
1999-06-23,14.678796768188477
1999-06-24,14.376863479614258
1999-06-25,14.394279479980469
1999-06-28,14.632346153259277
1999-06-29,14.818161010742188
1999-06-30,15.044607162475586
1999-07-01,15.212997436523438
1999-07-02,15.410419464111328
1999-07-06,15.323321342468262
1999-07-07,15.503329277038574
1999-07-08,15.712356567382812
1999-07-09,15.880743026733398
1999-07-12,15.903970718383789
1999-07-13,15.834288597106934
1999-07-14,16.031713485717773
1999-07-15,16.147846221923828
1999-07-16,16.293012619018555
1999-07-19,16.095571517944336
1999-07-20,15.427841186523438
1999-07-21,15.561386108398438
1999-07-22,15.079444885253906
1999-07-23,15.120092391967773
1999-07-26,14.777506828308105
1999-07-27,15.143318176269531
1999-07-28,15.282681465148926
1999-07-29,15.027189254760742
1999-07-30,14.870413780212402
1999-08-02,14.841385841369629
1999-08-03,14.783324241638184
1999-08-04,14.603315353393555
1999-08-05,14.719446182250977
1999-08-06,14.725252151489258
1999-08-09,14.556863784790039
1999-08-10,14.312990188598633
1999-08-11,14.771706581115723
1999-08-12,14.585898399353027
1999-08-13,15.050402641296387
1999-08-16,15.096869468688965
1999-08-17,15.166549682617188
1999-08-18,14.992349624633789
1999-08-19,14.841385841369629
1999-08-20,14.887831687927246
1999-08-23,15.230419158935547
1999-08-24,15.468476295471191
1999-08-25,15.793644905090332
1999-08-26,15.602034568786621
1999-08-27,15.514933586120605
1999-08-30,15.259448051452637
1999-08-31,15.39299488067627
1999-09-01,15.47429084777832
1999-09-02,15.416223526000977
1999-09-03,15.979445457458496
1999-09-07,15.985255241394043
1999-09-08,15.874932289123535
1999-09-09,16.014291763305664
1999-09-10,16.18848991394043
1999-09-13,15.967845916748047
1999-09-14,16.14203453063965
1999-09-15,15.805256843566895
1999-09-16,15.735579490661621
1999-09-17,16.04913330078125
1999-09-20,16.11880111694336
1999-09-21,15.787834167480469
1999-09-22,15.81687068939209
1999-09-23,15.236223220825195
1999-09-24,15.271055221557617
1999-09-27,15.427841186523438
1999-09-28,15.497511863708496
1999-09-29,15.212997436523438
1999-09-30,15.329130172729492
1999-10-01,15.236223220825195
1999-10-04,15.607832908630371
1999-10-05,15.7007417678833
1999-10-06,15.892354965209961
1999-10-07,15.811067581176758
1999-10-08,15.799453735351562
1999-10-11,15.95623779296875
1999-10-12,15.671711921691895
1999-10-13,15.259448051452637
1999-10-14,15.172353744506836
1999-10-15,14.812352180480957
1999-10-18,14.678796768188477
1999-10-19,14.446542739868164
1999-10-20,15.027189254760742
1999-10-21,14.783324241638184
1999-10-22,14.818161010742188
1999-10-25,14.858799934387207
1999-10-26,14.864603996276855
1999-10-27,14.84719467163086
1999-10-28,15.230419158935547
1999-10-29,15.793644905090332
1999-11-01,15.770421028137207
1999-11-02,15.7007417678833
1999-11-03,15.933003425598145
1999-11-04,16.054941177368164
1999-11-05,16.2291316986084
1999-11-08,16.3917179107666
1999-11-09,16.21170997619629
1999-11-10,16.496227264404297
1999-11-11,16.722688674926758
1999-11-12,16.815589904785156
1999-11-15,16.7401065826416
1999-11-16,17.09430694580078
1999-11-17,16.931718826293945
1999-11-18,17.506563186645508
1999-11-19,17.669147491455078
1999-11-22,17.779464721679688
1999-11-23,17.62269401550293
1999-11-24,17.89558982849121
1999-11-26,18.034944534301758
1999-11-29,17.878173828125
1999-11-30,17.34396743774414
1999-12-01,17.512374877929688
1999-12-02,17.93042755126953
1999-12-03,18.44140625
1999-12-06,18.569150924682617
1999-12-07,18.6156005859375
1999-12-08,18.418176651000977
1999-12-09,18.371719360351562
1999-12-10,18.464630126953125
1999-12-13,18.586572647094727
1999-12-14,18.23237419128418
1999-12-15,18.603986740112305
1999-12-16,18.952369689941406
1999-12-17,19.161779403686523
1999-12-20,19.347599029541016
1999-12-21,19.71921730041504
1999-12-22,19.71921730041504
1999-12-23,19.823734283447266
1999-12-27,19.974706649780273
1999-12-28,19.788898468017578
1999-12-29,20.108261108398438
1999-12-30,20.09083366394043
1999-12-31,20.021163940429688
2000-01-03,20.601823806762695
2000-01-04,19.55663299560547
2000-01-05,19.266305923461914
2000-01-06,18.627580642700195
2000-01-07,18.952739715576172
2000-01-10,19.672767639160156
2000-01-11,19.115325927734375
2000-01-12,19.034038543701172
2000-01-13,19.208227157592773
2000-01-14,19.649538040161133
2000-01-18,19.754064559936523
2000-01-19,19.788898468017578
2000-01-20,19.9050235748291
2000-01-21,19.928264617919922
2000-01-24,19.27791404724121
2000-01-25,19.690183639526367
2000-01-26,19.045656204223633
2000-01-27,18.859844207763672
2000-01-28,18.186279296875
2000-01-31,18.790163040161133
2000-02-01,19.185016632080078
2000-02-02,19.32436752319336
2000-02-03,19.88180160522461
2000-02-04,20.11406135559082
2000-02-07,20.346330642700195
2000-02-08,20.532146453857422
2000-02-09,20.276641845703125
2000-02-10,20.758602142333984
2000-02-11,20.206974029541016
2000-02-14,20.218589782714844
2000-02-15,20.276641845703125
2000-02-16,20.172130584716797
2000-02-17,20.625049591064453
2000-02-18,19.928264617919922
2000-02-22,19.88180160522461
2000-02-23,20.48568344116211
2000-02-24,20.741180419921875
2000-02-25,20.543758392333984
2000-02-28,20.299880981445312
2000-02-29,20.764408111572266
2000-03-01,20.97344398498535
2000-03-02,21.182483673095703
2000-03-03,21.768949508666992
2000-03-06,21.73410415649414
2000-03-07,21.136028289794922
2000-03-08,21.507654190063477
2000-03-09,22.157989501953125
2000-03-10,22.204444885253906
2000-03-13,21.8792724609375
2000-03-14,21.379901885986328
2000-03-15,21.008285522460938
2000-03-16,21.739917755126953
2000-03-17,22.25089454650879
2000-03-20,22.157989501953125
2000-03-21,22.7386474609375
2000-03-22,23.133499145507812
2000-03-23,23.57480812072754
2000-03-24,23.77803611755371
2000-03-27,23.969650268554688
2000-03-28,23.388996124267578
2000-03-29,22.70380973815918
2000-03-30,22.08831024169922
2000-03-31,22.50638771057129
2000-04-03,21.554107666015625
2000-04-04,21.345064163208008
2000-04-05,21.484426498413086
2000-04-06,21.763139724731445
2000-04-07,22.50638771057129
2000-04-10,21.69346046447754
2000-04-11,21.159255981445312
2000-04-12,19.788898468017578
2000-04-13,19.41147232055664
2000-04-14,18.395313262939453
2000-04-17,19.394044876098633
2000-04-18,20.497295379638672
2000-04-19,19.823734283447266
2000-04-20,19.649538040161133
2000-04-24,19.045656204223633
2000-04-25,20.14891242980957
2000-04-26,19.76568031311035
2000-04-27,20.381175994873047
2000-04-28,20.439247131347656
2000-05-01,20.729564666748047
2000-05-02,20.346330642700195
2000-05-03,19.463729858398438
2000-05-04,19.32436752319336
2000-05-05,19.852773666381836
2000-05-08,19.150169372558594
2000-05-09,18.79596519470215
2000-05-10,17.884336471557617
2000-05-11,18.38951873779297
2000-05-12,18.627580642700195
2000-05-15,18.97597312927246
2000-05-16,19.545015335083008
2000-05-17,19.266305923461914
2000-05-18,18.778539657592773
2000-05-19,18.046918869018555
2000-05-22,17.965621948242188
2000-05-23,17.09463882446289
2000-05-24,17.768199920654297
2000-05-25,17.477869033813477
2000-05-26,17.53593635559082
2000-05-30,18.674030303955078
2000-05-31,18.31402587890625
2000-06-01,19.138559341430664
2000-06-02,20.00954246520996
2000-06-05,20.06761932373047
2000-06-06,19.788898468017578
2000-06-07,20.160520553588867
2000-06-08,20.06761932373047
2000-06-09,20.11406135559082
2000-06-12,19.695985794067383
2000-06-13,20.11406135559082
2000-06-14,19.742446899414062
2000-06-15,20.137285232543945
2000-06-16,20.206974029541016
2000-06-19,20.84569549560547
2000-06-20,20.90376853942871
2000-06-21,21.089576721191406
2000-06-22,20.439247131347656
2000-06-23,20.003746032714844
2000-06-26,20.137285232543945
2000-06-27,19.93987274169922
2000-06-28,20.137285232543945
2000-06-29,19.742446899414062
2000-06-30,20.137285232543945
2000-07-03,20.276641845703125
2000-07-05,19.62630844116211
2000-07-06,19.928264617919922
2000-07-07,20.253429412841797
2000-07-10,20.032777786254883
2000-07-11,19.87019157409668
2000-07-12,20.381175994873047
2000-07-13,20.776020050048828
2000-07-14,21.159255981445312
2000-07-17,21.33345603942871
2000-07-18,20.90376853942871
2000-07-19,20.439247131347656
2000-07-20,20.86892318725586
2000-07-21,20.416015625
2000-07-24,19.916645050048828
2000-07-25,20.253429412841797
2000-07-26,19.986312866210938
2000-07-27,19.405656814575195
2000-07-28,18.685636520385742
2000-07-31,19.068870544433594
2000-08-01,18.848224639892578
2000-08-02,18.766935348510742
2000-08-03,19.12694549560547
2000-08-04,19.12694549560547
2000-08-07,19.52178955078125
2000-08-08,19.55663299560547
2000-08-09,19.62630844116211
2000-08-10,19.208227157592773
2000-08-11,19.27791404724121
2000-08-14,19.672767639160156
2000-08-15,19.71921730041504
2000-08-16,19.742446899414062
2000-08-17,20.11406135559082
2000-08-18,20.137285232543945
2000-08-21,20.23020362854004
2000-08-22,20.23020362854004
2000-08-23,20.427627563476562
2000-08-24,20.61924171447754
2000-08-25,20.549558639526367
2000-08-28,20.71795654296875
2000-08-29,20.741180419921875
2000-08-30,20.601823806762695
2000-08-31,21.008285522460938
2000-09-01,21.01988983154297
2000-09-05,20.543758392333984
2000-09-06,20.021163940429688
2000-09-07,20.346330642700195
2000-09-08,19.695985794067383
2000-09-11,19.185016632080078
2000-09-12,18.906291961669922
2000-09-13,19.09210777282715
2000-09-14,19.196617126464844
2000-09-15,18.865652084350586
2000-09-18,18.441768646240234
2000-09-19,19.161779403686523
2000-09-20,19.231462478637695
2000-09-21,18.83661460876465
2000-09-22,18.30240249633789
2000-09-25,17.919174194335938
2000-09-26,17.5417423248291
2000-09-27,17.41980743408203
2000-09-28,18.02368927001953
2000-09-29,17.233991622924805
2000-10-02,17.106245040893555
2000-10-03,16.653329849243164
2000-10-04,17.100439071655273
2000-10-05,16.856555938720703
2000-10-06,16.508167266845703
2000-10-09,16.415252685546875
2000-10-10,15.93331527709961
2000-10-11,15.422337532043457
2000-10-12,14.888124465942383
2000-10-13,16.142351150512695
2000-10-16,15.886861801147461
2000-10-17,15.468779563903809
2000-10-18,15.224908828735352
2000-10-19,16.577842712402344
2000-10-20,16.82752799987793
2000-10-23,16.7230167388916
2000-10-24,16.39783477783203
2000-10-25,15.242327690124512
2000-10-26,15.608139038085938
2000-10-27,15.741692543029785
2000-10-30,15.526848793029785
2000-10-31,16.246871948242188
2000-11-01,15.93331527709961
2000-11-02,16.345579147338867
2000-11-03,16.4675235748291
2000-11-06,16.21202850341797
2000-11-07,16.328166961669922
2000-11-08,15.468779563903809
2000-11-09,15.242327690124512
2000-11-10,14.400370597839355
2000-11-13,14.353919982910156
2000-11-14,15.132002830505371
2000-11-15,15.236522674560547
2000-11-16,14.748772621154785
2000-11-17,14.864895820617676
2000-11-20,14.261009216308594
2000-11-21,14.3306884765625
2000-11-22,13.808094024658203
2000-11-24,14.353919982910156
2000-11-27,14.272622108459473
2000-11-28,13.697765350341797
2000-11-29,13.633899688720703
2000-11-30,12.913884162902832
2000-12-01,13.082274436950684
2000-12-04,13.006784439086914
2000-12-05,14.237786293029785
2000-12-06,13.842933654785156
2000-12-07,13.384217262268066
2000-12-08,14.005529403686523
2000-12-11,14.533923149108887
2000-12-12,14.237786293029785
2000-12-13,13.633899688720703
2000-12-14,13.4248628616333
2000-12-15,12.890649795532227
2000-12-18,12.635160446166992
2000-12-19,12.263541221618652
2000-12-20,11.346099853515625
2000-12-21,11.380938529968262
2000-12-22,12.164830207824707
2000-12-26,11.961601257324219
2000-12-27,12.07773208618164
2000-12-28,12.01966381072998
2000-12-29,11.63642406463623
2001-01-02,10.962854385375977
2001-01-03,12.728072166442871
2001-01-04,12.855812072753906
2001-01-05,12.07773208618164
2001-01-08,12.042893409729004
2001-01-09,12.30999755859375
2001-01-10,12.681617736816406
2001-01-11,13.2158203125
2001-01-12,13.018400192260742
2001-01-16,12.867430686950684
2001-01-17,13.262272834777832
2001-01-18,13.959067344665527
2001-01-19,14.150689125061035
2001-01-22,13.889392852783203
2001-01-23,14.121658325195312
2001-01-24,14.295845985412598
2001-01-25,13.796485900878906
2001-01-26,13.889392852783203
2001-01-29,14.181117057800293
2001-01-30,14.214560508728027
2001-01-31,13.861515045166016
2001-02-01,13.854085922241211
2001-02-02,13.244624137878418
2001-02-05,13.162867546081543
2001-02-06,13.240913391113281
2001-02-07,12.899017333984375
2001-02-08,12.709489822387695
2001-02-09,12.12232494354248
2001-02-12,12.22637939453125
2001-02-13,12.018268585205078
2001-02-14,12.300704002380371
2001-02-15,12.672320365905762
2001-02-16,11.888205528259277
2001-02-20,11.249013900756836
2001-02-21,10.962854385375977
2001-02-22,10.981447219848633
2001-02-23,10.89968490600586
2001-02-26,11.074349403381348
2001-02-27,10.650699615478516
2001-02-28,10.409146308898926
2001-03-01,10.702727317810059
2001-03-02,10.331106185913086
2001-03-05,10.5540771484375
2001-03-06,11.000025749206543
2001-03-07,11.01489543914795
2001-03-08,10.795634269714355
2001-03-09,10.089552879333496
2001-03-12,9.550700187683105
2001-03-13,10.026373863220215
2001-03-14,9.781102180480957
2001-03-15,9.665902137756348
2001-03-16,9.454076766967773
2001-03-19,9.747655868530273
2001-03-20,9.279411315917969
2001-03-21,9.324007987976074
2001-03-22,9.751376152038574
2001-03-23,9.959478378295898
2001-03-26,9.829414367675781
2001-03-27,10.145296096801758
2001-03-28,9.394615173339844
2001-03-29,9.271982192993164
2001-03-30,9.216236114501953
2001-04-02,8.993265151977539
2001-04-03,8.391236305236816
2001-04-04,8.231435775756836
2001-04-05,9.101032257080078
2001-04-06,8.677385330200195
2001-04-09,8.69968318939209
2001-04-10,9.283130645751953
2001-04-11,9.621301651000977
2001-04-12,9.862863540649414
2001-04-16,9.625020980834961
2001-04-17,9.725359916687012
2001-04-18,10.609823226928711
2001-04-19,11.278738975524902
2001-04-20,11.148673057556152
2001-04-23,10.531781196594238
2001-04-24,10.368267059326172
2001-04-25,10.550362586975098
2001-04-26,10.401712417602539
2001-04-27,10.542927742004395
2001-04-30,10.706441879272461
2001-05-01,10.962854385375977
2001-05-02,11.182120323181152
2001-05-03,10.825364112854004
2001-05-04,10.981447219848633
2001-05-07,10.970296859741211
2001-05-08,11.018607139587402
2001-05-09,10.866241455078125
2001-05-10,10.706441879272461
2001-05-11,10.591241836547852
2001-05-14,10.442594528198242
2001-05-15,10.424010276794434
2001-05-16,10.847661018371582
2001-05-17,10.910840034484863
2001-05-18,10.959149360656738
2001-05-21,11.445971488952637
2001-05-22,11.423674583435059
2001-05-23,11.14495849609375
2001-05-24,11.230427742004395
2001-05-25,11.018607139587402
2001-05-29,10.606108665466309
2001-05-30,10.175021171569824
2001-05-31,10.267928123474121
2001-06-01,10.442594528198242
2001-06-04,10.420294761657715
2001-06-05,10.832795143127441
2001-06-06,10.728741645812988
2001-06-07,11.033470153808594
2001-06-08,10.788200378417969
2001-06-11,10.609823226928711
2001-06-12,10.528066635131836
2001-06-13,10.290225982666016
2001-06-14,9.922319412231445
2001-06-15,9.829414367675781
2001-06-18,9.58414363861084
2001-06-19,9.621301651000977
2001-06-20,9.72164249420166
2001-06-21,9.90373706817627
2001-06-22,9.810832977294922
2001-06-25,9.952048301696777
2001-06-26,10.007792472839355
2001-06-27,10.030086517333984
2001-06-28,10.227049827575684
2001-06-29,10.468607902526855
2001-07-02,10.461172103881836
2001-07-03,10.424010276794434
2001-07-05,10.089552879333496
2001-07-06,9.625020980834961
2001-07-09,9.747655868530273
2001-07-10,9.450355529785156
2001-07-11,9.498668670654297
2001-07-12,10.13043212890625
2001-07-13,10.160161972045898
2001-07-16,9.91489028930664
2001-07-17,10.033809661865234
2001-07-18,9.651036262512207
2001-07-19,9.829414367675781
2001-07-20,9.773672103881836
2001-07-23,9.535832405090332
2001-07-24,9.4094820022583
2001-07-25,9.610153198242188
2001-07-26,9.792253494262695
2001-07-27,9.777385711669922
2001-07-30,9.747655868530273
2001-07-31,9.74394416809082
2001-08-01,10.004079818725586
2001-08-02,10.141576766967773
2001-08-03,9.996642112731934
2001-08-06,9.874007225036621
2001-08-07,9.818267822265625
2001-08-08,9.502386093139648
2001-08-09,9.506104469299316
2001-08-10,9.491243362426758
2001-08-13,9.528401374816895
2001-08-14,9.405763626098633
2001-08-15,9.193941116333008
2001-08-16,9.242250442504883
2001-08-17,8.967251777648926
2001-08-20,9.026714324951172
2001-08-21,8.762856483459473
2001-08-22,8.852046966552734
2001-08-23,8.844614028930664
2001-08-24,9.2756986618042
2001-08-27,9.253398895263672
2001-08-28,8.996980667114258
2001-08-29,8.826032638549805
2001-08-30,8.484140396118164
2001-08-31,8.554753303527832
2001-09-04,8.368936538696289
2001-09-05,8.298332214355469
2001-09-06,7.904411792755127
2001-09-07,7.8115057945251465
2001-09-10,7.978735446929932
2001-09-17,7.469612121582031
2001-09-18,7.402720928192139
2001-09-19,7.335826396942139
2001-09-20,7.0162353515625
2001-09-21,6.815553665161133
2001-09-24,7.198326587677002
2001-09-25,7.265219211578369
2001-09-26,7.0199480056762695
2001-09-27,6.964205741882324
2001-09-28,7.153732776641846
2001-10-01,7.060829162597656
2001-10-02,7.0533905029296875
2001-10-03,7.525348663330078
2001-10-04,7.685152053833008
2001-10-05,7.681433200836182
2001-10-08,7.733463287353516
2001-10-09,7.555088043212891
2001-10-10,7.789207458496094
2001-10-11,8.164546012878418
2001-10-12,8.145962715148926
2001-10-15,8.090221405029297
2001-10-16,8.175698280334473
2001-10-17,7.804069519042969
2001-10-18,7.785489559173584
2001-10-19,7.889544486999512
2001-10-22,8.075352668762207
2001-10-23,8.082785606384277
2001-10-24,8.183125495910645
2001-10-25,8.380083084106445
2001-10-26,8.391236305236816
2001-10-29,7.989879608154297
2001-10-30,7.826371192932129
2001-10-31,7.934140682220459
2001-11-01,8.209142684936523
2001-11-02,8.22028923034668
2001-11-05,8.472990036010742
2001-11-06,8.770291328430176
2001-11-07,8.733124732971191
2001-11-08,8.777721405029297
2001-11-09,8.744277000427246
2001-11-12,8.811173439025879
2001-11-13,9.123332023620605
2001-11-14,9.17164134979248
2001-11-15,9.115903854370117
2001-11-16,9.086169242858887
2001-11-19,9.2756986618042
2001-11-20,9.0155611038208
2001-11-21,8.926368713378906
2001-11-23,9.063873291015625
2001-11-26,9.219953536987305
2001-11-27,9.190220832824707
2001-11-28,8.900358200073242
2001-11-29,9.138198852539062
2001-11-30,9.119616508483887
2001-12-03,8.989547729492188
2001-12-04,9.271982192993164
2001-12-05,9.71792984008789
2001-12-06,9.69191837310791
2001-12-07,9.513534545898438
2001-12-10,9.305427551269531
2001-12-11,9.372316360473633
2001-12-12,9.4094820022583
2001-12-13,9.075020790100098
2001-12-14,9.1121826171875
2001-12-17,9.286846160888672
2001-12-18,9.324007987976074
2001-12-19,9.190220832824707
2001-12-20,8.87434196472168
2001-12-21,8.993265151977539
2001-12-24,8.959818840026855
2001-12-26,9.030427932739258
2001-12-27,9.108465194702148
2001-12-28,9.12704849243164
2001-12-31,8.918937683105469
2002-01-02,9.141911506652832
2002-01-03,9.543267250061035
2002-01-04,9.602726936340332
2002-01-07,9.498668670654297
2002-01-08,9.569279670715332
2002-01-09,9.494956016540527
2002-01-10,9.416915893554688
2002-01-11,9.327723503112793
2002-01-14,9.182791709899902
2002-01-15,9.242250442504883
2002-01-16,9.0155611038208
2002-01-17,9.238534927368164
2002-01-18,8.93009090423584
2002-01-22,8.610493659973145
2002-01-23,8.74056339263916
2002-01-24,8.87062931060791
2002-01-25,8.837183952331543
2002-01-28,8.900358200073242
2002-01-29,8.584479331970215
2002-01-30,8.695961952209473
2002-01-31,8.82231616973877
2002-02-01,8.658806800842285
2002-02-04,8.413532257080078
2002-02-05,8.283466339111328
2002-02-06,8.235153198242188
2002-02-07,8.112518310546875
2002-02-08,8.268600463867188
2002-02-11,8.454410552978516
2002-02-12,8.316912651062012
2002-02-13,8.450695991516113
2002-02-14,8.3615083694458
2002-02-15,8.119952201843262
2002-02-19,7.833800792694092
2002-02-20,7.930420875549316
2002-02-21,7.562517166137695
2002-02-22,7.610827445983887
2002-02-25,7.867244243621826
2002-02-26,7.8189377784729
2002-02-27,7.763197422027588
2002-02-28,7.6740031242370605
2002-03-01,8.060491561889648
2002-03-04,8.354074478149414
2002-03-05,8.380083084106445
2002-03-06,8.461844444274902
2002-03-07,8.432110786437988
2002-03-08,8.655086517333984
2002-03-11,8.68110179901123
2002-03-12,8.49528694152832
2002-03-13,8.272316932678223
2002-03-14,8.175698280334473
2002-03-15,8.235153198242188
2002-03-18,8.261167526245117
2002-03-19,8.2946138381958
2002-03-20,8.041909217834473
2002-03-21,8.201706886291504
2002-03-22,8.082785606384277
2002-03-25,7.900694370269775
2002-03-26,7.960157871246338
2002-03-27,7.9564361572265625
2002-03-28,8.053057670593262
2002-04-01,8.142247200012207
2002-04-02,7.904411792755127
2002-04-03,7.781778812408447
2002-04-04,7.815218925476074
2002-04-05,7.69258451461792
2002-04-08,7.655419826507568
2002-04-09,7.462180137634277
2002-04-10,7.484480857849121
2002-04-11,7.235487461090088
2002-04-12,7.358121395111084
2002-04-15,7.376708507537842
2002-04-16,7.7111687660217285
2002-04-17,7.740895748138428
2002-04-18,7.6591410636901855
2002-04-19,7.636837482452393
2002-04-22,7.447314739227295
2002-04-23,7.294949054718018
2002-04-24,7.183461666107178
2002-04-25,7.231771945953369
2002-04-26,6.9865031242370605
2002-04-29,6.941911697387695
2002-04-30,7.079410076141357
2002-05-01,7.0199480056762695
2002-05-02,6.841569900512695
2002-05-03,6.678055286407471
2002-05-06,6.488529205322266
2002-05-07,6.488529205322266
2002-05-08,7.161165237426758
2002-05-09,6.9270429611206055
2002-05-10,6.689206123352051
2002-05-13,6.953055381774902
2002-05-14,7.287517547607422
2002-05-15,7.265219211578369
2002-05-16,7.372992038726807
2002-05-17,7.410151481628418
2002-05-20,7.2169084548950195
2002-05-21,7.038532257080078
2002-05-22,7.1240034103393555
2002-05-23,7.17974853515625
2002-05-24,7.023667335510254
2002-05-28,6.960489273071289
2002-05-29,6.83042049407959
2002-05-30,6.863867282867432
2002-05-31,6.785830020904541
2002-06-03,6.58514928817749
2002-06-04,6.678055286407471
2002-06-05,6.759811878204346
2002-06-06,6.596302032470703
2002-06-07,6.451364517211914
2002-06-10,6.391907215118408
2002-06-11,6.25068998336792
2002-06-12,6.377041816711426
2002-06-13,6.269272804260254
2002-06-14,6.258124828338623
2002-06-17,6.469947814941406
2002-06-18,6.399339199066162
2002-06-19,6.146635055541992
2002-06-20,6.005419731140137
2002-06-21,5.834473609924316
2002-06-24,5.934809684753418
2002-06-25,5.730420112609863
2002-06-26,5.734136581420898
2002-06-27,5.886500358581543
2002-06-28,5.879066467285156
2002-07-01,5.630081653594971
2002-07-02,5.46284818649292
2002-07-03,5.663525581359863
2002-07-05,5.968256950378418
2002-07-08,5.789877891540527
2002-07-09,5.704404354095459
2002-07-10,5.552038192749023
2002-07-11,5.756433963775635
2002-07-12,5.730420112609863
2002-07-15,5.841907024383545
2002-07-16,5.775012493133545
2002-07-17,5.815891265869141
2002-07-18,5.693256855010986
2002-07-19,5.514876842498779
2002-07-22,5.225013256072998
2002-07-23,4.964876651763916
2002-07-24,5.221297264099121
2002-07-25,4.9091339111328125
2002-07-26,4.976024150848389
2002-07-29,5.2696075439453125
2002-07-30,5.351363658905029
2002-07-31,5.321631908416748
2002-08-01,5.087510585784912
2002-08-02,4.979739189147949
2002-08-05,4.764200687408447
2002-08-06,4.964876651763916
2002-08-07,5.05406379699707
2002-08-08,5.239875793457031
2002-08-09,5.221297264099121
2002-08-12,5.172984600067139
2002-08-13,5.05406379699707
2002-08-14,5.369945049285889
2002-08-15,5.444270133972168
2002-08-16,5.574336528778076
2002-08-19,5.7787299156188965
2002-08-20,5.615213871002197
2002-08-21,5.789877891540527
2002-08-22,5.8567681312561035
2002-08-23,5.644946575164795
2002-08-26,5.682106971740723
2002-08-27,5.492578506469727
2002-08-28,5.340214252471924
2002-08-29,5.4145402908325195
2002-08-30,5.27703857421875
2002-09-03,5.016904830932617
2002-09-04,5.172984600067139
2002-09-05,4.998321056365967
2002-09-06,5.165553092956543
2002-09-09,5.221297264099121
2002-09-10,5.310484886169434
2002-09-11,5.340214252471924
2002-09-12,5.143257141113281
2002-09-13,5.165553092956543
2002-09-16,5.080080986022949
2002-09-17,5.016904830932617
2002-09-18,4.964876651763916
2002-09-19,4.741901874542236
2002-09-20,4.767916202545166
2002-09-23,4.619267463684082
2002-09-24,4.5449419021606445
2002-09-25,4.7196044921875
2002-09-26,4.6638617515563965
2002-09-27,4.548659324645996
2002-09-30,4.396294593811035
2002-10-01,4.634131908416748
2002-10-02,4.530078887939453
2002-10-03,4.518930912017822
2002-10-04,4.422307014465332
2002-10-07,4.344265937805176
2002-10-08,4.344265937805176
2002-10-09,4.303388595581055
2002-10-10,4.530078887939453
2002-10-11,4.816226959228516
2002-10-14,4.823659420013428
2002-10-15,5.128388404846191
2002-10-16,4.849674224853516
2002-10-17,5.05406379699707
2002-10-18,5.1209564208984375
2002-10-21,5.225013256072998
2002-10-22,5.2027153968811035
2002-10-23,5.343931674957275
2002-10-24,5.258456230163574
2002-10-25,5.399674415588379
2002-10-28,5.388526916503906
2002-10-29,5.299337387084961
2002-10-30,5.481427192687988
2002-10-31,5.4851484298706055
2002-11-01,5.648663520812988
2002-11-04,5.867918968200684
2002-11-05,5.830758094787598
2002-11-06,5.923660755157471
2002-11-07,5.689540386199951
2002-11-08,5.648663520812988
2002-11-11,5.4517035484313965
2002-11-12,5.604067325592041
2002-11-13,5.630081653594971
2002-11-14,5.8567681312561035
2002-11-15,5.867918968200684
2002-11-18,5.801026821136475
2002-11-19,5.708120346069336
2002-11-20,5.945958137512207
2002-11-21,6.254404544830322
2002-11-22,6.232109069824219
2002-11-25,6.325015068054199
2002-11-26,6.142917156219482
2002-11-27,6.391907215118408
2002-11-29,6.354744911193848
2002-12-02,6.373325824737549
2002-12-03,6.1503520011901855
2002-12-04,6.05744743347168
2002-12-05,5.923660755157471
2002-12-06,5.979404449462891
2002-12-09,5.696970462799072
2002-12-10,5.789877891540527
2002-12-11,5.834473609924316
2002-12-12,5.808460235595703
2002-12-13,5.6783905029296875
2002-12-16,5.871635437011719
2002-12-17,5.841907024383545
2002-12-18,5.682106971740723
2002-12-19,5.659808158874512
2002-12-20,5.7198028564453125
2002-12-23,5.7906012535095215
2002-12-24,5.730982303619385
2002-12-26,5.701173782348633
2002-12-27,5.600564956665039
2002-12-30,5.5446696281433105
2002-12-31,5.514857292175293
2003-01-02,5.812958717346191
2003-01-03,5.8353166580200195
2003-01-06,6.092428684234619
2003-01-07,6.155776023864746
2003-01-08,5.954556465148926
2003-01-09,6.1296916007995605
2003-01-10,6.1632256507873535
2003-01-13,6.1296916007995605
2003-01-14,6.215394496917725
2003-01-15,6.092428684234619
2003-01-16,5.962008953094482
2003-01-17,5.671359539031982
2003-01-21,5.634098052978516
2003-01-22,5.596836090087891
2003-01-23,5.693717956542969
2003-01-24,5.470144748687744
2003-01-27,5.410523891448975
2003-01-28,5.485049247741699
2003-01-29,5.5633015632629395
2003-01-30,5.391892910003662
2003-01-31,5.384438991546631
2003-02-03,5.432879447937012
2003-02-04,5.339725971221924
2003-02-05,5.321094036102295
2003-02-06,5.291284084320068
2003-02-07,5.231663227081299
2003-02-10,5.287558555603027
2003-02-11,5.2689290046691895
2003-02-12,5.198126792907715
2003-02-13,5.213033199310303
2003-02-14,5.376987934112549
2003-02-18,5.552121639251709
2003-02-19,5.514857292175293
2003-02-20,5.429153919219971
2003-02-21,5.496223449707031
2003-02-24,5.403071403503418
2003-02-25,5.417974948883057
2003-02-26,5.276378154754639
2003-02-27,5.328547477722168
2003-02-28,5.410523891448975
2003-03-03,5.3173699378967285
2003-03-04,5.25774621963501
2003-03-05,5.309914588928223
2003-03-06,5.242842674255371
2003-03-07,5.21675968170166
2003-03-10,5.1086955070495605
2003-03-11,5.08261251449585
2003-03-12,5.149684906005859
2003-03-13,5.425428867340088
2003-03-14,5.444060325622559
2003-03-17,5.693717956542969
2003-03-18,5.7198028564453125
2003-03-19,5.708624362945557
2003-03-20,5.701173782348633
2003-03-21,5.786874771118164
2003-03-24,5.552121639251709
2003-03-25,5.63037109375
2003-03-26,5.611739158630371
2003-03-27,5.548394203186035
2003-03-28,5.477595329284668
2003-03-31,5.328547477722168
2003-04-01,5.391892910003662
2003-04-02,5.622920513153076
2003-04-03,5.608016014099121
2003-04-04,5.5446696281433105
2003-04-07,5.559572696685791
2003-04-08,5.503682613372803
2003-04-09,5.384438991546631
2003-04-10,5.417974948883057
2003-04-11,5.369534492492676
2003-04-14,5.499953746795654
2003-04-15,5.511133670806885
2003-04-16,5.552121639251709
2003-04-17,5.667635440826416
2003-04-21,5.645277500152588
2003-04-22,5.76824426651001
2003-04-23,5.865127086639404
2003-04-24,5.812958717346191
2003-04-25,5.704898357391357
2003-04-28,5.824138164520264
2003-04-29,5.883759498596191
2003-04-30,5.816685676574707
2003-05-01,5.872580051422119
2003-05-02,5.995546340942383
2003-05-05,5.98063850402832
2003-05-06,6.088703155517578
2003-05-07,6.014177322387695
2003-05-08,5.917294025421143
2003-05-09,6.081248760223389
2003-05-12,6.174407005310059
2003-05-13,6.1632256507873535
2003-05-14,6.140871047973633
2003-05-15,6.204215049743652
2003-05-16,6.148321151733398
2003-05-19,5.924748420715332
2003-05-20,5.935925483703613
2003-05-21,5.943379878997803
2003-05-22,6.006723403930664
2003-05-23,6.014177322387695
2003-05-27,6.17067813873291
2003-05-28,6.211669921875
2003-05-29,6.2265729904174805
2003-05-30,6.316006183624268
2003-06-02,6.282466888427734
2003-06-03,6.3383612632751465
2003-06-04,6.472506999969482
2003-06-05,6.472506999969482
2003-06-06,6.40916109085083
2003-06-09,6.316006183624268
2003-06-10,6.405434608459473
2003-06-11,6.446423530578613
2003-06-12,6.476232051849365
2003-06-13,6.3346357345581055
2003-06-16,6.491138458251953
2003-06-17,6.520946025848389
2003-06-18,6.584291934967041
2003-06-19,6.5358567237854
2003-06-20,6.5284013748168945
2003-06-23,6.397981643676758
2003-06-24,6.371897220611572
2003-06-25,6.308550834655762
2003-06-26,6.427789211273193
2003-06-27,6.379349708557129
2003-06-30,6.360720634460449
2003-07-01,6.450148582458496
2003-07-02,6.584291934967041
2003-07-03,6.506044387817383
2003-07-07,6.729621410369873
2003-07-08,6.781786918640137
2003-07-09,6.774334907531738
2003-07-10,6.617830753326416
2003-07-11,6.710986137390137
2003-07-14,6.740797996520996
2003-07-15,6.7519755363464355
2003-07-16,6.729621410369873
2003-07-17,6.5246734619140625
2003-07-18,6.539577007293701
2003-07-21,6.394255638122559
2003-07-22,6.532125949859619
2003-07-23,6.569388389587402
2003-07-24,6.476232051849365
2003-07-25,6.614107131958008
2003-07-28,6.6252851486206055
2003-07-29,6.561938762664795
2003-07-30,6.513490676879883
2003-07-31,6.558211803436279
2003-08-01,6.5246734619140625
2003-08-04,6.580569267272949
2003-08-05,6.41661262512207
2003-08-06,6.356992244720459
2003-08-07,6.3383612632751465
2003-08-08,6.3309102058410645
2003-08-11,6.360720634460449
2003-08-12,6.457601547241211
2003-08-13,6.446423530578613
2003-08-14,6.502317428588867
2003-08-15,6.472506999969482
2003-08-18,6.662543773651123
2003-08-19,6.7519755363464355
2003-08-20,6.714714527130127
2003-08-21,6.778058052062988
2003-08-22,6.766881465911865
2003-08-25,6.725893020629883
2003-08-26,6.763153553009033
2003-08-27,6.807870388031006
2003-08-28,6.848858833312988
2003-08-29,6.871216773986816
2003-09-02,7.020264148712158
2003-09-03,7.094791412353516
2003-09-04,7.16185998916626
2003-09-05,7.124602794647217
2003-09-08,7.2550201416015625
2003-09-09,7.17677116394043
2003-09-10,6.964371681213379
2003-09-11,7.046352386474609
2003-09-12,7.053804397583008
2003-09-15,7.012815475463867
2003-09-16,7.191675662994385
2003-09-17,7.18049430847168
2003-09-18,7.2811055183410645
2003-09-19,7.288557529449463
2003-09-22,7.150685787200928
2003-09-23,7.191675662994385
2003-09-24,6.945740222930908
2003-09-25,6.8935747146606445
2003-09-26,6.856311798095703
2003-09-29,6.968101501464844
2003-09-30,6.811598777770996
2003-10-01,6.9606499671936035
2003-10-02,6.945740222930908
2003-10-03,7.158138751983643
2003-10-06,7.195399761199951
2003-10-07,7.24384069442749
2003-10-08,7.191675662994385
2003-10-09,7.2214860916137695
2003-10-10,7.2811055183410645
2003-10-13,7.303463459014893
2003-10-14,7.284828186035156
2003-10-15,7.329542636871338
2003-10-16,7.355628490447998
2003-10-17,7.236386299133301
2003-10-20,7.322089672088623
2003-10-21,7.3630828857421875
2003-10-22,7.2550201416015625
2003-10-23,7.199126720428467
2003-10-24,7.091061592102051
2003-10-27,7.128325939178467
2003-10-28,7.299738883972168
2003-10-29,7.310912132263184
2003-10-30,7.303463459014893
2003-10-31,7.310912132263184
2003-11-03,7.482322692871094
2003-11-04,7.418976306915283
2003-11-05,7.441336154937744
2003-11-06,7.500952243804932
2003-11-07,7.4711480140686035
2003-11-10,7.374258995056152
2003-11-11,7.355628490447998
2003-11-12,7.512132167816162
2003-11-13,7.448786735534668
2003-11-14,7.34817361831665
2003-11-17,7.247568607330322
2003-11-18,7.158138751983643
2003-11-19,7.236386299133301
2003-11-20,7.124602794647217
2003-11-21,7.184225082397461
2003-11-24,7.366809368133545
2003-11-25,7.3593549728393555
2003-11-26,7.389165878295898
2003-11-28,7.415247917175293
2003-12-01,7.489775657653809
2003-12-02,7.456238269805908
2003-12-03,7.43015193939209
2003-12-04,7.523313999176025
2003-12-05,7.389165878295898
2003-12-08,7.40779972076416
2003-12-09,7.247568607330322
2003-12-10,7.288557529449463
2003-12-11,7.42642879486084
2003-12-12,7.433881759643555
2003-12-15,7.340725898742676
2003-12-16,7.377985954284668
2003-12-17,7.366809368133545
2003-12-18,7.489775657653809
2003-12-19,7.463881492614746
2003-12-22,7.4751386642456055
2003-12-23,7.53518009185791
2003-12-24,7.52017068862915
2003-12-26,7.53518009185791
2003-12-29,7.670276165008545
2003-12-30,7.659016132354736
2003-12-31,7.647759437561035
2004-01-02,7.68528413772583
2004-01-05,7.872909069061279
2004-01-06,7.9442057609558105
2004-01-07,7.98173713684082
2004-01-08,8.1393461227417
2004-01-09,8.030523300170898
2004-01-12,8.154352188110352
2004-01-13,8.038029670715332
2004-01-14,8.135594367980957
2004-01-15,8.169367790222168
2004-01-16,8.274435997009277
2004-01-20,8.293201446533203
2004-01-21,8.229411125183105
2004-01-22,8.150601387023926
2004-01-23,8.124336242675781
2004-01-26,8.274435997009277
2004-01-27,8.14685344696045
2004-01-28,8.011758804321289
2004-01-29,7.9704790115356445
2004-01-30,7.974231243133545
2004-02-02,7.974231243133545
2004-02-03,7.9854888916015625
2004-02-04,7.790356159210205
2004-02-05,7.801614284515381
2004-02-06,7.966727256774902
2004-02-09,7.906687259674072
2004-02-10,7.9704790115356445
2004-02-11,8.034272193908691
2004-02-12,7.959221839904785
2004-02-13,7.9104390144348145
2004-02-17,8.02677059173584
2004-02-18,7.989243030548096
2004-02-19,7.869161128997803
2004-02-20,7.831631183624268
2004-02-23,7.726566314697266
2004-02-24,7.734067916870117
2004-02-25,7.794110298156738
2004-02-26,7.812870979309082
2004-02-27,7.771594524383545
2004-03-01,7.8654069900512695
2004-03-02,7.835387229919434
2004-03-03,7.797861099243164
2004-03-04,7.8654069900512695
2004-03-05,7.805366516113281
2004-03-08,7.636499881744385
2004-03-09,7.636499881744385
2004-03-10,7.501407623291016
2004-03-11,7.418852806091309
2004-03-12,7.5652008056640625
2004-03-15,7.422605514526367
2004-03-16,7.467633247375488
2004-03-17,7.561445236206055
2004-03-18,7.512665271759033
2004-03-19,7.411345481872559
2004-03-22,7.291263103485107
2004-03-23,7.28000545501709
2004-03-24,7.317531108856201
2004-03-25,7.5501909255981445
2004-03-26,7.505161285400391
2004-03-29,7.602728366851807
2004-03-30,7.613986968994141
2004-03-31,7.5652008056640625
2004-04-01,7.64400577545166
2004-04-02,7.835387229919434
2004-04-05,7.90293550491333
2004-04-06,7.82037878036499
2004-04-07,7.771594524383545
2004-04-08,7.78660774230957
2004-04-12,7.805366516113281
2004-04-13,7.707798004150391
2004-04-14,7.700296878814697
2004-04-15,7.610233783721924
2004-04-16,7.538933753967285
2004-04-19,7.625243186950684
2004-04-20,7.460132122039795
2004-04-21,7.572708606719971
2004-04-22,7.6890363693237305
2004-04-23,7.790356159210205
2004-04-26,7.696544647216797
2004-04-27,7.6740288734436035
2004-04-28,7.542686939239502
2004-04-29,7.4301066398620605
2004-04-30,7.276253700256348
2004-05-03,7.317531108856201
2004-05-04,7.388830661773682
2004-05-05,7.42635440826416
2004-05-06,7.392585277557373
2004-05-07,7.355058193206787
2004-05-10,7.325038909912109
2004-05-11,7.422605514526367
2004-05-12,7.400085926055908
2004-05-13,7.400085926055908
2004-05-14,7.298768997192383
2004-05-17,7.219963073730469
2004-05-18,7.291263103485107
2004-05-19,7.325038909912109
2004-05-20,7.321284770965576
2004-05-21,7.343796253204346
2004-05-24,7.355058193206787
2004-05-25,7.493904113769531
2004-05-26,7.478892803192139
2004-05-27,7.523927211761475
2004-05-28,7.561445236206055
2004-06-01,7.508912086486816
2004-06-02,7.508912086486816
2004-06-03,7.411345481872559
2004-06-04,7.482643127441406
2004-06-07,7.655266761779785
2004-06-08,7.696544647216797
2004-06-09,7.610233783721924
2004-06-10,7.6515116691589355
2004-06-14,7.5464396476745605
2004-06-15,7.659016132354736
2004-06-16,7.625243186950684
2004-06-17,7.538933753967285
2004-06-18,7.553942680358887
2004-06-21,7.52017068862915
2004-06-22,7.598969459533691
2004-06-23,7.704041957855225
2004-06-24,7.666521072387695
2004-06-25,7.696544647216797
2004-06-28,7.636499881744385
2004-06-29,7.715304851531982
2004-06-30,7.767841339111328
2004-07-01,7.625243186950684
2004-07-02,7.542686939239502
2004-07-06,7.381322860717773
2004-07-07,7.4301066398620605
2004-07-08,7.306271553039551
2004-07-09,7.366314888000488
2004-07-12,7.355058193206787
2004-07-13,7.321284770965576
2004-07-14,7.204954624176025
2004-07-15,7.167427062988281
2004-07-16,7.092379093170166
2004-07-19,7.114893913269043
2004-07-20,7.231220722198486
2004-07-21,7.122394561767578
2004-07-22,7.197446823120117
2004-07-23,7.07361364364624
2004-07-26,7.114893913269043
2004-07-27,7.182437896728516
2004-07-28,7.178684711456299
2004-07-29,7.28000545501709
2004-07-30,7.295013904571533
2004-08-02,7.313779830932617
2004-08-03,7.193695545196533
2004-08-04,7.204954624176025
2004-08-05,7.09613037109375
2004-08-06,6.882228374481201
2004-08-09,6.927264213562012
2004-08-10,7.0473432540893555
2004-08-11,6.870971202850342
2004-08-12,6.735881328582764
2004-08-13,6.773408889770508
2004-08-16,6.833447456359863
2004-08-17,6.878480434417725
2004-08-18,6.991057395935059
2004-08-19,6.968539237976074
2004-08-20,7.002313137054443
2004-08-23,7.036087512969971
2004-08-24,6.998560905456543
2004-08-25,7.077366352081299
2004-08-26,7.0398383140563965
2004-08-27,7.069859027862549
2004-08-30,6.998560905456543
2004-08-31,6.972293376922607
2004-09-01,7.024827003479004
2004-09-02,7.107388019561768
2004-09-03,6.95353364944458
2004-09-07,6.9835524559021
2004-09-08,6.991057395935059
2004-09-09,7.09613037109375
2004-09-10,7.216211318969727
2004-09-13,7.2499847412109375
2004-09-14,7.28000545501709
2004-09-15,7.163676738739014
2004-09-16,7.178684711456299
2004-09-17,7.227471828460693
2004-09-20,7.25373649597168
2004-09-21,7.28000545501709
2004-09-22,7.15992546081543
2004-09-23,7.178684711456299
2004-09-24,7.118642807006836
2004-09-27,7.0548505783081055
2004-09-28,7.07361364364624
2004-09-29,7.1486663818359375
2004-09-30,7.174935817718506
2004-10-01,7.355058193206787
2004-10-04,7.415098190307617
2004-10-05,7.467633247375488
2004-10-06,7.516419887542725
2004-10-07,7.437613487243652
2004-10-08,7.33254337310791
2004-10-11,7.355058193206787
2004-10-12,7.336291790008545
2004-10-13,7.310027122497559
2004-10-14,7.25373649597168
2004-10-15,7.298768997192383
2004-10-18,7.37381649017334
2004-10-19,7.37381649017334
2004-10-20,7.385080337524414
2004-10-21,7.4488725662231445
2004-10-22,7.287508010864258
2004-10-25,7.276253700256348
2004-10-26,7.291263103485107
2004-10-27,7.467633247375488
2004-10-28,7.486398220062256
2004-10-29,7.490149021148682
2004-11-01,7.5501909255981445
2004-11-02,7.561445236206055
2004-11-03,7.602728366851807
2004-11-04,7.6890363693237305
2004-11-05,7.756581783294678
2004-11-08,7.767841339111328
2004-11-09,7.764087200164795
2004-11-10,7.696544647216797
2004-11-11,7.794110298156738
2004-11-12,7.90293550491333
2004-11-15,7.947968482971191
2004-11-16,7.887922286987305
2004-11-17,7.977985858917236
2004-11-18,8.008004188537598
2004-11-19,7.884171485900879
2004-11-22,7.895429611206055
2004-11-23,7.861653804779053
2004-11-24,7.925450801849365
2004-11-26,7.914191246032715
2004-11-29,7.917945861816406
2004-11-30,7.872909069061279
2004-12-01,8.034272193908691
2004-12-02,8.05678939819336
2004-12-03,8.113078117370605
2004-12-06,8.14685344696045
2004-12-07,8.038029670715332
2004-12-08,8.030523300170898
2004-12-09,8.02677059173584
2004-12-10,7.9854888916015625
2004-12-13,8.079306602478027
2004-12-14,8.09431266784668
2004-12-15,8.09431266784668
2004-12-16,8.060540199279785
2004-12-17,8.021503448486328
2004-12-20,7.975578308105469
2004-12-21,8.063605308532715
2004-12-22,8.078912734985352
2004-12-23,8.09804630279541
2004-12-27,8.048296928405762
2004-12-28,8.090388298034668
2004-12-29,8.090388298034668
2004-12-30,8.094219207763672
2004-12-31,8.078912734985352
2005-01-03,8.010024070739746
2005-01-04,7.8607683181762695
2005-01-05,7.833981513977051
2005-01-06,7.81101655960083
2005-01-07,7.826328754425049
2005-01-10,7.826328754425049
2005-01-11,7.749780654907227
2005-01-12,7.791879653930664
2005-01-13,7.715341567993164
2005-01-14,7.738304138183594
2005-01-18,7.822501182556152
2005-01-19,7.657934665679932
2005-01-20,7.604356288909912
2005-01-21,7.550779819488525
2005-01-24,7.489543914794922
2005-01-25,7.501028537750244
2005-01-26,7.5775675773620605
2005-01-27,7.569914817810059
2005-01-28,7.569914817810059
2005-01-31,7.623492240905762
2005-02-01,7.669415473937988
2005-02-02,7.6732497215271
2005-02-03,7.623492240905762
2005-02-04,7.7536139488220215
2005-02-07,7.730651378631592
2005-02-08,7.7689208984375
2005-02-09,7.634974002838135
2005-02-10,7.65028190612793
2005-02-11,7.722997665405273
2005-02-14,7.738304138183594
2005-02-15,7.776573657989502
2005-02-16,7.749780654907227
2005-02-17,7.623492240905762
2005-02-18,7.608184814453125
2005-02-22,7.56608772277832
2005-02-23,7.543125629425049
2005-02-24,7.608184814453125
2005-02-25,7.657934665679932
2005-02-28,7.634974002838135
2005-03-01,7.72682523727417
2005-03-02,7.707691192626953
2005-03-03,7.65028190612793
2005-03-04,7.700035572052002
2005-03-07,7.7574381828308105
2005-03-08,7.692380428314209
2005-03-09,7.677069664001465
2005-03-10,7.711512088775635
2005-03-11,7.612011432647705
2005-03-14,7.642629623413086
2005-03-15,7.56608772277832
2005-03-16,7.489543914794922
2005-03-17,7.485717296600342
2005-03-18,7.443619728088379
2005-03-21,7.443619728088379
2005-03-22,7.378563404083252
2005-03-23,7.409177780151367
2005-03-24,7.413002014160156
2005-03-28,7.420657634735107
2005-03-29,7.36325216293335
2005-03-30,7.474239826202393
2005-03-31,7.485717296600342
2005-04-01,7.420657634735107
2005-04-04,7.447445869445801
2005-04-05,7.462756156921387
2005-04-06,7.4512739181518555
2005-04-07,7.550779819488525
2005-04-08,7.4972052574157715
2005-04-11,7.455103397369385
2005-04-12,7.501028537750244
2005-04-13,7.3938703536987305
2005-04-14,7.290539741516113
2005-04-15,7.068570137023926
2005-04-18,7.076223850250244
2005-04-19,7.164244651794434
2005-04-20,7.099185943603516
2005-04-21,7.290539741516113
2005-04-22,7.202515602111816
2005-04-25,7.252265453338623
2005-04-26,7.202515602111816
2005-04-27,7.229306221008301
2005-04-28,7.156595706939697
2005-04-29,7.221654415130615
2005-05-02,7.2139997482299805
2005-05-03,7.263746738433838
2005-05-04,7.313503265380859
2005-05-05,7.302021026611328
2005-05-06,7.321152687072754
2005-05-09,7.351771354675293
2005-05-10,7.27523136138916
2005-05-11,7.309673309326172
2005-05-12,7.317328929901123
2005-05-13,7.409177780151367
2005-05-16,7.478066921234131
2005-05-17,7.504855155944824
2005-05-18,7.612011432647705
2005-05-19,7.654110431671143
2005-05-20,7.665589809417725
2005-05-23,7.692380428314209
2005-05-24,7.730651378631592
2005-05-25,7.696208477020264
2005-05-26,7.7842254638671875
2005-05-27,7.772747039794922
2005-05-31,7.722997665405273
2005-06-01,7.79953670501709
2005-06-02,7.833981513977051
2005-06-03,7.749780654907227
2005-06-06,7.738304138183594
2005-06-07,7.707691192626953
2005-06-08,7.722997665405273
2005-06-09,7.761270046234131
2005-06-10,7.719169616699219
2005-06-13,7.749780654907227
2005-06-14,7.703860282897949
2005-06-15,7.749780654907227
2005-06-16,7.765093803405762
2005-06-17,7.7689208984375
2005-06-20,7.7574381828308105
2005-06-21,7.791879653930664
2005-06-22,7.807194232940674
2005-06-23,7.745957374572754
2005-06-24,7.65028190612793
2005-06-27,7.58905029296875
2005-06-28,7.684726238250732
2005-06-29,7.696208477020264
2005-06-30,7.623492240905762
2005-07-01,7.642629623413086
2005-07-05,7.692380428314209
2005-07-06,7.6732497215271
2005-07-07,7.688553333282471
2005-07-08,7.826328754425049
2005-07-11,7.906693935394287
2005-07-12,7.948790550231934
2005-07-13,7.983236312866211
2005-07-14,8.052122116088867
2005-07-15,8.048296928405762
2005-07-18,8.002367973327637
2005-07-19,8.121006965637207
2005-07-20,8.094219207763672
2005-07-21,8.040641784667969
2005-07-22,8.021503448486328
2005-07-25,7.979409694671631
2005-07-26,8.040641784667969
2005-07-27,8.094219207763672
2005-07-28,8.09804630279541
2005-07-29,8.055948257446289
2005-08-01,8.05977725982666
2005-08-02,8.140145301818848
2005-08-03,8.19372272491455
2005-08-04,8.117182731628418
2005-08-05,8.09804630279541
2005-08-08,8.032987594604492
2005-08-09,8.094219207763672
2005-08-10,8.002367973327637
2005-08-11,8.063605308532715
2005-08-12,7.956447601318359
2005-08-15,7.998541831970215
2005-08-16,7.922005653381348
2005-08-17,7.990889549255371
2005-08-18,7.937310695648193
2005-08-19,7.944964408874512
2005-08-22,7.960273742675781
2005-08-23,7.956447601318359
2005-08-24,7.906693935394287
2005-08-25,7.910521984100342
2005-08-26,7.883727550506592
2005-08-29,7.937310695648193
2005-08-30,7.937310695648193
2005-08-31,7.979409694671631
2005-09-01,7.960273742675781
2005-09-02,7.937310695648193
2005-09-06,8.029156684875488
2005-09-07,8.029156684875488
2005-09-08,8.048296928405762
2005-09-09,8.055948257446289
2005-09-12,8.075084686279297
2005-09-13,8.082737922668457
2005-09-14,7.998541831970215
2005-09-15,7.979409694671631
2005-09-16,8.029156684875488
2005-09-19,7.964097023010254
2005-09-20,7.933483600616455
2005-09-21,7.8378071784973145
2005-09-22,7.868426322937012
2005-09-23,7.872249603271484
2005-09-26,7.8607683181762695
2005-09-27,7.833981513977051
2005-09-28,7.883727550506592
2005-09-29,7.944964408874512
2005-09-30,7.998541831970215
2005-10-03,7.987061023712158
2005-10-04,7.9143500328063965
2005-10-05,7.803367614746094
2005-10-06,7.715341567993164
2005-10-07,7.7344794273376465
2005-10-10,7.680896759033203
2005-10-11,7.623492240905762
2005-10-12,7.573740482330322
2005-10-13,7.627319812774658
2005-10-14,7.657934665679932
2005-10-17,7.65028190612793
2005-10-18,7.634974002838135
2005-10-19,7.730651378631592
2005-10-20,7.6732497215271
2005-10-21,7.719169616699219
2005-10-24,7.8186726570129395
2005-10-25,7.765093803405762
2005-10-26,7.745957374572754
2005-10-27,7.661762714385986
2005-10-28,7.7344794273376465
2005-10-31,7.814845561981201
2005-11-01,7.79953670501709
2005-11-02,7.8875579833984375
2005-11-03,7.960273742675781
2005-11-04,7.9947190284729
2005-11-07,8.010024070739746
2005-11-08,8.0138578414917
2005-11-09,8.006197929382324
2005-11-10,8.075084686279297
2005-11-11,8.094219207763672
2005-11-14,8.101869583129883
2005-11-15,8.075084686279297
2005-11-16,8.105704307556152
2005-11-17,8.201377868652344
2005-11-18,8.24730110168457
2005-11-21,8.243474006652832
2005-11-22,8.297053337097168
2005-11-23,8.34298038482666
2005-11-25,8.365938186645508
2005-11-28,8.335323333740234
2005-11-29,8.335323333740234
2005-11-30,8.3085355758667
2005-12-01,8.434829711914062
2005-12-02,8.427172660827637
2005-12-05,8.385075569152832
2005-12-06,8.396559715270996
2005-12-07,8.38124942779541
2005-12-08,8.320015907287598
2005-12-09,8.35063362121582
2005-12-12,8.373591423034668
2005-12-13,8.346808433532715
2005-12-14,8.358284950256348
2005-12-15,8.323845863342285
2005-12-16,8.311506271362305
2005-12-19,8.21132755279541
2005-12-20,8.180500984191895
2005-12-21,8.188209533691406
2005-12-22,8.226741790771484
2005-12-23,8.242155075073242
2005-12-27,8.172796249389648
2005-12-28,8.153529167175293
2005-12-29,8.107287406921387
2005-12-30,8.053343772888184
2006-01-03,8.21132755279541
2006-01-04,8.307659149169922
2006-01-05,8.346192359924316
2006-01-06,8.477205276489258
2006-01-09,8.50417423248291
2006-01-10,8.496467590332031
2006-01-11,8.577384948730469
2006-01-12,8.531147956848145
2006-01-13,8.52729320526123
2006-01-17,8.442523956298828
2006-01-18,8.3423433303833
2006-01-19,8.415550231933594
2006-01-20,8.195913314819336
2006-01-23,8.165085792541504
2006-01-24,8.192059516906738
2006-01-25,8.219035148620605
2006-01-26,8.27298355102539
2006-01-27,8.365459442138672
2006-01-30,8.39243221282959
2006-01-31,8.323074340820312
2006-02-01,8.373163223266602
2006-02-02,8.257567405700684
2006-02-03,8.19976806640625
2006-02-06,8.176643371582031
2006-02-07,8.153529167175293
2006-02-08,8.311506271362305
2006-02-09,8.27298355102539
2006-02-10,8.338488578796387
2006-02-13,8.261418342590332
2006-02-14,8.373163223266602
2006-02-15,8.419403076171875
2006-02-16,8.496467590332031
2006-02-17,8.450231552124023
2006-02-21,8.35775089263916
2006-02-22,8.400141716003418
2006-02-23,8.35775089263916
2006-02-24,8.36160659790039
2006-02-27,8.438671112060547
2006-02-28,8.3423433303833
2006-03-01,8.508027076721191
2006-03-02,8.52729320526123
2006-03-03,8.477205276489258
2006-03-06,8.442523956298828
2006-03-07,8.388580322265625
2006-03-08,8.38086986541748
2006-03-09,8.330782890319824
2006-03-10,8.36931037902832
2006-03-13,8.400141716003418
2006-03-14,8.496467590332031
2006-03-15,8.546562194824219
2006-03-16,8.4926176071167
2006-03-17,8.51959228515625
2006-03-20,8.535004615783691
2006-03-21,8.500324249267578
2006-03-22,8.50417423248291
2006-03-23,8.484908103942871
2006-03-24,8.511880874633789
2006-03-27,8.523442268371582
2006-03-28,8.42711067199707
2006-03-29,8.55427074432373
2006-03-30,8.581238746643066
2006-03-31,8.531147956848145
2006-04-03,8.581238746643066
2006-04-04,8.612069129943848
2006-04-05,8.685285568237305
2006-04-06,8.677571296691895
2006-04-07,8.577384948730469
2006-04-10,8.565829277038574
2006-04-11,8.488764762878418
2006-04-12,8.50417423248291
2006-04-13,8.51573657989502
2006-04-17,8.42325496673584
2006-04-18,8.59280014038086
2006-04-19,8.58509349822998
2006-04-20,8.59280014038086
2006-04-21,8.500324249267578
2006-04-24,8.488764762878418
2006-04-25,8.484908103942871
2006-04-26,8.51573657989502
2006-04-27,8.600507736206055
2006-04-28,8.419403076171875
2006-05-01,8.3500394821167
2006-05-02,8.388580322265625
2006-05-03,8.36931037902832
2006-05-04,8.400141716003418
2006-05-05,8.446379661560059
2006-05-08,8.45793342590332
2006-05-09,8.42325496673584
2006-05-10,8.334635734558105
2006-05-11,8.161237716674805
2006-05-12,8.084166526794434
2006-05-15,8.091869354248047
2006-05-16,8.014812469482422
2006-05-17,7.906917095184326
2006-05-18,7.879948616027832
2006-05-19,7.937745094299316
2006-05-22,7.868386745452881
2006-05-23,7.810588836669922
2006-05-24,7.887654781341553
2006-05-25,7.960864543914795
2006-05-26,7.999396324157715
2006-05-30,7.841411590576172
2006-05-31,7.872237205505371
2006-06-01,8.00710391998291
2006-06-02,7.98013162612915
2006-06-05,7.860683441162109
2006-06-06,7.860683441162109
2006-06-07,7.752791881561279
2006-06-08,7.714254379272461
2006-06-09,7.68342924118042
2006-06-12,7.540857791900635
2006-06-13,7.548569202423096
2006-06-14,7.598655700683594
2006-06-15,7.791324615478516
2006-06-16,7.779759407043457
2006-06-19,7.745083332061768
2006-06-20,7.7335205078125
2006-06-21,7.833705902099609
2006-06-22,7.741228103637695
2006-06-23,7.718111515045166
2006-06-26,7.7335205078125
2006-06-27,7.629483222961426
2006-06-28,7.679576396942139
2006-06-29,7.87609338760376
2006-06-30,7.833705902099609
2006-07-03,7.891505718231201
2006-07-05,7.7682013511657715
2006-07-06,7.775905609130859
2006-07-07,7.6988444328308105
2006-07-10,7.6102190017700195
2006-07-11,7.641042709350586
2006-07-12,7.502323627471924
2006-07-13,7.379019737243652
2006-07-14,7.359755516052246
2006-07-17,7.382870674133301
2006-07-18,7.3982834815979
2006-07-19,7.50617790222168
2006-07-20,7.3982834815979
2006-07-21,7.32122278213501
2006-07-24,7.432967185974121
2006-07-25,7.513886451721191
2006-07-26,7.533150672912598
2006-07-27,7.510032653808594
2006-07-28,7.641042709350586
2006-07-31,7.629483222961426
2006-08-01,7.521591663360596
2006-08-02,7.614071369171143
2006-08-03,7.637187957763672
2006-08-04,7.614071369171143
2006-08-07,7.587098121643066
2006-08-08,7.560122966766357
2006-08-09,7.606363773345947
2006-08-10,7.637187957763672
2006-08-11,7.594805717468262
2006-08-14,7.660310745239258
2006-08-15,7.837560653686523
2006-08-16,7.960864543914795
2006-08-17,7.995546340942383
2006-08-18,8.026369094848633
2006-08-21,7.972423076629639
2006-08-22,7.976277828216553
2006-08-23,7.937745094299316
2006-08-24,7.968572616577148
2006-08-25,7.991690158843994
2006-08-28,8.064902305603027
2006-08-29,8.138114929199219
2006-08-30,8.195913314819336
2006-08-31,8.165085792541504
2006-09-01,8.19976806640625
2006-09-05,8.242155075073242
2006-09-06,8.107287406921387
2006-09-07,8.061050415039062
2006-09-08,8.126555442810059
2006-09-11,8.195913314819336
2006-09-12,8.338488578796387
2006-09-13,8.338488578796387
2006-09-14,8.35775089263916
2006-09-15,8.378605842590332
2006-09-18,8.374741554260254
2006-09-19,8.336129188537598
2006-09-20,8.471272468566895
2006-09-21,8.390181541442871
2006-09-22,8.339988708496094
2006-09-25,8.49057674407959
2006-09-26,8.544624328613281
2006-09-27,8.47899055480957
2006-09-28,8.521461486816406
2006-09-29,8.494439125061035
2006-10-02,8.43265438079834
2006-10-03,8.47899055480957
2006-10-04,8.61026668548584
2006-10-05,8.606406211853027
2006-10-06,8.61026668548584
2006-10-09,8.633432388305664
2006-10-10,8.641159057617188
2006-10-11,8.637298583984375
2006-10-12,8.764714241027832
2006-10-13,8.807186126708984
2006-10-16,8.803322792053223
2006-10-17,8.72996711730957
2006-10-18,8.706795692443848
2006-10-19,8.733821868896484
2006-10-20,8.78787899017334
2006-10-23,8.841934204101562
2006-10-24,8.780156135559082
2006-10-25,8.857381820678711
2006-10-26,8.903715133666992
2006-10-27,8.78787899017334
2006-10-30,8.818770408630371
2006-10-31,8.830352783203125
2006-11-01,8.791740417480469
2006-11-02,8.73768424987793
2006-11-03,8.73768424987793
2006-11-06,8.841934204101562
2006-11-07,8.888270378112793
2006-11-08,8.895991325378418
2006-11-09,8.892128944396973
2006-11-10,8.915291786193848
2006-11-13,8.99251651763916
2006-11-14,9.058158874511719
2006-11-15,9.077465057373047
2006-11-16,9.112215042114258
2006-11-17,9.127655982971191
2006-11-20,9.127655982971191
2006-11-21,9.123796463012695
2006-11-22,9.193296432495117
2006-11-24,9.173988342285156
2006-11-27,8.957769393920898
2006-11-28,9.004100799560547
2006-11-29,9.062019348144531
2006-11-30,9.081326484680176
2006-12-01,9.004100799560547
2006-12-04,9.119935035705566
2006-12-05,9.123796463012695
2006-12-06,9.065876960754395
2006-12-07,9.031126976013184
2006-12-08,9.031126976013184
2006-12-11,9.085185050964355
2006-12-12,9.054296493530273
2006-12-13,9.06973934173584
2006-12-14,9.146964073181152
2006-12-15,9.148904800415039
2006-12-18,9.113957405090332
2006-12-19,9.055702209472656
2006-12-20,9.059591293334961
2006-12-21,9.016873359680176
2006-12-22,8.946976661682129
2006-12-26,8.997458457946777
2006-12-27,9.063470840454102
2006-12-28,9.059591293334961
2006-12-29,9.032402038574219
2007-01-03,9.059591293334961
2007-01-04,9.19938850402832
2007-01-05,9.125603675842285
2007-01-08,9.152789115905762
2007-01-09,9.164437294006348
2007-01-10,9.211033821105957
2007-01-11,9.304232597351074
2007-01-12,9.327531814575195
2007-01-16,9.308116912841797
2007-01-17,9.187736511230469
2007-01-18,9.082890510559082
2007-01-19,9.079002380371094
2007-01-22,9.012991905212402
2007-01-23,9.012991905212402
2007-01-24,9.176088333129883
2007-01-25,9.063470840454102
2007-01-26,9.067357063293457
2007-01-29,9.106188774108887
2007-01-30,9.160555839538574
2007-01-31,9.21491813659668
2007-02-01,9.176088333129883
2007-02-02,9.222681999206543
2007-02-05,9.19938850402832
2007-02-06,9.187736511230469
2007-02-07,9.230453491210938
2007-02-08,9.24209976196289
2007-02-09,9.141136169433594
2007-02-12,9.102304458618164
2007-02-13,9.13725471496582
2007-02-14,9.265399932861328
2007-02-15,9.3003511428833
2007-02-16,9.280932426452637
2007-02-20,9.284815788269043
2007-02-21,9.269282341003418
2007-02-22,9.319769859313965
2007-02-23,9.311995506286621
2007-02-26,9.288705825805664
2007-02-27,8.931442260742188
2007-02-28,8.966390609741211
2007-03-01,8.958622932434082
2007-03-02,8.791643142700195
2007-03-05,8.81106185913086
2007-03-06,8.946976661682129
2007-03-07,8.834362983703613
2007-03-08,8.908143997192383
2007-03-09,8.931442260742188
2007-03-12,8.985808372497559
2007-03-13,8.84212589263916
2007-03-14,8.923677444458008
2007-03-15,8.92756462097168
2007-03-16,8.912028312683105
2007-03-19,8.9702730178833
2007-03-20,9.028523445129395
2007-03-21,9.211033821105957
2007-03-22,9.176088333129883
2007-03-23,9.152789115905762
2007-03-26,9.164437294006348
2007-03-27,9.168315887451172
2007-03-28,9.063470840454102
2007-03-29,9.075121879577637
2007-03-30,9.055702209472656
2007-04-02,9.102304458618164
2007-04-03,9.176088333129883
2007-04-04,9.230453491210938
2007-04-05,9.265399932861328
2007-04-09,9.265399932861328
2007-04-10,9.257637977600098
2007-04-11,9.172202110290527
2007-04-12,9.269282341003418
2007-04-13,9.277052879333496
2007-04-16,9.35471248626709
2007-04-17,9.374131202697754
2007-04-18,9.350829124450684
2007-04-19,9.35471248626709
2007-04-20,9.409079551696777
2007-04-23,9.38966178894043
2007-04-24,9.440144538879395
2007-04-25,9.510045051574707
2007-04-26,9.564410209655762
2007-04-27,9.556645393371582
2007-04-30,9.482860565185547
2007-05-01,9.529460906982422
2007-05-02,9.57994556427002
2007-05-03,9.673142433166504
2007-05-04,9.711973190307617
2007-05-07,9.700324058532715
2007-05-08,9.739153861999512
2007-05-09,9.727508544921875
2007-05-10,9.677027702331543
2007-05-11,9.781868934631348
2007-05-14,9.735275268554688
2007-05-15,9.71973705291748
2007-05-16,9.80517292022705
2007-05-17,9.777990341186523
2007-05-18,9.828471183776855
2007-05-21,9.871186256408691
2007-05-22,9.859533309936523
2007-05-23,9.824586868286133
2007-05-24,9.700324058532715
2007-05-25,9.781868934631348
2007-05-29,9.840121269226074
2007-05-30,9.913901329040527
2007-05-31,9.960502624511719
2007-06-01,9.960502624511719
2007-06-04,9.995450019836426
2007-06-05,9.960502624511719
2007-06-06,9.844002723693848
2007-06-07,9.704204559326172
2007-06-08,9.840121269226074
2007-06-11,9.859533309936523
2007-06-12,9.743037223815918
2007-06-13,9.867303848266602
2007-06-14,9.960502624511719
2007-06-15,10.01801586151123
2007-06-18,10.045214653015137
2007-06-19,10.041327476501465
2007-06-20,9.983040809631348
2007-06-21,10.033559799194336
2007-06-22,9.92086410522461
2007-06-25,9.885892868041992
2007-06-26,9.85091495513916
2007-06-27,9.948068618774414
2007-06-28,9.983040809631348
2007-06-29,9.948068618774414
2007-07-02,10.033559799194336
2007-07-03,10.103503227233887
2007-07-05,10.142361640930176
2007-07-06,10.161791801452637
2007-07-09,10.220081329345703
2007-07-10,10.103503227233887
2007-07-11,10.161791801452637
2007-07-12,10.332777976989746
2007-07-13,10.356090545654297
2007-07-16,10.387178421020508
2007-07-17,10.422151565551758
2007-07-18,10.367749214172363
2007-07-19,10.453242301940918
2007-07-20,10.41438102722168
2007-07-23,10.429925918579102
2007-07-24,10.325002670288086
2007-07-25,10.336660385131836
2007-07-26,10.181222915649414
2007-07-27,9.963607788085938
2007-07-30,9.99858570098877
2007-07-31,9.928638458251953
2007-08-01,10.025785446166992
2007-08-02,10.045214653015137
2007-08-03,9.85091495513916
2007-08-06,10.006356239318848
2007-08-07,10.025785446166992
2007-08-08,10.181222915649414
2007-08-09,9.948068618774414
2007-08-10,9.808170318603516
2007-08-13,9.944181442260742
2007-08-14,9.742111206054688
2007-08-15,9.617757797241211
2007-08-16,9.555581092834473
2007-08-17,9.648849487304688
2007-08-20,9.683823585510254
2007-08-21,9.7149076461792
2007-08-22,9.843141555786133
2007-08-23,9.870346069335938
2007-08-24,10.010238647460938
2007-08-27,9.95583438873291
2007-08-28,9.777082443237305
2007-08-29,10.010238647460938
2007-08-30,10.052987098693848
2007-08-31,10.119048118591309
2007-09-04,10.274486541748047
2007-09-05,10.165681838989258
2007-09-06,10.216196060180664
2007-09-07,10.006356239318848
2007-09-10,9.986922264099121
2007-09-11,10.130703926086426
2007-09-12,10.103503227233887
2007-09-13,10.103503227233887
2007-09-14,10.052987098693848
2007-09-17,10.049097061157227
2007-09-18,10.247284889221191
2007-09-19,10.286144256591797
2007-09-20,10.325002670288086
2007-09-21,10.404046058654785
2007-09-24,10.376787185668945
2007-09-25,10.481922149658203
2007-09-26,10.548113822937012
2007-09-27,10.540325164794922
2007-09-28,10.50139331817627
2007-10-01,10.614306449890137
2007-10-02,10.653244972229004
2007-10-03,10.528646469116211
2007-10-04,10.555901527404785
2007-10-05,10.66882038116455
2007-10-08,10.688287734985352
2007-10-09,10.766166687011719
2007-10-10,10.80120849609375
2007-10-11,10.684395790100098
2007-10-12,10.789527893066406
2007-10-15,10.711653709411621
2007-10-16,10.711653709411621
2007-10-17,10.80120849609375
2007-10-18,10.828462600708008
2007-10-19,10.571474075317383
2007-10-22,10.637669563293457
2007-10-23,10.75448226928711
2007-10-24,10.645455360412598
2007-10-25,10.735014915466309
2007-10-26,10.879084587097168
2007-10-29,10.910232543945312
2007-10-30,10.929699897766113
2007-10-31,11.058191299438477
2007-11-01,10.937488555908203
2007-11-02,10.960851669311523
2007-11-05,10.945273399353027
2007-11-06,11.003679275512695
2007-11-07,10.707756042480469
2007-11-08,10.326171875
2007-11-09,10.112010955810547
2007-11-12,9.948478698730469
2007-11-13,10.287232398986816
2007-11-14,10.228829383850098
2007-11-15,10.104231834411621
2007-11-16,10.248292922973633
2007-11-19,10.045823097229004
2007-11-20,10.131488800048828
2007-11-21,9.940690994262695
2007-11-23,10.038036346435547
2007-11-26,9.827774047851562
2007-11-27,9.936796188354492
2007-11-28,10.228829383850098
2007-11-29,10.27944564819336
2007-11-30,10.224932670593262
2007-12-03,10.162635803222656
2007-12-04,10.123700141906738
2007-12-05,10.35732364654541
2007-12-06,10.46245288848877
2007-12-07,10.474129676818848
2007-12-10,10.52475357055664
2007-12-11,10.36121940612793
2007-12-12,10.540325164794922
2007-12-13,10.485814094543457
2007-12-14,10.4196195602417
2007-12-17,10.221041679382324
2007-12-18,10.221041679382324
2007-12-19,10.287232398986816
2007-12-20,10.435194969177246
2007-12-21,10.569367408752441
2007-12-24,10.647601127624512
2007-12-26,10.706275939941406
2007-12-27,10.557633399963379
2007-12-28,10.506781578063965
2007-12-31,10.428549766540527
2008-01-02,10.217314720153809
2008-01-03,10.232963562011719
2008-01-04,9.83397102355957
2008-01-07,9.747917175292969
2008-01-08,9.489740371704102
2008-01-09,9.62274169921875
2008-01-10,9.638386726379395
2008-01-11,9.497564315795898
2008-01-14,9.689238548278809
2008-01-15,9.485831260681152
2008-01-16,9.278508186340332
2008-01-17,9.196367263793945
2008-01-18,9.035987854003906
2008-01-22,8.867785453796387
2008-01-23,8.94601821899414
2008-01-24,9.075102806091309
2008-01-25,8.934283256530762
2008-01-28,8.973401069641113
2008-01-29,9.051630973815918
2008-01-30,8.981223106384277
2008-01-31,9.094659805297852
2008-02-01,9.251128196716309
2008-02-04,9.059457778930664
2008-02-05,8.8325834274292
2008-02-06,8.73478889465332
2008-02-07,8.789549827575684
2008-02-08,8.723052024841309
2008-02-11,8.875605583190918
2008-02-12,8.89516544342041
2008-02-13,9.098575592041016
2008-02-14,8.918635368347168
2008-02-15,8.88734245300293
2008-02-19,8.80519962310791
2008-02-20,8.820843696594238
2008-02-21,8.80519962310791
2008-02-22,8.79737377166748
2008-02-25,8.848227500915527
2008-02-26,8.949930191040039
2008-02-27,8.957749366760254
2008-02-28,8.844314575195312
2008-02-29,8.664376258850098
2008-03-03,8.6604642868042
2008-03-04,8.672196388244629
2008-03-05,8.73478889465332
2008-03-06,8.613524436950684
2008-03-07,8.613524436950684
2008-03-10,8.519645690917969
2008-03-11,8.820843696594238
2008-03-12,8.730878829956055
2008-03-13,8.695669174194336
2008-03-14,8.586140632629395
2008-03-17,8.547026634216309
2008-03-18,8.930371284484863
2008-03-19,8.664376258850098
2008-03-20,8.760627746582031
2008-03-24,9.069734573364258
2008-03-25,9.077564239501953
2008-03-26,8.901488304138184
2008-03-27,8.831059455871582
2008-03-28,8.77627944946289
2008-03-31,8.764542579650879
2008-04-01,9.01887035369873
2008-04-02,9.128430366516113
2008-04-03,9.124519348144531
2008-04-04,9.093213081359863
2008-04-07,9.101040840148926
2008-04-08,9.04626178741455
2008-04-09,9.007133483886719
2008-04-10,9.081477165222168
2008-04-11,8.838887214660645
2008-04-14,8.803670883178711
2008-04-15,8.803670883178711
2008-04-16,9.163642883300781
2008-04-17,9.1597318649292
2008-04-18,9.32015323638916
2008-04-21,9.3788423538208
2008-04-22,9.331892013549805
2008-04-23,9.390580177307129
2008-04-24,9.50405216217041
2008-04-25,9.390580177307129
2008-04-28,9.390580177307129
2008-04-29,9.480576515197754
2008-04-30,9.312329292297363
2008-05-01,9.70360279083252
2008-05-02,9.699687004089355
2008-05-05,9.656646728515625
2008-05-06,9.774033546447754
2008-05-07,9.601871490478516
2008-05-08,9.617521286010742
2008-05-09,9.586221694946289
2008-05-12,9.742728233337402
2008-05-13,9.742728233337402
2008-05-14,9.762292861938477
2008-05-15,9.950105667114258
2008-05-16,9.926629066467285
2008-05-19,9.977495193481445
2008-05-20,9.820981979370117
2008-05-21,9.562743186950684
2008-05-22,9.597959518432617
2008-05-23,9.57839298248291
2008-05-27,9.734903335571289
2008-05-28,9.789681434631348
2008-05-29,9.860114097595215
2008-05-30,9.918801307678223
2008-06-02,9.777946472167969
2008-06-03,9.723163604736328
2008-06-04,9.742728233337402
2008-06-05,9.942276954650879
2008-06-06,9.672303199768066
2008-06-09,9.652734756469727
2008-06-10,9.609696388244629
2008-06-11,9.363191604614258
2008-06-12,9.468839645385742
2008-06-13,9.570565223693848
2008-06-16,9.594047546386719
2008-06-17,9.554916381835938
2008-06-18,9.453182220458984
2008-06-19,9.488401412963867
2008-06-20,9.319281578063965
2008-06-23,9.23295783996582
2008-06-24,9.221181869506836
2008-06-25,9.299661636352539
2008-06-26,9.123082160949707
2008-06-27,9.001443862915039
2008-06-30,8.989672660827637
2008-07-01,8.926889419555664
2008-07-02,8.809173583984375
2008-07-03,8.769935607910156
2008-07-07,8.868033409118652
2008-07-08,8.958283424377441
2008-07-09,8.691452026367188
2008-07-10,8.801322937011719
2008-07-11,8.718924522399902
2008-07-14,8.652215003967285
2008-07-15,8.632597923278809
2008-07-16,8.758161544799805
2008-07-17,8.848413467407227
2008-07-18,8.946505546569824
2008-07-21,8.769935607910156
2008-07-22,8.722847938537598
2008-07-23,8.879801750183105
2008-07-24,8.652215003967285
2008-07-25,8.773858070373535
2008-07-28,8.589432716369629
2008-07-29,8.762083053588867
2008-07-30,8.820944786071777
2008-07-31,8.769935607910156
2008-08-01,8.671835899353027
2008-08-04,8.71500015258789
2008-08-05,8.879801750183105
2008-08-06,9.005369186401367
2008-08-07,8.989672660827637
2008-08-08,9.162322998046875
2008-08-11,9.221181869506836
2008-08-12,9.240802764892578
2008-08-13,9.205483436584473
2008-08-14,9.276118278503418
2008-08-15,9.311430931091309
2008-08-18,9.193716049194336
2008-08-19,9.0328369140625
2008-08-20,9.052456855773926
2008-08-21,9.01713752746582
2008-08-22,9.142704963684082
2008-08-25,9.024985313415527
2008-08-26,8.989672660827637
2008-08-27,9.075997352600098
2008-08-28,9.13093376159668
2008-08-29,8.926889419555664
2008-09-02,8.875874519348145
2008-09-03,8.758161544799805
2008-09-04,8.44424819946289
2008-09-05,8.44424819946289
2008-09-08,8.546269416809082
2008-09-09,8.397161483764648
2008-09-10,8.357924461364746
2008-09-11,8.495262145996094
2008-09-12,8.534500122070312
2008-09-15,8.122485160827637
2008-09-16,8.27552318572998
2008-09-17,7.816424369812012
2008-09-18,8.149957656860352
2008-09-19,8.209412574768066
2008-09-22,7.996792316436768
2008-09-23,7.992853164672852
2008-09-24,8.012540817260742
2008-09-25,8.150345802307129
2008-09-26,8.189723014831543
2008-09-29,7.480996131896973
2008-09-30,7.815671920776367
2008-10-01,7.744801044464111
2008-10-02,7.441626071929932
2008-10-03,7.335311412811279
2008-10-06,6.929763317108154
2008-10-07,6.575401306152344
2008-10-08,6.516341209411621
2008-10-09,6.2997870445251465
2008-10-10,6.260414123535156
2008-10-13,6.992764949798584
2008-10-14,6.756518363952637
2008-10-15,6.248600006103516
2008-10-16,6.575401306152344
2008-10-17,6.5124053955078125
2008-10-20,6.772270679473877
2008-10-21,6.417907238006592
2008-10-22,6.083230972290039
2008-10-23,6.221039295196533
2008-10-24,5.929673194885254
2008-10-27,5.807616233825684
2008-10-28,6.614776134490967
2008-10-29,6.358847141265869
2008-10-30,6.595088481903076
2008-10-31,6.555716037750244
2008-11-03,6.555716037750244
2008-11-04,6.831331253051758
2008-11-05,6.417907238006592
2008-11-06,6.063544750213623
2008-11-07,6.236789703369141
2008-11-10,6.169854640960693
2008-11-11,6.035984992980957
2008-11-12,5.752490997314453
2008-11-13,6.110793590545654
2008-11-14,5.831242084503174
2008-11-17,5.6658711433410645
2008-11-18,5.744618892669678
2008-11-19,5.425691604614258
2008-11-20,5.193387031555176
2008-11-21,5.469001770019531
2008-11-24,5.736743450164795
2008-11-25,5.815491199493408
2008-11-26,5.996607780456543
2008-11-28,6.004484176635742
2008-12-01,5.571374416351318
2008-12-02,5.768243312835693
2008-12-03,5.933611869812012
2008-12-04,5.693432807922363
2008-12-05,5.917863845825195
2008-12-08,6.193478107452393
2008-12-09,6.154104232788086
2008-12-10,6.10291862487793
2008-12-11,5.97298526763916
2008-12-12,6.043857097625732
2008-12-15,5.976922035217285
2008-12-16,6.287978172302246
2008-12-17,6.165915489196777
2008-12-18,5.992672920227051
2008-12-19,6.044528484344482
2008-12-22,5.96140193939209
2008-12-23,5.878274917602539
2008-12-24,5.9178595542907715
2008-12-26,5.909939765930176
2008-12-29,5.913898944854736
2008-12-30,6.024736404418945
2008-12-31,6.099946022033691
2009-01-02,6.32953405380249
2009-01-05,6.309743404388428
2009-01-06,6.45620584487915
2009-01-07,6.250366687774658
2009-01-08,6.293910503387451
2009-01-09,6.155365467071533
2009-01-12,6.044528484344482
2009-01-13,6.016818523406982
2009-01-14,5.834731101989746
2009-01-15,5.8743157386779785
2009-01-16,5.913898944854736
2009-01-20,5.672435760498047
2009-01-21,5.9455695152282715
2009-01-22,5.810980796813965
2009-01-23,5.894105911254883
2009-01-26,5.965359687805176
2009-01-27,6.0009846687316895
2009-01-28,6.171196937561035
2009-01-29,5.989110469818115
2009-01-30,5.810980796813965
2009-02-02,5.902023792266846
2009-02-03,6.020778179168701
2009-02-04,6.016818523406982
2009-02-05,6.111820697784424
2009-02-06,6.321618556976318
2009-02-09,6.337451457977295
2009-02-10,6.080154895782471
2009-02-11,6.092028617858887
2009-02-12,6.119736671447754
2009-02-13,6.092028617858887
2009-02-17,5.838688850402832
2009-02-18,5.842648506164551
2009-02-19,5.700143337249756
2009-02-20,5.755563259124756
2009-02-23,5.490346431732178
2009-02-24,5.636807918548584
2009-02-25,5.688270092010498
2009-02-26,5.6288909912109375
2009-02-27,5.589306831359863
2009-03-02,5.454720497131348
2009-03-03,5.403261184692383
2009-03-04,5.545765399932861
2009-03-05,5.375552654266357
2009-03-06,5.403261184692383
2009-03-09,5.233049392700195
2009-03-10,5.5338897705078125
2009-03-11,5.656601428985596
2009-03-12,5.818897247314453
2009-03-13,5.818897247314453
2009-03-16,5.767439842224121
2009-03-17,5.977234363555908
2009-03-18,6.060362815856934
2009-03-19,6.07619571685791
2009-03-20,5.983498573303223
2009-03-23,6.3375749588012695
2009-03-24,6.234136581420898
2009-03-25,6.2699432373046875
2009-03-26,6.4330549240112305
2009-03-27,6.293813705444336
2009-03-30,6.098873615264893
2009-03-31,6.214247226715088
2009-04-01,6.389294624328613
2009-04-02,6.556388854980469
2009-04-03,6.647889614105225
2009-04-06,6.580258846282959
2009-04-07,6.397252082824707
2009-04-08,6.492733955383301
2009-04-09,6.655847072601318
2009-04-13,6.655847072601318
2009-04-14,6.584235668182373
2009-04-15,6.5643463134765625
2009-04-16,6.759284496307373
2009-04-17,6.7473464012146
2009-04-20,6.532515525817871
2009-04-21,6.643910884857178
2009-04-22,6.6757378578186035
2009-04-23,6.707566738128662
2009-04-24,6.803049087524414
2009-04-27,6.7712202072143555
2009-04-28,6.767244338989258
2009-04-29,6.842832565307617
2009-04-30,6.862722873687744
2009-05-01,6.954225540161133
2009-05-04,7.081535339355469
2009-05-05,7.037773132324219
2009-05-06,7.0775580406188965
2009-05-07,6.807027339935303
2009-05-08,6.799069404602051
2009-05-11,6.818960666656494
2009-05-12,6.78315544128418
2009-05-13,6.61208438873291
2009-05-14,6.683696746826172
2009-05-15,6.683696746826172
2009-05-18,6.866702556610107
2009-05-19,6.9064860343933105
2009-05-20,6.8348774909973145
2009-05-21,6.715519905090332
2009-05-22,6.739394664764404
2009-05-26,6.914441108703613
2009-05-27,6.846806526184082
2009-05-28,6.94627046585083
2009-05-29,7.021860599517822
2009-06-01,7.22077751159668
2009-06-02,7.204868316650391
2009-06-03,7.125296115875244
2009-06-04,7.224758148193359
2009-06-05,7.296367645263672
2009-06-08,7.252607822418213
2009-06-09,7.2844343185424805
2009-06-10,7.304322242736816
2009-06-11,7.332175254821777
2009-06-12,7.312280178070068
2009-06-15,7.236690521240234
2009-06-16,7.145187854766846
2009-06-17,7.18497371673584
2009-06-18,7.153147220611572
2009-06-19,7.241465091705322
2009-06-22,7.061624526977539
2009-06-23,7.0656232833862305
2009-06-24,7.165536403656006
2009-06-25,7.269442081451416
2009-06-26,7.257449626922607
2009-06-29,7.333383560180664
2009-06-30,7.277431488037109
2009-07-01,7.309404373168945
2009-07-02,7.125570774078369
2009-07-06,7.105589866638184
2009-07-07,6.929745197296143
2009-07-08,6.933742046356201
2009-07-09,6.977703094482422
2009-07-10,7.00567626953125
2009-07-13,7.137561798095703
2009-07-14,7.1455512046813965
2009-07-15,7.413308620452881
2009-07-16,7.52121639251709
2009-07-17,7.593146324157715
2009-07-20,7.661086559295654
2009-07-21,7.705049514770508
2009-07-22,7.7490081787109375
2009-07-23,7.900868892669678
2009-07-24,7.852913856506348
2009-07-27,7.852913856506348
2009-07-28,7.868903636932373
2009-07-29,7.860905647277832
2009-07-30,7.900868892669678
2009-07-31,7.872897148132324
2009-08-03,7.980798721313477
2009-08-04,7.956818580627441
2009-08-05,7.884881019592285
2009-08-06,7.828934192657471
2009-08-07,7.908864498138428
2009-08-10,7.872897148132324
2009-08-11,7.760997772216797
2009-08-12,7.9168548583984375
2009-08-13,7.952823638916016
2009-08-14,7.876893997192383
2009-08-17,7.689064025878906
2009-08-18,7.804957866668701
2009-08-19,7.824937343597412
2009-08-20,7.912858963012695
2009-08-21,8.028757095336914
2009-08-24,8.004778861999512
2009-08-25,8.024760246276855
2009-08-26,8.0607271194458
2009-08-27,8.076711654663086
2009-08-28,8.104687690734863
2009-08-31,8.000778198242188
2009-09-01,7.836931228637695
2009-09-02,7.852913856506348
2009-09-03,7.888881206512451
2009-09-04,8.028757095336914
2009-09-08,8.088701248168945
2009-09-09,8.148645401000977
2009-09-10,8.260542869567871
2009-09-11,8.268540382385254
2009-09-14,8.24056625366211
2009-09-15,8.296514511108398
2009-09-16,8.360454559326172
2009-09-17,8.328486442565918
2009-09-18,8.379427909851074
2009-09-21,8.343323707580566
2009-09-22,8.387451171875
2009-09-23,8.387451171875
2009-09-24,8.307226181030273
2009-09-25,8.25507640838623
2009-09-28,8.391460418701172
2009-09-29,8.347338676452637
2009-09-30,8.371405601501465
2009-10-01,8.122709274291992
2009-10-02,8.122709274291992
2009-10-05,8.190901756286621
2009-10-06,8.339314460754395
2009-10-07,8.323272705078125
2009-10-08,8.375414848327637
2009-10-09,8.431573867797852
2009-10-12,8.43558406829834
2009-10-13,8.467673301696777
2009-10-14,8.567952156066895
2009-10-15,8.551910400390625
2009-10-16,8.471684455871582
2009-10-19,8.56394100189209
2009-10-20,8.535862922668457
2009-10-21,8.539875984191895
2009-10-22,8.579985618591309
2009-10-23,8.555919647216797
2009-10-26,8.499764442443848
2009-10-27,8.455642700195312
2009-10-28,8.331293106079102
2009-10-29,8.491740226745605
2009-10-30,8.267112731933594
2009-11-02,8.3152494430542
2009-11-03,8.283159255981445
2009-11-04,8.331293106079102
2009-11-05,8.511797904968262
2009-11-06,8.523828506469727
2009-11-09,8.720380783081055
2009-11-10,8.7163667678833
2009-11-11,8.768513679504395
2009-11-12,8.704337120056152
2009-11-13,8.784562110900879
2009-11-16,8.880828857421875
2009-11-17,8.920945167541504
2009-11-18,8.872807502746582
2009-11-19,8.744447708129883
2009-11-20,8.700324058532715
2009-11-23,8.852753639221191
2009-11-24,8.836706161499023
2009-11-25,8.852753639221191
2009-11-27,8.708349227905273
2009-11-30,8.724393844604492
2009-12-01,8.864787101745605
2009-12-02,8.852753639221191
2009-12-03,8.856762886047363
2009-12-04,8.912915229797363
2009-12-07,8.896875381469727
2009-12-08,8.81665325164795
2009-12-09,8.900885581970215
2009-12-10,8.940998077392578
2009-12-11,8.920945167541504
2009-12-14,8.993145942687988
2009-12-15,8.936988830566406
2009-12-16,8.965065002441406
2009-12-17,8.856762886047363
2009-12-18,8.989200592041016
2009-12-21,9.069716453552246
2009-12-22,9.142178535461426
2009-12-23,9.178406715393066
2009-12-24,9.262947082519531
2009-12-28,9.291128158569336
2009-12-29,9.27904987335205
2009-12-30,9.311254501342773
2009-12-31,9.230743408203125
2010-01-04,9.367612838745117
2010-01-05,9.355533599853516
2010-01-06,9.250869750976562
2010-01-07,9.214639663696289
2010-01-08,9.275022506713867
2010-01-11,9.238792419433594
2010-01-12,9.138154983520508
2010-01-13,9.226716041564941
2010-01-14,9.250869750976562
2010-01-15,9.122050285339355
2010-01-19,9.27904987335205
2010-01-20,9.130097389221191
2010-01-21,9.033487319946289
2010-01-22,8.719491004943848
2010-01-25,8.791951179504395
2010-01-26,8.767799377441406
2010-01-27,8.840254783630371
2010-01-28,8.586642265319824
2010-01-29,8.437692642211914
2010-02-01,8.53431224822998
2010-02-02,8.61884880065918
2010-02-03,8.638972282409668
2010-02-04,8.397439002990723
2010-02-05,8.481978416442871
2010-02-08,8.445747375488281
2010-02-09,8.518206596374512
2010-02-10,8.494050979614258
2010-02-11,8.582619667053223
2010-02-12,8.59871768951416
2010-02-16,8.7275390625
2010-02-17,8.751693725585938
2010-02-18,8.808051109313965
2010-02-19,8.78389835357666
2010-02-22,8.767799377441406
2010-02-23,8.659103393554688
2010-02-24,8.743640899658203
2010-02-25,8.719491004943848
2010-02-26,8.73156452178955
2010-03-01,8.844283103942871
2010-03-02,8.832204818725586
2010-03-03,8.836233139038086
2010-03-04,8.87246322631836
2010-03-05,8.98115348815918
2010-03-08,9.029460906982422
2010-03-09,9.069716453552246
2010-03-10,9.130097389221191
2010-03-11,9.166332244873047
2010-03-12,9.158281326293945
2010-03-15,9.150226593017578
2010-03-16,9.218667030334473
2010-03-17,9.246849060058594
2010-03-18,9.258920669555664
2010-03-19,9.203593254089355
2010-03-22,9.272247314453125
2010-03-23,9.361092567443848
2010-03-24,9.316668510437012
2010-03-25,9.332826614379883
2010-03-26,9.288402557373047
2010-03-29,9.316668510437012
2010-03-30,9.3570556640625
2010-03-31,9.32878589630127
2010-04-01,9.312630653381348
2010-04-05,9.421672821044922
2010-04-06,9.429747581481934
2010-04-07,9.393399238586426
2010-04-08,9.40955638885498
2010-04-09,9.482243537902832
2010-04-12,9.502437591552734
2010-04-13,9.530706405639648
2010-04-14,9.66801929473877
2010-04-15,9.712435722351074
2010-04-16,9.583205223083496
2010-04-19,9.603398323059082
2010-04-20,9.655900001525879
2010-04-21,9.676091194152832
2010-04-22,9.700324058532715
2010-04-23,9.724554061889648
2010-04-26,9.712435722351074
2010-04-27,9.522629737854004
2010-04-28,9.550899505615234
2010-04-29,9.647820472717285
2010-04-30,9.44589900970459
2010-05-03,9.5751314163208
2010-05-04,9.300516128540039
2010-05-05,9.260130882263184
2010-05-06,8.981480598449707
2010-05-07,8.783596992492676
2010-05-10,9.187438011169434
2010-05-11,9.126863479614258
2010-05-12,9.365133285522461
2010-05-13,9.227825164794922
2010-05-14,9.05013656616211
2010-05-17,9.094560623168945
2010-05-18,8.957249641418457
2010-05-19,8.888592720031738
2010-05-20,8.605903625488281
2010-05-21,8.670522689819336
2010-05-24,8.63013744354248
2010-05-25,8.605903625488281
2010-05-26,8.521096229553223
2010-05-27,8.811864852905273
2010-05-28,8.73917293548584
2010-06-01,8.654365539550781
2010-06-02,8.848211288452148
2010-06-03,8.93705940246582
2010-06-04,8.650328636169434
2010-06-07,8.52513599395752
2010-06-08,8.541291236877441
2010-06-09,8.49686336517334
2010-06-10,8.702825546264648
2010-06-11,8.779558181762695
2010-06-14,8.763405799865723
2010-06-15,8.9935941696167
2010-06-16,9.017824172973633
2010-06-17,9.05013656616211
2010-06-18,9.049727439880371
2010-06-21,8.984882354736328
2010-06-22,8.907882690429688
2010-06-23,8.891674041748047
2010-06-24,8.713353157043457
2010-06-25,8.705248832702637
2010-06-28,8.721460342407227
2010-06-29,8.397237777709961
2010-06-30,8.267553329467773
2010-07-01,8.235133171081543
2010-07-02,8.22297477722168
2010-07-06,8.30402660369873
2010-07-07,8.57150650024414
2010-07-08,8.624190330505371
2010-07-09,8.668771743774414
2010-07-12,8.70930290222168
2010-07-13,8.834931373596191
2010-07-14,8.887619972229004
2010-07-15,8.915986061096191
2010-07-16,8.660670280456543
2010-07-19,8.745774269104004
2010-07-20,8.80251407623291
2010-07-21,8.69714069366455
2010-07-22,8.93220329284668
2010-07-23,8.99299144744873
2010-07-26,9.049727439880371
2010-07-27,9.074044227600098
2010-07-28,9.001093864440918
2010-07-29,8.920039176940918
2010-07-30,8.88356876373291
2010-08-02,9.069991111755371
2010-08-03,9.021355628967285
2010-08-04,9.094310760498047
2010-08-05,9.053781509399414
2010-08-06,9.029464721679688
2010-08-09,9.090252876281738
2010-08-10,8.997042655944824
2010-08-11,8.782248497009277
2010-08-12,8.660670280456543
2010-08-13,8.620141983032227
2010-08-16,8.63634967803955
2010-08-17,8.729560852050781
2010-08-18,8.7781982421875
2010-08-19,8.672828674316406
2010-08-20,8.65256118774414
2010-08-23,8.575557708740234
2010-08-24,8.45803165435791
2010-08-25,8.510716438293457
2010-08-26,8.425609588623047
2010-08-27,8.526924133300781
2010-08-30,8.413450241088867
2010-08-31,8.385082244873047
2010-09-01,8.599876403808594
2010-09-02,8.676877975463867
2010-09-03,8.806565284729004
2010-09-07,8.733611106872559
2010-09-08,8.782248497009277
2010-09-09,8.806565284729004
2010-09-10,8.810614585876465
2010-09-13,8.968674659729004
2010-09-14,9.005146980285645
2010-09-15,9.061887741088867
2010-09-16,9.114572525024414
2010-09-17,9.163786888122559
2010-09-20,9.298007011413574
2010-09-21,9.281739234924316
2010-09-22,9.23699951171875
2010-09-23,9.224798202514648
2010-09-24,9.403766632080078
2010-09-27,9.407830238342285
2010-09-28,9.420032501220703
2010-09-29,9.399697303771973
2010-09-30,9.363090515136719
2010-10-01,9.36715316772461
2010-10-04,9.289875030517578
2010-10-05,9.472909927368164
2010-10-06,9.428163528442383
2010-10-07,9.428163528442383
2010-10-08,9.48104190826416
2010-10-11,9.49731159210205
2010-10-12,9.554258346557617
2010-10-13,9.631531715393066
2010-10-14,9.635601043701172
2010-10-15,9.798296928405762
2010-10-18,9.863374710083008
2010-10-19,9.688478469848633
2010-10-20,9.769826889038086
2010-10-21,9.777963638305664
2010-10-22,9.806429862976074
2010-10-25,9.834905624389648
2010-10-26,9.859302520751953
2010-10-27,9.887779235839844
2010-10-28,9.887779235839844
2010-10-29,9.904047966003418
2010-11-01,9.912181854248047
2010-11-02,10.009800910949707
2010-11-03,10.066744804382324
2010-11-04,10.217239379882812
2010-11-05,10.209101676940918
2010-11-08,10.217239379882812
2010-11-09,10.188762664794922
2010-11-10,10.196895599365234
2010-11-11,10.042339324951172
2010-11-12,9.899982452392578
2010-11-15,9.871509552001953
2010-11-16,9.692546844482422
2010-11-17,9.696611404418945
2010-11-18,9.859302520751953
2010-11-19,9.887779235839844
2010-11-22,9.944722175598145
2010-11-23,9.798296928405762
2010-11-24,9.960994720458984
2010-11-26,9.863374710083008
2010-11-29,9.838972091674805
2010-11-30,9.741351127624512
2010-12-01,9.9487886428833
2010-12-02,10.066744804382324
2010-12-03,10.091150283813477
2010-12-06,10.091150283813477
2010-12-07,10.103350639343262
2010-12-08,10.188762664794922
2010-12-09,10.196895599365234
2010-12-10,10.245706558227539
2010-12-13,10.225370407104492
2010-12-14,10.241640090942383
2010-12-15,10.200967788696289
2010-12-16,10.217239379882812
2010-12-17,10.23764705657959
2010-12-20,10.245809555053711
2010-12-21,10.30704116821289
2010-12-22,10.294795036315918
2010-12-23,10.2907133102417
2010-12-27,10.311121940612793
2010-12-28,10.298874855041504
2010-12-29,10.319286346435547
2010-12-30,10.294795036315918
2010-12-31,10.282546997070312
2011-01-03,10.396838188171387
2011-01-04,10.437661170959473
2011-01-05,10.498892784118652
2011-01-06,10.560125350952148
2011-01-07,10.511137962341309
2011-01-10,10.519306182861328
2011-01-11,10.502978324890137
2011-01-12,10.596860885620117
2011-01-13,10.58869457244873
2011-01-14,10.682581901550293
2011-01-18,10.694828987121582
2011-01-19,10.617269515991211
2011-01-20,10.560125350952148
2011-01-21,10.498892784118652
2011-01-24,10.645846366882324
2011-01-25,10.694828987121582
2011-01-26,10.756059646606445
2011-01-27,10.792798042297363
2011-01-28,10.543797492980957
2011-01-31,10.609107971191406
2011-02-01,10.788719177246094
2011-02-02,10.809127807617188
2011-02-03,10.825451850891113
2011-02-04,10.894844055175781
2011-02-07,10.947914123535156
2011-02-08,10.992815971374512
2011-02-09,10.972402572631836
2011-02-10,10.923421859741211
2011-02-11,10.980569839477539
2011-02-14,10.996896743774414
2011-02-15,10.956080436706543
2011-02-16,11.017308235168457
2011-02-17,11.03771686553955
2011-02-18,11.021391868591309
2011-02-22,10.751980781555176
2011-02-23,10.625435829162598
2011-02-24,10.6621732711792
2011-02-25,10.796880722045898
2011-02-28,10.841774940490723
2011-03-01,10.633597373962402
2011-03-02,10.698908805847168
2011-03-03,10.870354652404785
2011-03-04,10.784634590148926
2011-03-07,10.645846366882324
2011-03-08,10.735651016235352
2011-03-09,10.690749168395996
2011-03-10,10.490730285644531
2011-03-11,10.531546592712402
2011-03-14,10.482564926147461
2011-03-15,10.327447891235352
2011-03-16,10.074366569519043
2011-03-17,10.180500030517578
2011-03-18,10.19852352142334
2011-03-21,10.37054443359375
2011-03-22,10.354162216186523
2011-03-23,10.411503791809082
2011-03-24,10.575335502624512
2011-03-25,10.599909782409668
2011-03-28,10.575335502624512
2011-03-29,10.649056434631348
2011-03-30,10.694109916687012
2011-03-31,10.673632621765137
2011-04-01,10.653151512145996
2011-04-04,10.616288185119629
2011-04-05,10.599909782409668
2011-04-06,10.677728652954102
2011-04-07,10.681821823120117
2011-04-08,10.620388984680176
2011-04-11,10.604004859924316
2011-04-12,10.517990112304688
2011-04-13,10.58351993560791
2011-04-14,10.5630464553833
2011-04-15,10.542569160461426
2011-04-18,10.448362350463867
2011-04-19,10.477032661437988
2011-04-20,10.698206901550293
2011-04-21,10.79240894317627
2011-04-25,10.800601959228516
2011-04-26,10.890707015991211
2011-04-27,10.956241607666016
2011-04-28,10.960339546203613
2011-04-29,10.95214557647705
2011-05-02,10.911186218261719
2011-05-03,10.915282249450684
2011-05-04,10.882519721984863
2011-05-05,10.825176239013672
2011-05-06,10.84565544128418
2011-05-09,10.890707015991211
2011-05-10,10.989006042480469
2011-05-11,10.890707015991211
2011-05-12,10.972622871398926
2011-05-13,10.837461471557617
2011-05-16,10.681821823120117
2011-05-17,10.681821823120117
2011-05-18,10.75964069366455
2011-05-19,10.780122756958008
2011-05-20,10.718684196472168
2011-05-23,10.567140579223633
2011-05-24,10.534374237060547
2011-05-25,10.567140579223633
2011-05-26,10.63676929473877
2011-05-27,10.690017700195312
2011-05-31,10.837461471557617
2011-06-01,10.61219310760498
2011-06-02,10.620388984680176
2011-06-03,10.460652351379395
2011-06-06,10.382829666137695
2011-06-07,10.350067138671875
2011-06-08,10.280435562133789
2011-06-09,10.288629531860352
2011-06-10,10.145272254943848
2011-06-13,10.153463363647461
2011-06-14,10.280435562133789
2011-06-15,10.087934494018555
2011-06-16,10.063360214233398
2011-06-17,10.054312705993652
2011-06-20,10.09132194519043
2011-06-21,10.272256851196289
2011-06-22,10.198236465454102
2011-06-23,10.268143653869629
2011-06-24,10.09132194519043
2011-06-27,10.227023124694824
2011-06-28,10.354497909545898
2011-06-29,10.436744689941406
2011-06-30,10.568336486816406
2011-07-01,10.741047859191895
2011-07-05,10.757495880126953
2011-07-06,10.806839942932129
2011-07-07,10.938432693481445
2011-07-08,10.884971618652344
2011-07-11,10.704036712646484
2011-07-12,10.609457969665527
2011-07-13,10.634132385253906
2011-07-14,10.543656349182129
2011-07-15,10.65880298614502
2011-07-18,10.621796607971191
2011-07-19,10.876750946044922
2011-07-20,10.843852996826172
2011-07-21,10.893195152282715
2011-07-22,10.987780570983887
2011-07-25,10.95899486541748
2011-07-26,11.00833797454834
2011-07-27,10.716375350952148
2011-07-28,10.69992446899414
2011-07-29,10.613570213317871
2011-08-01,10.605348587036133
2011-08-02,10.383288383483887
2011-08-03,10.490204811096191
2011-08-04,10.066650390625
2011-08-05,10.004965782165527
2011-08-08,9.441595077514648
2011-08-09,9.87337589263916
2011-08-10,9.486827850341797
2011-08-11,9.848700523376465
2011-08-12,9.918611526489258
2011-08-15,10.095434188842773
2011-08-16,10.02141284942627
2011-08-17,9.976179122924805
2011-08-18,9.49094295501709
2011-08-19,9.260663032531738
2011-08-22,9.310005187988281
2011-08-23,9.651314735412598
2011-08-24,9.7376708984375
2011-08-25,9.597857475280762
2011-08-26,9.787018775939941
2011-08-29,10.0337553024292
2011-08-30,10.074872970581055
2011-08-31,10.050199508666992
2011-09-01,9.93917179107666
2011-09-02,9.713003158569336
2011-09-06,9.667769432067871
2011-09-07,9.918611526489258
2011-09-08,9.869261741638184
2011-09-09,9.6595458984375
2011-09-12,9.774681091308594
2011-09-13,9.889820098876953
2011-09-14,10.03786563873291
2011-09-15,10.198236465454102
2011-09-16,10.31134033203125
2011-09-19,10.286572456359863
2011-09-20,10.261808395385742
2011-09-21,10.109078407287598
2011-09-22,9.79535961151123
2011-09-23,9.906811714172363
2011-09-26,10.030649185180664
2011-09-27,10.158614158630371
2011-09-28,10.014135360717773
2011-09-29,9.993499755859375
2011-09-30,9.741698265075684
2011-10-03,9.522923469543457
2011-10-04,9.716930389404297
2011-10-05,9.919198036193848
2011-10-06,10.06779956817627
2011-10-07,10.030649185180664
2011-10-10,10.340232849121094
2011-10-11,10.385641098022461
2011-10-12,10.431051254272461
2011-10-13,10.546626091003418
2011-10-14,10.732382774353027
2011-10-17,10.563138008117676
2011-10-18,10.658082008361816
2011-10-19,10.451690673828125
2011-10-20,10.406282424926758
2011-10-21,10.538374900817871
2011-10-24,10.703487396240234
2011-10-25,10.5342435836792
2011-10-26,10.5796537399292
2011-10-27,10.893363952636719
2011-10-28,10.930516242980957
2011-10-31,10.736506462097168
2011-11-01,10.43930435180664
2011-11-02,10.567265510559082
2011-11-03,10.819063186645508
2011-11-04,10.75301742553711
2011-11-07,10.819063186645508
2011-11-08,10.942903518676758
2011-11-09,10.563138008117676
2011-11-10,10.596162796020508
2011-11-11,10.79842472076416
2011-11-14,10.715869903564453
2011-11-15,10.860344886779785
2011-11-16,10.699356079101562
2011-11-17,10.492969512939453
2011-11-18,10.406282424926758
2011-11-21,10.224658012390137
2011-11-22,10.208147048950195
2011-11-23,9.964601516723633
2011-11-25,9.910940170288086
2011-11-28,10.237037658691406
2011-11-29,10.183382034301758
2011-11-30,10.57552433013916
2011-12-01,10.63331127166748
2011-12-02,10.62506103515625
2011-12-05,10.744763374328613
2011-12-06,10.74063491821289
2011-12-07,10.75301742553711
2011-12-08,10.583772659301758
2011-12-09,10.748894691467285
2011-12-12,10.612671852111816
2011-12-13,10.513602256774902
2011-12-14,10.352619171142578
2011-12-15,10.327850341796875
2011-12-16,10.356457710266113
2011-12-19,10.2569580078125
2011-12-20,10.54716968536377
2011-12-21,10.37304401397705
2011-12-22,10.49327564239502
2011-12-23,10.596918106079102
2011-12-27,10.613505363464355
2011-12-28,10.505708694458008
2011-12-29,10.584486961364746
2011-12-30,10.551318168640137
2012-01-03,10.700569152832031
2012-01-04,10.72959041595459
2012-01-05,10.762760162353516
2012-01-06,10.766902923583984
2012-01-09,10.750320434570312
2012-01-10,10.787629127502441
2012-01-11,10.820801734924316
2012-01-12,10.87469482421875
2012-01-13,10.81251049041748
2012-01-17,10.862257957458496
2012-01-18,11.019803047180176
2012-01-19,11.098573684692383
2012-01-20,11.111013412475586
2012-01-23,11.148324966430664
2012-01-24,11.140034675598145
2012-01-25,11.227099418640137
2012-01-26,11.152472496032715
2012-01-27,11.152472496032715
2012-01-30,11.185638427734375
2012-01-31,11.206369400024414
2012-02-01,11.318306922912598
2012-02-02,11.347332954406738
2012-02-03,11.492436408996582
2012-02-06,11.49658203125
2012-02-07,11.525601387023926
2012-02-08,11.596081733703613
2012-02-09,11.708023071289062
2012-02-10,11.62095832824707
2012-02-13,11.69558334350586
2012-02-14,11.716315269470215
2012-02-15,11.65412425994873
2012-02-16,11.824108123779297
2012-02-17,11.824108123779297
2012-02-21,11.873856544494629
2012-02-22,11.832404136657715
2012-02-23,11.878003120422363
2012-02-24,11.948479652404785
2012-02-27,11.969217300415039
2012-02-28,12.056282997131348
2012-02-29,12.002382278442383
2012-03-01,12.072864532470703
2012-03-02,12.056282997131348
2012-03-05,11.952631950378418
2012-03-06,11.836546897888184
2012-03-07,11.92360782623291
2012-03-08,12.043838500976562
2012-03-09,12.097736358642578
2012-03-12,12.114317893981934
2012-03-13,12.35478401184082
2012-03-14,12.400386810302734
2012-03-15,12.433555603027344
2012-03-16,12.42773151397705
2012-03-19,12.51923656463623
2012-03-20,12.506756782531738
2012-03-21,12.502593994140625
2012-03-22,12.47348403930664
2012-03-23,12.47348403930664
2012-03-26,12.656487464904785
2012-03-27,12.652327537536621
2012-03-28,12.60658073425293
2012-03-29,12.581624031066895
2012-03-30,12.544187545776367
2012-04-02,12.677286148071289
2012-04-03,12.668966293334961
2012-04-04,12.51923656463623
2012-04-05,12.54835319519043
2012-04-09,12.461008071899414
2012-04-10,12.286317825317383
2012-04-11,12.357029914855957
2012-04-12,12.510916709899902
2012-04-13,12.315436363220215
2012-04-16,12.186497688293457
2012-04-17,12.452692985534668
2012-04-18,12.361185073852539
2012-04-19,12.22392749786377
2012-04-20,12.178175926208496
2012-04-23,12.082517623901367
2012-04-24,12.057561874389648
2012-04-25,12.39862060546875
2012-04-26,12.494283676147461
2012-04-27,12.490119934082031
2012-04-30,12.402776718139648
2012-05-01,12.444369316101074
2012-05-02,12.452692985534668
2012-05-03,12.34870719909668
2012-05-04,12.090838432312012
2012-05-07,12.057561874389648
2012-05-08,12.015968322753906
2012-05-09,12.015968322753906
2012-05-10,11.924468040466309
2012-05-11,11.932785034179688
2012-05-14,11.828805923461914
2012-05-15,11.795533180236816
2012-05-16,11.699870109558105
2012-05-17,11.533498764038086
2012-05-18,11.42536449432373
2012-05-21,11.708185195922852
2012-05-22,11.670755386352539
2012-05-23,11.683231353759766
2012-05-24,11.616687774658203
2012-05-25,11.591731071472168
2012-05-29,11.745623588562012
2012-05-30,11.670755386352539
2012-05-31,11.616687774658203
2012-06-01,11.313061714172363
2012-06-04,11.37961196899414
2012-06-05,11.450315475463867
2012-06-06,11.712347030639648
2012-06-07,11.654117584228516
2012-06-08,11.783056259155273
2012-06-11,11.616687774658203
2012-06-12,11.733141899108887
2012-06-13,11.662440299987793
2012-06-14,11.720669746398926
2012-06-15,11.845513343811035
2012-06-18,11.933192253112793
2012-06-19,12.025052070617676
2012-06-20,12.04592514038086
2012-06-21,11.76200008392334
2012-06-22,11.891438484191895
2012-06-25,11.64926815032959
2012-06-26,11.695196151733398
2012-06-27,11.766176223754883
2012-06-28,11.670145988464355
2012-06-29,11.995820045471191
2012-07-02,12.062626838684082
2012-07-03,12.158660888671875
2012-07-05,12.158660888671875
2012-07-06,11.979118347167969
2012-07-09,11.954069137573242
2012-07-10,11.820455551147461
2012-07-11,11.766176223754883
2012-07-12,11.64926815032959
2012-07-13,11.803756713867188
2012-07-16,11.791232109069824
2012-07-17,11.837158203125
2012-07-18,12.04175090789795
2012-07-19,12.146135330200195
2012-07-20,12.008349418640137
2012-07-23,11.891438484191895
2012-07-24,11.770352363586426
2012-07-25,11.7244234085083
2012-07-26,11.903965950012207
2012-07-27,12.162837028503418
2012-07-30,12.167011260986328
2012-07-31,12.217114448547363
2012-08-01,12.175360679626465
2012-08-02,12.096030235290527
2012-08-03,12.334026336669922
2012-08-06,12.421709060668945
2012-08-07,12.50521469116211
2012-08-08,12.509391784667969
2012-08-09,12.551143646240234
2012-08-10,12.580373764038086
2012-08-13,12.617953300476074
2012-08-14,12.592901229858398
2012-08-15,12.597075462341309
2012-08-16,12.76826286315918
2012-08-17,12.839244842529297
2012-08-20,12.85176944732666
2012-08-21,12.76826286315918
2012-08-22,12.789139747619629
2012-08-23,12.684757232666016
2012-08-24,12.764087677001953
2012-08-27,12.77661418914795
2012-08-28,12.74738597869873
2012-08-29,12.772439956665039
2012-08-30,12.630476951599121
2012-08-31,12.73068618774414
2012-09-04,12.73068618774414
2012-09-05,12.718160629272461
2012-09-06,13.002083778381348
2012-09-07,12.981208801269531
2012-09-10,12.84342098236084
2012-09-11,12.876827239990234
2012-09-12,12.94780445098877
2012-09-13,13.123174667358398
2012-09-14,13.185802459716797
2012-09-17,13.198332786560059
2012-09-18,13.20667552947998
2012-09-19,13.219202041625977
2012-09-20,13.194154739379883
2012-09-21,13.210921287536621
2012-09-24,13.127065658569336
2012-09-25,12.942596435546875
2012-09-26,12.850357055664062
2012-09-27,13.01806354522705
2012-09-28,12.925824165344238
2012-10-01,12.896475791931152
2012-10-02,12.913246154785156
2012-10-03,12.980328559875488
2012-10-04,13.01806354522705
2012-10-05,12.950982093811035
2012-10-08,12.816817283630371
2012-10-09,12.653304100036621
2012-10-10,12.60299015045166
2012-10-11,12.552687644958496
2012-10-12,12.544294357299805
2012-10-15,12.607187271118164
2012-10-16,12.779082298278809
2012-10-17,12.712004661560059
2012-10-18,12.565258979797363
2012-10-19,12.280162811279297
2012-10-22,12.364011764526367
2012-10-23,12.229850769042969
2012-10-24,12.158576011657715
2012-10-25,12.13341999053955
2012-10-26,12.15438461303711
2012-10-31,12.104071617126465
2012-11-01,12.301126480102539
2012-11-02,12.141805648803711
2012-11-05,12.208887100219727
2012-11-06,12.263392448425293
2012-11-07,11.957331657409668
2012-11-08,11.785433769226074
2012-11-09,11.839940071105957
2012-11-12,11.823166847229004
2012-11-13,11.764472961425781
2012-11-14,11.647078514099121
2012-11-15,11.579997062683105
2012-11-16,11.59676742553711
2012-11-19,11.915406227111816
2012-11-20,11.865093231201172
2012-11-21,11.90282917022705
2012-11-23,12.095684051513672
2012-11-26,12.150191307067871
2012-11-27,12.095684051513672
2012-11-28,12.166963577270508
2012-11-29,12.225655555725098
2012-11-30,12.213080406188965
2012-12-03,12.196310997009277
2012-12-04,12.175344467163086
2012-12-05,12.053760528564453
2012-12-06,12.12503719329834
2012-12-07,12.062146186828613
2012-12-10,12.091495513916016
2012-12-11,12.255003929138184
2012-12-12,12.234045028686523
2012-12-13,12.145998001098633
2012-12-14,12.028602600097656
2012-12-17,12.175344467163086
2012-12-18,12.355629920959473
2012-12-19,12.292737007141113
2012-12-20,12.313703536987305
2012-12-21,12.207441329956055
2012-12-24,12.173707008361816
2012-12-26,12.106236457824707
2012-12-27,12.093585014343262
2012-12-28,11.958653450012207
2012-12-31,12.165270805358887
2013-01-02,12.570079803466797
2013-01-03,12.489965438842773
2013-01-04,12.439361572265625
2013-01-07,12.422493934631348
2013-01-08,12.376108169555664
2013-01-09,12.397192001342773
2013-01-10,12.46044635772705
2013-01-11,12.477313995361328
2013-01-14,12.397192001342773
2013-01-15,12.317073822021484
2013-01-16,12.359244346618652
2013-01-17,12.409842491149902
2013-01-18,12.392977714538574
2013-01-22,12.426714897155762
2013-01-23,12.557428359985352
2013-01-24,12.342378616333008
2013-01-25,12.355027198791504
2013-01-28,12.397192001342773
2013-01-29,12.414060592651367
2013-01-30,12.376108169555664
2013-01-31,12.397192001342773
2013-02-01,12.536345481872559
2013-02-04,12.371893882751465
2013-02-05,12.515263557434082
2013-02-06,12.511048316955566
2013-02-07,12.511048316955566
2013-02-08,12.620684623718262
2013-02-11,12.645980834960938
2013-02-12,12.603815078735352
2013-02-13,12.599597930908203
2013-02-14,12.565864562988281
2013-02-15,12.557428359985352
2013-02-19,12.641767501831055
2013-02-20,12.468879699707031
2013-02-21,12.367680549621582
2013-02-22,12.519482612609863
2013-02-25,12.342378616333008
2013-02-26,12.414060592651367
2013-02-27,12.519482612609863
2013-02-28,12.494180679321289
2013-03-01,12.515263557434082
2013-03-04,12.553215980529785
2013-03-05,12.72609806060791
2013-03-06,12.717665672302246
2013-03-07,12.747184753417969
2013-03-08,12.772485733032227
2013-03-11,12.802000999450684
2013-03-12,12.755619049072266
2013-03-13,12.747184753417969
2013-03-14,12.83995532989502
2013-03-15,12.786606788635254
2013-03-18,12.790839195251465
2013-03-19,12.773902893066406
2013-03-20,12.837407112121582
2013-03-21,12.69345760345459
2013-03-22,12.773902893066406
2013-03-25,12.744261741638184
2013-03-26,12.82470989227295
2013-03-27,12.790839195251465
2013-03-28,12.816242218017578
2013-04-01,12.731560707092285
2013-04-02,12.782371520996094
2013-04-03,12.680756568908691
2013-04-04,12.684985160827637
2013-04-05,12.587605476379395
2013-04-08,12.64264965057373
2013-04-09,12.731560707092285
2013-04-10,12.955965042114258
2013-04-11,12.913623809814453
2013-04-12,12.8585786819458
2013-04-15,12.646883010864258
2013-04-16,12.803542137145996
2013-04-17,12.541035652160645
2013-04-18,12.409781455993652
2013-04-19,12.426714897155762
2013-04-22,12.524100303649902
2013-04-23,12.659587860107422
2013-04-24,12.680756568908691
2013-04-25,12.72309398651123
2013-04-26,12.718856811523438
2013-04-29,12.900922775268555
2013-04-30,13.040643692016602
2013-05-01,12.926323890686035
2013-05-02,13.091446876525879
2013-05-03,13.214237213134766
2013-05-06,13.27774429321289
2013-05-07,13.269274711608887
2013-05-08,13.37512493133545
2013-05-09,13.337021827697754
2013-05-10,13.37512493133545
2013-05-13,13.341256141662598
2013-05-14,13.383594512939453
2013-05-15,13.425931930541992
2013-05-16,13.497910499572754
2013-05-17,13.633399963378906
2013-05-20,13.633399963378906
2013-05-21,13.591056823730469
2013-05-22,13.442869186401367
2013-05-23,13.438637733459473
2013-05-24,13.417469024658203
2013-05-28,13.480974197387695
2013-05-29,13.447102546691895
2013-05-30,13.531781196594238
2013-05-31,13.404765129089355
2013-06-03,13.472506523132324
2013-06-04,13.413233757019043
2013-06-05,13.281977653503418
2013-06-06,13.311616897583008
2013-06-07,13.434401512145996
2013-06-10,13.464037895202637
2013-06-11,13.324317932128906
2013-06-12,13.23540210723877
2013-06-13,13.387825012207031
2013-06-14,13.286212921142578
2013-06-17,13.408998489379883
2013-06-18,13.51484489440918
2013-06-19,13.358189582824707
2013-06-20,13.061810493469238
2013-06-21,12.983087539672852
2013-06-24,12.825644493103027
2013-06-25,12.932021141052246
2013-06-26,13.00861930847168
2013-06-27,13.072453498840332
2013-06-28,13.017129898071289
2013-07-01,13.085213661193848
2013-07-02,13.106490135192871
2013-07-03,13.183091163635254
2013-07-05,13.26819896697998
2013-07-08,13.259684562683105
2013-07-09,13.310751914978027
2013-07-10,13.353302001953125
2013-07-11,13.578839302062988
2013-07-12,13.587347030639648
2013-07-15,13.625646591186523
2013-07-16,13.63415813446045
2013-07-17,13.646924018859863
2013-07-18,13.612881660461426
2013-07-19,13.383092880249023
2013-07-22,13.421391487121582
2013-07-23,13.366070747375488
2013-07-24,13.455428123474121
2013-07-25,13.463943481445312
2013-07-26,13.502240180969238
2013-07-29,13.480962753295898
2013-07-30,13.549049377441406
2013-07-31,13.502240180969238
2013-08-01,13.646924018859863
2013-08-02,13.706497192382812
2013-08-05,13.736287117004395
2013-08-06,13.663947105407715
2013-08-07,13.629901885986328
2013-08-08,13.672459602355957
2013-08-09,13.604369163513184
2013-08-12,13.693732261657715
2013-08-13,13.787352561950684
2013-08-14,13.774584770202637
2013-08-15,13.553302764892578
2013-08-16,13.540534973144531
2013-08-19,13.49798583984375
2013-08-20,13.51926040649414
2013-08-21,13.489473342895508
2013-08-22,13.549049377441406
2013-08-23,13.646924018859863
2013-08-26,13.583088874816895
2013-08-27,13.344793319702148
2013-08-28,13.353302001953125
2013-08-29,13.425646781921387
2013-08-30,13.361815452575684
2013-09-03,13.374581336975098
2013-09-04,13.502240180969238
2013-09-05,13.510751724243164
2013-09-06,13.51926040649414
2013-09-09,13.680971145629883
2013-09-10,13.766070365905762
2013-09-11,13.702239990234375
2013-09-12,13.715007781982422
2013-09-13,13.727774620056152
2013-09-16,13.706497192382812
2013-09-17,13.774584770202637
2013-09-18,13.949050903320312
2013-09-19,13.957565307617188
2013-09-20,13.858363151550293
2013-09-23,13.90112018585205
2013-09-24,13.841255187988281
2013-09-25,13.819879531860352
2013-09-26,13.871188163757324
2013-09-27,13.785669326782227
2013-09-30,13.700154304504395
2013-10-01,13.819879531860352
2013-10-02,13.824155807495117
2013-10-03,13.704428672790527
2013-10-04,13.760015487670898
2013-10-07,13.700154304504395
2013-10-08,13.482077598571777
2013-10-09,13.533390998840332
2013-10-10,13.760015487670898
2013-10-11,13.875465393066406
2013-10-14,13.922500610351562
2013-10-15,13.836980819702148
2013-10-16,13.969536781311035
2013-10-17,13.973814964294434
2013-10-18,14.213264465332031
2013-10-21,14.290234565734863
2013-10-22,14.285954475402832
2013-10-23,14.21753978729248
2013-10-24,14.251749992370605
2013-10-25,14.324440956115723
2013-10-28,14.371477127075195
2013-10-29,14.465551376342773
2013-10-30,14.435612678527832
2013-10-31,14.388578414916992
2013-11-01,14.392852783203125
2013-11-04,14.448444366455078
2013-11-05,14.409961700439453
2013-11-06,14.55534553527832
2013-11-07,14.36720085144043
2013-11-08,14.495482444763184
2013-11-11,14.512578964233398
2013-11-12,14.551065444946289
2013-11-13,14.675067901611328
2013-11-14,14.636591911315918
2013-11-15,14.666516304016113
2013-11-18,14.610928535461426
2013-11-19,14.559617042541504
2013-11-20,14.512578964233398
2013-11-21,14.636591911315918
2013-11-22,14.60665225982666
2013-11-25,14.60665225982666
2013-11-26,14.657968521118164
2013-11-27,14.773417472839355
2013-11-29,14.833281517028809
2013-12-02,14.786249160766602
2013-12-03,14.820451736450195
2013-12-04,14.833281517028809
2013-12-05,14.786249160766602
2013-12-06,14.888867378234863
2013-12-09,14.935901641845703
2013-12-10,14.905967712402344
2013-12-11,14.76913833618164
2013-12-12,14.670791625976562
2013-12-13,14.623764038085938
2013-12-16,14.76913833618164
2013-12-17,14.764863967895508
2013-12-18,14.880315780639648
2013-12-19,14.905967712402344
2013-12-20,15.022419929504395
2013-12-23,15.220085144042969
2013-12-24,15.263050079345703
2013-12-26,15.301728248596191
2013-12-27,15.288837432861328
2013-12-30,15.258757591247559
2013-12-31,15.357588768005371
2014-01-02,15.207193374633789
2014-01-03,15.13414192199707
2014-01-06,15.108362197875977
2014-01-07,15.245858192443848
2014-01-08,15.245858192443848
2014-01-09,15.14703369140625
2014-01-10,15.177115440368652
2014-01-13,15.013822555541992
2014-01-14,15.267350196838379
2014-01-15,15.45212173461914
2014-01-16,15.447826385498047
2014-01-17,15.36189079284668
2014-01-21,15.439231872558594
2014-01-22,15.422043800354004
2014-01-23,15.391963005065918
2014-01-24,15.095464706420898
2014-01-27,14.953668594360352
2014-01-28,14.863429069519043
2014-01-29,14.747408866882324
2014-01-30,14.927888870239258
2014-01-31,14.962262153625488
2014-02-03,14.648575782775879
2014-02-04,14.70444107055664
2014-02-05,14.717329025268555
2014-02-06,14.880617141723633
2014-02-07,15.082582473754883
2014-02-10,15.112656593322754
2014-02-11,15.2974271774292
2014-02-12,15.357588768005371
2014-02-13,15.469313621520996
2014-02-14,15.499393463134766
2014-02-18,15.507984161376953
2014-02-19,15.456417083740234
2014-02-20,15.507984161376953
2014-02-21,15.447826385498047
2014-02-24,15.507984161376953
2014-02-25,15.465012550354004
2014-02-26,15.477909088134766
2014-02-27,15.602516174316406
2014-02-28,15.619710922241211
2014-03-03,15.45212173461914
2014-03-04,15.654081344604492
2014-03-05,15.675570487976074
2014-03-06,15.697053909301758
2014-03-07,15.649784088134766
2014-03-10,15.624005317687988
2014-03-11,15.589628219604492
2014-03-12,15.615409851074219
2014-03-13,15.404854774475098
2014-03-14,15.310315132141113
2014-03-17,15.49079418182373
2014-03-18,15.692758560180664
2014-03-19,15.628302574157715
2014-03-20,15.748621940612793
2014-03-21,15.669641494750977
2014-03-24,15.656697273254395
2014-03-25,15.751635551452637
2014-03-26,15.56175708770752
2014-03-27,15.505656242370605
2014-03-28,15.566073417663574
2014-03-31,15.686905860900879
2014-04-01,15.872469902038574
2014-04-02,15.88110637664795
2014-04-03,15.803425788879395
2014-04-04,15.501341819763184
2014-04-07,15.380500793457031
2014-04-08,15.518598556518555
2014-04-09,15.725749015808105
2014-04-10,15.363239288330078
2014-04-11,15.190625190734863
2014-04-14,15.341669082641602
2014-04-15,15.419344902038574
2014-04-16,15.57038688659668
2014-04-17,15.548811912536621
2014-04-21,15.609228134155273
2014-04-22,15.673957824707031
2014-04-23,15.505656242370605
2014-04-24,15.626482009887695
2014-04-25,15.427980422973633
2014-04-28,15.57470417022705
2014-04-29,15.68259048461914
2014-04-30,15.730063438415527
2014-05-01,15.747320175170898
2014-05-02,15.704170227050781
2014-05-05,15.786166191101074
2014-05-06,15.609228134155273
2014-05-07,15.6178617477417
2014-05-08,15.661012649536133
2014-05-09,15.678277969360352
2014-05-12,15.88973617553711
2014-05-13,15.898359298706055
2014-05-14,15.824999809265137
2014-05-15,15.730063438415527
2014-05-16,15.829322814941406
2014-05-19,15.932889938354492
2014-05-20,15.842264175415039
2014-05-21,15.950153350830078
2014-05-22,15.980362892150879
2014-05-23,16.1141414642334
2014-05-27,16.252243041992188
2014-05-28,16.209083557128906
2014-05-29,16.304025650024414
2014-05-30,16.321292877197266
2014-06-02,16.295398712158203
2014-06-03,16.26950454711914
2014-06-04,16.299718856811523
2014-06-05,16.40760040283203
2014-06-06,16.480960845947266
2014-06-09,16.532747268676758
2014-06-10,16.541379928588867
2014-06-11,16.502540588378906
2014-06-12,16.360124588012695
2014-06-13,16.4550724029541
2014-06-16,16.4550724029541
2014-06-17,16.493906021118164
2014-06-18,16.580217361450195
2014-06-19,16.550003051757812
2014-06-20,16.513586044311523
2014-06-23,16.5612735748291
2014-06-24,16.47457504272461
2014-06-25,16.53959846496582
2014-06-26,16.522266387939453
2014-06-27,16.62198257446289
2014-06-30,16.62630844116211
2014-07-01,16.79539680480957
2014-07-02,16.8127384185791
2014-07-03,16.886444091796875
2014-07-07,16.90378189086914
2014-07-08,16.752038955688477
2014-07-09,16.834407806396484
2014-07-10,16.78672218322754
2014-07-11,16.873430252075195
2014-07-14,16.994827270507812
2014-07-15,16.964475631713867
2014-07-16,17.120555877685547
2014-07-17,16.899442672729492
2014-07-18,17.10320472717285
2014-07-21,17.08152961730957
2014-07-22,17.224597930908203
2014-07-23,17.25494956970215
2014-07-24,17.241941452026367
2014-07-25,17.22026252746582
2014-07-28,17.250612258911133
2014-07-29,17.215930938720703
2014-07-30,17.233274459838867
2014-07-31,16.908111572265625
2014-08-01,16.81707191467285
2014-08-04,16.938467025756836
2014-08-05,16.778047561645508
2014-08-06,16.726030349731445
2014-08-07,16.656661987304688
2014-08-08,16.76504898071289
2014-08-11,16.8474178314209
2014-08-12,16.8387451171875
2014-08-13,17.00349998474121
2014-08-14,17.033838272094727
2014-08-15,17.033838272094727
2014-08-18,17.194252014160156
2014-08-19,17.302635192871094
2014-08-20,17.302635192871094
2014-08-21,17.385013580322266
2014-08-22,17.389345169067383
2014-08-25,17.406694412231445
2014-08-26,17.41536521911621
2014-08-27,17.411029815673828
2014-08-28,17.385013580322266
2014-08-29,17.46305274963379
2014-09-02,17.467391967773438
2014-09-03,17.37200355529785
2014-09-04,17.363330841064453
2014-09-05,17.467391967773438
2014-09-08,17.49339485168457
2014-09-09,17.367671966552734
2014-09-10,17.47171974182129
2014-09-11,17.510738372802734
2014-09-12,17.437036514282227
2014-09-15,17.332983016967773
2014-09-16,17.46305274963379
2014-09-17,17.497730255126953
2014-09-18,17.601783752441406
2014-09-19,17.56433868408203
2014-09-22,17.446779251098633
2014-09-23,17.407588958740234
2014-09-24,17.520803451538086
2014-09-25,17.13763999938965
2014-09-26,17.324859619140625
2014-09-29,17.320507049560547
2014-09-30,17.37274742126465
2014-10-01,17.102802276611328
2014-10-02,17.094099044799805
2014-10-03,17.233434677124023
2014-10-06,17.2377872467041
2014-10-07,16.967824935913086
2014-10-08,17.29002571105957
2014-10-09,17.00265884399414
2014-10-10,16.5672550201416
2014-10-13,16.384387969970703
2014-10-14,16.410505294799805
2014-10-15,16.29729652404785
2014-10-16,16.201505661010742
2014-10-17,16.39308738708496
2014-10-20,16.510648727416992
2014-10-21,16.832849502563477
2014-10-22,16.754478454589844
2014-10-23,16.94170379638672
2014-10-24,17.089738845825195
2014-10-27,17.10715675354004
2014-10-28,17.342283248901367
2014-10-29,17.324859619140625
2014-10-30,17.381465911865234
2014-10-31,17.651412963867188
2014-11-03,17.725440979003906
2014-11-04,17.7210750579834
2014-11-05,17.768978118896484
2014-11-06,17.760272979736328
2014-11-07,17.782041549682617
2014-11-10,17.829938888549805
2014-11-11,17.838651657104492
2014-11-12,17.895244598388672
2014-11-13,17.99104118347168
2014-11-14,18.117305755615234
2014-11-17,18.082473754882812
2014-11-18,18.143428802490234
2014-11-19,18.0258731842041
2014-11-20,18.117305755615234
2014-11-21,18.143428802490234
2014-11-24,18.239213943481445
2014-11-25,18.247926712036133
2014-11-26,18.41338348388672
2014-11-28,18.50046157836914
2014-12-01,18.29146385192871
2014-12-02,18.295822143554688
2014-12-03,18.36113166809082
2014-12-04,18.36113166809082
2014-12-05,18.339357376098633
2014-12-08,18.152137756347656
2014-12-09,18.147783279418945
2014-12-10,17.873472213745117
2014-12-11,17.951854705810547
2014-12-12,17.686248779296875
2014-12-15,17.577396392822266
2014-12-16,17.342283248901367
2014-12-17,17.668838500976562
2014-12-18,18.173906326293945
2014-12-19,18.19403839111328
2014-12-22,18.412872314453125
2014-12-23,18.461021423339844
2014-12-24,18.443519592285156
2014-12-26,18.522289276123047
2014-12-29,18.430377960205078
2014-12-30,18.299081802368164
2014-12-31,18.09774398803711
2015-01-02,18.062740325927734
2015-01-05,17.787004470825195
2015-01-06,17.57254981994629
2015-01-07,17.72135353088379
2015-01-08,18.110881805419922
2015-01-09,18.05398178100586
2015-01-12,17.843904495239258
2015-01-13,17.830772399902344
2015-01-14,17.73011016845703
2015-01-15,17.502517700195312
2015-01-16,17.673206329345703
2015-01-20,17.822021484375
2015-01-21,17.852657318115234
2015-01-22,18.145898818969727
2015-01-23,18.141517639160156
2015-01-26,18.06711196899414
2015-01-27,17.54628562927246
2015-01-28,17.515647888183594
2015-01-29,17.681964874267578
2015-01-30,17.46312141418457
2015-02-02,17.6425724029541
2015-02-03,17.843904495239258
2015-02-04,17.8789119720459
2015-02-05,18.04523277282715
2015-02-06,17.988332748413086
2015-02-09,17.962074279785156
2015-02-10,18.229055404663086
2015-02-11,18.299081802368164
2015-02-12,18.54855728149414
2015-02-13,18.666725158691406
2015-02-17,18.67548179626465
2015-02-18,18.692989349365234
2015-02-19,18.758638381958008
2015-02-20,18.854923248291016
2015-02-23,18.868053436279297
2015-02-24,18.92495346069336
2015-02-25,18.806781768798828
2015-02-26,18.92495346069336
2015-02-27,18.85930061340332
2015-03-02,19.00810432434082
2015-03-03,18.88118553161621
2015-03-04,18.806781768798828
2015-03-05,18.784893035888672
2015-03-06,18.55293083190918
2015-03-09,18.640460968017578
2015-03-10,18.25969123840332
2015-03-11,18.141517639160156
2015-03-12,18.25969123840332
2015-03-13,18.159029006958008
2015-03-16,18.373483657836914
2015-03-17,18.377859115600586
2015-03-18,18.627338409423828
2015-03-19,18.574811935424805
2015-03-20,18.694787979125977
2015-03-23,18.694787979125977
2015-03-24,18.633264541625977
2015-03-25,18.15424919128418
2015-03-26,18.16742515563965
2015-03-27,18.180612564086914
2015-03-30,18.400344848632812
2015-03-31,18.21137809753418
2015-04-01,18.185012817382812
2015-04-02,18.180612564086914
2015-04-06,18.356403350830078
2015-04-07,18.316850662231445
2015-04-08,18.37398338317871
2015-04-09,18.422319412231445
2015-04-10,18.49263572692871
2015-04-13,18.439905166625977
2015-04-14,18.38277244567871
2015-04-15,18.54537010192871
2015-04-16,18.479446411132812
2015-04-17,18.224567413330078
2015-04-20,18.536575317382812
2015-04-21,18.527795791625977
2015-04-22,18.71675682067871
2015-04-23,18.791471481323242
2015-04-24,18.954071044921875
2015-04-27,19.00680160522461
2015-04-28,19.068328857421875
2015-04-29,18.976043701171875
2015-04-30,18.712366104125977
2015-05-01,18.940885543823242
2015-05-04,18.958465576171875
2015-05-05,18.66402816772461
2015-05-06,18.505817413330078
2015-05-07,18.642053604125977
2015-05-08,18.910127639770508
2015-05-11,18.81344985961914
2015-05-12,18.712366104125977
2015-05-13,18.791471481323242
2015-05-14,19.09470558166504
2015-05-15,19.03317642211914
2015-05-18,19.125463485717773
2015-05-19,19.077123641967773
2015-05-20,19.090309143066406
2015-05-21,19.173797607421875
2015-05-22,19.16062355041504
2015-05-26,18.883760452270508
2015-05-27,19.239721298217773
2015-05-28,19.20017433166504
2015-05-29,19.059541702270508
2015-06-01,19.112276077270508
2015-06-02,19.072731018066406
2015-06-03,19.112276077270508
2015-06-04,18.936491012573242
2015-06-05,18.874967575073242
2015-06-08,18.66402816772461
2015-06-09,18.620079040527344
2015-06-10,18.910127639770508
2015-06-11,18.918920516967773
2015-06-12,18.751924514770508
2015-06-15,18.63765525817871
2015-06-16,18.760711669921875
2015-06-17,18.769495010375977
2015-06-18,18.936491012573242
2015-06-19,18.778900146484375
2015-06-22,18.93339729309082
2015-06-23,18.946645736694336
2015-06-24,18.85835838317871
2015-06-25,18.814212799072266
2015-06-26,18.65529441833496
2015-06-29,18.257999420166016
2015-06-30,18.275663375854492
2015-07-01,18.399259567260742
2015-07-02,18.425743103027344
2015-07-06,18.35070037841797
2015-07-07,18.3771915435791
2015-07-08,18.077011108398438
2015-07-09,18.006370544433594
2015-07-10,18.293310165405273
2015-07-13,18.571426391601562
2015-07-14,18.64205551147461
2015-07-15,18.64647102355957
2015-07-16,18.88484764099121
2015-07-17,19.176193237304688
2015-07-20,19.277725219726562
2015-07-21,19.149707794189453
2015-07-22,18.840702056884766
2015-07-23,18.800960540771484
2015-07-24,18.699440002441406
2015-07-27,18.53169059753418
2015-07-28,18.699440002441406
2015-07-29,18.823049545288086
2015-07-30,18.85835838317871
2015-07-31,18.796560287475586
2015-08-03,18.695026397705078
2015-08-04,18.58466911315918
2015-08-05,18.76565933227539
2015-08-06,18.58024787902832
2015-08-07,18.593494415283203
2015-08-10,18.88484764099121
2015-08-11,18.602327346801758
2015-08-12,18.686206817626953
2015-08-13,18.63322639465332
2015-08-14,18.725929260253906
2015-08-17,18.831867218017578
2015-08-18,18.73475456237793
2015-08-19,18.611154556274414
2015-08-20,18.156471252441406
2015-08-21,17.46340560913086
2015-08-24,16.774765014648438
2015-08-25,16.64232635498047
2015-08-26,17.48105812072754
2015-08-27,17.88718605041504
2015-08-28,17.922500610351562
2015-08-31,17.759172439575195
2015-09-01,17.189714431762695
2015-09-02,17.604665756225586
2015-09-03,17.61790657043457
2015-09-04,17.34862518310547
2015-09-08,17.834213256835938
2015-09-09,17.600248336791992
2015-09-10,17.776832580566406
2015-09-11,17.860708236694336
2015-09-14,17.816553115844727
2015-09-15,18.046112060546875
2015-09-16,18.12114906311035
2015-09-17,17.9975528717041
2015-09-18,17.763858795166016
2015-09-21,17.941232681274414
2015-09-22,17.639705657958984
2015-09-23,17.68404197692871
2015-09-24,17.68404197692871
2015-09-25,17.65300750732422
2015-09-28,17.249481201171875
2015-09-29,17.174097061157227
2015-09-30,17.515541076660156
2015-10-01,17.524410247802734
2015-10-02,17.772727966308594
2015-10-05,18.12303924560547
2015-10-06,18.14520835876465
2015-10-07,18.22946548461914
2015-10-08,18.313711166381836
2015-10-09,18.393537521362305
2015-10-12,18.415699005126953
2015-10-13,18.375795364379883
2015-10-14,18.34032440185547
2015-10-15,18.57534408569336
2015-10-16,18.610815048217773
2015-10-19,18.681766510009766
2015-10-20,18.632980346679688
2015-10-21,18.49108123779297
2015-10-22,18.907913208007812
2015-10-23,19.435596466064453
2015-10-26,19.360204696655273
2015-10-27,19.249351501464844
2015-10-28,19.53758430480957
2015-10-29,19.484375
2015-10-30,19.35578155517578
2015-11-02,19.528715133666992
2015-11-03,19.630704879760742
2015-11-04,19.65287971496582
2015-11-05,19.59523582458496
2015-11-06,19.661741256713867
2015-11-09,19.471067428588867
2015-11-10,19.34247589111328
2015-11-11,19.33360481262207
2015-11-12,19.16510009765625
2015-11-13,18.788183212280273
2015-11-16,19.0764217376709
2015-11-17,19.08085060119629
2015-11-18,19.369077682495117
2015-11-19,19.457773208618164
2015-11-20,19.599666595458984
2015-11-23,19.484375
2015-11-24,19.48880386352539
2015-11-25,19.426721572875977
2015-11-27,19.471067428588867
2015-11-30,19.493244171142578
2015-12-01,19.666173934936523
2015-12-02,19.542022705078125
2015-12-03,19.289264678955078
2015-12-04,19.763734817504883
2015-12-07,19.666173934936523
2015-12-08,19.617401123046875
2015-12-09,19.329172134399414
2015-12-10,19.382383346557617
2015-12-11,18.97886085510254
2015-12-14,19.125192642211914
2015-12-15,19.20944595336914
2015-12-16,19.471067428588867
2015-12-17,19.16510009765625
2015-12-18,18.793426513671875
2015-12-21,18.985050201416016
2015-12-22,19.12320899963379
2015-12-23,19.283645629882812
2015-12-24,19.274736404418945
2015-12-28,19.26136016845703
2015-12-29,19.5242977142334
2015-12-30,19.359407424926758
2015-12-31,19.087562561035156
2016-01-04,18.837987899780273
2016-01-05,18.788969039916992
2016-01-06,18.557222366333008
2016-01-07,18.009063720703125
2016-01-08,17.866453170776367
2016-01-11,17.982324600219727
2016-01-12,18.196245193481445
2016-01-13,17.706016540527344
2016-01-14,18.040260314941406
2016-01-15,17.53220558166504
2016-01-19,17.55003547668457
2016-01-20,17.411884307861328
2016-01-21,17.509923934936523
2016-01-22,17.995689392089844
2016-01-25,17.78623390197754
2016-01-26,17.960039138793945
2016-01-27,17.59014892578125
2016-01-28,17.817432403564453
2016-01-29,18.37895965576172
2016-02-01,18.4458065032959
2016-02-02,18.11602783203125
2016-02-03,18.093738555908203
2016-02-04,18.111568450927734
2016-02-05,17.603517532348633
2016-02-08,17.349489212036133
2016-02-09,17.269269943237305
2016-02-10,17.296010971069336
2016-02-11,17.260358810424805
2016-02-12,17.501014709472656
2016-02-16,17.81297492980957
2016-02-17,18.17841339111328
2016-02-18,18.107105255126953
2016-02-19,18.120473861694336
2016-02-22,18.361129760742188
2016-02-23,18.071453094482422
2016-02-24,18.209611892700195
2016-02-25,18.43689727783203
2016-02-26,18.387874603271484
2016-02-29,18.258636474609375
2016-03-01,18.80233383178711
2016-03-02,18.855815887451172
2016-03-03,18.855815887451172
2016-03-04,18.904844284057617
2016-03-07,18.788969039916992
2016-03-08,18.673097610473633
2016-03-09,18.83353042602539
2016-03-10,18.81570816040039
2016-03-11,19.105382919311523
2016-03-14,19.127668380737305
2016-03-15,19.1989688873291
2016-03-16,19.421802520751953
2016-03-17,19.493106842041016
2016-03-18,19.524457931518555
2016-03-21,19.59164810180664
2016-03-22,19.59612274169922
2016-03-23,19.484146118164062
2016-03-24,19.53789710998535
2016-03-28,19.488624572753906
2016-03-29,19.793212890625
2016-03-30,19.909666061401367
2016-03-31,19.869356155395508
2016-04-01,20.021644592285156
2016-04-04,19.945497512817383
2016-04-05,19.752893447875977
2016-04-06,19.945497512817383
2016-04-07,19.65883445739746
2016-04-08,19.65883445739746
2016-04-11,19.605091094970703
2016-04-12,19.739456176757812
2016-04-13,19.94101905822754
2016-04-14,19.936540603637695
2016-04-15,19.86039924621582
2016-04-18,19.945497512817383
2016-04-19,19.833515167236328
2016-04-20,19.87383460998535
2016-04-21,19.80217170715332
2016-04-22,19.457277297973633
2016-04-25,19.461753845214844
2016-04-26,19.367687225341797
2016-04-27,19.278118133544922
2016-04-28,19.036237716674805
2016-04-29,18.870515823364258
2016-05-02,19.009363174438477
2016-05-03,18.834672927856445
2016-05-04,18.776447296142578
2016-05-05,18.785404205322266
2016-05-06,18.924257278442383
2016-05-09,18.924257278442383
2016-05-10,19.170618057250977
2016-05-11,19.03175926208496
2016-05-12,18.97801399230957
2016-05-13,18.906339645385742
2016-05-16,19.170618057250977
2016-05-17,18.97801399230957
2016-05-18,19.01384162902832
2016-05-19,18.910823822021484
2016-05-20,19.13925552368164
2016-05-23,19.103431701660156
2016-05-24,19.461753845214844
2016-05-25,19.59612274169922
2016-05-26,19.65883445739746
2016-05-27,19.752893447875977
2016-05-31,19.793212890625
2016-06-01,19.743942260742188
2016-06-02,19.726022720336914
2016-06-03,19.681228637695312
2016-06-06,19.717058181762695
2016-06-07,19.79768943786621
2016-06-08,19.837997436523438
2016-06-09,19.842483520507812
2016-06-10,19.690187454223633
2016-06-13,19.470712661743164
2016-06-14,19.5155029296875
2016-06-15,19.466232299804688
2016-06-16,19.506546020507812
2016-06-17,19.37646484375
2016-06-20,19.45748519897461
2016-06-21,19.59251594543457
2016-06-22,19.525001525878906
2016-06-23,19.790550231933594
2016-06-24,19.029895782470703
2016-06-27,18.647323608398438
2016-06-28,19.016393661499023
2016-06-29,19.30895233154297
2016-06-30,19.520496368408203
2016-07-01,19.565509796142578
2016-07-05,19.42148208618164
2016-07-06,19.55650520324707
2016-07-07,19.55650520324707
2016-07-08,19.862564086914062
2016-07-11,19.979591369628906
2016-07-12,20.14162826538086
2016-07-13,20.14612579345703
2016-07-14,20.276649475097656
2016-07-15,20.258649826049805
2016-07-18,20.393678665161133
2016-07-19,20.34866714477539
2016-07-20,20.614225387573242
2016-07-21,20.506202697753906
2016-07-22,20.627723693847656
2016-07-25,20.600725173950195
2016-07-26,20.64573097229004
2016-07-27,20.816768646240234
2016-07-28,20.83026885986328
2016-07-29,20.906782150268555
2016-08-01,20.947290420532227
2016-08-02,20.789764404296875
2016-08-03,20.861774444580078
2016-08-04,20.97429656982422
2016-08-05,21.176836013793945
2016-08-08,21.172340393066406
2016-08-09,21.21734046936035
2016-08-10,21.14983367919922
2016-08-11,21.226341247558594
2016-08-12,21.203847885131836
2016-08-15,21.307363510131836
2016-08-16,21.14983367919922
2016-08-17,21.14083480834961
2016-08-18,21.14983367919922
2016-08-19,21.16333770751953
2016-08-22,21.16333770751953
2016-08-23,21.239845275878906
2016-08-24,21.122825622558594
2016-08-25,21.167835235595703
2016-08-26,21.176836013793945
2016-08-29,21.257862091064453
2016-08-30,21.185842514038086
2016-08-31,21.14983367919922
2016-09-01,21.21734046936035
2016-09-02,21.31186294555664
2016-09-06,21.419885635375977
2016-09-07,21.473896026611328
2016-09-08,21.29836082458496
2016-09-09,20.77625846862793
2016-09-12,21.122825622558594
2016-09-13,20.969789505004883
2016-09-14,21.068815231323242
2016-09-15,21.415388107299805
2016-09-16,21.336748123168945
2016-09-19,21.29607391357422
2016-09-20,21.282514572143555
2016-09-21,21.52204704284668
2016-09-22,21.65311622619629
2016-09-23,21.463293075561523
2016-09-26,21.336748123168945
2016-09-27,21.57176399230957
2016-09-28,21.612438201904297
2016-09-29,21.481372833251953
2016-09-30,21.594358444213867
2016-10-03,21.53108787536621
2016-10-04,21.454254150390625
2016-10-05,21.53108787536621
2016-10-06,21.58080291748047
2016-10-07,21.52204704284668
2016-10-10,21.671192169189453
2016-10-11,21.427139282226562
2016-10-12,21.463293075561523
2016-10-13,21.327701568603516
2016-10-14,21.409055709838867
2016-10-17,21.363862991333008
2016-10-18,21.481372833251953
2016-10-19,21.52204704284668
2016-10-20,21.422616958618164
2016-10-21,21.481372833251953
2016-10-24,21.68927764892578
2016-10-25,21.612438201904297
2016-10-26,21.490407943725586
2016-10-27,21.463293075561523
2016-10-28,21.440692901611328
2016-10-31,21.431657791137695
2016-11-01,21.246349334716797
2016-11-02,21.11077308654785
2016-11-03,20.907394409179688
2016-11-04,20.871234893798828
2016-11-07,21.32319450378418
2016-11-08,21.427139282226562
2016-11-09,21.400022506713867
2016-11-10,21.056535720825195
2016-11-11,21.11980438232422
2016-11-14,20.798917770385742
2016-11-15,21.092687606811523
2016-11-16,21.287029266357422
2016-11-17,21.422616958618164
2016-11-18,21.404539108276367
2016-11-21,21.621482849121094
2016-11-22,21.68927764892578
2016-11-23,21.603395462036133
2016-11-25,21.69379425048828
2016-11-28,21.711870193481445
2016-11-29,21.725421905517578
2016-11-30,21.46781349182129
2016-12-01,21.02489471435547
2016-12-02,21.101726531982422
2016-12-05,21.305110931396484
2016-12-06,21.368375778198242
2016-12-07,21.775136947631836
2016-12-08,21.829381942749023
2016-12-09,21.987564086914062
2016-12-12,21.91976547241211
2016-12-13,22.195453643798828
2016-12-14,22.118627548217773
2016-12-15,22.21805763244629
2016-12-16,22.057357788085938
2016-12-19,22.21624183654785
2016-12-20,22.297950744628906
2016-12-21,22.2525634765625
2016-12-22,22.207162857055664
2016-12-23,22.2298641204834
2016-12-27,22.320655822753906
2016-12-28,22.120914459228516
2016-12-29,22.125450134277344
2016-12-30,21.95294952392578
2017-01-03,22.14814567565918
2017-01-04,22.22532081604004
2017-01-05,22.261642456054688
2017-01-06,22.425060272216797
2017-01-09,22.420516967773438
2017-01-10,22.425060272216797
2017-01-11,22.529470443725586
2017-01-12,22.474990844726562
2017-01-13,22.5430850982666
2017-01-17,22.456832885742188
2017-01-18,22.515850067138672
2017-01-19,22.484073638916016
2017-01-20,22.60664176940918
2017-01-23,22.64748764038086
2017-01-24,22.78822135925293
2017-01-25,23.006114959716797
2017-01-26,22.942562103271484
2017-01-27,23.03335189819336
2017-01-30,22.847232818603516
2017-01-31,22.73374366760254
2017-02-01,22.906234741210938
2017-02-02,22.860855102539062
2017-02-03,23.010650634765625
2017-02-06,23.02426528930664
2017-02-07,23.11505889892578
2017-02-08,23.155916213989258
2017-02-09,23.22854232788086
2017-02-10,23.29663848876953
2017-02-13,23.401046752929688
2017-02-14,23.47822380065918
2017-02-15,23.555389404296875
2017-02-16,23.609859466552734
2017-02-17,23.691574096679688
2017-02-21,23.814144134521484
2017-02-22,23.84137725830078
2017-02-23,23.836841583251953
2017-02-24,23.89130973815918
2017-02-27,23.8776912689209
2017-02-28,23.764209747314453
2017-03-01,24.100130081176758
2017-03-02,23.94124984741211
2017-03-03,23.995716094970703
2017-03-06,23.95940399169922
2017-03-07,23.95940399169922
2017-03-08,23.986642837524414
2017-03-09,23.982105255126953
2017-03-10,24.10920524597168
2017-03-13,24.131898880004883
2017-03-14,24.077428817749023
2017-03-15,24.240848541259766
2017-03-16,24.25446891784668
2017-03-17,24.30687141418457
2017-03-20,24.32966423034668
2017-03-21,23.974218368530273
2017-03-22,24.124591827392578
2017-03-23,24.0607967376709
2017-03-24,24.079029083251953
2017-03-27,24.079029083251953
2017-03-28,24.252193450927734
2017-03-29,24.293201446533203
2017-03-30,24.338777542114258
2017-03-31,24.293201446533203
2017-04-03,24.27042007446289
2017-04-04,24.288646697998047
2017-04-05,24.18840217590332
2017-04-06,24.192955017089844
2017-04-07,24.17928123474121
2017-04-10,24.133708953857422
2017-04-11,24.04257583618164
2017-04-12,23.960546493530273
2017-04-13,23.864849090576172
2017-04-17,24.083581924438477
2017-04-18,24.079029083251953
2017-04-19,24.0607967376709
2017-04-20,24.27953338623047
2017-04-21,24.229406356811523
2017-04-24,24.51650047302246
2017-04-25,24.644088745117188
2017-04-26,24.616748809814453
2017-04-27,24.717010498046875
2017-04-28,24.78080177307129
2017-05-01,24.967634201049805
2017-05-02,25.022319793701172
2017-05-03,24.976757049560547
2017-05-04,24.95852279663086
2017-05-05,25.04966163635254
2017-05-08,25.15903091430664
2017-05-09,25.190929412841797
2017-05-10,25.286623001098633
2017-05-11,25.254724502563477
2017-05-12,25.318527221679688
2017-05-15,25.45978355407715
2017-05-16,25.578266143798828
2017-05-17,24.881053924560547
2017-05-18,25.026878356933594
2017-05-19,25.172698974609375
2017-05-22,25.37320899963379
2017-05-23,25.418773651123047
2017-05-24,25.523590087890625
2017-05-25,25.705869674682617
2017-05-26,25.692195892333984
2017-05-30,25.80156707763672
2017-05-31,25.76054573059082
2017-06-01,25.824342727661133
2017-06-02,26.061307907104492
2017-06-05,26.084096908569336
2017-06-06,26.033966064453125
2017-06-07,26.11598777770996
2017-06-08,26.175235748291016
2017-06-09,25.528148651123047
2017-06-12,25.377765655517578
2017-06-13,25.560041427612305
2017-06-14,25.437002182006836
2017-06-15,25.323076248168945
2017-06-16,25.27869987487793
2017-06-19,25.65387535095215
2017-06-20,25.44798469543457
2017-06-21,25.58981704711914
2017-06-22,25.59897232055664
2017-06-23,25.759113311767578
2017-06-26,25.62185287475586
2017-06-27,25.200918197631836
2017-06-28,25.516616821289062
2017-06-29,25.05908203125
2017-06-30,25.036209106445312
2017-07-03,24.862342834472656
2017-07-05,25.109411239624023
2017-07-06,24.88064193725586
2017-07-07,25.16888999938965
2017-07-10,25.351905822753906
2017-07-11,25.40681266784668
2017-07-12,25.73622703552246
2017-07-13,25.78656005859375
2017-07-14,26.01532554626465
2017-07-17,26.019901275634766
2017-07-18,26.13886070251465
2017-07-19,26.271547317504883
2017-07-20,26.326452255249023
2017-07-21,26.294416427612305
2017-07-24,26.35847282409668
2017-07-25,26.308143615722656
2017-07-26,26.4088077545166
2017-07-27,26.308143615722656
2017-07-28,26.28069496154785
2017-07-31,26.152585983276367
2017-08-01,26.285274505615234
2017-08-02,26.35847282409668
2017-08-03,26.298994064331055
2017-08-04,26.35847282409668
2017-08-07,26.518611907958984
2017-08-08,26.48201560974121
2017-08-09,26.46828269958496
2017-08-10,25.946699142456055
2017-08-11,26.125133514404297
2017-08-14,26.541481018066406
2017-08-15,26.582664489746094
2017-08-16,26.660444259643555
2017-08-17,26.13886070251465
2017-08-18,26.111406326293945
2017-08-21,26.102252960205078
2017-08-22,26.491165161132812
2017-08-23,26.427104949951172
2017-08-24,26.404233932495117
2017-08-25,26.3996524810791
2017-08-28,26.449983596801758
2017-08-29,26.56437110900879
2017-08-30,26.75653076171875
2017-08-31,26.916664123535156
2017-09-01,26.89379119873047
2017-09-05,26.655872344970703
2017-09-06,26.678747177124023
2017-09-07,26.77025604248047
2017-09-08,26.550642013549805
2017-09-11,26.925817489624023
2017-09-12,26.989879608154297
2017-09-13,26.953271865844727
2017-09-14,26.86176300048828
2017-09-15,26.97150993347168
2017-09-18,26.994468688964844
2017-09-19,27.113849639892578
2017-09-20,27.003643035888672
2017-09-21,26.856712341308594
2017-09-22,26.870487213134766
2017-09-25,26.553665161132812
2017-09-26,26.650083541870117
2017-09-27,26.920997619628906
2017-09-28,26.953140258789062
2017-09-29,27.136798858642578
2017-10-02,27.178129196166992
2017-10-03,27.242416381835938
2017-10-04,27.224044799804688
2017-10-05,27.48577308654785
2017-10-06,27.527101516723633
2017-10-09,27.595970153808594
2017-10-10,27.623525619506836
2017-10-11,27.715354919433594
2017-10-12,27.64647674560547
2017-10-13,27.779644012451172
2017-10-16,27.88065528869629
2017-10-17,27.88065528869629
2017-10-18,27.949533462524414
2017-10-19,27.866884231567383
2017-10-20,28.055139541625977
2017-10-23,27.921987533569336
2017-10-24,28.00004005432129
2017-10-25,27.848512649536133
2017-10-26,27.963308334350586
2017-10-27,28.716346740722656
2017-10-30,28.780622482299805
2017-10-31,28.904600143432617
2017-11-01,28.909191131591797
2017-11-02,28.922969818115234
2017-11-03,29.152555465698242
2017-11-06,29.21683692932129
2017-11-07,29.230606079101562
2017-11-08,29.39131736755371
2017-11-09,29.157142639160156
2017-11-10,29.157142639160156
2017-11-13,29.147960662841797
2017-11-14,29.088266372680664
2017-11-15,28.872459411621094
2017-11-16,29.276521682739258
2017-11-17,29.088266372680664
2017-11-20,29.198467254638672
2017-11-21,29.506113052368164
2017-11-22,29.451005935668945
2017-11-24,29.616308212280273
2017-11-27,29.616308212280273
2017-11-28,29.712739944458008
2017-11-29,29.056127548217773
2017-11-30,29.313257217407227
2017-12-01,29.1617374420166
2017-12-04,28.693387985229492
2017-12-05,28.70256233215332
2017-12-06,28.88623046875
2017-12-07,29.065309524536133
2017-12-08,29.20305824279785
2017-12-11,29.45560073852539
2017-12-12,29.446414947509766
2017-12-13,29.45560073852539
2017-12-14,29.418867111206055
2017-12-15,29.75438690185547
2017-12-18,30.017087936401367
2017-12-19,29.832731246948242
2017-12-20,29.82352066040039
2017-12-21,29.76360511779785
2017-12-22,29.74517059326172
2017-12-26,29.546995162963867
2017-12-27,29.579256057739258
2017-12-28,29.629953384399414
2017-12-29,29.473249435424805
2018-01-02,29.837343215942383
2018-01-03,30.086225509643555
2018-01-04,30.23831558227539
2018-01-05,30.556325912475586
2018-01-08,30.671541213989258
2018-01-09,30.593181610107422
2018-01-10,30.4871826171875
2018-01-11,30.611614227294922
2018-01-12,30.79136848449707
2018-01-16,30.671541213989258
2018-01-17,31.132429122924805
2018-01-18,31.187721252441406
2018-01-19,31.247631072998047
2018-01-22,31.551822662353516
2018-01-23,31.69007682800293
2018-01-24,31.445816040039062
2018-01-25,31.390512466430664
2018-01-26,31.888261795043945
2018-01-29,31.5979061126709
2018-01-30,31.312164306640625
2018-01-31,31.547208786010742
2018-02-01,31.574861526489258
2018-02-02,30.639280319213867
2018-02-05,29.358030319213867
2018-02-06,30.20144271850586
2018-02-07,29.81431007385254
2018-02-08,28.579145431518555
2018-02-09,29.279682159423828
2018-02-12,29.805089950561523
2018-02-13,29.878829956054688
2018-02-14,30.427268981933594
2018-02-15,31.007970809936523
2018-02-16,30.961894989013672
2018-02-20,30.989540100097656
2018-02-21,30.79136848449707
2018-02-22,30.8282413482666
2018-02-23,31.473464965820312
2018-02-26,31.966615676879883
2018-02-27,31.643991470336914
2018-02-28,31.418155670166016
2018-03-01,30.897371292114258
2018-03-02,31.192331314086914
2018-03-05,31.510330200195312
2018-03-06,31.5794734954834
2018-03-07,31.754608154296875
2018-03-08,31.89286994934082
2018-03-09,32.49662399291992
2018-03-12,32.598018646240234
2018-03-13,32.224708557128906
2018-03-14,32.197052001953125
2018-03-15,32.21548080444336
2018-03-16,32.18219757080078
2018-03-19,31.544187545776367
2018-03-20,31.530324935913086
2018-03-21,31.34077262878418
2018-03-22,30.531713485717773
2018-03-23,29.718019485473633
2018-03-26,30.846094131469727
2018-03-27,29.85672378540039
2018-03-28,29.65792465209961
2018-03-29,30.24506187438965
2018-04-02,29.523845672607422
2018-04-03,29.815107345581055
2018-04-04,30.231203079223633
2018-04-05,30.356037139892578
2018-04-06,29.611696243286133
2018-04-09,29.842853546142578
2018-04-10,30.577939987182617
2018-04-11,30.39763641357422
2018-04-12,30.76287269592285
2018-04-13,30.66116714477539
2018-04-16,30.896942138671875
2018-04-17,31.470224380493164
2018-04-18,31.387001037597656
2018-04-19,31.040258407592773
2018-04-20,30.61030387878418
2018-04-23,30.499340057373047
2018-04-24,29.967674255371094
2018-04-25,29.97230339050293
2018-04-26,30.517847061157227
2018-04-27,30.462364196777344
2018-04-30,30.263561248779297
2018-05-01,30.64266014099121
2018-05-02,30.61030387878418
2018-05-03,30.679645538330078
2018-05-04,31.262182235717773
2018-05-07,31.47947120666504
2018-05-08,31.548824310302734
2018-05-09,31.93717384338379
2018-05-10,32.35325622558594
2018-05-11,32.30702209472656
2018-05-14,32.30240249633789
2018-05-15,31.997270584106445
2018-05-16,32.14058303833008
2018-05-17,31.974151611328125
2018-05-18,31.84008026123047
2018-05-21,32.11747741699219
2018-05-22,32.071250915527344
2018-05-23,32.30702209472656
2018-05-24,32.270042419433594
2018-05-25,32.246925354003906
2018-05-29,32.071250915527344
2018-05-30,32.30702209472656
2018-05-31,32.3162727355957
2018-06-01,32.86642837524414
2018-06-04,33.129974365234375
2018-06-05,33.24554443359375
2018-06-06,33.462833404541016
2018-06-07,33.19468688964844
2018-06-08,33.13920211791992
2018-06-11,33.17618179321289
2018-06-12,33.337989807128906
2018-06-13,33.16694259643555
2018-06-14,33.402713775634766
2018-06-15,33.2751350402832
2018-06-18,33.312255859375
2018-06-19,33.14059066772461
2018-06-20,33.21018600463867
2018-06-21,32.95500564575195
2018-06-22,32.848304748535156
2018-06-25,32.166282653808594
2018-06-26,32.29619598388672
2018-06-27,31.85542106628418
2018-06-28,32.24514389038086
2018-06-29,32.23122787475586
2018-07-02,32.518890380859375
2018-07-03,32.1337890625
2018-07-05,32.58847427368164
2018-07-06,32.96893310546875
2018-07-09,33.21946334838867
2018-07-10,33.29833221435547
2018-07-11,33.16843032836914
2018-07-12,33.692710876464844
2018-07-13,33.65557861328125
2018-07-16,33.57670593261719
2018-07-17,33.82725524902344
2018-07-18,33.77157974243164
2018-07-19,33.65094757080078
2018-07-20,33.660221099853516
2018-07-23,33.83189392089844
2018-07-24,34.01747131347656
2018-07-25,34.44431686401367
2018-07-26,33.9153938293457
2018-07-27,33.335453033447266
2018-07-30,32.815818786621094
2018-07-31,32.90397644042969
2018-08-01,33.20090103149414
2018-08-02,33.618465423583984
2018-08-03,33.73909378051758
2018-08-06,33.920047760009766
2018-08-07,34.04994201660156
2018-08-08,34.14274215698242
2018-08-09,34.15666198730469
2018-08-10,33.8829231262207
2018-08-13,33.83652877807617
2018-08-14,34.04531478881836
2018-08-15,33.73909378051758
2018-08-16,33.887569427490234
2018-08-17,33.938602447509766
2018-08-20,33.887569427490234
2018-08-21,33.94324493408203
2018-08-22,34.04531478881836
2018-08-23,34.11955261230469
2018-08-24,34.4628791809082
2018-08-27,34.77836990356445
2018-08-28,34.838687896728516
2018-08-29,35.1541748046875
2018-08-30,35.0474739074707
2018-08-31,35.07529067993164
2018-09-04,34.94075012207031
2018-09-05,34.504638671875
2018-09-06,34.254085540771484
2018-09-07,34.13811492919922
2018-09-10,34.244808197021484
2018-09-11,34.537113189697266
2018-09-12,34.39328384399414
2018-09-13,34.79692840576172
2018-09-14,34.76908493041992
2018-09-17,34.33296203613281
2018-09-18,34.551021575927734
2018-09-19,34.4628791809082
2018-09-20,34.87115478515625
2018-09-21,34.73335266113281
2018-09-24,34.905616760253906
2018-09-25,34.863704681396484
2018-09-26,34.73335266113281
2018-09-27,34.938201904296875
2018-09-28,35.068538665771484
2018-10-01,35.23613357543945
2018-10-02,35.24079132080078
2018-10-03,35.34785842895508
2018-10-04,34.7100830078125
2018-10-05,34.27248001098633
2018-10-08,33.88609313964844
2018-10-09,34.00713348388672
2018-10-10,32.35914611816406
2018-10-11,31.949478149414062
2018-10-12,32.97365188598633
2018-10-15,32.433631896972656
2018-10-16,33.4112434387207
2018-10-17,33.257625579833984
2018-10-18,32.605873107910156
2018-10-19,32.591915130615234
2018-10-22,32.861915588378906
2018-10-23,32.736236572265625
2018-10-24,31.269805908203125
2018-10-25,32.345184326171875
2018-10-26,31.698091506958008
2018-10-29,31.162723541259766
2018-10-30,31.51188850402832
2018-10-31,32.26138687133789
2018-11-01,32.63847351074219
2018-11-02,32.000675201416016
2018-11-05,31.968097686767578
2018-11-06,32.16828918457031
2018-11-07,33.113304138183594
2018-11-08,33.08537673950195
2018-11-09,32.51276779174805
2018-11-12,31.36756134033203
2018-11-13,31.404802322387695
2018-11-14,31.027729034423828
2018-11-15,31.80515480041504
2018-11-16,31.753955841064453
2018-11-19,30.5435733795166
2018-11-20,29.88716697692871
2018-11-21,30.10597801208496
2018-11-23,29.83130645751953
2018-11-26,30.506328582763672
2018-11-27,30.56686019897461
2018-11-28,31.6375732421875
2018-11-29,31.330318450927734
2018-11-30,31.628257751464844
2018-12-03,32.32654571533203
2018-12-04,31.102218627929688
2018-12-06,31.172033309936523
2018-12-07,30.07338523864746
2018-12-10,30.487707138061523
2018-12-11,30.52495002746582
2018-12-12,30.76237678527832
2018-12-13,30.813581466674805
2018-12-14,30.05941390991211
2018-12-17,29.421640396118164
2018-12-18,29.654401779174805
2018-12-19,29.067827224731445
2018-12-20,28.546438217163086
2018-12-21,27.679122924804688
2018-12-24,26.940399169921875
2018-12-26,28.567476272583008
2018-12-27,28.773197174072266
2018-12-28,28.70774269104004
2018-12-31,28.97892189025879
2019-01-02,28.99762725830078
2019-01-03,27.53418731689453
2019-01-04,28.754499435424805
2019-01-07,29.01165008544922
2019-01-08,29.254783630371094
2019-01-09,29.633493423461914
2019-01-10,29.764415740966797
2019-01-11,29.70830535888672
2019-01-14,29.432453155517578
2019-01-15,29.876623153686523
2019-01-16,29.904678344726562
2019-01-17,30.096370697021484
2019-01-18,30.554580688476562
2019-01-22,30.040267944335938
2019-01-23,30.143131256103516
2019-01-24,30.39560890197754
2019-01-25,30.825761795043945
2019-01-28,30.414310455322266
2019-01-29,30.087020874023438
2019-01-30,31.022123336791992
2019-01-31,30.989398956298828
2019-02-01,31.171749114990234
2019-02-04,31.67203140258789
2019-02-05,31.93853187561035
2019-02-06,32.04607009887695
2019-02-07,31.606571197509766
2019-02-08,31.78890609741211
2019-02-11,31.77488899230957
2019-02-12,32.1956787109375
2019-02-13,32.23776626586914
2019-02-14,32.29386520385742
2019-02-15,32.551025390625
2019-02-19,32.56037902832031
2019-02-20,32.5977897644043
2019-02-21,32.6118049621582
2019-02-22,33.027923583984375
2019-02-25,33.1869010925293
2019-02-26,33.25703048706055
2019-02-27,33.22429656982422
2019-02-28,33.130802154541016
2019-03-01,33.355220794677734
2019-03-04,33.228981018066406
2019-03-05,33.130802154541016
2019-03-06,32.95779037475586
2019-03-07,32.6445426940918
2019-03-08,32.63986587524414
2019-03-11,33.3411865234375
2019-03-12,33.53756332397461
2019-03-13,33.75730895996094
2019-03-14,33.827449798583984
2019-03-15,34.236942291259766
2019-03-18,34.38235855102539
2019-03-19,34.452701568603516
2019-03-20,34.3588981628418
2019-03-21,35.22197723388672
2019-03-22,34.3917236328125
2019-03-25,34.24163055419922
2019-03-26,34.42924880981445
2019-03-27,34.23225402832031
2019-03-28,34.37295913696289
2019-03-29,34.710697174072266
2019-04-01,35.184444427490234
2019-04-02,35.306392669677734
2019-04-03,35.592533111572266
2019-04-04,35.44242477416992
2019-04-05,35.611289978027344
2019-04-08,35.747314453125
2019-04-09,35.57844924926758
2019-04-10,35.82706832885742
2019-04-11,35.780155181884766
2019-04-12,36.02875518798828
2019-04-15,36.01469802856445
2019-04-16,36.19761657714844
2019-04-17,36.39932632446289
2019-04-18,36.50251770019531
2019-04-22,36.58694839477539
2019-04-23,36.98564910888672
2019-04-24,36.99972152709961
2019-04-25,36.99034118652344
2019-04-26,36.84962463378906
2019-04-29,36.859012603759766
2019-04-30,36.91997528076172
2019-05-01,36.826168060302734
2019-05-02,36.63383865356445
2019-05-03,36.980960845947266
2019-05-06,36.694828033447266
2019-05-07,35.90681076049805
2019-05-08,35.864585876464844
2019-05-09,35.620670318603516
2019-05-10,35.73326110839844
2019-05-13,34.38703918457031
2019-05-14,34.940528869628906
2019-05-15,35.320472717285156
2019-05-16,35.644126892089844
2019-05-17,35.358009338378906
2019-05-20,34.74351119995117
2019-05-21,35.170379638671875
2019-05-22,34.987430572509766
2019-05-23,34.37295913696289
2019-05-24,34.38235855102539
2019-05-28,34.28384017944336
2019-05-29,34.0821533203125
2019-05-30,34.29322814941406
2019-05-31,33.720970153808594
2019-06-03,33.12995147705078
2019-06-04,34.236942291259766
2019-06-05,34.682552337646484
2019-06-06,35.0859375
2019-06-07,35.73794937133789
2019-06-10,36.10380172729492
2019-06-11,36.10380172729492
2019-06-12,35.9021110534668
2019-06-13,36.00998306274414
2019-06-14,35.69573211669922
2019-06-17,35.723873138427734
2019-06-18,36.371177673339844
2019-06-19,36.50251770019531
2019-06-20,37.03724670410156
2019-06-21,36.86212921142578
2019-06-24,36.9327507019043
2019-06-25,36.25490951538086
2019-06-26,36.645599365234375
2019-06-27,36.73975372314453
2019-06-28,36.73503875732422
2019-07-01,37.3187370300293
2019-07-02,37.4175910949707
2019-07-03,37.70471954345703
2019-07-05,37.63413619995117
2019-07-08,37.346981048583984
2019-07-09,37.47878646850586
2019-07-10,37.77533721923828
2019-07-11,37.91655731201172
2019-07-12,38.194278717041016
2019-07-15,38.32136535644531
2019-07-16,37.96361541748047
2019-07-17,37.86477279663086
2019-07-18,38.14720153808594
2019-07-19,37.98244857788086
2019-07-22,38.42021942138672
2019-07-23,38.63204574584961
2019-07-24,38.95213317871094
2019-07-25,38.79209518432617
2019-07-26,38.87682342529297
2019-07-29,38.853275299072266
2019-07-30,38.60380554199219
2019-07-31,38.02011489868164
2019-08-01,37.82711410522461
2019-08-02,37.210472106933594
2019-08-05,35.65708923339844
2019-08-06,36.25019454956055
2019-08-07,36.47615432739258
2019-08-08,37.370521545410156
2019-08-09,36.94687271118164
2019-08-12,36.4620246887207
2019-08-13,37.375221252441406
2019-08-14,36.22666931152344
2019-08-15,36.1607666015625
2019-08-16,36.84801483154297
2019-08-19,37.408172607421875
2019-08-20,37.21988296508789
2019-08-21,37.65766525268555
2019-08-22,37.56822204589844
2019-08-23,36.32551193237305
2019-08-26,36.829185485839844
2019-08-27,36.7726936340332
2019-08-28,36.8056526184082
2019-08-29,37.445838928222656
2019-08-30,37.4364128112793
2019-09-03,36.979820251464844
2019-09-04,37.61058044433594
2019-09-05,38.39669418334961
2019-09-06,38.363731384277344
2019-09-09,38.07659149169922
2019-09-10,37.88359832763672
2019-09-11,38.27901077270508
2019-09-12,38.48612976074219
2019-09-13,38.20369338989258
2019-09-16,38.10954284667969
2019-09-17,38.26488494873047
2019-09-18,38.26017761230469
2019-09-19,38.344905853271484
2019-09-20,37.89774703979492
2019-09-23,38.01580047607422
2019-09-24,37.647483825683594
2019-09-25,38.0960693359375
2019-09-26,38.13856506347656
2019-09-27,37.628604888916016
2019-09-30,38.025230407714844
2019-10-01,37.67109680175781
2019-10-02,36.962806701660156
2019-10-03,37.41611099243164
2019-10-04,38.03468322753906
2019-10-07,37.874141693115234
2019-10-08,37.180023193359375
2019-10-09,37.732486724853516
2019-10-10,37.9921875
2019-10-11,38.51631164550781
2019-10-14,38.49270248413086
2019-10-15,38.917667388916016
2019-10-16,38.64853286743164
2019-10-17,38.57297897338867
2019-10-18,38.204673767089844
2019-10-21,38.615478515625
2019-10-22,38.0960693359375
2019-10-23,38.129112243652344
2019-10-24,38.686302185058594
2019-10-25,39.15375900268555
2019-10-28,39.649559020996094
2019-10-29,39.29069137573242
2019-10-30,39.531517028808594
2019-10-31,39.507911682128906
2019-11-01,39.9801025390625
2019-11-04,40.1878547668457
2019-11-05,40.14064025878906
2019-11-06,40.12174606323242
2019-11-07,40.438106536865234
2019-11-08,40.664764404296875
2019-11-11,40.683658599853516
2019-11-12,40.820587158203125
2019-11-13,40.91030502319336
2019-11-14,40.86308670043945
2019-11-15,41.1936149597168
2019-11-18,41.316375732421875
2019-11-19,41.39665985107422
2019-11-20,41.146385192871094
2019-11-21,40.93863296508789
2019-11-22,40.886688232421875
2019-11-25,41.481651306152344
2019-11-26,41.51942443847656
2019-11-27,41.750797271728516
2019-11-29,41.62802505493164
2019-12-02,41.033077239990234
2019-12-03,40.66947937011719
2019-12-04,40.83475875854492
2019-12-05,40.98585891723633
2019-12-06,41.43915557861328
2019-12-09,41.221954345703125
2019-12-10,41.25498962402344
2019-12-11,41.533592224121094
2019-12-12,41.97744369506836
2019-12-13,42.256038665771484
2019-12-16,42.633785247802734
2019-12-17,42.53463363647461
2019-12-18,42.529903411865234
2019-12-19,42.83682632446289
2019-12-20,43.08553695678711
2019-12-23,43.20869827270508
2019-12-24,43.22291564941406
2019-12-26,43.5450553894043
2019-12-27,43.54030990600586
2019-12-30,43.28923797607422
2019-12-31,43.42661666870117
2020-01-02,44.241432189941406
2020-01-03,43.7440185546875
2020-01-06,43.84823226928711
2020-01-07,43.82927703857422
2020-01-08,44.298282623291016
2020-01-09,44.80043029785156
2020-01-10,44.696205139160156
2020-01-13,45.25521469116211
2020-01-14,45.04202651977539
2020-01-15,45.094139099121094
2020-01-16,45.70051574707031
2020-01-17,46.00843811035156
2020-01-21,45.98949432373047
2020-01-22,46.15528869628906
2020-01-23,46.373207092285156
2020-01-24,46.15528869628906
2020-01-27,45.05624008178711
2020-01-28,45.91842269897461
2020-01-29,46.0368537902832
2020-01-30,46.43479537963867
2020-01-31,45.160465240478516
2020-02-03,45.75735092163086
2020-02-04,46.95589065551758
2020-02-05,47.23065185546875
2020-02-06,47.661746978759766
2020-02-07,47.22592544555664
2020-02-10,47.865440368652344
2020-02-11,47.704383850097656
2020-02-12,48.22074890136719
2020-02-13,48.092830657958984
2020-02-14,48.301273345947266
2020-02-18,48.12126159667969
2020-02-19,48.6944694519043
2020-02-20,48.187583923339844
2020-02-21,47.10748291015625
2020-02-24,45.160465240478516
2020-02-25,43.71560287475586
2020-02-26,43.914554595947266
2020-02-27,41.545921325683594
2020-02-28,41.86331558227539
2020-03-02,44.284061431884766
2020-03-03,42.602325439453125
2020-03-04,44.4309196472168
2020-03-05,43.0286865234375
2020-03-06,42.11913299560547
2020-03-09,38.92146682739258
2020-03-10,41.51749038696289
2020-03-11,39.556251525878906
2020-03-12,35.69538116455078
2020-03-13,39.88313293457031
2020-03-16,34.37367248535156
2020-03-17,36.71390151977539
2020-03-18,35.330623626708984
2020-03-19,35.45851516723633
2020-03-20,33.83363342285156
2020-03-23,33.52457046508789
2020-03-24,36.957984924316406
2020-03-25,36.91037368774414
2020-03-26,39.196136474609375
2020-03-27,37.42466735839844
2020-03-30,39.000892639160156
2020-03-31,38.27230453491211
2020-04-01,36.448455810546875
2020-04-02,37.30085372924805
2020-04-03,36.72465515136719
2020-04-06,39.85805130004883
2020-04-07,39.50090026855469
2020-04-08,40.562828063964844
2020-04-09,40.57236099243164
2020-04-13,40.6628303527832
2020-04-14,42.36763381958008
2020-04-15,41.44380187988281
2020-04-16,41.948577880859375
2020-04-17,42.50572967529297
2020-04-20,41.824771881103516
2020-04-21,40.07233810424805
2020-04-22,41.615234375
2020-04-23,41.32952117919922
2020-04-24,42.20573043823242
2020-04-27,42.56764602661133
2020-04-28,42.00095748901367
2020-04-29,43.72480773925781
2020-04-30,43.52957534790039
2020-05-01,42.33430099487305
2020-05-04,42.89622497558594
2020-05-05,43.48670959472656
2020-05-06,43.82481384277344
2020-05-07,44.48196792602539
2020-05-08,45.134361267089844
2020-05-11,45.43437576293945
2020-05-12,44.49626541137695
2020-05-13,43.729583740234375
2020-05-14,44.2867431640625
2020-05-15,44.51054382324219
2020-05-18,45.60104751586914
2020-05-19,45.43437576293945
2020-05-20,46.42963409423828
2020-05-21,45.78200149536133
2020-05-22,45.94867706298828
2020-05-26,45.90105056762695
2020-05-27,46.162967681884766
2020-05-28,46.07248306274414
2020-05-29,46.65346145629883
2020-06-01,46.63916778564453
2020-06-02,47.0772705078125
2020-06-03,47.443939208984375
2020-06-04,47.0534553527832
2020-06-05,48.29158020019531
2020-06-08,48.53443908691406
2020-06-09,48.76301193237305
2020-06-10,49.57732391357422
2020-06-11,46.734397888183594
2020-06-12,47.33918380737305
2020-06-15,47.796329498291016
2020-06-16,48.81540298461914
2020-06-17,48.805870056152344
2020-06-18,49.02492904663086
2020-06-19,48.686824798583984
2020-06-22,49.6041374206543
2020-06-23,49.9622688293457
2020-06-24,48.8353271484375
2020-06-25,49.460880279541016
2020-06-26,48.486751556396484
2020-06-29,49.01679992675781
2020-06-30,49.895408630371094
2020-07-01,49.97659683227539
2020-07-02,50.26787567138672
2020-07-06,51.14649963378906
2020-07-07,50.611690521240234
2020-07-08,51.43778610229492
2020-07-09,51.624019622802734
2020-07-10,51.60968780517578
2020-07-13,50.54005813598633
2020-07-14,51.12261199951172
2020-07-15,51.39958190917969
2020-07-16,50.764488220214844
2020-07-17,51.0128059387207
2020-07-20,52.316410064697266
2020-07-21,51.79115295410156
2020-07-22,52.206581115722656
2020-07-23,50.850433349609375
2020-07-24,50.23444366455078
2020-07-27,51.027122497558594
2020-07-28,50.43024444580078
2020-07-29,51.160823822021484
2020-07-30,51.44733810424805
2020-07-31,52.731849670410156
2020-08-03,54.03068542480469
2020-08-04,54.16917419433594
2020-08-05,54.36973190307617
2020-08-06,55.13374710083008
2020-08-07,54.31240463256836
2020-08-10,54.15961456298828
2020-08-11,53.18547821044922
2020-08-12,54.393592834472656
2020-08-13,54.41747283935547
2020-08-14,54.3792610168457
2020-08-17,54.742183685302734
2020-08-18,54.947509765625
2020-08-19,54.88066482543945
2020-08-20,55.611263275146484
2020-08-21,56.31797790527344
2020-08-24,56.80503463745117
2020-08-25,57.091548919677734
2020-08-26,58.25190353393555
2020-08-27,58.299652099609375
2020-08-28,58.81060028076172
2020-08-31,58.996829986572266
2020-09-01,60.123756408691406
2020-09-02,60.6585693359375
2020-09-03,57.20138168334961
2020-09-04,56.40393829345703
2020-09-08,53.854007720947266
2020-09-09,55.611263275146484
2020-09-10,54.35539245605469
2020-09-11,53.9399528503418
2020-09-14,55.07166290283203
2020-09-15,55.61602783203125
2020-09-16,54.75650405883789
2020-09-17,54.3028678894043
2020-09-18,53.36695098876953
2020-09-21,53.81057357788086
2020-09-22,54.66243362426758
2020-09-23,52.958717346191406
2020-09-24,53.255435943603516
2020-09-25,54.528438568115234
2020-09-28,55.57172775268555
2020-09-29,55.385074615478516
2020-09-30,55.84928894042969
2020-10-01,56.43793869018555
2020-10-02,55.00699996948242
2020-10-05,56.213008880615234
2020-10-06,55.342010498046875
2020-10-07,56.35658645629883
2020-10-08,56.64850997924805
2020-10-09,57.51472091674805
2020-10-12,59.08443832397461
2020-10-13,58.706356048583984
2020-10-14,58.39527893066406
2020-10-15,58.132083892822266
2020-10-16,57.96458053588867
2020-10-19,56.90216064453125
2020-10-20,57.09836959838867
2020-10-21,57.01222229003906
2020-10-22,56.74422073364258
2020-10-23,56.6820068359375
2020-10-26,55.45207977294922
2020-10-27,55.72964859008789
2020-10-28,53.365501403808594
2020-10-29,54.255645751953125
2020-10-30,53.05442428588867
2020-11-02,53.18843460083008
2020-11-03,54.12643814086914
2020-11-04,56.23214340209961
2020-11-05,57.97892761230469
2020-11-06,58.184730529785156
2020-11-09,57.76357650756836
2020-11-10,56.686790466308594
2020-11-11,58.03157424926758
2020-11-12,57.51472091674805
2020-11-13,58.00285720825195
2020-11-16,58.56278991699219
2020-11-17,58.23735809326172
2020-11-18,57.6152229309082
2020-11-19,58.079429626464844
2020-11-20,57.48121643066406
2020-11-23,57.466861724853516
2020-11-24,58.266075134277344
2020-11-25,58.390506744384766
2020-11-27,58.70159149169922
2020-11-30,59.0940055847168
2020-12-01,59.85013961791992
2020-12-02,59.75921630859375
2020-12-03,59.72093200683594
2020-12-04,60.31915283203125
2020-12-07,60.491432189941406
2020-12-08,60.68764877319336
2020-12-09,59.524715423583984
2020-12-10,59.610862731933594
2020-12-11,59.48644256591797
2020-12-14,59.70178985595703
2020-12-15,60.69721984863281
2020-12-16,61.10879898071289
2020-12-17,61.592132568359375
2020-12-18,61.376792907714844
2020-12-21,61.43819046020508
2020-12-22,61.970638275146484
2020-12-23,61.50055694580078
2020-12-24,61.90827178955078
2020-12-28,62.6086311340332
2020-12-29,62.311214447021484
2020-12-30,62.27764129638672
2020-12-31,62.36879348754883
2021-01-04,61.351844787597656
2021-01-05,61.74998474121094
2021-01-06,60.685089111328125
2021-01-07,62.3208122253418
2021-01-08,62.72372817993164
2021-01-11,62.2056884765625
2021-01-12,61.90827178955078
2021-01-13,62.301605224609375
2021-01-14,61.754791259765625
2021-01-15,61.12160110473633
2021-01-19,61.91788101196289
2021-01-20,63.14585494995117
2021-01-21,63.96133804321289
2021-01-22,63.71669387817383
2021-01-25,64.24916076660156
2021-01-26,64.29232788085938
2021-01-27,63.0787239074707
2021-01-28,63.337738037109375
2021-01-29,61.845924377441406
2021-02-01,63.39530944824219
2021-02-02,64.25394439697266
2021-02-03,64.0333023071289
2021-02-04,65.05500793457031
2021-02-05,64.91112518310547
2021-02-08,65.59228515625
2021-02-09,65.51551818847656
2021-02-10,65.41958618164062
2021-02-11,66.13911437988281
2021-02-12,66.47969055175781
2021-02-16,66.2638168334961
2021-02-17,65.6785888671875
2021-02-18,65.35723114013672
2021-02-19,65.26130676269531
2021-02-22,63.82225036621094
2021-02-23,63.64474105834961
2021-02-24,64.6185302734375
2021-02-25,62.35918426513672
2021-02-26,62.690189361572266
2021-03-01,64.70964813232422
2021-03-02,63.683109283447266
2021-03-03,62.080970764160156
2021-03-04,60.709068298339844
2021-03-05,61.85551071166992
2021-03-08,60.3588981628418
2021-03-09,62.41196060180664
2021-03-10,62.16250991821289
2021-03-11,63.491241455078125
2021-03-12,63.03553771972656
2021-03-15,63.707115173339844
2021-03-16,64.18678283691406
2021-03-17,64.13402557373047
2021-03-18,62.35437774658203
2021-03-19,62.16730880737305
2021-03-22,63.38972854614258
2021-03-23,62.99557113647461
2021-03-24,62.231239318847656
2021-03-25,62.19279861450195
2021-03-26,63.77428436279297
2021-03-29,63.442604064941406
2021-03-30,62.84172439575195
2021-03-31,63.84159851074219
2021-04-01,65.12503814697266
2021-04-05,66.47100067138672
2021-04-06,66.1874008178711
2021-04-07,66.53829956054688
2021-04-08,67.49971008300781
2021-04-09,68.14864349365234
2021-04-12,67.82177734375
2021-04-13,68.46109008789062
2021-04-14,67.73523712158203
2021-04-15,68.89854431152344
2021-04-16,68.88412475585938
2021-04-19,68.31207275390625
2021-04-20,67.70641326904297
2021-04-21,68.38899993896484
2021-04-22,67.58624267578125
2021-04-23,68.595703125
2021-04-26,68.94660186767578
2021-04-27,68.77835845947266
2021-04-28,68.13903045654297
2021-04-29,68.08135223388672
2021-04-30,67.15360260009766
2021-05-03,66.96612548828125
2021-05-04,65.76439666748047
2021-05-05,65.6057357788086
2021-05-06,66.26432800292969
2021-05-07,66.83154296875
2021-05-10,65.144287109375
2021-05-11,64.94718170166016
2021-05-12,63.12054443359375
2021-05-13,63.956966400146484
2021-05-14,65.3653793334961
2021-05-17,64.88469696044922
2021-05-18,64.36553192138672
2021-05-19,64.59146881103516
2021-05-20,65.82685852050781
2021-05-21,65.46633911132812
2021-05-24,66.62963104248047
2021-05-25,66.64887237548828
2021-05-26,66.6440658569336
2021-05-27,66.29313659667969
2021-05-28,66.5286865234375
2021-06-01,66.20181274414062
2021-06-02,66.65848541259766
2021-06-03,66.03839874267578
2021-06-04,67.30743408203125
2021-06-07,67.2929916381836
2021-06-08,67.29781341552734
2021-06-09,67.34588623046875
2021-06-10,67.84100341796875
2021-06-11,68.24479675292969
2021-06-14,68.93700408935547
2021-06-15,68.51398468017578
2021-06-16,68.14382934570312
2021-06-17,68.93217468261719
2021-06-18,68.30245971679688
2021-06-21,69.03446960449219
2021-06-22,69.6605224609375
2021-06-23,69.5834732055664
2021-06-24,70.0217056274414
2021-06-25,69.93983459472656
2021-06-28,70.6718521118164
2021-06-29,71.18714904785156
2021-06-30,71.1100845336914
2021-07-01,71.23047637939453
2021-07-02,72.16954040527344
2021-07-06,72.44403839111328
2021-07-07,72.83894348144531
2021-07-08,72.15029907226562
2021-07-09,72.81486511230469
2021-07-12,72.87266540527344
2021-07-13,73.17124938964844
2021-07-14,73.71060180664062
2021-07-15,73.10382080078125
2021-07-16,72.38147735595703
2021-07-19,71.38457489013672
2021-07-20,72.44403839111328
2021-07-21,73.14234924316406
2021-07-22,73.68171691894531
2021-07-23,74.41371154785156
2021-07-26,74.37519073486328
2021-07-27,73.67207336425781
2021-07-28,73.58059692382812
2021-07-29,73.9225082397461
2021-07-30,73.87434387207031
2021-08-02,73.60948944091797
2021-08-03,74.0814208984375
2021-08-04,74.23072052001953
2021-08-05,74.64005279541016
2021-08-06,74.57746124267578
2021-08-09,74.33666229248047
2021-08-10,73.8021011352539
2021-08-11,73.81175231933594
2021-08-12,74.23552703857422
2021-08-13,74.64005279541016
2021-08-16,74.9771728515625
2021-08-17,74.35591125488281
2021-08-18,73.33015441894531
2021-08-19,74.04771423339844
2021-08-20,75.0012435913086
2021-08-23,75.96923065185547
2021-08-24,75.88253784179688
2021-08-25,75.83917999267578
2021-08-26,75.36245727539062
2021-08-27,76.08961486816406
2021-08-30,76.90828704833984
2021-08-31,76.50379180908203
2021-09-01,76.52302551269531
2021-09-02,76.44117736816406
2021-09-03,76.74456024169922
2021-09-07,76.76382446289062
2021-09-08,76.4700698852539
2021-09-09,76.18111419677734
2021-09-10,75.42985534667969
2021-09-13,75.45390319824219
2021-09-14,75.35761260986328
2021-09-15,76.0173568725586
2021-09-16,76.06072998046875
2021-09-17,74.87602996826172
2021-09-20,73.51222229003906
2021-09-21,73.54115295410156
2021-09-22,74.54943084716797
2021-09-23,75.54804229736328
2021-09-24,75.60111999511719
2021-09-27,74.86784362792969
2021-09-28,72.64865112304688
2021-09-29,72.5570068359375
2021-09-30,72.0359878540039
2021-10-01,73.12145233154297
2021-10-04,71.42813110351562
2021-10-05,72.44602966308594
2021-10-06,72.9188232421875
2021-10-07,73.5845718383789
2021-10-08,73.3095932006836
2021-10-11,72.90435791015625
2021-10-12,72.52806091308594
2021-10-13,72.97189331054688
2021-10-14,74.61695861816406
2021-10-15,75.21517181396484
2021-10-18,75.85198974609375
2021-10-19,76.60456848144531
2021-10-20,76.39229583740234
2021-10-21,76.68656921386719
2021-10-22,76.4212646484375
2021-10-25,76.6720962524414
2021-10-26,76.88920593261719
2021-10-27,76.82167053222656
2021-10-28,77.59354400634766
2021-10-29,77.9264144897461
2021-11-01,77.81063079833984
2021-11-02,78.49568939208984
2021-11-03,78.95398712158203
2021-11-04,80.18899536132812
2021-11-05,80.60388946533203
2021-11-08,81.0380630493164
2021-11-09,80.7052001953125
2021-11-10,79.37369537353516
2021-11-11,79.74517822265625
2021-11-12,80.71485137939453
2021-11-15,80.6328353881836
2021-11-16,81.4819107055664
2021-11-17,81.2358627319336
2021-11-18,82.04632568359375
2021-11-19,82.64456176757812
2021-11-22,81.72311401367188
2021-11-23,81.53497314453125
2021-11-24,82.12835693359375
2021-11-26,80.07804870605469
2021-11-29,82.08012390136719
2021-11-30,81.39508056640625
2021-12-01,80.28064727783203
2021-12-02,81.01879119873047
2021-12-03,79.66314697265625
2021-12-06,80.4205551147461
2021-12-07,83.2282943725586
2021-12-08,83.60941314697266
2021-12-09,82.70726776123047
2021-12-10,84.36682891845703
2021-12-13,83.11251831054688
2021-12-14,81.74723815917969
2021-12-15,83.913330078125
2021-12-16,81.53497314453125
2021-12-17,80.98983764648438
2021-12-20,80.02652740478516
2021-12-21,82.05171966552734
2021-12-22,83.12474060058594
2021-12-23,83.58873748779297
2021-12-27,85.38192749023438
2021-12-28,84.93724060058594
2021-12-29,85.00977325439453
2021-12-30,84.4490966796875
2021-12-31,84.03826141357422
2022-01-03,84.83577728271484
2022-01-04,83.936767578125
2022-01-05,81.35572814941406
2022-01-06,80.94489288330078
2022-01-07,80.20053100585938
2022-01-10,80.21503448486328
2022-01-11,81.1768798828125
2022-01-12,81.5587387084961
2022-01-13,79.44652557373047
2022-01-14,80.11837768554688
2022-01-18,78.19465637207031
2022-01-19,77.10234832763672
2022-01-20,76.10665130615234
2022-01-21,74.59380340576172
2022-01-24,74.98047637939453
2022-01-25,73.24526977539062
2022-01-26,73.67545318603516
2022-01-27,73.1679458618164
2022-01-28,76.3676528930664
2022-01-31,78.28650665283203
2022-02-01,78.48949432373047
2022-02-02,79.12751770019531
2022-02-03,76.83164978027344
2022-02-04,77.14099884033203
2022-02-07,76.6286392211914
2022-02-08,77.57599639892578
2022-02-09,79.29669189453125
2022-02-10,77.22317504882812
2022-02-11,74.86447143554688
2022-02-14,74.8403091430664
2022-02-15,76.80750274658203
2022-02-16,76.73015594482422
2022-02-17,74.43429565429688
2022-02-18,73.68028259277344
2022-02-22,72.99876403808594
2022-02-23,71.1717529296875
2022-02-24,73.60295867919922
2022-02-25,74.60346984863281
2022-02-28,74.46812438964844
2022-03-01,72.97943878173828
2022-03-02,74.55996704101562
2022-03-03,73.67061614990234
2022-03-04,72.38009643554688
2022-03-07,69.73140716552734
2022-03-08,69.39306640625
2022-03-09,72.13842010498047
2022-03-10,70.87692260742188
2022-03-11,69.62991333007812
2022-03-14,68.3393783569336
2022-03-15,70.63525390625
2022-03-16,72.93109130859375
2022-03-17,73.44828033447266
2022-03-18,74.95148468017578
2022-03-21,74.80912017822266
2022-03-22,75.88410186767578
2022-03-23,74.71710968017578
2022-03-24,76.65886688232422
2022-03-25,76.61529541015625
2022-03-28,77.52565002441406
2022-03-29,79.17203521728516
2022-03-30,78.11641693115234
2022-03-31,76.95907592773438
2022-04-01,76.73150634765625
2022-04-04,78.18905639648438
2022-04-05,76.54267120361328
2022-04-06,74.73162078857422
2022-04-07,74.84783935546875
2022-04-08,73.80191040039062
2022-04-11,71.94244384765625
2022-04-12,71.62285614013672
2022-04-13,72.77532196044922
2022-04-14,71.00788116455078
2022-04-18,71.24031066894531
2022-04-19,72.57679748535156
2022-04-20,72.50899505615234
2022-04-21,71.279052734375
2022-04-22,69.28402709960938
2022-04-25,70.32511901855469
2022-04-26,67.70540618896484
2022-04-27,68.70777893066406
2022-04-28,71.4582290649414
2022-04-29,68.48017883300781
2022-05-02,69.52129364013672
2022-05-03,69.642333984375
2022-05-04,72.08772277832031
2022-05-05,68.6206283569336
2022-05-06,68.06858825683594
2022-05-09,65.43435668945312
2022-05-10,66.43186950683594
2022-05-11,64.33514404296875
2022-05-12,63.6717643737793
2022-05-13,65.78784942626953
2022-05-16,65.20677947998047
2022-05-17,67.09527587890625
2022-05-18,64.0252456665039
2022-05-19,63.32310485839844
2022-05-20,63.463523864746094
2022-05-23,64.92108154296875
2022-05-24,63.95745849609375
2022-05-25,64.70317840576172
2022-05-26,66.25755310058594
2022-05-27,68.49954223632812
2022-05-31,68.0104751586914
2022-06-01,67.80708312988281
2022-06-02,69.44864654541016
2022-06-03,67.78772735595703
2022-06-06,67.7925796508789
2022-06-07,68.60124969482422
2022-06-08,67.82648468017578
2022-06-09,66.01545715332031
2022-06-10,63.47806167602539
2022-06-13,60.664669036865234
2022-06-14,61.04720687866211
2022-06-15,62.33527374267578
2022-06-16,59.79789352416992
2022-06-17,60.34507369995117
2022-06-21,61.88069152832031
2022-06-22,61.6185302734375
2022-06-23,62.540958404541016
2022-06-24,64.78878021240234
2022-06-27,64.35183715820312
2022-06-28,62.4244384765625
2022-06-29,62.5506591796875
2022-06-30,61.71561813354492
2022-07-01,61.85641860961914
2022-07-05,62.6331901550293
2022-07-06,63.17208480834961
2022-07-07,64.47805786132812
2022-07-08,64.50719451904297
2022-07-11,63.61874771118164
2022-07-12,62.749717712402344
2022-07-13,62.58464050292969
2022-07-14,63.15752029418945
2022-07-15,64.26929473876953
2022-07-18,63.64788055419922
2022-07-19,65.58984375
2022-07-20,66.61422729492188
2022-07-21,67.55121612548828
2022-07-22,66.61909484863281
2022-07-25,66.19670867919922
2022-07-26,65.12376403808594
2022-07-27,67.92504119873047
2022-07-28,68.95915222167969
2022-07-29,70.01751708984375
2022-08-01,69.86701202392578
2022-08-02,69.37179565429688
2022-08-03,71.21668243408203
2022-08-04,71.54194641113281
2022-08-05,71.37689971923828
2022-08-08,70.77001953125
2022-08-09,70.06118774414062
2022-08-10,71.97403717041016
2022-08-11,71.69245147705078
2022-08-12,73.11979675292969
2022-08-15,73.58102416992188
2022-08-16,73.38197326660156
2022-08-17,72.8576431274414
2022-08-18,73.23633575439453
2022-08-19,71.90606689453125
2022-08-22,69.90098571777344
2022-08-23,69.71649932861328
2022-08-24,69.76020812988281
2022-08-25,70.93995666503906
2022-08-26,67.91048431396484
2022-08-29,67.01232147216797
2022-08-30,66.31322479248047
2022-08-31,65.6675033569336
2022-09-01,65.34707641601562
2022-09-02,64.49748992919922
2022-09-06,64.07025146484375
2022-09-07,65.09465026855469
2022-09-08,65.31794738769531
2022-09-09,66.60936737060547
2022-09-12,67.67744445800781
2022-09-13,64.08480834960938
2022-09-14,64.3178482055664
2022-09-15,62.837100982666016
2022-09-16,62.487552642822266
2022-09-19,62.997127532958984
2022-09-20,62.62722396850586
2022-09-21,61.64898681640625
2022-09-22,61.021148681640625
2022-09-23,60.22298049926758
2022-09-26,59.80442428588867
2022-09-27,59.88230514526367
2022-09-28,60.514991760253906
2022-09-29,58.9381217956543
2022-09-30,57.808998107910156
2022-10-03,59.60002136230469
2022-10-04,61.60030746459961
2022-10-05,61.804725646972656
2022-10-06,61.2985725402832
2022-10-07,58.77751159667969
2022-10-10,57.78953170776367
2022-10-11,56.90376281738281
2022-10-12,56.728546142578125
2022-10-13,58.49037170410156
2022-10-14,56.84535217285156
2022-10-17,58.577972412109375
2022-10-18,59.07440185546875
2022-10-19,58.904052734375
2022-10-20,58.9381217956543
2022-10-21,60.514991760253906
2022-10-24,61.352108001708984
2022-10-25,62.525028228759766
2022-10-26,61.133087158203125
2022-10-27,60.437129974365234
2022-10-28,63.06525421142578
2022-10-31,62.23302459716797
2022-11-01,61.712257385253906
2022-11-02,59.5805549621582
2022-11-03,57.82846450805664
2022-11-04,58.88458251953125
2022-11-07,59.86770248413086
2022-11-08,60.441993713378906
2022-11-09,58.86998748779297
2022-11-10,63.707664489746094
2022-11-11,64.79788208007812
2022-11-14,64.24303436279297
2022-11-15,65.0217514038086
2022-11-16,64.13111877441406
2022-11-17,64.21383666992188
2022-11-18,64.28683471679688
2022-11-21,63.59574890136719
2022-11-22,64.82706451416016
2022-11-23,65.40137481689453
2022-11-25,65.0217514038086
2022-11-28,63.629817962646484
2022-11-29,63.00684356689453
2022-11-30,66.17034149169922
2022-12-01,66.26280975341797
2022-12-02,65.87831115722656
2022-12-05,64.78326416015625
2022-12-06,63.39619827270508
2022-12-07,63.07497787475586
2022-12-08,64.10677337646484
2022-12-09,63.71254348754883
2022-12-12,65.10447692871094
2022-12-13,65.87345886230469
2022-12-14,65.31861877441406
2022-12-15,62.87543869018555
2022-12-16,62.043209075927734
2022-12-19,61.21588897705078
2022-12-20,61.308624267578125
2022-12-21,62.3238525390625
2022-12-22,60.75221252441406
2022-12-23,60.8156623840332
2022-12-27,60.23971176147461
2022-12-28,59.268428802490234
2022-12-29,60.82053756713867
2022-12-30,60.737571716308594
2023-01-03,60.16162872314453
2023-01-04,60.317813873291016
2023-01-05,59.146400451660156
2023-01-06,60.879119873046875
2023-01-09,61.58684158325195
2023-01-10,61.967552185058594
2023-01-11,63.041343688964844
2023-01-12,63.5098991394043
2023-01-13,63.69047927856445
2023-01-17,63.97846984863281
2023-01-18,63.153594970703125
2023-01-19,62.416587829589844
2023-01-20,64.10535430908203
2023-01-23,65.56475830078125
2023-01-24,65.53546905517578
2023-01-25,65.39879608154297
2023-01-26,66.44330596923828
2023-01-27,66.72150421142578
2023-01-30,65.44760131835938
2023-01-31,66.36034393310547
2023-02-01,67.92221069335938
2023-02-02,69.77694702148438
2023-02-03,69.19612121582031
2023-02-06,68.35172271728516
2023-02-07,70.06002807617188
2023-02-08,69.21564483642578
2023-02-09,68.83493041992188
2023-02-10,68.51766967773438
2023-02-13,69.70372772216797
2023-02-14,70.00147247314453
2023-02-15,70.32848358154297
2023-02-16,69.10826110839844
2023-02-17,68.24433898925781
2023-02-21,66.62391662597656
2023-02-22,66.52629089355469
2023-02-23,67.6293716430664
2023-02-24,66.42376708984375
2023-02-27,66.78009033203125
2023-02-28,66.63365173339844
2023-03-01,66.14556884765625
2023-03-02,66.9606704711914
2023-03-03,68.40054321289062
2023-03-06,68.72754669189453
2023-03-07,67.87340545654297
2023-03-08,68.43470001220703
2023-03-09,67.45365142822266
2023-03-10,66.2676010131836
2023-03-13,66.62879180908203
2023-03-14,68.166259765625
2023-03-15,68.2052993774414
2023-03-16,70.11860656738281
2023-03-17,70.0209732055664
2023-03-20,70.20979309082031
2023-03-21,70.77723693847656
2023-03-22,70.07281494140625
2023-03-23,71.21258544921875
2023-03-24,71.39847564697266
2023-03-27,70.84571075439453
2023-03-28,70.51309204101562
2023-03-29,71.99034881591797
2023-03-30,72.82685089111328
2023-03-31,73.8687515258789
2023-04-03,73.75135803222656
2023-04-04,73.3453598022461
2023-04-05,72.50887298583984
2023-04-06,72.9197769165039
2023-04-10,72.88064575195312
2023-04-11,72.19581604003906
2023-04-12,71.784912109375
2023-04-13,73.12033081054688
2023-04-14,72.71431732177734
2023-04-17,72.97848510742188
2023-04-18,73.20349884033203
2023-04-19,72.99313354492188
2023-04-20,72.51377868652344
2023-04-21,72.2789535522461
2023-04-24,71.96101379394531
2023-04-25,70.42501831054688
2023-04-26,71.47184753417969
2023-04-27,72.98826599121094
2023-04-28,73.78070831298828
2023-05-01,73.8247299194336
2023-05-02,73.13500213623047
2023-05-03,72.51866149902344
2023-05-04,72.17134857177734
2023-05-05,73.98126220703125
2023-05-08,73.94214630126953
2023-05-09,73.37471008300781
2023-05-10,74.26986694335938
2023-05-11,73.9372329711914
2023-05-12,73.83941650390625
2023-05-15,74.45085144042969
2023-05-16,74.52913665771484
2023-05-17,75.52212524414062
2023-05-18,77.06788635253906
2023-05-19,77.03365325927734
2023-05-22,77.18041229248047
2023-05-23,76.0406494140625
2023-05-24,75.48300170898438
2023-05-25,78.37886810302734
2023-05-26,80.60456085205078
2023-05-30,81.03502655029297
2023-05-31,80.3599624633789
2023-06-01,81.17686462402344
2023-06-02,81.64157104492188
2023-06-05,81.17198181152344
2023-06-06,81.15239715576172
2023-06-07,79.93928527832031
2023-06-08,80.80512237548828
2023-06-09,81.20623016357422
2023-06-12,82.97210693359375
2023-06-13,83.47594451904297
2023-06-14,84.33687591552734
2023-06-15,85.4228286743164
2023-06-16,84.71842193603516
2023-06-20,84.14588928222656
2023-06-21,82.90080261230469
2023-06-22,83.5772705078125
2023-06-23,82.67041015625
2023-06-26,82.0772933959961
2023-06-27,83.6949234008789
2023-06-28,83.7439193725586
2023-06-29,83.89097595214844
2023-06-30,85.22430419921875
2023-07-03,85.0429458618164
2023-07-05,84.5184326171875
2023-07-06,84.29295349121094
2023-07-07,83.92530059814453
2023-07-10,84.14588928222656
2023-07-11,84.32725524902344
2023-07-12,85.28313446044922
2023-07-13,86.39584350585938
2023-07-14,86.2684097290039
2023-07-17,87.37133026123047
2023-07-18,88.36151123046875
2023-07-19,88.14093017578125
2023-07-20,86.38114929199219
2023-07-21,86.33702850341797
2023-07-24,86.48900604248047
2023-07-25,87.47918701171875
2023-07-26,86.30272674560547
2023-07-27,86.05272674560547
2023-07-28,87.22427368164062
2023-07-31,87.42523956298828
2023-08-01,87.57229614257812
2023-08-02,85.40568542480469
2023-08-03,85.05764770507812
2023-08-04,83.90078735351562
2023-08-07,84.1360855102539
2023-08-08,83.48902893066406
2023-08-09,82.41062927246094
2023-08-10,82.42041778564453
2023-08-11,81.81257629394531
2023-08-14,83.1164779663086
2023-08-15,82.2978744506836
2023-08-16,81.5135726928711
2023-08-17,80.73906707763672
2023-08-18,80.86161804199219
2023-08-21,82.40571594238281
2023-08-22,82.31257629394531
2023-08-23,83.79785919189453
2023-08-24,81.86650848388672
2023-08-25,82.6998291015625
2023-08-28,83.37628936767578
2023-08-29,85.04783630371094
2023-08-30,85.68997955322266
2023-08-31,86.10664367675781
2023-09-01,86.37134552001953
2023-09-05,86.68016052246094
2023-09-06,85.76351165771484
2023-09-07,84.5233154296875
2023-09-08,84.6998062133789
2023-09-11,85.1409683227539
2023-09-12,83.59686279296875
2023-09-13,83.80765533447266
2023-09-14,84.41548919677734
2023-09-15,82.79297637939453
2023-09-18,83.19087982177734
2023-09-19,83.14666748046875
2023-09-20,81.83997344970703
2023-09-21,80.59223175048828
2023-09-22,80.76416015625
2023-09-25,81.02452087402344
2023-09-26,79.56553649902344
2023-09-27,79.6883544921875
2023-09-28,80.2532730102539
2023-09-29,80.52835845947266
2023-10-02,81.3929443359375
2023-10-03,80.01256561279297
2023-10-04,81.0097885131836
2023-10-05,81.11785125732422
2023-10-06,82.63577270507812
2023-10-09,83.06314849853516
2023-10-10,83.19087982177734
2023-10-11,83.96212005615234
2023-10-12,84.04071044921875
2023-10-13,82.83718872070312
2023-10-16,83.63298034667969
2023-10-17,83.24490356445312
2023-10-18,82.39015197753906
2023-10-19,81.91856384277344
2023-10-20,80.53328704833984
2023-10-23,80.6266098022461
2023-10-24,81.18170928955078
2023-10-25,80.22380828857422
2023-10-26,78.69114685058594
2023-10-27,79.14799499511719
2023-10-30,79.99784088134766
2023-10-31,80.56767272949219
2023-11-01,82.12488555908203
2023-11-02,83.51508331298828
2023-11-03,84.37474822998047
2023-11-06,84.9298324584961
2023-11-07,85.85826873779297
2023-11-08,86.34461212158203
2023-11-09,85.94178771972656
2023-11-10,88.1867446899414
2023-11-13,87.67094421386719
2023-11-14,89.42465209960938
2023-11-15,89.53765106201172
2023-11-16,89.98466491699219
2023-11-17,89.79798889160156
2023-11-20,91.09976959228516
2023-11-21,90.36292266845703
2023-11-22,90.76573181152344
2023-11-24,90.5888900756836
2023-11-27,90.58399200439453
2023-11-28,90.75591278076172
2023-11-29,90.8246841430664
2023-11-30,90.95731353759766
2023-12-01,91.16362762451172
2023-12-04,90.05343627929688
2023-12-05,90.59378814697266
2023-12-06,89.82747650146484
2023-12-07,90.91801452636719
2023-12-08,91.69416809082031
2023-12-11,92.49486541748047
2023-12-12,93.10892486572266
2023-12-13,93.92931365966797
2023-12-14,93.69842529296875
2023-12-15,94.16999816894531
2023-12-18,94.45160675048828
2023-12-19,94.81100463867188
2023-12-20,93.37834167480469
2023-12-21,94.42698669433594
2023-12-22,94.55007934570312
2023-12-26,94.94393157958984
2023-12-27,94.93900299072266
2023-12-28,95.05225372314453
2023-12-29,94.76176452636719
2024-01-02,92.28047180175781
2024-01-03,91.34014129638672
2024-01-04,90.67060089111328
2024-01-05,90.6459732055664
2024-01-08,92.92049407958984
2024-01-09,93.06817626953125
2024-01-10,93.8608169555664
2024-01-11,94.33836364746094
2024-01-12,94.64360809326172
2024-01-16,94.87993621826172
2024-01-17,94.41223907470703
2024-01-18,96.32734680175781
2024-01-19,98.54769897460938
2024-01-22,98.98094177246094
2024-01-23,99.37973022460938
2024-01-24,100.06407165527344
2024-01-25,100.4825439453125
2024-01-26,99.32557678222656
2024-01-29,100.23638153076172
2024-01-30,99.40926361083984
2024-01-31,97.32182312011719
2024-02-01,98.54769897460938
2024-02-02,99.56682586669922
2024-02-05,99.79328155517578
2024-02-06,99.3354263305664
2024-02-07,100.64991760253906
2024-02-08,100.9649887084961
2024-02-09,102.32380676269531
2024-02-12,101.54593658447266
2024-02-13,99.82281494140625
2024-02-14,100.86653900146484
2024-02-15,100.65483856201172
2024-02-16,99.72927856445312
2024-02-20,98.71510314941406
2024-02-21,98.09478759765625
2024-02-22,101.30471801757812
2024-02-23,101.06838989257812
2024-02-26,101.16685485839844
2024-02-27,101.2554702758789
2024-02-28,100.77792358398438
2024-02-29,101.90040588378906
2024-03-01,103.76138305664062
2024-03-04,103.76138305664062
2024-03-05,101.21116638183594
2024-03-06,102.01365661621094
2024-03-07,103.62351989746094
2024-03-08,102.08258056640625
2024-03-11,101.80195617675781
2024-03-12,103.8893814086914
2024-03-13,102.76688385009766
2024-03-14,102.78659057617188
2024-03-15,101.23578643798828
2024-03-18,101.73335266113281
2024-03-19,102.260986328125
2024-03-20,103.40507507324219
2024-03-21,103.47903442382812
2024-03-22,103.5135726928711
2024-03-25,102.8281021118164
2024-03-26,102.40399932861328
2024-03-27,102.9267349243164
2024-03-28,102.70482635498047
2024-04-01,102.99083709716797
2024-04-02,101.99964904785156
2024-04-03,102.27085876464844
2024-04-04,100.65338897705078
2024-04-05,101.80732727050781
2024-04-08,101.68898010253906
2024-04-09,102.20182800292969
2024-04-10,100.94926452636719
2024-04-11,102.96617889404297
2024-04-12,101.29940032958984
2024-04-15,99.37618255615234
2024-04-16,99.49453735351562
2024-04-17,98.05951690673828
2024-04-18,96.94010162353516
2024-04-19,94.94290924072266
2024-04-22,95.79109191894531
2024-04-23,97.21131896972656
2024-04-24,97.65513610839844
2024-04-25,97.4430923461914
2024-04-26,98.54277801513672
2024-04-29,98.96688842773438
2024-04-30,96.78723907470703
2024-05-01,95.79602813720703
2024-05-02,97.17678833007812
2024-05-03,99.88410186767578
2024-05-06,101.05775451660156
2024-05-07,100.72736358642578
2024-05-08,101.01337432861328
2024-05-09,100.9837875366211
2024-05-10,101.35857391357422
2024-05-13,101.83690643310547
2024-05-14,102.73934936523438
2024-05-15,105.05213165283203
2024-05-16,104.68721008300781
2024-05-17,104.4554443359375
2024-05-20,105.683349609375
2024-05-21,105.85595703125
2024-05-22,106.0926513671875
2024-05-23,105.22966003417969
2024-05-24,106.11729431152344
2024-05-28,106.56605529785156
2024-05-29,105.89046478271484
2024-05-30,103.47410583496094
2024-05-31,103.63684844970703
2024-06-03,103.89820098876953
2024-06-04,104.11519622802734
2024-06-05,106.42798614501953
2024-06-06,106.07293701171875
2024-06-07,106.31948852539062
2024-06-10,106.5906982421875
2024-06-11,108.57310485839844
2024-06-12,110.97467041015625
2024-06-13,111.85244750976562
2024-06-14,112.27159881591797
2024-06-17,113.97290802001953
2024-06-18,114.11592102050781
2024-06-20,112.83377838134766
2024-06-21,112.63652801513672
2024-06-24,109.87507629394531
2024-06-25,111.89057159423828
2024-06-26,111.76215362548828
2024-06-27,111.81647491455078
2024-06-28,111.75719451904297
2024-07-01,112.60193634033203
2024-07-02,113.16511535644531
2024-07-03,114.6915512084961
2024-07-05,115.04229736328125
2024-07-08,115.8277587890625
2024-07-09,115.73388671875
2024-07-10,117.41348266601562
2024-07-11,114.47418975830078
2024-07-12,115.49678802490234
2024-07-15,115.7042465209961
2024-07-16,115.3189468383789
2024-07-17,110.83343505859375
2024-07-18,110.84330749511719
2024-07-19,109.109375
2024-07-22,111.6929931640625
2024-07-23,111.2483901977539
2024-07-24,106.64431762695312
2024-07-25,105.5031967163086
2024-07-26,106.8419189453125
2024-07-29,106.36768341064453
2024-07-30,103.69515991210938
2024-07-31,108.0867919921875
2024-08-01,104.05577850341797
2024-08-02,101.13129425048828
2024-08-05,97.76223754882812
2024-08-06,99.09109497070312
2024-08-07,97.48560333251953
2024-08-08,101.12637329101562
2024-08-09,101.58085632324219
2024-08-12,102.41075897216797
2024-08-13,105.55753326416016
2024-08-14,106.13550567626953
2024-08-15,109.18841552734375
2024-08-16,109.37118530273438
2024-08-19,111.1742935180664
2024-08-20,110.7840347290039
2024-08-21,111.43611145019531
2024-08-22,108.87225341796875
2024-08-23,110.63583374023438
2024-08-26,109.24769592285156
2024-08-27,109.90966033935547
2024-08-28,108.39307403564453
2024-08-29,107.41496276855469
2024-08-30,108.84262084960938
2024-09-03,103.84335327148438
2024-09-04,103.57658386230469
2024-09-05,103.41851806640625
2024-09-06,100.73611450195312
2024-09-09,102.38604736328125
2024-09-10,103.91746520996094
2024-09-11,107.46436309814453
2024-09-12,108.35356140136719
2024-09-13,108.89696502685547
2024-09-16,108.48200225830078
2024-09-17,108.26958465576172
2024-09-18,107.28158569335938
2024-09-19,110.46786499023438
2024-09-20,109.92941284179688
2024-09-23,109.90911865234375
2024-09-24,110.6613540649414
2024-09-25,110.97807312011719
2024-09-26,112.44790649414062
2024-09-27,111.39873504638672
2024-09-30,111.72534942626953
2024-10-01,109.00348663330078
2024-10-02,109.81014251708984
2024-10-03,110.26543426513672
2024-10-04,111.49275207519531
2024-10-07,110.7256851196289
2024-10-08,112.7943115234375
2024-10-09,114.0562515258789
2024-10-10,114.02657318115234
2024-10-11,114.22453308105469
2024-10-14,115.71412658691406
2024-10-15,113.1704330444336
2024-10-16,113.52179718017578
2024-10-17,113.86820983886719
2024-10-18,114.27401733398438
2024-10-21,114.80850219726562
2024-10-22,114.6897201538086
2024-10-23,113.04669189453125
2024-10-24,113.37828063964844
2024-10-25,113.96717834472656
2024-10-28,113.93255615234375
2024-10-29,115.4666976928711
2024-10-30,113.63066101074219
2024-10-31,109.98336029052734
2024-11-01,110.80982971191406
2024-11-04,110.7256851196289
2024-11-05,112.2845687866211
2024-11-06,115.48153686523438
2024-11-07,117.49571990966797
2024-11-08,117.36705017089844
2024-11-11,116.71875
2024-11-12,116.86720275878906
2024-11-13,116.46141815185547
2024-11-14,116.06549835205078
2024-11-15,113.18526458740234
2024-11-18,113.55148315429688
2024-11-19,114.48186492919922
2024-11-20,114.38288879394531
2024-11-21,115.54586791992188
2024-11-22,115.60526275634766
2024-11-25,115.60030364990234
2024-11-26,116.17931365966797
2024-11-27,114.6055908203125
2024-11-29,115.66959381103516
2024-12-02,116.76823425292969
2024-12-03,117.18889617919922
2024-12-04,119.33174896240234
2024-12-05,118.72798156738281
2024-12-06,119.18822479248047
2024-12-09,118.41127014160156
2024-12-10,116.76823425292969
2024-12-11,118.46074676513672
2024-12-12,117.79759979248047
2024-12-13,118.30238342285156
2024-12-16,119.48517608642578
2024-12-17,118.76261901855469
2024-12-18,114.93221282958984
2024-12-19,115.0559310913086
2024-12-20,116.773193359375
2024-12-23,118.01043701171875
2024-12-24,119.2298583984375
2024-12-26,119.30916595458984
2024-12-27,117.72294616699219
2024-12-30,116.2259521484375
2024-12-31,115.25933074951172
2025-01-02,114.98670196533203
2025-01-03,116.86042022705078
2025-01-06,118.3475112915039
2025-01-07,115.97312927246094
2025-01-08,115.93348693847656
2025-01-10,113.40542602539062
2025-01-13,112.6023941040039
2025-01-14,112.89981079101562
2025-01-15,115.14531707763672
2025-01-16,114.25801849365234
2025-01-17,116.04749298095703
2025-01-21,117.01408386230469
2025-01-22,119.6561508178711
2025-01-23,119.86930847167969
2025-01-24,118.62014770507812
2025-01-27,112.80562591552734
2025-01-28,115.81450653076172
2025-01-29,114.8726806640625
2025-01-30,115.08583068847656
2025-01-31,114.41169738769531
2025-02-03,112.87007141113281
2025-02-04,114.49595642089844
2025-02-05,116.08715057373047
2025-02-06,116.40438842773438
2025-02-07,115.40804290771484
2025-02-10,117.0934066772461
2025-02-11,117.14794158935547
2025-02-12,116.89513397216797
2025-02-13,118.55075073242188
2025-02-14,118.9522705078125
2025-02-18,120.03784942626953
2025-02-19,120.04776000976562
2025-02-20,119.66607666015625
2025-02-21,116.4242172241211
2025-02-24,114.75867462158203
2025-02-25,113.2715835571289
2025-02-26,114.50586700439453
2025-02-27,110.3370590209961
2025-02-28,111.7944107055664
2025-03-03,108.39393615722656
2025-03-04,108.30966186523438
2025-03-05,109.83145904541016
2025-03-06,106.78292083740234
2025-03-07,108.32948303222656
2025-03-10,103.7244644165039
2025-03-11,103.30313110351562
2025-03-12,104.92901611328125
2025-03-13,102.93631744384766
2025-03-14,106.04928588867188
2025-03-17,106.7878646850586
2025-03-18,105.1619873046875
2025-03-19,106.53012084960938
2025-03-20,105.77169799804688
2025-03-21,106.05921173095703
2025-03-24,108.06781768798828
2025-03-25,108.42534637451172
2025-03-26,106.00706481933594
2025-03-27,105.02882385253906
2025-03-28,102.4814453125
2025-03-31,102.5311050415039
2025-04-01,103.28091430664062
2025-04-02,104.04562377929688
2025-04-03,96.9447250366211
2025-04-04,90.55886840820312
2025-04-07,91.10013580322266
2025-04-08,89.24794006347656
2025-04-09,101.2301025390625
2025-04-10,96.5176773071289
2025-04-11,98.49401092529297
2025-04-14,99.39279174804688
2025-04-15,99.75528717041016
2025-04-16,96.28925323486328
2025-04-17,95.76786041259766
2025-04-21,93.29496002197266
2025-04-22,95.56922912597656
2025-04-23,98.34007263183594
2025-04-24,102.00970458984375
2025-04-25,103.51927185058594
2025-04-28,103.35042572021484
2025-04-29,103.83211517333984
2025-04-30,104.26411437988281
2025-05-01,105.79354095458984
2025-05-02,107.56130981445312
2025-05-05,106.99027252197266
2025-05-06,106.10140991210938
2025-05-07,107.1640625
2025-05-08,108.18699645996094
2025-05-09,108.05291748046875
2025-05-12,113.0682373046875
2025-05-13,115.51134490966797
2025-05-14,116.26117706298828
2025-05-15,116.4200668334961
2025-05-16,116.63855743408203
2025-05-19,116.46971893310547
2025-05-20,116.0327377319336
2025-05-21,113.85281372070312
2025-05-22,113.88260650634766
2025-05-23,112.62630462646484
2025-05-27,115.30279541015625
2025-05-28,114.82608795166016
2025-05-29,115.0197525024414
2025-05-30,114.6622314453125
2025-06-02,115.67521667480469
2025-06-03,117.41319274902344
2025-06-04,117.58700561523438
2025-06-05,117.25430297851562
2025-06-06,118.36164855957031
2025-06-09,118.942626953125
2025-06-10,119.60802459716797
2025-06-11,119.3448486328125
2025-06-12,120.45219421386719
2025-06-13,118.76385498046875
2025-06-16,120.6855697631836
2025-06-17,119.83148956298828
2025-06-18,119.97547912597656
2025-06-20,119.44415283203125
2025-06-23,120.80601501464844
2025-06-24,122.97463989257812
2025-06-25,124.02412414550781
2025-06-26,124.87964630126953
2025-06-27,124.73042297363281
2025-06-30,125.95399475097656
2025-07-01,124.82990264892578
2025-07-02,126.14797973632812
2025-07-03,127.80924987792969
2025-07-07,126.79458618164062
2025-07-08,127.47600555419922
2025-07-09,128.24197387695312
2025-07-10,127.81922149658203
2025-07-11,127.25716400146484
2025-07-14,127.15270233154297
2025-07-15,128.2817840576172
2025-07-16,128.67970275878906
2025-07-17,129.84854125976562
2025-07-18,129.76400756835938
2025-07-21,129.93312072753906
2025-07-22,128.7294464111328
2025-07-23,129.46559143066406
2025-07-24,130.0126953125
2025-07-25,130.31112670898438
2025-07-28,131.3506622314453
2025-07-29,131.35565185546875
2025-07-30,131.64910888671875
2025-07-31,130.6841583251953
2025-08-01,127.86398315429688
2025-08-04,130.4603729248047
2025-08-05,129.3810272216797
2025-08-06,130.83836364746094
2025-08-07,130.95774841308594
2025-08-08,132.265869140625
2025-08-11,131.37057495117188
2025-08-12,133.40489196777344
2025-08-13,133.45465087890625
2025-08-14,133.16615295410156
2025-08-15,132.1564483642578
2025-08-18,132.43995666503906
2025-08-19,130.12710571289062
2025-08-20,129.2467041015625
2025-08-21,128.77919006347656
2025-08-22,130.52500915527344
2025-08-25,130.23153686523438
2025-08-26,130.82843017578125
2025-08-27,131.53472900390625
2025-08-28,132.57424926757812
2025-08-29,130.53994750976562
2025-09-02,129.22183227539062
2025-09-03,129.99281311035156
2025-09-04,130.63442993164062
2025-09-05,130.7438507080078
2025-09-08,131.72372436523438
2025-09-09,131.97738647460938
2025-09-10,134.36981201171875
2025-09-11,134.82244873046875
2025-09-12,134.73292541503906
2025-09-15,135.9465789794922
2025-09-16,135.4740447998047
2025-09-17,135.00648498535156
2025-09-18,137.33924865722656
2025-09-19,138.73194885253906
2025-09-22,140.77285766601562
2025-09-23,139.5576629638672
2025-09-24,138.69607543945312
2025-09-25,138.45204162597656
2025-09-26,138.87039184570312
2025-09-29,139.61245727539062
2025-09-30,140.3744354248047
2025-10-01,141.74900817871094
2025-10-02,142.51596069335938
2025-10-03,141.79881286621094
2025-10-06,143.23312377929688
2025-10-07,142.2769012451172
2025-10-08,144.77203369140625
2025-10-09,144.5279998779297
2025-10-10,138.64630126953125
2025-10-13,142.02291870117188
2025-10-14,140.20013427734375
2025-10-15,141.58963012695312
2025-10-16,141.6942138671875
2025-10-17,141.9432373046875
2025-10-20,143.52696228027344
2025-10-21,143.60166931152344
2025-10-22,142.18228149414062
2025-10-23,143.9751739501953
2025-10-24,146.21133422851562
2025-10-27,148.91064453125
2025-10-28,150.3848114013672
2025-10-29,151.46554565429688
2025-10-30,149.60292053222656
2025-10-31,149.74734497070312
2025-11-03,150.35992431640625
2025-11-04,146.39064025878906
2025-11-05,146.96336364746094
2025-11-06,144.01004028320312
2025-11-07,143.51202392578125
2025-11-10,147.1824951171875
2025-11-11,145.92745971679688
2025-11-12,146.38067626953125
2025-11-13,142.73011779785156
2025-11-14,143.5070343017578
2025-11-17,141.2609405517578
2025-11-18,138.96502685546875
2025-11-19,139.9311981201172
2025-11-20,135.53857421875
2025-11-21,136.06150817871094
2025-11-24,139.3036651611328
2025-11-25,139.6772003173828
2025-11-26,141.33065795898438
2025-11-28,142.5458526611328
2025-12-01,142.610595703125
2025-12-02,144.07977294921875
2025-12-03,144.4234161376953
2025-12-04,144.96128845214844
2025-12-05,146.02210998535156
2025-12-08,147.04803466796875
2025-12-09,147.43649291992188
2025-12-10,148.14370727539062
2025-12-11,147.38668823242188
2025-12-12,143.12356567382812
2025-12-15,141.73904418945312
2025-12-16,141.9980010986328
2025-12-17,138.84051513671875
2025-12-18,140.98202514648438
2025-12-19,144.0299835205078
2025-12-22,144.8070831298828
2025-12-23,145.5951385498047
2025-12-24,145.94430541992188
2025-12-26,146.17373657226562
2025-12-29,145.51535034179688
2025-12-30,145.0564727783203
2025-12-31,143.61996459960938
2026-01-02,143.94915771484375
2026-01-05,144.26837158203125
2026-01-06,146.29344177246094
2026-01-07,146.17373657226562
2026-01-08,143.88931274414062
2026-01-09,145.79466247558594
2026-01-12,146.43310546875
2026-01-13,146.1238555908203
2026-01-14,144.3481903076172
2026-01-15,145.10635375976562
2026-01-16,145.2659454345703
2026-01-20,141.49513244628906
2026-01-21,143.46035766601562
2026-01-22,144.5277557373047
2026-01-23,144.73724365234375
2026-01-26,145.72483825683594
2026-01-27,147.6900634765625
2026-01-28,148.86717224121094
2026-01-29,146.51292419433594
2026-01-30,143.5301971435547
2026-02-02,144.9068145751953
2026-02-03,141.7345733642578
2026-02-04,137.78419494628906
2026-02-05,135.3002471923828
2026-02-06,140.78688049316406
2026-02-09,143.00148010253906
2026-02-10,142.20343017578125
2026-02-11,142.62240600585938
2026-02-12,138.87155151367188
2026-02-13,139.22068786621094
2026-02-17,139.140869140625
2026-02-18,140.56741333007812
2026-02-19,139.86911010742188
2026-02-20,140.5374755859375
2026-02-23,138.18321228027344
2026-02-24,139.97885131835938
2026-02-25,142.66229248046875
2026-02-26,140.6671600341797
2026-02-27,138.42263793945312
2026-03-02,139.2007293701172
2026-03-03,137.1656951904297
2026-03-04,139.5
2026-03-05,139.83917236328125
2026-03-06,136.95619201660156
2026-03-09,139.42019653320312
2026-03-10,139.42019653320312
2026-03-11,140.08856201171875
2026-03-12,137.50486755371094
2026-03-13,136.4674072265625
2026-03-16,138.4425811767578
2026-03-17,139.2007293701172
2026-03-18,137.6245880126953
2026-03-19,138.0934295654297
2026-03-20,134.96107482910156
2026-03-23,136.78689575195312
2026-03-24,135.9878387451172
2026-03-25,136.5971221923828
2026-03-26,132.34219360351562
2026-03-27,129.76527404785156
2026-03-30,127.34815216064453
2026-03-31,132.74171447753906
2026-04-01,134.74932861328125
2026-04-02,135.8280487060547
2026-04-06,136.61709594726562
2026-04-07,137.2663116455078
2026-04-08,141.52125549316406
2026-04-09,141.9008026123047
2026-04-10,142.45013427734375
2026-04-13,145.43658447265625
2026-04-14,147.76380920410156
2026-04-15,150.12100219726562
2026-04-16,151.83895874023438
2026-04-17,154.1661834716797
2026-04-20,154.37591552734375
2026-04-21,154.50576782226562
2026-04-22,157.90171813964844
2026-04-23,155.65440368652344
2026-04-24,160.02919006347656
2026-04-27,160.37876892089844
2026-04-28,157.66201782226562
2026-04-29,158.92050170898438
2026-04-30,159.31004333496094
2026-05-01,161.67721557617188
2026-05-04,161.8570098876953
2026-05-05,165.4327392578125
2026-05-06,169.82749938964844
2026-05-07,169.4879150390625
2026-05-08,175.31097412109375
2026-05-11,177.66815185546875
2026-05-12,174.99134826660156
2026-05-13,176.63938903808594
2026-05-14,179.28622436523438
2026-05-15,176.05007934570312
2026-05-18,174.15234375
2026-05-19,173.03367614746094
2026-05-20,176.9290313720703
2026-05-21,178.38729858398438
2026-05-22,180.17515563964844
2026-05-26,184.9195098876953
2026-05-27,184.21034240722656
2026-05-28,186.62747192382812
2026-05-29,190.79251098632812
2026-06-01,195.52685546875
2026-06-02,197.9739532470703
2026-06-03,195.9962921142578
2026-06-04,192.93994140625
2026-06-05,180.08526611328125
2026-06-08,183.9606475830078
2026-06-09,180.55471801757812
2026-06-10,176.41964721679688
2026-06-11,182.99180603027344
2026-06-12,184.5799102783203
2026-06-15,191.56158447265625
2026-06-16,186.21795654296875
2026-06-17,185.57872009277344
2026-06-18,191.21200561523438
2026-06-22,192.14999389648438
2026-06-23,184.19000244140625
2026-06-24,183.0500030517578
2026-06-25,184.57000732421875
2026-06-26,181.11000061035156
2026-06-29,185.41000366210938
2026-06-30,190.52000427246094
2026-07-01,185.6199951171875
2026-07-02,180.58999633789062
2026-07-06,183.57000732421875
2026-07-07,179.17999267578125
2026-07-08,181.39999389648438
2026-07-09,185.35000610351562
2026-07-10,185.77999877929688
2026-07-13,181.27999877929688
2026-07-14,183.6199951171875
2026-07-15,181.5800018310547
2026-07-16,177.52000427246094
2026-07-17,175.58999633789062
2026-07-20,175.7100067138672
2026-07-21,180.77999877929688
2026-07-22,180.27000427246094
2026-07-23,178.4499969482422
2026-07-24,175.8800048828125
2026-07-27,174.3000030517578
2026-07-28,171.08999633789062
2026-07-29,166.57000732421875
2026-07-30,175.72999572753906
2026-07-31,175.35000610351562
2026-08-03,178.0399932861328
2026-08-04,186.89999389648438
2026-08-05,185.91000366210938
2026-08-06,185.3300018310547
2026-08-07,187.97000122070312
2026-08-10,186.32000732421875
2026-08-11,186.08999633789062
2026-08-12,188.86000061035156
2026-08-13,190.77000427246094
2026-08-14,190.00999450683594
2026-08-17,190.32000732421875
2026-08-18,185.6199951171875
2026-08-19,183.63999938964844
2026-08-20,183.10000610351562
2026-08-21,183.30999755859375
2026-08-24,180.0500030517578
2026-08-25,181.74000549316406
2026-08-26,182.83999633789062
2026-08-27,188.61000061035156
2026-08-28,185.69000244140625
2026-08-31,186.5
2026-09-01,183.63999938964844
2026-09-02,183.60000610351562
2026-09-03,185.97000122070312
2026-09-04,187.27999877929688
2026-09-08,187.8699951171875
2026-09-09,187.8699951171875
2026-09-10,185.22000122070312
2026-09-11,187.6699981689453
2026-09-14,184.27999877929688
2026-09-15,183.74000549316406
2026-09-16,183.92999267578125
2026-09-17,188.05999755859375
2026-09-18,189.60000610351562
